<?xml version='1.0' encoding='UTF-8'?>
<gpx xmlns="http://www.topografix.com/GPX/1/1" version="1.1" creator="race-dashboard hub"><trk><name>Six-O Trail Race · Marathon (one loop)</name><type>trail_running</type><trkseg><trkpt lat="32.2291170" lon="-97.6017160"><ele>227.0</ele></trkpt><trkpt lat="32.2291170" lon="-97.6017160"><ele>227.0</ele></trkpt><trkpt lat="32.2291080" lon="-97.6017290"><ele>227.0</ele></trkpt><trkpt lat="32.2290980" lon="-97.6017420"><ele>227.0</ele></trkpt><trkpt lat="32.2290860" lon="-97.6017610"><ele>227.0</ele></trkpt><trkpt lat="32.2290740" lon="-97.6017810"><ele>227.0</ele></trkpt><trkpt lat="32.2290590" lon="-97.6018060"><ele>227.0</ele></trkpt><trkpt lat="32.2290440" lon="-97.6018300"><ele>227.0</ele></trkpt><trkpt lat="32.2290280" lon="-97.6018570"><ele>227.0</ele></trkpt><trkpt lat="32.2290110" lon="-97.6018830"><ele>227.0</ele></trkpt><trkpt lat="32.2289950" lon="-97.6019090"><ele>228.0</ele></trkpt><trkpt lat="32.2289790" lon="-97.6019350"><ele>228.0</ele></trkpt><trkpt lat="32.2289640" lon="-97.6019610"><ele>228.0</ele></trkpt><trkpt lat="32.2289490" lon="-97.6019870"><ele>228.0</ele></trkpt><trkpt lat="32.2289350" lon="-97.6020130"><ele>228.0</ele></trkpt><trkpt lat="32.2289210" lon="-97.6020390"><ele>228.0</ele></trkpt><trkpt lat="32.2289070" lon="-97.6020640"><ele>228.0</ele></trkpt><trkpt lat="32.2288930" lon="-97.6020890"><ele>228.0</ele></trkpt><trkpt lat="32.2288790" lon="-97.6021120"><ele>228.0</ele></trkpt><trkpt lat="32.2288660" lon="-97.6021360"><ele>228.0</ele></trkpt><trkpt lat="32.2288540" lon="-97.6021580"><ele>228.0</ele></trkpt><trkpt lat="32.2288420" lon="-97.6021800"><ele>228.0</ele></trkpt><trkpt lat="32.2288290" lon="-97.6022020"><ele>228.0</ele></trkpt><trkpt lat="32.2288180" lon="-97.6022230"><ele>228.0</ele></trkpt><trkpt lat="32.2288050" lon="-97.6022470"><ele>228.0</ele></trkpt><trkpt lat="32.2287920" lon="-97.6022700"><ele>228.0</ele></trkpt><trkpt lat="32.2287780" lon="-97.6022960"><ele>227.0</ele></trkpt><trkpt lat="32.2287630" lon="-97.6023220"><ele>227.0</ele></trkpt><trkpt lat="32.2287490" lon="-97.6023490"><ele>227.0</ele></trkpt><trkpt lat="32.2287340" lon="-97.6023770"><ele>227.0</ele></trkpt><trkpt lat="32.2287220" lon="-97.6024060"><ele>227.0</ele></trkpt><trkpt lat="32.2287100" lon="-97.6024340"><ele>227.0</ele></trkpt><trkpt lat="32.2287010" lon="-97.6024630"><ele>227.0</ele></trkpt><trkpt lat="32.2286920" lon="-97.6024920"><ele>227.0</ele></trkpt><trkpt lat="32.2286840" lon="-97.6025200"><ele>227.0</ele></trkpt><trkpt lat="32.2286760" lon="-97.6025470"><ele>228.0</ele></trkpt><trkpt lat="32.2286670" lon="-97.6025740"><ele>228.0</ele></trkpt><trkpt lat="32.2286580" lon="-97.6026010"><ele>228.0</ele></trkpt><trkpt lat="32.2286480" lon="-97.6026280"><ele>228.0</ele></trkpt><trkpt lat="32.2286380" lon="-97.6026550"><ele>228.0</ele></trkpt><trkpt lat="32.2286250" lon="-97.6026790"><ele>228.0</ele></trkpt><trkpt lat="32.2286130" lon="-97.6027040"><ele>228.0</ele></trkpt><trkpt lat="32.2285980" lon="-97.6027280"><ele>228.0</ele></trkpt><trkpt lat="32.2285830" lon="-97.6027510"><ele>228.0</ele></trkpt><trkpt lat="32.2285670" lon="-97.6027760"><ele>228.0</ele></trkpt><trkpt lat="32.2285500" lon="-97.6028000"><ele>228.0</ele></trkpt><trkpt lat="32.2285330" lon="-97.6028260"><ele>228.0</ele></trkpt><trkpt lat="32.2285160" lon="-97.6028520"><ele>228.0</ele></trkpt><trkpt lat="32.2284990" lon="-97.6028780"><ele>228.0</ele></trkpt><trkpt lat="32.2284820" lon="-97.6029040"><ele>228.0</ele></trkpt><trkpt lat="32.2284650" lon="-97.6029290"><ele>229.0</ele></trkpt><trkpt lat="32.2284480" lon="-97.6029550"><ele>229.0</ele></trkpt><trkpt lat="32.2284310" lon="-97.6029800"><ele>229.0</ele></trkpt><trkpt lat="32.2284150" lon="-97.6030060"><ele>229.0</ele></trkpt><trkpt lat="32.2283980" lon="-97.6030300"><ele>229.0</ele></trkpt><trkpt lat="32.2283820" lon="-97.6030550"><ele>229.0</ele></trkpt><trkpt lat="32.2283650" lon="-97.6030790"><ele>229.0</ele></trkpt><trkpt lat="32.2283490" lon="-97.6031030"><ele>229.0</ele></trkpt><trkpt lat="32.2283330" lon="-97.6031260"><ele>229.0</ele></trkpt><trkpt lat="32.2283160" lon="-97.6031490"><ele>229.0</ele></trkpt><trkpt lat="32.2283020" lon="-97.6031740"><ele>229.0</ele></trkpt><trkpt lat="32.2282880" lon="-97.6031990"><ele>229.0</ele></trkpt><trkpt lat="32.2282750" lon="-97.6032240"><ele>229.0</ele></trkpt><trkpt lat="32.2282630" lon="-97.6032490"><ele>229.0</ele></trkpt><trkpt lat="32.2282490" lon="-97.6032730"><ele>229.0</ele></trkpt><trkpt lat="32.2282350" lon="-97.6032970"><ele>229.0</ele></trkpt><trkpt lat="32.2282190" lon="-97.6033200"><ele>229.0</ele></trkpt><trkpt lat="32.2282040" lon="-97.6033430"><ele>229.0</ele></trkpt><trkpt lat="32.2281890" lon="-97.6033650"><ele>229.0</ele></trkpt><trkpt lat="32.2281730" lon="-97.6033870"><ele>229.0</ele></trkpt><trkpt lat="32.2281570" lon="-97.6034090"><ele>229.0</ele></trkpt><trkpt lat="32.2281420" lon="-97.6034320"><ele>229.0</ele></trkpt><trkpt lat="32.2281260" lon="-97.6034560"><ele>229.0</ele></trkpt><trkpt lat="32.2281100" lon="-97.6034810"><ele>229.0</ele></trkpt><trkpt lat="32.2280940" lon="-97.6035060"><ele>229.0</ele></trkpt><trkpt lat="32.2280790" lon="-97.6035320"><ele>229.0</ele></trkpt><trkpt lat="32.2280640" lon="-97.6035570"><ele>229.0</ele></trkpt><trkpt lat="32.2280480" lon="-97.6035830"><ele>229.0</ele></trkpt><trkpt lat="32.2280330" lon="-97.6036080"><ele>229.0</ele></trkpt><trkpt lat="32.2280180" lon="-97.6036320"><ele>229.0</ele></trkpt><trkpt lat="32.2280030" lon="-97.6036560"><ele>229.0</ele></trkpt><trkpt lat="32.2279880" lon="-97.6036800"><ele>229.0</ele></trkpt><trkpt lat="32.2279730" lon="-97.6037040"><ele>229.0</ele></trkpt><trkpt lat="32.2279580" lon="-97.6037280"><ele>229.0</ele></trkpt><trkpt lat="32.2279430" lon="-97.6037520"><ele>229.0</ele></trkpt><trkpt lat="32.2279270" lon="-97.6037760"><ele>229.0</ele></trkpt><trkpt lat="32.2279120" lon="-97.6037990"><ele>229.0</ele></trkpt><trkpt lat="32.2278970" lon="-97.6038230"><ele>229.0</ele></trkpt><trkpt lat="32.2278810" lon="-97.6038460"><ele>229.0</ele></trkpt><trkpt lat="32.2278650" lon="-97.6038700"><ele>229.0</ele></trkpt><trkpt lat="32.2278500" lon="-97.6038920"><ele>229.0</ele></trkpt><trkpt lat="32.2278350" lon="-97.6039150"><ele>229.0</ele></trkpt><trkpt lat="32.2278200" lon="-97.6039390"><ele>229.0</ele></trkpt><trkpt lat="32.2278060" lon="-97.6039620"><ele>229.0</ele></trkpt><trkpt lat="32.2277920" lon="-97.6039850"><ele>229.0</ele></trkpt><trkpt lat="32.2277780" lon="-97.6040090"><ele>229.0</ele></trkpt><trkpt lat="32.2277640" lon="-97.6040320"><ele>228.0</ele></trkpt><trkpt lat="32.2277500" lon="-97.6040560"><ele>228.0</ele></trkpt><trkpt lat="32.2277350" lon="-97.6040810"><ele>228.0</ele></trkpt><trkpt lat="32.2277200" lon="-97.6041070"><ele>228.0</ele></trkpt><trkpt lat="32.2277030" lon="-97.6041310"><ele>228.0</ele></trkpt><trkpt lat="32.2276860" lon="-97.6041560"><ele>228.0</ele></trkpt><trkpt lat="32.2276680" lon="-97.6041790"><ele>228.0</ele></trkpt><trkpt lat="32.2276510" lon="-97.6042020"><ele>228.0</ele></trkpt><trkpt lat="32.2276320" lon="-97.6042230"><ele>228.0</ele></trkpt><trkpt lat="32.2276140" lon="-97.6042440"><ele>228.0</ele></trkpt><trkpt lat="32.2275950" lon="-97.6042650"><ele>227.0</ele></trkpt><trkpt lat="32.2275760" lon="-97.6042850"><ele>227.0</ele></trkpt><trkpt lat="32.2275570" lon="-97.6043060"><ele>227.0</ele></trkpt><trkpt lat="32.2275380" lon="-97.6043270"><ele>227.0</ele></trkpt><trkpt lat="32.2275190" lon="-97.6043480"><ele>227.0</ele></trkpt><trkpt lat="32.2275010" lon="-97.6043690"><ele>227.0</ele></trkpt><trkpt lat="32.2274830" lon="-97.6043910"><ele>227.0</ele></trkpt><trkpt lat="32.2274650" lon="-97.6044140"><ele>227.0</ele></trkpt><trkpt lat="32.2274480" lon="-97.6044380"><ele>227.0</ele></trkpt><trkpt lat="32.2274310" lon="-97.6044610"><ele>227.0</ele></trkpt><trkpt lat="32.2274150" lon="-97.6044870"><ele>226.0</ele></trkpt><trkpt lat="32.2273990" lon="-97.6045120"><ele>226.0</ele></trkpt><trkpt lat="32.2273850" lon="-97.6045380"><ele>226.0</ele></trkpt><trkpt lat="32.2273700" lon="-97.6045650"><ele>226.0</ele></trkpt><trkpt lat="32.2273540" lon="-97.6045900"><ele>226.0</ele></trkpt><trkpt lat="32.2273390" lon="-97.6046160"><ele>226.0</ele></trkpt><trkpt lat="32.2273230" lon="-97.6046400"><ele>226.0</ele></trkpt><trkpt lat="32.2273070" lon="-97.6046640"><ele>226.0</ele></trkpt><trkpt lat="32.2272910" lon="-97.6046880"><ele>226.0</ele></trkpt><trkpt lat="32.2272760" lon="-97.6047110"><ele>226.0</ele></trkpt><trkpt lat="32.2272610" lon="-97.6047350"><ele>225.0</ele></trkpt><trkpt lat="32.2272460" lon="-97.6047580"><ele>225.0</ele></trkpt><trkpt lat="32.2272310" lon="-97.6047820"><ele>225.0</ele></trkpt><trkpt lat="32.2272170" lon="-97.6048060"><ele>225.0</ele></trkpt><trkpt lat="32.2272040" lon="-97.6048320"><ele>225.0</ele></trkpt><trkpt lat="32.2271900" lon="-97.6048570"><ele>225.0</ele></trkpt><trkpt lat="32.2271770" lon="-97.6048820"><ele>225.0</ele></trkpt><trkpt lat="32.2271630" lon="-97.6049080"><ele>225.0</ele></trkpt><trkpt lat="32.2271490" lon="-97.6049320"><ele>225.0</ele></trkpt><trkpt lat="32.2271350" lon="-97.6049570"><ele>225.0</ele></trkpt><trkpt lat="32.2271210" lon="-97.6049810"><ele>225.0</ele></trkpt><trkpt lat="32.2271070" lon="-97.6050050"><ele>225.0</ele></trkpt><trkpt lat="32.2270930" lon="-97.6050300"><ele>225.0</ele></trkpt><trkpt lat="32.2270780" lon="-97.6050550"><ele>225.0</ele></trkpt><trkpt lat="32.2270640" lon="-97.6050810"><ele>225.0</ele></trkpt><trkpt lat="32.2270500" lon="-97.6051080"><ele>224.0</ele></trkpt><trkpt lat="32.2270360" lon="-97.6051350"><ele>224.0</ele></trkpt><trkpt lat="32.2270230" lon="-97.6051620"><ele>224.0</ele></trkpt><trkpt lat="32.2270100" lon="-97.6051900"><ele>224.0</ele></trkpt><trkpt lat="32.2269970" lon="-97.6052170"><ele>224.0</ele></trkpt><trkpt lat="32.2269840" lon="-97.6052440"><ele>224.0</ele></trkpt><trkpt lat="32.2269710" lon="-97.6052700"><ele>224.0</ele></trkpt><trkpt lat="32.2269570" lon="-97.6052940"><ele>224.0</ele></trkpt><trkpt lat="32.2269440" lon="-97.6053190"><ele>224.0</ele></trkpt><trkpt lat="32.2269300" lon="-97.6053430"><ele>224.0</ele></trkpt><trkpt lat="32.2269160" lon="-97.6053670"><ele>224.0</ele></trkpt><trkpt lat="32.2269000" lon="-97.6053910"><ele>224.0</ele></trkpt><trkpt lat="32.2268850" lon="-97.6054160"><ele>224.0</ele></trkpt><trkpt lat="32.2268680" lon="-97.6054410"><ele>224.0</ele></trkpt><trkpt lat="32.2268510" lon="-97.6054660"><ele>225.0</ele></trkpt><trkpt lat="32.2268340" lon="-97.6054900"><ele>225.0</ele></trkpt><trkpt lat="32.2268170" lon="-97.6055150"><ele>225.0</ele></trkpt><trkpt lat="32.2268020" lon="-97.6055400"><ele>225.0</ele></trkpt><trkpt lat="32.2267860" lon="-97.6055650"><ele>225.0</ele></trkpt><trkpt lat="32.2267720" lon="-97.6055920"><ele>225.0</ele></trkpt><trkpt lat="32.2267570" lon="-97.6056180"><ele>224.0</ele></trkpt><trkpt lat="32.2267420" lon="-97.6056470"><ele>224.0</ele></trkpt><trkpt lat="32.2267270" lon="-97.6056760"><ele>224.0</ele></trkpt><trkpt lat="32.2267110" lon="-97.6057030"><ele>224.0</ele></trkpt><trkpt lat="32.2266940" lon="-97.6057300"><ele>224.0</ele></trkpt><trkpt lat="32.2266770" lon="-97.6057520"><ele>224.0</ele></trkpt><trkpt lat="32.2266600" lon="-97.6057750"><ele>224.0</ele></trkpt><trkpt lat="32.2266430" lon="-97.6057930"><ele>224.0</ele></trkpt><trkpt lat="32.2266260" lon="-97.6058110"><ele>224.0</ele></trkpt><trkpt lat="32.2266100" lon="-97.6058280"><ele>225.0</ele></trkpt><trkpt lat="32.2265940" lon="-97.6058450"><ele>225.0</ele></trkpt><trkpt lat="32.2265770" lon="-97.6058640"><ele>225.0</ele></trkpt><trkpt lat="32.2265610" lon="-97.6058830"><ele>225.0</ele></trkpt><trkpt lat="32.2265440" lon="-97.6059030"><ele>225.0</ele></trkpt><trkpt lat="32.2265270" lon="-97.6059240"><ele>225.0</ele></trkpt><trkpt lat="32.2265100" lon="-97.6059440"><ele>225.0</ele></trkpt><trkpt lat="32.2264940" lon="-97.6059650"><ele>225.0</ele></trkpt><trkpt lat="32.2264790" lon="-97.6059850"><ele>225.0</ele></trkpt><trkpt lat="32.2264640" lon="-97.6060050"><ele>225.0</ele></trkpt><trkpt lat="32.2264490" lon="-97.6060260"><ele>225.0</ele></trkpt><trkpt lat="32.2264350" lon="-97.6060460"><ele>225.0</ele></trkpt><trkpt lat="32.2264190" lon="-97.6060650"><ele>225.0</ele></trkpt><trkpt lat="32.2264040" lon="-97.6060830"><ele>225.0</ele></trkpt><trkpt lat="32.2263880" lon="-97.6061000"><ele>225.0</ele></trkpt><trkpt lat="32.2263720" lon="-97.6061170"><ele>226.0</ele></trkpt><trkpt lat="32.2263550" lon="-97.6061340"><ele>226.0</ele></trkpt><trkpt lat="32.2263390" lon="-97.6061510"><ele>226.0</ele></trkpt><trkpt lat="32.2263220" lon="-97.6061690"><ele>226.0</ele></trkpt><trkpt lat="32.2263040" lon="-97.6061860"><ele>226.0</ele></trkpt><trkpt lat="32.2262860" lon="-97.6062050"><ele>226.0</ele></trkpt><trkpt lat="32.2262690" lon="-97.6062230"><ele>226.0</ele></trkpt><trkpt lat="32.2262520" lon="-97.6062440"><ele>226.0</ele></trkpt><trkpt lat="32.2262350" lon="-97.6062640"><ele>226.0</ele></trkpt><trkpt lat="32.2262190" lon="-97.6062870"><ele>226.0</ele></trkpt><trkpt lat="32.2262040" lon="-97.6063100"><ele>227.0</ele></trkpt><trkpt lat="32.2261900" lon="-97.6063340"><ele>227.0</ele></trkpt><trkpt lat="32.2261750" lon="-97.6063580"><ele>227.0</ele></trkpt><trkpt lat="32.2261620" lon="-97.6063830"><ele>227.0</ele></trkpt><trkpt lat="32.2261480" lon="-97.6064090"><ele>227.0</ele></trkpt><trkpt lat="32.2261360" lon="-97.6064360"><ele>228.0</ele></trkpt><trkpt lat="32.2261240" lon="-97.6064630"><ele>228.0</ele></trkpt><trkpt lat="32.2261120" lon="-97.6064910"><ele>228.0</ele></trkpt><trkpt lat="32.2261000" lon="-97.6065180"><ele>228.0</ele></trkpt><trkpt lat="32.2260870" lon="-97.6065450"><ele>228.0</ele></trkpt><trkpt lat="32.2260750" lon="-97.6065720"><ele>228.0</ele></trkpt><trkpt lat="32.2260610" lon="-97.6066000"><ele>228.0</ele></trkpt><trkpt lat="32.2260470" lon="-97.6066270"><ele>228.0</ele></trkpt><trkpt lat="32.2260330" lon="-97.6066540"><ele>228.0</ele></trkpt><trkpt lat="32.2260190" lon="-97.6066810"><ele>228.0</ele></trkpt><trkpt lat="32.2260050" lon="-97.6067080"><ele>228.0</ele></trkpt><trkpt lat="32.2259920" lon="-97.6067350"><ele>228.0</ele></trkpt><trkpt lat="32.2259790" lon="-97.6067620"><ele>228.0</ele></trkpt><trkpt lat="32.2259670" lon="-97.6067890"><ele>228.0</ele></trkpt><trkpt lat="32.2259540" lon="-97.6068140"><ele>228.0</ele></trkpt><trkpt lat="32.2259410" lon="-97.6068390"><ele>229.0</ele></trkpt><trkpt lat="32.2259280" lon="-97.6068610"><ele>229.0</ele></trkpt><trkpt lat="32.2259140" lon="-97.6068830"><ele>229.0</ele></trkpt><trkpt lat="32.2259010" lon="-97.6069050"><ele>229.0</ele></trkpt><trkpt lat="32.2258870" lon="-97.6069270"><ele>229.0</ele></trkpt><trkpt lat="32.2258740" lon="-97.6069510"><ele>229.0</ele></trkpt><trkpt lat="32.2258610" lon="-97.6069750"><ele>229.0</ele></trkpt><trkpt lat="32.2258470" lon="-97.6069970"><ele>229.0</ele></trkpt><trkpt lat="32.2258330" lon="-97.6070200"><ele>229.0</ele></trkpt><trkpt lat="32.2258150" lon="-97.6070390"><ele>229.0</ele></trkpt><trkpt lat="32.2257990" lon="-97.6070881"><ele>227.1</ele></trkpt><trkpt lat="32.2258080" lon="-97.6072705"><ele>227.3</ele></trkpt><trkpt lat="32.2258806" lon="-97.6074851"><ele>226.9</ele></trkpt><trkpt lat="32.2260349" lon="-97.6078284"><ele>225.9</ele></trkpt><trkpt lat="32.2261802" lon="-97.6081717"><ele>225.1</ele></trkpt><trkpt lat="32.2263072" lon="-97.6083541"><ele>224.5</ele></trkpt><trkpt lat="32.2264706" lon="-97.6085794"><ele>224.4</ele></trkpt><trkpt lat="32.2265704" lon="-97.6088369"><ele>224.3</ele></trkpt><trkpt lat="32.2266340" lon="-97.6090515"><ele>224.5</ele></trkpt><trkpt lat="32.2266249" lon="-97.6092660"><ele>224.1</ele></trkpt><trkpt lat="32.2265341" lon="-97.6095343"><ele>223.1</ele></trkpt><trkpt lat="32.2264434" lon="-97.6099312"><ele>221.9</ele></trkpt><trkpt lat="32.2263617" lon="-97.6102424"><ele>220.9</ele></trkpt><trkpt lat="32.2261620" lon="-97.6105428"><ele>220.6</ele></trkpt><trkpt lat="32.2258353" lon="-97.6107359"><ele>220.5</ele></trkpt><trkpt lat="32.2256084" lon="-97.6108110"><ele>220.0</ele></trkpt><trkpt lat="32.2254541" lon="-97.6109397"><ele>219.3</ele></trkpt><trkpt lat="32.2253179" lon="-97.6112080"><ele>218.7</ele></trkpt><trkpt lat="32.2252907" lon="-97.6115620"><ele>219.0</ele></trkpt><trkpt lat="32.2251818" lon="-97.6118839"><ele>219.2</ele></trkpt><trkpt lat="32.2251818" lon="-97.6121950"><ele>218.4</ele></trkpt><trkpt lat="32.2251818" lon="-97.6123667"><ele>216.3</ele></trkpt><trkpt lat="32.2253089" lon="-97.6127744"><ele>211.0</ele></trkpt><trkpt lat="32.2256174" lon="-97.6131499"><ele>208.4</ele></trkpt><trkpt lat="32.2256470" lon="-97.6131860"><ele>213.0</ele></trkpt><trkpt lat="32.2256740" lon="-97.6131950"><ele>213.0</ele></trkpt><trkpt lat="32.2257010" lon="-97.6132040"><ele>213.0</ele></trkpt><trkpt lat="32.2257290" lon="-97.6132150"><ele>213.0</ele></trkpt><trkpt lat="32.2257570" lon="-97.6132270"><ele>212.0</ele></trkpt><trkpt lat="32.2257850" lon="-97.6132390"><ele>212.0</ele></trkpt><trkpt lat="32.2258120" lon="-97.6132520"><ele>212.0</ele></trkpt><trkpt lat="32.2258390" lon="-97.6132650"><ele>212.0</ele></trkpt><trkpt lat="32.2258660" lon="-97.6132780"><ele>212.0</ele></trkpt><trkpt lat="32.2258910" lon="-97.6132920"><ele>212.0</ele></trkpt><trkpt lat="32.2259170" lon="-97.6133050"><ele>212.0</ele></trkpt><trkpt lat="32.2259410" lon="-97.6133180"><ele>212.0</ele></trkpt><trkpt lat="32.2259660" lon="-97.6133310"><ele>212.0</ele></trkpt><trkpt lat="32.2259900" lon="-97.6133420"><ele>212.0</ele></trkpt><trkpt lat="32.2260130" lon="-97.6133530"><ele>212.0</ele></trkpt><trkpt lat="32.2260340" lon="-97.6133640"><ele>212.0</ele></trkpt><trkpt lat="32.2260550" lon="-97.6133760"><ele>212.0</ele></trkpt><trkpt lat="32.2260730" lon="-97.6133900"><ele>212.0</ele></trkpt><trkpt lat="32.2260900" lon="-97.6134050"><ele>212.0</ele></trkpt><trkpt lat="32.2261000" lon="-97.6134270"><ele>212.0</ele></trkpt><trkpt lat="32.2261090" lon="-97.6134490"><ele>212.0</ele></trkpt><trkpt lat="32.2261110" lon="-97.6134770"><ele>212.0</ele></trkpt><trkpt lat="32.2261140" lon="-97.6135040"><ele>212.0</ele></trkpt><trkpt lat="32.2261140" lon="-97.6135330"><ele>212.0</ele></trkpt><trkpt lat="32.2261150" lon="-97.6135630"><ele>212.0</ele></trkpt><trkpt lat="32.2261160" lon="-97.6135910"><ele>212.0</ele></trkpt><trkpt lat="32.2261170" lon="-97.6136190"><ele>212.0</ele></trkpt><trkpt lat="32.2261190" lon="-97.6136460"><ele>212.0</ele></trkpt><trkpt lat="32.2261210" lon="-97.6136730"><ele>212.0</ele></trkpt><trkpt lat="32.2261210" lon="-97.6136990"><ele>212.0</ele></trkpt><trkpt lat="32.2261210" lon="-97.6137250"><ele>212.0</ele></trkpt><trkpt lat="32.2261180" lon="-97.6137500"><ele>212.0</ele></trkpt><trkpt lat="32.2261150" lon="-97.6137750"><ele>212.0</ele></trkpt><trkpt lat="32.2261100" lon="-97.6138010"><ele>212.0</ele></trkpt><trkpt lat="32.2261050" lon="-97.6138270"><ele>212.0</ele></trkpt><trkpt lat="32.2260970" lon="-97.6138540"><ele>212.0</ele></trkpt><trkpt lat="32.2260890" lon="-97.6138810"><ele>212.0</ele></trkpt><trkpt lat="32.2260790" lon="-97.6139070"><ele>212.0</ele></trkpt><trkpt lat="32.2260680" lon="-97.6139320"><ele>213.0</ele></trkpt><trkpt lat="32.2260560" lon="-97.6139570"><ele>213.0</ele></trkpt><trkpt lat="32.2260440" lon="-97.6139810"><ele>213.0</ele></trkpt><trkpt lat="32.2260310" lon="-97.6140040"><ele>213.0</ele></trkpt><trkpt lat="32.2260190" lon="-97.6140280"><ele>213.0</ele></trkpt><trkpt lat="32.2260040" lon="-97.6140510"><ele>213.0</ele></trkpt><trkpt lat="32.2259890" lon="-97.6140750"><ele>213.0</ele></trkpt><trkpt lat="32.2259700" lon="-97.6140950"><ele>213.0</ele></trkpt><trkpt lat="32.2259510" lon="-97.6141160"><ele>213.0</ele></trkpt><trkpt lat="32.2259270" lon="-97.6141310"><ele>213.0</ele></trkpt><trkpt lat="32.2259040" lon="-97.6141460"><ele>213.0</ele></trkpt><trkpt lat="32.2258790" lon="-97.6141570"><ele>213.0</ele></trkpt><trkpt lat="32.2258540" lon="-97.6141670"><ele>213.0</ele></trkpt><trkpt lat="32.2258300" lon="-97.6141760"><ele>213.0</ele></trkpt><trkpt lat="32.2258060" lon="-97.6141850"><ele>213.0</ele></trkpt><trkpt lat="32.2257850" lon="-97.6141940"><ele>213.0</ele></trkpt><trkpt lat="32.2257640" lon="-97.6142030"><ele>213.0</ele></trkpt><trkpt lat="32.2257450" lon="-97.6142130"><ele>213.0</ele></trkpt><trkpt lat="32.2257250" lon="-97.6142220"><ele>213.0</ele></trkpt><trkpt lat="32.2257040" lon="-97.6142300"><ele>213.0</ele></trkpt><trkpt lat="32.2256830" lon="-97.6142390"><ele>213.0</ele></trkpt><trkpt lat="32.2256600" lon="-97.6142450"><ele>213.0</ele></trkpt><trkpt lat="32.2256380" lon="-97.6142520"><ele>213.0</ele></trkpt><trkpt lat="32.2256120" lon="-97.6142550"><ele>213.0</ele></trkpt><trkpt lat="32.2255870" lon="-97.6142580"><ele>213.0</ele></trkpt><trkpt lat="32.2255610" lon="-97.6142600"><ele>213.0</ele></trkpt><trkpt lat="32.2255340" lon="-97.6142630"><ele>213.0</ele></trkpt><trkpt lat="32.2255110" lon="-97.6142700"><ele>213.0</ele></trkpt><trkpt lat="32.2254870" lon="-97.6142780"><ele>213.0</ele></trkpt><trkpt lat="32.2254650" lon="-97.6142870"><ele>213.0</ele></trkpt><trkpt lat="32.2254440" lon="-97.6142960"><ele>213.0</ele></trkpt><trkpt lat="32.2254230" lon="-97.6143010"><ele>212.0</ele></trkpt><trkpt lat="32.2254030" lon="-97.6143060"><ele>212.0</ele></trkpt><trkpt lat="32.2253830" lon="-97.6143070"><ele>212.0</ele></trkpt><trkpt lat="32.2253630" lon="-97.6143070"><ele>212.0</ele></trkpt><trkpt lat="32.2253410" lon="-97.6143050"><ele>212.0</ele></trkpt><trkpt lat="32.2253200" lon="-97.6143030"><ele>212.0</ele></trkpt><trkpt lat="32.2252980" lon="-97.6143040"><ele>212.0</ele></trkpt><trkpt lat="32.2252770" lon="-97.6143050"><ele>212.0</ele></trkpt><trkpt lat="32.2252540" lon="-97.6143090"><ele>212.0</ele></trkpt><trkpt lat="32.2252310" lon="-97.6143120"><ele>213.0</ele></trkpt><trkpt lat="32.2252060" lon="-97.6143180"><ele>213.0</ele></trkpt><trkpt lat="32.2251810" lon="-97.6143230"><ele>213.0</ele></trkpt><trkpt lat="32.2251540" lon="-97.6143290"><ele>213.0</ele></trkpt><trkpt lat="32.2251280" lon="-97.6143350"><ele>213.0</ele></trkpt><trkpt lat="32.2251010" lon="-97.6143400"><ele>213.0</ele></trkpt><trkpt lat="32.2250750" lon="-97.6143440"><ele>213.0</ele></trkpt><trkpt lat="32.2250470" lon="-97.6143460"><ele>213.0</ele></trkpt><trkpt lat="32.2250200" lon="-97.6143470"><ele>213.0</ele></trkpt><trkpt lat="32.2249940" lon="-97.6143470"><ele>213.0</ele></trkpt><trkpt lat="32.2249680" lon="-97.6143480"><ele>213.0</ele></trkpt><trkpt lat="32.2249430" lon="-97.6143490"><ele>212.0</ele></trkpt><trkpt lat="32.2249180" lon="-97.6143500"><ele>212.0</ele></trkpt><trkpt lat="32.2248930" lon="-97.6143510"><ele>212.0</ele></trkpt><trkpt lat="32.2248690" lon="-97.6143520"><ele>212.0</ele></trkpt><trkpt lat="32.2248440" lon="-97.6143500"><ele>212.0</ele></trkpt><trkpt lat="32.2248190" lon="-97.6143480"><ele>212.0</ele></trkpt><trkpt lat="32.2247940" lon="-97.6143410"><ele>212.0</ele></trkpt><trkpt lat="32.2247690" lon="-97.6143350"><ele>212.0</ele></trkpt><trkpt lat="32.2247440" lon="-97.6143270"><ele>212.0</ele></trkpt><trkpt lat="32.2247200" lon="-97.6143180"><ele>212.0</ele></trkpt><trkpt lat="32.2246950" lon="-97.6143100"><ele>212.0</ele></trkpt><trkpt lat="32.2246710" lon="-97.6143010"><ele>212.0</ele></trkpt><trkpt lat="32.2246460" lon="-97.6142900"><ele>212.0</ele></trkpt><trkpt lat="32.2246220" lon="-97.6142790"><ele>212.0</ele></trkpt><trkpt lat="32.2245980" lon="-97.6142630"><ele>213.0</ele></trkpt><trkpt lat="32.2245730" lon="-97.6142480"><ele>213.0</ele></trkpt><trkpt lat="32.2245500" lon="-97.6142320"><ele>213.0</ele></trkpt><trkpt lat="32.2245270" lon="-97.6142150"><ele>213.0</ele></trkpt><trkpt lat="32.2245040" lon="-97.6141980"><ele>213.0</ele></trkpt><trkpt lat="32.2244820" lon="-97.6141820"><ele>213.0</ele></trkpt><trkpt lat="32.2244610" lon="-97.6141680"><ele>212.0</ele></trkpt><trkpt lat="32.2244390" lon="-97.6141540"><ele>212.0</ele></trkpt><trkpt lat="32.2244170" lon="-97.6141430"><ele>212.0</ele></trkpt><trkpt lat="32.2243960" lon="-97.6141320"><ele>212.0</ele></trkpt><trkpt lat="32.2243740" lon="-97.6141250"><ele>212.0</ele></trkpt><trkpt lat="32.2243520" lon="-97.6141180"><ele>211.0</ele></trkpt><trkpt lat="32.2243300" lon="-97.6141150"><ele>211.0</ele></trkpt><trkpt lat="32.2243090" lon="-97.6141120"><ele>211.0</ele></trkpt><trkpt lat="32.2242890" lon="-97.6141150"><ele>211.0</ele></trkpt><trkpt lat="32.2242700" lon="-97.6141180"><ele>211.0</ele></trkpt><trkpt lat="32.2242500" lon="-97.6141240"><ele>210.0</ele></trkpt><trkpt lat="32.2242290" lon="-97.6141300"><ele>210.0</ele></trkpt><trkpt lat="32.2242080" lon="-97.6141370"><ele>210.0</ele></trkpt><trkpt lat="32.2241870" lon="-97.6141440"><ele>210.0</ele></trkpt><trkpt lat="32.2241640" lon="-97.6141500"><ele>210.0</ele></trkpt><trkpt lat="32.2241410" lon="-97.6141560"><ele>209.0</ele></trkpt><trkpt lat="32.2241170" lon="-97.6141630"><ele>209.0</ele></trkpt><trkpt lat="32.2240930" lon="-97.6141690"><ele>209.0</ele></trkpt><trkpt lat="32.2240690" lon="-97.6141760"><ele>209.0</ele></trkpt><trkpt lat="32.2240450" lon="-97.6141830"><ele>209.0</ele></trkpt><trkpt lat="32.2240210" lon="-97.6141890"><ele>209.0</ele></trkpt><trkpt lat="32.2239980" lon="-97.6141940"><ele>209.0</ele></trkpt><trkpt lat="32.2239740" lon="-97.6141990"><ele>209.0</ele></trkpt><trkpt lat="32.2239500" lon="-97.6142040"><ele>209.0</ele></trkpt><trkpt lat="32.2239280" lon="-97.6142090"><ele>209.0</ele></trkpt><trkpt lat="32.2239060" lon="-97.6142140"><ele>209.0</ele></trkpt><trkpt lat="32.2238870" lon="-97.6142180"><ele>209.0</ele></trkpt><trkpt lat="32.2238670" lon="-97.6142210"><ele>209.0</ele></trkpt><trkpt lat="32.2238470" lon="-97.6142200"><ele>209.0</ele></trkpt><trkpt lat="32.2238280" lon="-97.6142190"><ele>209.0</ele></trkpt><trkpt lat="32.2238070" lon="-97.6142160"><ele>208.0</ele></trkpt><trkpt lat="32.2237870" lon="-97.6142120"><ele>208.0</ele></trkpt><trkpt lat="32.2237660" lon="-97.6142050"><ele>208.0</ele></trkpt><trkpt lat="32.2237450" lon="-97.6141980"><ele>208.0</ele></trkpt><trkpt lat="32.2237230" lon="-97.6141920"><ele>208.0</ele></trkpt><trkpt lat="32.2237010" lon="-97.6141850"><ele>208.0</ele></trkpt><trkpt lat="32.2236780" lon="-97.6141790"><ele>208.0</ele></trkpt><trkpt lat="32.2236550" lon="-97.6141740"><ele>208.0</ele></trkpt><trkpt lat="32.2236280" lon="-97.6141670"><ele>208.0</ele></trkpt><trkpt lat="32.2236020" lon="-97.6141610"><ele>208.0</ele></trkpt><trkpt lat="32.2235700" lon="-97.6141550"><ele>207.0</ele></trkpt><trkpt lat="32.2235390" lon="-97.6141490"><ele>207.0</ele></trkpt><trkpt lat="32.2235070" lon="-97.6141460"><ele>207.0</ele></trkpt><trkpt lat="32.2234740" lon="-97.6141440"><ele>207.0</ele></trkpt><trkpt lat="32.2234450" lon="-97.6141470"><ele>207.0</ele></trkpt><trkpt lat="32.2234160" lon="-97.6141510"><ele>207.0</ele></trkpt><trkpt lat="32.2233940" lon="-97.6141620"><ele>207.0</ele></trkpt><trkpt lat="32.2233710" lon="-97.6141730"><ele>207.0</ele></trkpt><trkpt lat="32.2233520" lon="-97.6141890"><ele>207.0</ele></trkpt><trkpt lat="32.2233330" lon="-97.6142060"><ele>207.0</ele></trkpt><trkpt lat="32.2233160" lon="-97.6142280"><ele>206.0</ele></trkpt><trkpt lat="32.2233000" lon="-97.6142490"><ele>206.0</ele></trkpt><trkpt lat="32.2232860" lon="-97.6142710"><ele>206.0</ele></trkpt><trkpt lat="32.2232710" lon="-97.6142940"><ele>206.0</ele></trkpt><trkpt lat="32.2232570" lon="-97.6143150"><ele>206.0</ele></trkpt><trkpt lat="32.2232430" lon="-97.6143360"><ele>206.0</ele></trkpt><trkpt lat="32.2232280" lon="-97.6143570"><ele>206.0</ele></trkpt><trkpt lat="32.2232130" lon="-97.6143780"><ele>206.0</ele></trkpt><trkpt lat="32.2231990" lon="-97.6144010"><ele>206.0</ele></trkpt><trkpt lat="32.2231850" lon="-97.6144240"><ele>206.0</ele></trkpt><trkpt lat="32.2231720" lon="-97.6144470"><ele>206.0</ele></trkpt><trkpt lat="32.2231590" lon="-97.6144700"><ele>206.0</ele></trkpt><trkpt lat="32.2231470" lon="-97.6144950"><ele>206.0</ele></trkpt><trkpt lat="32.2231360" lon="-97.6145190"><ele>206.0</ele></trkpt><trkpt lat="32.2231260" lon="-97.6145440"><ele>206.0</ele></trkpt><trkpt lat="32.2231160" lon="-97.6145680"><ele>206.0</ele></trkpt><trkpt lat="32.2231050" lon="-97.6145910"><ele>206.0</ele></trkpt><trkpt lat="32.2230940" lon="-97.6146140"><ele>206.0</ele></trkpt><trkpt lat="32.2230820" lon="-97.6146380"><ele>206.0</ele></trkpt><trkpt lat="32.2230710" lon="-97.6146610"><ele>206.0</ele></trkpt><trkpt lat="32.2230590" lon="-97.6146870"><ele>206.0</ele></trkpt><trkpt lat="32.2230470" lon="-97.6147130"><ele>206.0</ele></trkpt><trkpt lat="32.2230350" lon="-97.6147420"><ele>206.0</ele></trkpt><trkpt lat="32.2230230" lon="-97.6147710"><ele>206.0</ele></trkpt><trkpt lat="32.2230090" lon="-97.6148000"><ele>206.0</ele></trkpt><trkpt lat="32.2229960" lon="-97.6148300"><ele>205.0</ele></trkpt><trkpt lat="32.2229790" lon="-97.6148590"><ele>205.0</ele></trkpt><trkpt lat="32.2229620" lon="-97.6148880"><ele>205.0</ele></trkpt><trkpt lat="32.2229450" lon="-97.6149150"><ele>205.0</ele></trkpt><trkpt lat="32.2229270" lon="-97.6149430"><ele>205.0</ele></trkpt><trkpt lat="32.2229110" lon="-97.6149710"><ele>205.0</ele></trkpt><trkpt lat="32.2228940" lon="-97.6150000"><ele>205.0</ele></trkpt><trkpt lat="32.2228780" lon="-97.6150280"><ele>205.0</ele></trkpt><trkpt lat="32.2228620" lon="-97.6150560"><ele>205.0</ele></trkpt><trkpt lat="32.2228450" lon="-97.6150840"><ele>205.0</ele></trkpt><trkpt lat="32.2228280" lon="-97.6151110"><ele>204.0</ele></trkpt><trkpt lat="32.2228130" lon="-97.6151360"><ele>204.0</ele></trkpt><trkpt lat="32.2227980" lon="-97.6151600"><ele>204.0</ele></trkpt><trkpt lat="32.2227840" lon="-97.6151810"><ele>204.0</ele></trkpt><trkpt lat="32.2227700" lon="-97.6152020"><ele>204.0</ele></trkpt><trkpt lat="32.2227570" lon="-97.6152230"><ele>204.0</ele></trkpt><trkpt lat="32.2227440" lon="-97.6152440"><ele>204.0</ele></trkpt><trkpt lat="32.2227330" lon="-97.6152670"><ele>204.0</ele></trkpt><trkpt lat="32.2227230" lon="-97.6152910"><ele>204.0</ele></trkpt><trkpt lat="32.2227110" lon="-97.6153180"><ele>204.0</ele></trkpt><trkpt lat="32.2227000" lon="-97.6153450"><ele>204.0</ele></trkpt><trkpt lat="32.2226860" lon="-97.6153730"><ele>204.0</ele></trkpt><trkpt lat="32.2226720" lon="-97.6154020"><ele>204.0</ele></trkpt><trkpt lat="32.2226560" lon="-97.6154310"><ele>204.0</ele></trkpt><trkpt lat="32.2226400" lon="-97.6154600"><ele>204.0</ele></trkpt><trkpt lat="32.2226230" lon="-97.6154860"><ele>203.0</ele></trkpt><trkpt lat="32.2226070" lon="-97.6155120"><ele>203.0</ele></trkpt><trkpt lat="32.2225900" lon="-97.6155380"><ele>203.0</ele></trkpt><trkpt lat="32.2225730" lon="-97.6155630"><ele>203.0</ele></trkpt><trkpt lat="32.2225590" lon="-97.6155900"><ele>203.0</ele></trkpt><trkpt lat="32.2225440" lon="-97.6156180"><ele>203.0</ele></trkpt><trkpt lat="32.2225310" lon="-97.6156470"><ele>203.0</ele></trkpt><trkpt lat="32.2225170" lon="-97.6156760"><ele>203.0</ele></trkpt><trkpt lat="32.2225030" lon="-97.6157040"><ele>203.0</ele></trkpt><trkpt lat="32.2224890" lon="-97.6157330"><ele>203.0</ele></trkpt><trkpt lat="32.2224750" lon="-97.6157620"><ele>203.0</ele></trkpt><trkpt lat="32.2224600" lon="-97.6157910"><ele>203.0</ele></trkpt><trkpt lat="32.2224440" lon="-97.6158170"><ele>203.0</ele></trkpt><trkpt lat="32.2224280" lon="-97.6158430"><ele>203.0</ele></trkpt><trkpt lat="32.2224110" lon="-97.6158650"><ele>203.0</ele></trkpt><trkpt lat="32.2223940" lon="-97.6158880"><ele>203.0</ele></trkpt><trkpt lat="32.2223790" lon="-97.6159100"><ele>203.0</ele></trkpt><trkpt lat="32.2223650" lon="-97.6159310"><ele>203.0</ele></trkpt><trkpt lat="32.2223550" lon="-97.6159570"><ele>203.0</ele></trkpt><trkpt lat="32.2223450" lon="-97.6159830"><ele>203.0</ele></trkpt><trkpt lat="32.2223410" lon="-97.6160090"><ele>202.0</ele></trkpt><trkpt lat="32.2223380" lon="-97.6160360"><ele>202.0</ele></trkpt><trkpt lat="32.2223380" lon="-97.6160610"><ele>202.0</ele></trkpt><trkpt lat="32.2223380" lon="-97.6160860"><ele>202.0</ele></trkpt><trkpt lat="32.2223340" lon="-97.6161080"><ele>202.0</ele></trkpt><trkpt lat="32.2223300" lon="-97.6161310"><ele>201.0</ele></trkpt><trkpt lat="32.2223210" lon="-97.6161510"><ele>201.0</ele></trkpt><trkpt lat="32.2223120" lon="-97.6161710"><ele>201.0</ele></trkpt><trkpt lat="32.2223000" lon="-97.6161910"><ele>201.0</ele></trkpt><trkpt lat="32.2222880" lon="-97.6162110"><ele>201.0</ele></trkpt><trkpt lat="32.2222740" lon="-97.6162290"><ele>201.0</ele></trkpt><trkpt lat="32.2222600" lon="-97.6162460"><ele>201.0</ele></trkpt><trkpt lat="32.2222470" lon="-97.6162630"><ele>201.0</ele></trkpt><trkpt lat="32.2222340" lon="-97.6162810"><ele>201.0</ele></trkpt><trkpt lat="32.2222230" lon="-97.6162970"><ele>201.0</ele></trkpt><trkpt lat="32.2222120" lon="-97.6163120"><ele>200.0</ele></trkpt><trkpt lat="32.2222020" lon="-97.6163280"><ele>200.0</ele></trkpt><trkpt lat="32.2221920" lon="-97.6163440"><ele>200.0</ele></trkpt><trkpt lat="32.2221860" lon="-97.6163610"><ele>200.0</ele></trkpt><trkpt lat="32.2221790" lon="-97.6163780"><ele>200.0</ele></trkpt><trkpt lat="32.2221740" lon="-97.6163980"><ele>200.0</ele></trkpt><trkpt lat="32.2221680" lon="-97.6164180"><ele>200.0</ele></trkpt><trkpt lat="32.2221610" lon="-97.6164410"><ele>200.0</ele></trkpt><trkpt lat="32.2221540" lon="-97.6164640"><ele>200.0</ele></trkpt><trkpt lat="32.2221410" lon="-97.6164860"><ele>201.0</ele></trkpt><trkpt lat="32.2221290" lon="-97.6165090"><ele>201.0</ele></trkpt><trkpt lat="32.2221150" lon="-97.6165300"><ele>201.0</ele></trkpt><trkpt lat="32.2221000" lon="-97.6165510"><ele>201.0</ele></trkpt><trkpt lat="32.2220850" lon="-97.6165690"><ele>201.0</ele></trkpt><trkpt lat="32.2220700" lon="-97.6165870"><ele>202.0</ele></trkpt><trkpt lat="32.2220540" lon="-97.6166040"><ele>202.0</ele></trkpt><trkpt lat="32.2220380" lon="-97.6166210"><ele>202.0</ele></trkpt><trkpt lat="32.2220230" lon="-97.6166390"><ele>203.0</ele></trkpt><trkpt lat="32.2220070" lon="-97.6166570"><ele>203.0</ele></trkpt><trkpt lat="32.2219950" lon="-97.6166740"><ele>204.0</ele></trkpt><trkpt lat="32.2219830" lon="-97.6166910"><ele>204.0</ele></trkpt><trkpt lat="32.2219730" lon="-97.6167070"><ele>204.0</ele></trkpt><trkpt lat="32.2219640" lon="-97.6167240"><ele>204.0</ele></trkpt><trkpt lat="32.2219550" lon="-97.6167400"><ele>204.0</ele></trkpt><trkpt lat="32.2219460" lon="-97.6167570"><ele>205.0</ele></trkpt><trkpt lat="32.2219360" lon="-97.6167740"><ele>205.0</ele></trkpt><trkpt lat="32.2219260" lon="-97.6167910"><ele>205.0</ele></trkpt><trkpt lat="32.2219140" lon="-97.6168090"><ele>205.0</ele></trkpt><trkpt lat="32.2219030" lon="-97.6168280"><ele>205.0</ele></trkpt><trkpt lat="32.2218940" lon="-97.6168500"><ele>206.0</ele></trkpt><trkpt lat="32.2218850" lon="-97.6168720"><ele>206.0</ele></trkpt><trkpt lat="32.2218790" lon="-97.6168950"><ele>206.0</ele></trkpt><trkpt lat="32.2218730" lon="-97.6169190"><ele>206.0</ele></trkpt><trkpt lat="32.2218670" lon="-97.6169410"><ele>206.0</ele></trkpt><trkpt lat="32.2218610" lon="-97.6169630"><ele>206.0</ele></trkpt><trkpt lat="32.2218520" lon="-97.6169840"><ele>206.0</ele></trkpt><trkpt lat="32.2218440" lon="-97.6170040"><ele>206.0</ele></trkpt><trkpt lat="32.2218360" lon="-97.6170250"><ele>206.0</ele></trkpt><trkpt lat="32.2218280" lon="-97.6170470"><ele>206.0</ele></trkpt><trkpt lat="32.2218200" lon="-97.6170700"><ele>207.0</ele></trkpt><trkpt lat="32.2218120" lon="-97.6170930"><ele>207.0</ele></trkpt><trkpt lat="32.2218030" lon="-97.6171160"><ele>207.0</ele></trkpt><trkpt lat="32.2217940" lon="-97.6171390"><ele>207.0</ele></trkpt><trkpt lat="32.2217830" lon="-97.6171610"><ele>207.0</ele></trkpt><trkpt lat="32.2217720" lon="-97.6171840"><ele>208.0</ele></trkpt><trkpt lat="32.2217600" lon="-97.6172050"><ele>208.0</ele></trkpt><trkpt lat="32.2217480" lon="-97.6172260"><ele>208.0</ele></trkpt><trkpt lat="32.2217360" lon="-97.6172460"><ele>208.0</ele></trkpt><trkpt lat="32.2217240" lon="-97.6172660"><ele>208.0</ele></trkpt><trkpt lat="32.2217120" lon="-97.6172850"><ele>209.0</ele></trkpt><trkpt lat="32.2217010" lon="-97.6173050"><ele>209.0</ele></trkpt><trkpt lat="32.2216900" lon="-97.6173250"><ele>209.0</ele></trkpt><trkpt lat="32.2216800" lon="-97.6173460"><ele>209.0</ele></trkpt><trkpt lat="32.2216700" lon="-97.6173700"><ele>209.0</ele></trkpt><trkpt lat="32.2216610" lon="-97.6173950"><ele>210.0</ele></trkpt><trkpt lat="32.2216520" lon="-97.6174230"><ele>210.0</ele></trkpt><trkpt lat="32.2216430" lon="-97.6174510"><ele>210.0</ele></trkpt><trkpt lat="32.2216340" lon="-97.6174800"><ele>210.0</ele></trkpt><trkpt lat="32.2216250" lon="-97.6175090"><ele>210.0</ele></trkpt><trkpt lat="32.2216130" lon="-97.6175350"><ele>211.0</ele></trkpt><trkpt lat="32.2216010" lon="-97.6175620"><ele>211.0</ele></trkpt><trkpt lat="32.2215870" lon="-97.6175880"><ele>211.0</ele></trkpt><trkpt lat="32.2215740" lon="-97.6176140"><ele>211.0</ele></trkpt><trkpt lat="32.2215610" lon="-97.6176410"><ele>211.0</ele></trkpt><trkpt lat="32.2215480" lon="-97.6176670"><ele>212.0</ele></trkpt><trkpt lat="32.2215360" lon="-97.6176940"><ele>212.0</ele></trkpt><trkpt lat="32.2215240" lon="-97.6177200"><ele>212.0</ele></trkpt><trkpt lat="32.2215130" lon="-97.6177480"><ele>212.0</ele></trkpt><trkpt lat="32.2215030" lon="-97.6177760"><ele>212.0</ele></trkpt><trkpt lat="32.2214920" lon="-97.6178030"><ele>212.0</ele></trkpt><trkpt lat="32.2214820" lon="-97.6178300"><ele>212.0</ele></trkpt><trkpt lat="32.2214720" lon="-97.6178540"><ele>212.0</ele></trkpt><trkpt lat="32.2214620" lon="-97.6178780"><ele>212.0</ele></trkpt><trkpt lat="32.2214520" lon="-97.6179010"><ele>212.0</ele></trkpt><trkpt lat="32.2214410" lon="-97.6179240"><ele>212.0</ele></trkpt><trkpt lat="32.2214300" lon="-97.6179500"><ele>211.0</ele></trkpt><trkpt lat="32.2214190" lon="-97.6179750"><ele>211.0</ele></trkpt><trkpt lat="32.2214080" lon="-97.6180040"><ele>211.0</ele></trkpt><trkpt lat="32.2213970" lon="-97.6180320"><ele>211.0</ele></trkpt><trkpt lat="32.2213860" lon="-97.6180630"><ele>211.0</ele></trkpt><trkpt lat="32.2213740" lon="-97.6180950"><ele>211.0</ele></trkpt><trkpt lat="32.2213620" lon="-97.6181250"><ele>211.0</ele></trkpt><trkpt lat="32.2213500" lon="-97.6181540"><ele>211.0</ele></trkpt><trkpt lat="32.2213370" lon="-97.6181820"><ele>211.0</ele></trkpt><trkpt lat="32.2213240" lon="-97.6182090"><ele>211.0</ele></trkpt><trkpt lat="32.2213110" lon="-97.6182340"><ele>210.0</ele></trkpt><trkpt lat="32.2212980" lon="-97.6182590"><ele>210.0</ele></trkpt><trkpt lat="32.2212850" lon="-97.6182830"><ele>210.0</ele></trkpt><trkpt lat="32.2212720" lon="-97.6183060"><ele>210.0</ele></trkpt><trkpt lat="32.2212580" lon="-97.6183290"><ele>210.0</ele></trkpt><trkpt lat="32.2212440" lon="-97.6183510"><ele>209.0</ele></trkpt><trkpt lat="32.2212300" lon="-97.6183730"><ele>209.0</ele></trkpt><trkpt lat="32.2212150" lon="-97.6183960"><ele>208.0</ele></trkpt><trkpt lat="32.2212010" lon="-97.6184170"><ele>208.0</ele></trkpt><trkpt lat="32.2211880" lon="-97.6184390"><ele>208.0</ele></trkpt><trkpt lat="32.2211750" lon="-97.6184600"><ele>207.0</ele></trkpt><trkpt lat="32.2211630" lon="-97.6184810"><ele>207.0</ele></trkpt><trkpt lat="32.2211510" lon="-97.6185040"><ele>207.0</ele></trkpt><trkpt lat="32.2211380" lon="-97.6185260"><ele>207.0</ele></trkpt><trkpt lat="32.2211260" lon="-97.6185520"><ele>207.0</ele></trkpt><trkpt lat="32.2211130" lon="-97.6185770"><ele>206.0</ele></trkpt><trkpt lat="32.2210990" lon="-97.6186050"><ele>206.0</ele></trkpt><trkpt lat="32.2210860" lon="-97.6186320"><ele>206.0</ele></trkpt><trkpt lat="32.2210730" lon="-97.6186640"><ele>206.0</ele></trkpt><trkpt lat="32.2210610" lon="-97.6186950"><ele>206.0</ele></trkpt><trkpt lat="32.2210500" lon="-97.6187290"><ele>206.0</ele></trkpt><trkpt lat="32.2210390" lon="-97.6187630"><ele>206.0</ele></trkpt><trkpt lat="32.2210280" lon="-97.6187960"><ele>206.0</ele></trkpt><trkpt lat="32.2210180" lon="-97.6188300"><ele>206.0</ele></trkpt><trkpt lat="32.2210050" lon="-97.6188620"><ele>206.0</ele></trkpt><trkpt lat="32.2209930" lon="-97.6188950"><ele>205.0</ele></trkpt><trkpt lat="32.2209780" lon="-97.6189260"><ele>205.0</ele></trkpt><trkpt lat="32.2209630" lon="-97.6189560"><ele>205.0</ele></trkpt><trkpt lat="32.2209480" lon="-97.6189850"><ele>205.0</ele></trkpt><trkpt lat="32.2209330" lon="-97.6190130"><ele>205.0</ele></trkpt><trkpt lat="32.2209200" lon="-97.6190410"><ele>204.0</ele></trkpt><trkpt lat="32.2209060" lon="-97.6190700"><ele>204.0</ele></trkpt><trkpt lat="32.2208960" lon="-97.6190990"><ele>204.0</ele></trkpt><trkpt lat="32.2208850" lon="-97.6191290"><ele>204.0</ele></trkpt><trkpt lat="32.2208780" lon="-97.6191600"><ele>204.0</ele></trkpt><trkpt lat="32.2208710" lon="-97.6191900"><ele>204.0</ele></trkpt><trkpt lat="32.2208640" lon="-97.6192200"><ele>204.0</ele></trkpt><trkpt lat="32.2208570" lon="-97.6192500"><ele>204.0</ele></trkpt><trkpt lat="32.2208480" lon="-97.6192790"><ele>204.0</ele></trkpt><trkpt lat="32.2208400" lon="-97.6193080"><ele>204.0</ele></trkpt><trkpt lat="32.2208310" lon="-97.6193360"><ele>203.0</ele></trkpt><trkpt lat="32.2208220" lon="-97.6193650"><ele>203.0</ele></trkpt><trkpt lat="32.2208130" lon="-97.6193940"><ele>203.0</ele></trkpt><trkpt lat="32.2208040" lon="-97.6194230"><ele>203.0</ele></trkpt><trkpt lat="32.2207960" lon="-97.6194510"><ele>203.0</ele></trkpt><trkpt lat="32.2207880" lon="-97.6194780"><ele>203.0</ele></trkpt><trkpt lat="32.2207790" lon="-97.6195030"><ele>203.0</ele></trkpt><trkpt lat="32.2207700" lon="-97.6195280"><ele>203.0</ele></trkpt><trkpt lat="32.2207580" lon="-97.6195500"><ele>203.0</ele></trkpt><trkpt lat="32.2207460" lon="-97.6195730"><ele>203.0</ele></trkpt><trkpt lat="32.2207310" lon="-97.6195950"><ele>202.0</ele></trkpt><trkpt lat="32.2207150" lon="-97.6196170"><ele>202.0</ele></trkpt><trkpt lat="32.2206990" lon="-97.6196380"><ele>202.0</ele></trkpt><trkpt lat="32.2206830" lon="-97.6196590"><ele>202.0</ele></trkpt><trkpt lat="32.2206680" lon="-97.6196820"><ele>202.0</ele></trkpt><trkpt lat="32.2206520" lon="-97.6197040"><ele>202.0</ele></trkpt><trkpt lat="32.2206380" lon="-97.6197310"><ele>202.0</ele></trkpt><trkpt lat="32.2206240" lon="-97.6197570"><ele>202.0</ele></trkpt><trkpt lat="32.2206090" lon="-97.6197850"><ele>202.0</ele></trkpt><trkpt lat="32.2205950" lon="-97.6198120"><ele>202.0</ele></trkpt><trkpt lat="32.2205800" lon="-97.6198370"><ele>202.0</ele></trkpt><trkpt lat="32.2205660" lon="-97.6198630"><ele>202.0</ele></trkpt><trkpt lat="32.2205530" lon="-97.6198820"><ele>202.0</ele></trkpt><trkpt lat="32.2205410" lon="-97.6199010"><ele>202.0</ele></trkpt><trkpt lat="32.2205320" lon="-97.6199150"><ele>202.0</ele></trkpt><trkpt lat="32.2205230" lon="-97.6199290"><ele>201.0</ele></trkpt><trkpt lat="32.2205160" lon="-97.6199410"><ele>201.0</ele></trkpt><trkpt lat="32.2205090" lon="-97.6199520"><ele>201.0</ele></trkpt><trkpt lat="32.2205030" lon="-97.6199660"><ele>201.0</ele></trkpt><trkpt lat="32.2204980" lon="-97.6199790"><ele>201.0</ele></trkpt><trkpt lat="32.2204930" lon="-97.6199920"><ele>201.0</ele></trkpt><trkpt lat="32.2204880" lon="-97.6200050"><ele>201.0</ele></trkpt><trkpt lat="32.2204820" lon="-97.6200160"><ele>201.0</ele></trkpt><trkpt lat="32.2204760" lon="-97.6200280"><ele>201.0</ele></trkpt><trkpt lat="32.2204690" lon="-97.6200380"><ele>201.0</ele></trkpt><trkpt lat="32.2204610" lon="-97.6200490"><ele>201.0</ele></trkpt><trkpt lat="32.2204550" lon="-97.6200610"><ele>201.0</ele></trkpt><trkpt lat="32.2204480" lon="-97.6200720"><ele>201.0</ele></trkpt><trkpt lat="32.2204410" lon="-97.6200850"><ele>201.0</ele></trkpt><trkpt lat="32.2204350" lon="-97.6200980"><ele>201.0</ele></trkpt><trkpt lat="32.2204290" lon="-97.6201110"><ele>201.0</ele></trkpt><trkpt lat="32.2204220" lon="-97.6201240"><ele>201.0</ele></trkpt><trkpt lat="32.2204140" lon="-97.6201360"><ele>201.0</ele></trkpt><trkpt lat="32.2204050" lon="-97.6201480"><ele>201.0</ele></trkpt><trkpt lat="32.2203960" lon="-97.6201580"><ele>202.0</ele></trkpt><trkpt lat="32.2203860" lon="-97.6201680"><ele>202.0</ele></trkpt><trkpt lat="32.2203780" lon="-97.6201780"><ele>202.0</ele></trkpt><trkpt lat="32.2203700" lon="-97.6201880"><ele>202.0</ele></trkpt><trkpt lat="32.2203640" lon="-97.6201990"><ele>202.0</ele></trkpt><trkpt lat="32.2203570" lon="-97.6202090"><ele>203.0</ele></trkpt><trkpt lat="32.2203520" lon="-97.6202210"><ele>203.0</ele></trkpt><trkpt lat="32.2203460" lon="-97.6202330"><ele>203.0</ele></trkpt><trkpt lat="32.2203410" lon="-97.6202460"><ele>203.0</ele></trkpt><trkpt lat="32.2203370" lon="-97.6202590"><ele>203.0</ele></trkpt><trkpt lat="32.2203320" lon="-97.6202750"><ele>204.0</ele></trkpt><trkpt lat="32.2203270" lon="-97.6202920"><ele>204.0</ele></trkpt><trkpt lat="32.2203220" lon="-97.6203100"><ele>204.0</ele></trkpt><trkpt lat="32.2203180" lon="-97.6203280"><ele>205.0</ele></trkpt><trkpt lat="32.2203140" lon="-97.6203450"><ele>205.0</ele></trkpt><trkpt lat="32.2203090" lon="-97.6203630"><ele>206.0</ele></trkpt><trkpt lat="32.2203040" lon="-97.6203820"><ele>206.0</ele></trkpt><trkpt lat="32.2202990" lon="-97.6204000"><ele>206.0</ele></trkpt><trkpt lat="32.2202910" lon="-97.6204170"><ele>206.0</ele></trkpt><trkpt lat="32.2202830" lon="-97.6204350"><ele>206.0</ele></trkpt><trkpt lat="32.2202760" lon="-97.6204530"><ele>207.0</ele></trkpt><trkpt lat="32.2202680" lon="-97.6204710"><ele>207.0</ele></trkpt><trkpt lat="32.2202590" lon="-97.6204890"><ele>207.0</ele></trkpt><trkpt lat="32.2202500" lon="-97.6205060"><ele>207.0</ele></trkpt><trkpt lat="32.2202410" lon="-97.6205240"><ele>207.0</ele></trkpt><trkpt lat="32.2202320" lon="-97.6205410"><ele>208.0</ele></trkpt><trkpt lat="32.2202240" lon="-97.6205630"><ele>208.0</ele></trkpt><trkpt lat="32.2202160" lon="-97.6205840"><ele>208.0</ele></trkpt><trkpt lat="32.2202090" lon="-97.6206080"><ele>208.0</ele></trkpt><trkpt lat="32.2202020" lon="-97.6206330"><ele>208.0</ele></trkpt><trkpt lat="32.2201970" lon="-97.6206590"><ele>209.0</ele></trkpt><trkpt lat="32.2201920" lon="-97.6206860"><ele>209.0</ele></trkpt><trkpt lat="32.2201900" lon="-97.6207130"><ele>209.0</ele></trkpt><trkpt lat="32.2201870" lon="-97.6207400"><ele>209.0</ele></trkpt><trkpt lat="32.2201850" lon="-97.6207650"><ele>209.0</ele></trkpt><trkpt lat="32.2201820" lon="-97.6207890"><ele>210.0</ele></trkpt><trkpt lat="32.2201770" lon="-97.6208100"><ele>210.0</ele></trkpt><trkpt lat="32.2201720" lon="-97.6208320"><ele>210.0</ele></trkpt><trkpt lat="32.2201610" lon="-97.6208510"><ele>210.0</ele></trkpt><trkpt lat="32.2201500" lon="-97.6208710"><ele>210.0</ele></trkpt><trkpt lat="32.2201380" lon="-97.6208910"><ele>210.0</ele></trkpt><trkpt lat="32.2201250" lon="-97.6209120"><ele>210.0</ele></trkpt><trkpt lat="32.2201130" lon="-97.6209330"><ele>210.0</ele></trkpt><trkpt lat="32.2201000" lon="-97.6209550"><ele>210.0</ele></trkpt><trkpt lat="32.2200860" lon="-97.6209770"><ele>210.0</ele></trkpt><trkpt lat="32.2200730" lon="-97.6209990"><ele>211.0</ele></trkpt><trkpt lat="32.2200580" lon="-97.6210220"><ele>211.0</ele></trkpt><trkpt lat="32.2200430" lon="-97.6210440"><ele>211.0</ele></trkpt><trkpt lat="32.2200280" lon="-97.6210660"><ele>211.0</ele></trkpt><trkpt lat="32.2200120" lon="-97.6210870"><ele>211.0</ele></trkpt><trkpt lat="32.2199950" lon="-97.6211080"><ele>211.0</ele></trkpt><trkpt lat="32.2199780" lon="-97.6211300"><ele>211.0</ele></trkpt><trkpt lat="32.2199610" lon="-97.6211520"><ele>211.0</ele></trkpt><trkpt lat="32.2199430" lon="-97.6211740"><ele>211.0</ele></trkpt><trkpt lat="32.2199280" lon="-97.6211970"><ele>211.0</ele></trkpt><trkpt lat="32.2199120" lon="-97.6212190"><ele>211.0</ele></trkpt><trkpt lat="32.2198980" lon="-97.6212410"><ele>211.0</ele></trkpt><trkpt lat="32.2198840" lon="-97.6212630"><ele>211.0</ele></trkpt><trkpt lat="32.2198700" lon="-97.6212830"><ele>211.0</ele></trkpt><trkpt lat="32.2198550" lon="-97.6213040"><ele>211.0</ele></trkpt><trkpt lat="32.2198380" lon="-97.6213220"><ele>211.0</ele></trkpt><trkpt lat="32.2198210" lon="-97.6213400"><ele>211.0</ele></trkpt><trkpt lat="32.2198030" lon="-97.6213580"><ele>211.0</ele></trkpt><trkpt lat="32.2197840" lon="-97.6213760"><ele>211.0</ele></trkpt><trkpt lat="32.2197670" lon="-97.6213950"><ele>211.0</ele></trkpt><trkpt lat="32.2197490" lon="-97.6214140"><ele>211.0</ele></trkpt><trkpt lat="32.2197330" lon="-97.6214320"><ele>211.0</ele></trkpt><trkpt lat="32.2197170" lon="-97.6214510"><ele>211.0</ele></trkpt><trkpt lat="32.2197010" lon="-97.6214680"><ele>211.0</ele></trkpt><trkpt lat="32.2196850" lon="-97.6214860"><ele>211.0</ele></trkpt><trkpt lat="32.2196680" lon="-97.6215040"><ele>212.0</ele></trkpt><trkpt lat="32.2196510" lon="-97.6215220"><ele>212.0</ele></trkpt><trkpt lat="32.2196330" lon="-97.6215430"><ele>212.0</ele></trkpt><trkpt lat="32.2196160" lon="-97.6215630"><ele>212.0</ele></trkpt><trkpt lat="32.2195970" lon="-97.6215850"><ele>212.0</ele></trkpt><trkpt lat="32.2195790" lon="-97.6216060"><ele>213.0</ele></trkpt><trkpt lat="32.2195610" lon="-97.6216250"><ele>213.0</ele></trkpt><trkpt lat="32.2195420" lon="-97.6216450"><ele>213.0</ele></trkpt><trkpt lat="32.2195250" lon="-97.6216660"><ele>213.0</ele></trkpt><trkpt lat="32.2195090" lon="-97.6216870"><ele>213.0</ele></trkpt><trkpt lat="32.2194950" lon="-97.6217090"><ele>213.0</ele></trkpt><trkpt lat="32.2194820" lon="-97.6217320"><ele>213.0</ele></trkpt><trkpt lat="32.2194720" lon="-97.6217550"><ele>213.0</ele></trkpt><trkpt lat="32.2194610" lon="-97.6217790"><ele>213.0</ele></trkpt><trkpt lat="32.2194560" lon="-97.6218030"><ele>213.0</ele></trkpt><trkpt lat="32.2194510" lon="-97.6218280"><ele>213.0</ele></trkpt><trkpt lat="32.2194550" lon="-97.6218530"><ele>213.0</ele></trkpt><trkpt lat="32.2194590" lon="-97.6218790"><ele>213.0</ele></trkpt><trkpt lat="32.2194710" lon="-97.6219010"><ele>213.0</ele></trkpt><trkpt lat="32.2194840" lon="-97.6219230"><ele>213.0</ele></trkpt><trkpt lat="32.2195000" lon="-97.6219410"><ele>213.0</ele></trkpt><trkpt lat="32.2195170" lon="-97.6219580"><ele>213.0</ele></trkpt><trkpt lat="32.2195340" lon="-97.6219720"><ele>213.0</ele></trkpt><trkpt lat="32.2195520" lon="-97.6219860"><ele>213.0</ele></trkpt><trkpt lat="32.2195720" lon="-97.6220010"><ele>213.0</ele></trkpt><trkpt lat="32.2195910" lon="-97.6220160"><ele>213.0</ele></trkpt><trkpt lat="32.2196120" lon="-97.6220320"><ele>213.0</ele></trkpt><trkpt lat="32.2196340" lon="-97.6220490"><ele>213.0</ele></trkpt><trkpt lat="32.2196560" lon="-97.6220640"><ele>213.0</ele></trkpt><trkpt lat="32.2196780" lon="-97.6220800"><ele>213.0</ele></trkpt><trkpt lat="32.2197000" lon="-97.6220940"><ele>214.0</ele></trkpt><trkpt lat="32.2197220" lon="-97.6221070"><ele>214.0</ele></trkpt><trkpt lat="32.2197430" lon="-97.6221160"><ele>214.0</ele></trkpt><trkpt lat="32.2197650" lon="-97.6221250"><ele>214.0</ele></trkpt><trkpt lat="32.2197860" lon="-97.6221280"><ele>214.0</ele></trkpt><trkpt lat="32.2198060" lon="-97.6221310"><ele>215.0</ele></trkpt><trkpt lat="32.2198270" lon="-97.6221340"><ele>215.0</ele></trkpt><trkpt lat="32.2198470" lon="-97.6221380"><ele>215.0</ele></trkpt><trkpt lat="32.2198680" lon="-97.6221430"><ele>215.0</ele></trkpt><trkpt lat="32.2198880" lon="-97.6221490"><ele>215.0</ele></trkpt><trkpt lat="32.2199090" lon="-97.6221550"><ele>216.0</ele></trkpt><trkpt lat="32.2199310" lon="-97.6221610"><ele>216.0</ele></trkpt><trkpt lat="32.2199520" lon="-97.6221660"><ele>216.0</ele></trkpt><trkpt lat="32.2199740" lon="-97.6221710"><ele>216.0</ele></trkpt><trkpt lat="32.2199940" lon="-97.6221730"><ele>216.0</ele></trkpt><trkpt lat="32.2200130" lon="-97.6221750"><ele>216.0</ele></trkpt><trkpt lat="32.2200280" lon="-97.6221760"><ele>216.0</ele></trkpt><trkpt lat="32.2200420" lon="-97.6221760"><ele>216.0</ele></trkpt><trkpt lat="32.2200540" lon="-97.6221830"><ele>216.0</ele></trkpt><trkpt lat="32.2200660" lon="-97.6221910"><ele>216.0</ele></trkpt><trkpt lat="32.2200760" lon="-97.6222070"><ele>216.0</ele></trkpt><trkpt lat="32.2200860" lon="-97.6222230"><ele>216.0</ele></trkpt><trkpt lat="32.2200940" lon="-97.6222440"><ele>216.0</ele></trkpt><trkpt lat="32.2201020" lon="-97.6222660"><ele>216.0</ele></trkpt><trkpt lat="32.2201040" lon="-97.6222930"><ele>216.0</ele></trkpt><trkpt lat="32.2201070" lon="-97.6223190"><ele>216.0</ele></trkpt><trkpt lat="32.2201020" lon="-97.6223460"><ele>216.0</ele></trkpt><trkpt lat="32.2200980" lon="-97.6223730"><ele>216.0</ele></trkpt><trkpt lat="32.2200900" lon="-97.6224000"><ele>216.0</ele></trkpt><trkpt lat="32.2200830" lon="-97.6224270"><ele>216.0</ele></trkpt><trkpt lat="32.2200780" lon="-97.6224550"><ele>216.0</ele></trkpt><trkpt lat="32.2200730" lon="-97.6224820"><ele>216.0</ele></trkpt><trkpt lat="32.2200740" lon="-97.6225090"><ele>216.0</ele></trkpt><trkpt lat="32.2200750" lon="-97.6225360"><ele>216.0</ele></trkpt><trkpt lat="32.2200800" lon="-97.6225630"><ele>216.0</ele></trkpt><trkpt lat="32.2200860" lon="-97.6225900"><ele>217.0</ele></trkpt><trkpt lat="32.2200920" lon="-97.6226150"><ele>217.0</ele></trkpt><trkpt lat="32.2200990" lon="-97.6226400"><ele>217.0</ele></trkpt><trkpt lat="32.2201050" lon="-97.6226640"><ele>217.0</ele></trkpt><trkpt lat="32.2201100" lon="-97.6226870"><ele>217.0</ele></trkpt><trkpt lat="32.2201130" lon="-97.6227120"><ele>217.0</ele></trkpt><trkpt lat="32.2201160" lon="-97.6227370"><ele>217.0</ele></trkpt><trkpt lat="32.2201190" lon="-97.6227640"><ele>217.0</ele></trkpt><trkpt lat="32.2201210" lon="-97.6227900"><ele>217.0</ele></trkpt><trkpt lat="32.2201250" lon="-97.6228170"><ele>217.0</ele></trkpt><trkpt lat="32.2201280" lon="-97.6228440"><ele>218.0</ele></trkpt><trkpt lat="32.2201310" lon="-97.6228710"><ele>218.0</ele></trkpt><trkpt lat="32.2201340" lon="-97.6228980"><ele>218.0</ele></trkpt><trkpt lat="32.2201390" lon="-97.6229250"><ele>218.0</ele></trkpt><trkpt lat="32.2201440" lon="-97.6229510"><ele>218.0</ele></trkpt><trkpt lat="32.2201520" lon="-97.6229770"><ele>219.0</ele></trkpt><trkpt lat="32.2201600" lon="-97.6230030"><ele>219.0</ele></trkpt><trkpt lat="32.2201710" lon="-97.6230280"><ele>219.0</ele></trkpt><trkpt lat="32.2201830" lon="-97.6230540"><ele>219.0</ele></trkpt><trkpt lat="32.2201960" lon="-97.6230780"><ele>219.0</ele></trkpt><trkpt lat="32.2202080" lon="-97.6231020"><ele>219.0</ele></trkpt><trkpt lat="32.2202180" lon="-97.6231280"><ele>219.0</ele></trkpt><trkpt lat="32.2202270" lon="-97.6231540"><ele>219.0</ele></trkpt><trkpt lat="32.2202360" lon="-97.6231810"><ele>219.0</ele></trkpt><trkpt lat="32.2202440" lon="-97.6232090"><ele>219.0</ele></trkpt><trkpt lat="32.2202530" lon="-97.6232370"><ele>219.0</ele></trkpt><trkpt lat="32.2202620" lon="-97.6232660"><ele>219.0</ele></trkpt><trkpt lat="32.2202710" lon="-97.6232950"><ele>219.0</ele></trkpt><trkpt lat="32.2202790" lon="-97.6233240"><ele>219.0</ele></trkpt><trkpt lat="32.2202890" lon="-97.6233520"><ele>219.0</ele></trkpt><trkpt lat="32.2202980" lon="-97.6233790"><ele>219.0</ele></trkpt><trkpt lat="32.2203040" lon="-97.6234060"><ele>219.0</ele></trkpt><trkpt lat="32.2203100" lon="-97.6234330"><ele>219.0</ele></trkpt><trkpt lat="32.2203100" lon="-97.6234590"><ele>219.0</ele></trkpt><trkpt lat="32.2203110" lon="-97.6234860"><ele>219.0</ele></trkpt><trkpt lat="32.2203100" lon="-97.6235130"><ele>220.0</ele></trkpt><trkpt lat="32.2203090" lon="-97.6235410"><ele>220.0</ele></trkpt><trkpt lat="32.2203140" lon="-97.6235670"><ele>220.0</ele></trkpt><trkpt lat="32.2203180" lon="-97.6235930"><ele>220.0</ele></trkpt><trkpt lat="32.2203280" lon="-97.6236180"><ele>220.0</ele></trkpt><trkpt lat="32.2203390" lon="-97.6236430"><ele>220.0</ele></trkpt><trkpt lat="32.2203530" lon="-97.6236670"><ele>220.0</ele></trkpt><trkpt lat="32.2203670" lon="-97.6236910"><ele>220.0</ele></trkpt><trkpt lat="32.2203820" lon="-97.6237140"><ele>220.0</ele></trkpt><trkpt lat="32.2203980" lon="-97.6237360"><ele>220.0</ele></trkpt><trkpt lat="32.2204130" lon="-97.6237560"><ele>221.0</ele></trkpt><trkpt lat="32.2204280" lon="-97.6237750"><ele>221.0</ele></trkpt><trkpt lat="32.2204430" lon="-97.6237900"><ele>221.0</ele></trkpt><trkpt lat="32.2204580" lon="-97.6238050"><ele>221.0</ele></trkpt><trkpt lat="32.2204730" lon="-97.6238200"><ele>221.0</ele></trkpt><trkpt lat="32.2204890" lon="-97.6238340"><ele>221.0</ele></trkpt><trkpt lat="32.2205050" lon="-97.6238490"><ele>221.0</ele></trkpt><trkpt lat="32.2205220" lon="-97.6238650"><ele>221.0</ele></trkpt><trkpt lat="32.2205400" lon="-97.6238810"><ele>221.0</ele></trkpt><trkpt lat="32.2205580" lon="-97.6238970"><ele>221.0</ele></trkpt><trkpt lat="32.2205780" lon="-97.6239120"><ele>221.0</ele></trkpt><trkpt lat="32.2205970" lon="-97.6239270"><ele>221.0</ele></trkpt><trkpt lat="32.2206170" lon="-97.6239380"><ele>221.0</ele></trkpt><trkpt lat="32.2206370" lon="-97.6239490"><ele>221.0</ele></trkpt><trkpt lat="32.2206580" lon="-97.6239540"><ele>221.0</ele></trkpt><trkpt lat="32.2206790" lon="-97.6239600"><ele>222.0</ele></trkpt><trkpt lat="32.2207020" lon="-97.6239630"><ele>222.0</ele></trkpt><trkpt lat="32.2207250" lon="-97.6239660"><ele>222.0</ele></trkpt><trkpt lat="32.2207490" lon="-97.6239710"><ele>222.0</ele></trkpt><trkpt lat="32.2207720" lon="-97.6239750"><ele>222.0</ele></trkpt><trkpt lat="32.2207950" lon="-97.6239800"><ele>222.0</ele></trkpt><trkpt lat="32.2208180" lon="-97.6239850"><ele>222.0</ele></trkpt><trkpt lat="32.2208400" lon="-97.6239890"><ele>222.0</ele></trkpt><trkpt lat="32.2208630" lon="-97.6239940"><ele>222.0</ele></trkpt><trkpt lat="32.2208860" lon="-97.6239990"><ele>222.0</ele></trkpt><trkpt lat="32.2209080" lon="-97.6240040"><ele>222.0</ele></trkpt><trkpt lat="32.2209290" lon="-97.6240110"><ele>222.0</ele></trkpt><trkpt lat="32.2209490" lon="-97.6240180"><ele>222.0</ele></trkpt><trkpt lat="32.2209680" lon="-97.6240280"><ele>222.0</ele></trkpt><trkpt lat="32.2209870" lon="-97.6240370"><ele>222.0</ele></trkpt><trkpt lat="32.2210050" lon="-97.6240470"><ele>223.0</ele></trkpt><trkpt lat="32.2210230" lon="-97.6240570"><ele>223.0</ele></trkpt><trkpt lat="32.2210430" lon="-97.6240640"><ele>223.0</ele></trkpt><trkpt lat="32.2210630" lon="-97.6240700"><ele>223.0</ele></trkpt><trkpt lat="32.2210850" lon="-97.6240680"><ele>223.0</ele></trkpt><trkpt lat="32.2211070" lon="-97.6240650"><ele>223.0</ele></trkpt><trkpt lat="32.2211250" lon="-97.6240490"><ele>223.0</ele></trkpt><trkpt lat="32.2211430" lon="-97.6240330"><ele>223.0</ele></trkpt><trkpt lat="32.2211550" lon="-97.6240130"><ele>223.0</ele></trkpt><trkpt lat="32.2211680" lon="-97.6239930"><ele>223.0</ele></trkpt><trkpt lat="32.2211740" lon="-97.6239710"><ele>223.0</ele></trkpt><trkpt lat="32.2211790" lon="-97.6239480"><ele>222.0</ele></trkpt><trkpt lat="32.2211810" lon="-97.6239240"><ele>222.0</ele></trkpt><trkpt lat="32.2211820" lon="-97.6238990"><ele>222.0</ele></trkpt><trkpt lat="32.2211860" lon="-97.6238730"><ele>222.0</ele></trkpt><trkpt lat="32.2211900" lon="-97.6238470"><ele>222.0</ele></trkpt><trkpt lat="32.2211990" lon="-97.6238220"><ele>222.0</ele></trkpt><trkpt lat="32.2212090" lon="-97.6237960"><ele>222.0</ele></trkpt><trkpt lat="32.2212220" lon="-97.6237730"><ele>222.0</ele></trkpt><trkpt lat="32.2212360" lon="-97.6237490"><ele>222.0</ele></trkpt><trkpt lat="32.2212500" lon="-97.6237270"><ele>222.0</ele></trkpt><trkpt lat="32.2212630" lon="-97.6237050"><ele>222.0</ele></trkpt><trkpt lat="32.2212700" lon="-97.6236830"><ele>222.0</ele></trkpt><trkpt lat="32.2212770" lon="-97.6236610"><ele>222.0</ele></trkpt><trkpt lat="32.2212780" lon="-97.6236370"><ele>222.0</ele></trkpt><trkpt lat="32.2212790" lon="-97.6236130"><ele>222.0</ele></trkpt><trkpt lat="32.2212790" lon="-97.6235860"><ele>221.0</ele></trkpt><trkpt lat="32.2212780" lon="-97.6235580"><ele>221.0</ele></trkpt><trkpt lat="32.2212790" lon="-97.6235290"><ele>221.0</ele></trkpt><trkpt lat="32.2212800" lon="-97.6234990"><ele>221.0</ele></trkpt><trkpt lat="32.2212790" lon="-97.6234700"><ele>221.0</ele></trkpt><trkpt lat="32.2212790" lon="-97.6234410"><ele>220.0</ele></trkpt><trkpt lat="32.2212790" lon="-97.6234130"><ele>220.0</ele></trkpt><trkpt lat="32.2212780" lon="-97.6233850"><ele>220.0</ele></trkpt><trkpt lat="32.2212810" lon="-97.6233590"><ele>220.0</ele></trkpt><trkpt lat="32.2212830" lon="-97.6233330"><ele>220.0</ele></trkpt><trkpt lat="32.2212860" lon="-97.6233090"><ele>219.0</ele></trkpt><trkpt lat="32.2212890" lon="-97.6232860"><ele>219.0</ele></trkpt><trkpt lat="32.2212940" lon="-97.6232640"><ele>219.0</ele></trkpt><trkpt lat="32.2212990" lon="-97.6232440"><ele>219.0</ele></trkpt><trkpt lat="32.2213090" lon="-97.6232280"><ele>219.0</ele></trkpt><trkpt lat="32.2213180" lon="-97.6232130"><ele>219.0</ele></trkpt><trkpt lat="32.2213310" lon="-97.6232010"><ele>219.0</ele></trkpt><trkpt lat="32.2213440" lon="-97.6231890"><ele>219.0</ele></trkpt><trkpt lat="32.2213590" lon="-97.6231740"><ele>219.0</ele></trkpt><trkpt lat="32.2213740" lon="-97.6231600"><ele>219.0</ele></trkpt><trkpt lat="32.2213920" lon="-97.6231420"><ele>218.0</ele></trkpt><trkpt lat="32.2214100" lon="-97.6231240"><ele>218.0</ele></trkpt><trkpt lat="32.2214280" lon="-97.6231060"><ele>218.0</ele></trkpt><trkpt lat="32.2214470" lon="-97.6230870"><ele>218.0</ele></trkpt><trkpt lat="32.2214650" lon="-97.6230710"><ele>218.0</ele></trkpt><trkpt lat="32.2214830" lon="-97.6230560"><ele>217.0</ele></trkpt><trkpt lat="32.2215030" lon="-97.6230460"><ele>217.0</ele></trkpt><trkpt lat="32.2215230" lon="-97.6230360"><ele>217.0</ele></trkpt><trkpt lat="32.2215450" lon="-97.6230280"><ele>217.0</ele></trkpt><trkpt lat="32.2215660" lon="-97.6230190"><ele>217.0</ele></trkpt><trkpt lat="32.2215880" lon="-97.6230110"><ele>217.0</ele></trkpt><trkpt lat="32.2216110" lon="-97.6230030"><ele>217.0</ele></trkpt><trkpt lat="32.2216350" lon="-97.6229940"><ele>217.0</ele></trkpt><trkpt lat="32.2216590" lon="-97.6229850"><ele>217.0</ele></trkpt><trkpt lat="32.2216840" lon="-97.6229780"><ele>217.0</ele></trkpt><trkpt lat="32.2217090" lon="-97.6229710"><ele>217.0</ele></trkpt><trkpt lat="32.2217350" lon="-97.6229640"><ele>217.0</ele></trkpt><trkpt lat="32.2217610" lon="-97.6229570"><ele>217.0</ele></trkpt><trkpt lat="32.2217880" lon="-97.6229470"><ele>217.0</ele></trkpt><trkpt lat="32.2218140" lon="-97.6229370"><ele>217.0</ele></trkpt><trkpt lat="32.2218370" lon="-97.6229260"><ele>216.0</ele></trkpt><trkpt lat="32.2218590" lon="-97.6229160"><ele>216.0</ele></trkpt><trkpt lat="32.2218800" lon="-97.6229100"><ele>216.0</ele></trkpt><trkpt lat="32.2219010" lon="-97.6229030"><ele>216.0</ele></trkpt><trkpt lat="32.2219220" lon="-97.6228990"><ele>216.0</ele></trkpt><trkpt lat="32.2219440" lon="-97.6228940"><ele>216.0</ele></trkpt><trkpt lat="32.2219640" lon="-97.6228860"><ele>216.0</ele></trkpt><trkpt lat="32.2219840" lon="-97.6228770"><ele>216.0</ele></trkpt><trkpt lat="32.2220010" lon="-97.6228640"><ele>216.0</ele></trkpt><trkpt lat="32.2220170" lon="-97.6228510"><ele>216.0</ele></trkpt><trkpt lat="32.2220290" lon="-97.6228340"><ele>215.0</ele></trkpt><trkpt lat="32.2220410" lon="-97.6228160"><ele>215.0</ele></trkpt><trkpt lat="32.2220480" lon="-97.6227950"><ele>215.0</ele></trkpt><trkpt lat="32.2220550" lon="-97.6227740"><ele>215.0</ele></trkpt><trkpt lat="32.2220580" lon="-97.6227500"><ele>215.0</ele></trkpt><trkpt lat="32.2220620" lon="-97.6227250"><ele>215.0</ele></trkpt><trkpt lat="32.2220620" lon="-97.6226990"><ele>215.0</ele></trkpt><trkpt lat="32.2220630" lon="-97.6226720"><ele>215.0</ele></trkpt><trkpt lat="32.2220650" lon="-97.6226440"><ele>215.0</ele></trkpt><trkpt lat="32.2220680" lon="-97.6226150"><ele>215.0</ele></trkpt><trkpt lat="32.2220750" lon="-97.6225870"><ele>214.0</ele></trkpt><trkpt lat="32.2220830" lon="-97.6225580"><ele>214.0</ele></trkpt><trkpt lat="32.2220930" lon="-97.6225290"><ele>214.0</ele></trkpt><trkpt lat="32.2221030" lon="-97.6225010"><ele>214.0</ele></trkpt><trkpt lat="32.2221160" lon="-97.6224740"><ele>214.0</ele></trkpt><trkpt lat="32.2221290" lon="-97.6224480"><ele>214.0</ele></trkpt><trkpt lat="32.2221440" lon="-97.6224220"><ele>214.0</ele></trkpt><trkpt lat="32.2221600" lon="-97.6223970"><ele>214.0</ele></trkpt><trkpt lat="32.2221810" lon="-97.6223760"><ele>214.0</ele></trkpt><trkpt lat="32.2222010" lon="-97.6223540"><ele>214.0</ele></trkpt><trkpt lat="32.2222290" lon="-97.6223370"><ele>213.0</ele></trkpt><trkpt lat="32.2222560" lon="-97.6223190"><ele>213.0</ele></trkpt><trkpt lat="32.2222870" lon="-97.6223030"><ele>212.0</ele></trkpt><trkpt lat="32.2223180" lon="-97.6222860"><ele>212.0</ele></trkpt><trkpt lat="32.2223460" lon="-97.6222680"><ele>212.0</ele></trkpt><trkpt lat="32.2223750" lon="-97.6222490"><ele>211.0</ele></trkpt><trkpt lat="32.2224000" lon="-97.6222310"><ele>211.0</ele></trkpt><trkpt lat="32.2224250" lon="-97.6222130"><ele>211.0</ele></trkpt><trkpt lat="32.2224480" lon="-97.6221950"><ele>211.0</ele></trkpt><trkpt lat="32.2224710" lon="-97.6221770"><ele>211.0</ele></trkpt><trkpt lat="32.2224910" lon="-97.6221560"><ele>210.0</ele></trkpt><trkpt lat="32.2225100" lon="-97.6221360"><ele>210.0</ele></trkpt><trkpt lat="32.2225270" lon="-97.6221140"><ele>210.0</ele></trkpt><trkpt lat="32.2225430" lon="-97.6220920"><ele>210.0</ele></trkpt><trkpt lat="32.2225590" lon="-97.6220730"><ele>210.0</ele></trkpt><trkpt lat="32.2225740" lon="-97.6220530"><ele>210.0</ele></trkpt><trkpt lat="32.2225920" lon="-97.6220390"><ele>210.0</ele></trkpt><trkpt lat="32.2226100" lon="-97.6220240"><ele>210.0</ele></trkpt><trkpt lat="32.2226280" lon="-97.6220110"><ele>210.0</ele></trkpt><trkpt lat="32.2226470" lon="-97.6219970"><ele>210.0</ele></trkpt><trkpt lat="32.2226650" lon="-97.6219820"><ele>210.0</ele></trkpt><trkpt lat="32.2226820" lon="-97.6219670"><ele>210.0</ele></trkpt><trkpt lat="32.2227000" lon="-97.6219520"><ele>210.0</ele></trkpt><trkpt lat="32.2227170" lon="-97.6219380"><ele>210.0</ele></trkpt><trkpt lat="32.2227330" lon="-97.6219230"><ele>210.0</ele></trkpt><trkpt lat="32.2227490" lon="-97.6219080"><ele>210.0</ele></trkpt><trkpt lat="32.2227650" lon="-97.6218930"><ele>210.0</ele></trkpt><trkpt lat="32.2227810" lon="-97.6218780"><ele>210.0</ele></trkpt><trkpt lat="32.2227990" lon="-97.6218620"><ele>210.0</ele></trkpt><trkpt lat="32.2228180" lon="-97.6218460"><ele>210.0</ele></trkpt><trkpt lat="32.2228390" lon="-97.6218350"><ele>209.0</ele></trkpt><trkpt lat="32.2228610" lon="-97.6218240"><ele>209.0</ele></trkpt><trkpt lat="32.2228850" lon="-97.6218220"><ele>209.0</ele></trkpt><trkpt lat="32.2229090" lon="-97.6218200"><ele>209.0</ele></trkpt><trkpt lat="32.2229350" lon="-97.6218210"><ele>209.0</ele></trkpt><trkpt lat="32.2229610" lon="-97.6218220"><ele>208.0</ele></trkpt><trkpt lat="32.2229870" lon="-97.6218200"><ele>208.0</ele></trkpt><trkpt lat="32.2230130" lon="-97.6218190"><ele>208.0</ele></trkpt><trkpt lat="32.2230370" lon="-97.6218120"><ele>208.0</ele></trkpt><trkpt lat="32.2230610" lon="-97.6218050"><ele>208.0</ele></trkpt><trkpt lat="32.2230850" lon="-97.6217940"><ele>207.0</ele></trkpt><trkpt lat="32.2231080" lon="-97.6217820"><ele>207.0</ele></trkpt><trkpt lat="32.2231300" lon="-97.6217710"><ele>207.0</ele></trkpt><trkpt lat="32.2231520" lon="-97.6217600"><ele>207.0</ele></trkpt><trkpt lat="32.2231720" lon="-97.6217470"><ele>207.0</ele></trkpt><trkpt lat="32.2231910" lon="-97.6217350"><ele>207.0</ele></trkpt><trkpt lat="32.2232090" lon="-97.6217200"><ele>207.0</ele></trkpt><trkpt lat="32.2232280" lon="-97.6217050"><ele>207.0</ele></trkpt><trkpt lat="32.2232460" lon="-97.6216890"><ele>207.0</ele></trkpt><trkpt lat="32.2232630" lon="-97.6216730"><ele>207.0</ele></trkpt><trkpt lat="32.2232780" lon="-97.6216580"><ele>207.0</ele></trkpt><trkpt lat="32.2232930" lon="-97.6216430"><ele>207.0</ele></trkpt><trkpt lat="32.2233040" lon="-97.6216270"><ele>207.0</ele></trkpt><trkpt lat="32.2233150" lon="-97.6216110"><ele>207.0</ele></trkpt><trkpt lat="32.2233240" lon="-97.6215950"><ele>207.0</ele></trkpt><trkpt lat="32.2233320" lon="-97.6215780"><ele>207.0</ele></trkpt><trkpt lat="32.2233350" lon="-97.6215590"><ele>207.0</ele></trkpt><trkpt lat="32.2233390" lon="-97.6215400"><ele>207.0</ele></trkpt><trkpt lat="32.2233370" lon="-97.6215210"><ele>207.0</ele></trkpt><trkpt lat="32.2233360" lon="-97.6215010"><ele>207.0</ele></trkpt><trkpt lat="32.2233330" lon="-97.6214810"><ele>207.0</ele></trkpt><trkpt lat="32.2233290" lon="-97.6214620"><ele>207.0</ele></trkpt><trkpt lat="32.2233320" lon="-97.6214390"><ele>207.0</ele></trkpt><trkpt lat="32.2233350" lon="-97.6214160"><ele>207.0</ele></trkpt><trkpt lat="32.2233450" lon="-97.6213930"><ele>208.0</ele></trkpt><trkpt lat="32.2233550" lon="-97.6213690"><ele>208.0</ele></trkpt><trkpt lat="32.2233690" lon="-97.6213460"><ele>208.0</ele></trkpt><trkpt lat="32.2233840" lon="-97.6213230"><ele>208.0</ele></trkpt><trkpt lat="32.2233990" lon="-97.6212990"><ele>208.0</ele></trkpt><trkpt lat="32.2234150" lon="-97.6212750"><ele>209.0</ele></trkpt><trkpt lat="32.2234250" lon="-97.6212490"><ele>209.0</ele></trkpt><trkpt lat="32.2234350" lon="-97.6212240"><ele>209.0</ele></trkpt><trkpt lat="32.2234390" lon="-97.6211980"><ele>209.0</ele></trkpt><trkpt lat="32.2234420" lon="-97.6211720"><ele>209.0</ele></trkpt><trkpt lat="32.2234440" lon="-97.6211470"><ele>209.0</ele></trkpt><trkpt lat="32.2234470" lon="-97.6211210"><ele>209.0</ele></trkpt><trkpt lat="32.2234520" lon="-97.6210960"><ele>209.0</ele></trkpt><trkpt lat="32.2234570" lon="-97.6210720"><ele>209.0</ele></trkpt><trkpt lat="32.2234670" lon="-97.6210480"><ele>209.0</ele></trkpt><trkpt lat="32.2234770" lon="-97.6210240"><ele>209.0</ele></trkpt><trkpt lat="32.2234920" lon="-97.6210040"><ele>209.0</ele></trkpt><trkpt lat="32.2235060" lon="-97.6209840"><ele>209.0</ele></trkpt><trkpt lat="32.2235230" lon="-97.6209690"><ele>209.0</ele></trkpt><trkpt lat="32.2235390" lon="-97.6209550"><ele>209.0</ele></trkpt><trkpt lat="32.2235570" lon="-97.6209420"><ele>209.0</ele></trkpt><trkpt lat="32.2235750" lon="-97.6209300"><ele>209.0</ele></trkpt><trkpt lat="32.2235970" lon="-97.6209190"><ele>209.0</ele></trkpt><trkpt lat="32.2236190" lon="-97.6209080"><ele>209.0</ele></trkpt><trkpt lat="32.2236440" lon="-97.6209000"><ele>209.0</ele></trkpt><trkpt lat="32.2236690" lon="-97.6208920"><ele>209.0</ele></trkpt><trkpt lat="32.2236930" lon="-97.6208890"><ele>209.0</ele></trkpt><trkpt lat="32.2237170" lon="-97.6208850"><ele>209.0</ele></trkpt><trkpt lat="32.2237400" lon="-97.6208820"><ele>209.0</ele></trkpt><trkpt lat="32.2237630" lon="-97.6208800"><ele>209.0</ele></trkpt><trkpt lat="32.2237860" lon="-97.6208800"><ele>209.0</ele></trkpt><trkpt lat="32.2238090" lon="-97.6208800"><ele>208.0</ele></trkpt><trkpt lat="32.2238300" lon="-97.6208830"><ele>208.0</ele></trkpt><trkpt lat="32.2238500" lon="-97.6208850"><ele>208.0</ele></trkpt><trkpt lat="32.2238700" lon="-97.6208910"><ele>208.0</ele></trkpt><trkpt lat="32.2238900" lon="-97.6208970"><ele>208.0</ele></trkpt><trkpt lat="32.2239110" lon="-97.6209030"><ele>207.0</ele></trkpt><trkpt lat="32.2239320" lon="-97.6209090"><ele>207.0</ele></trkpt><trkpt lat="32.2239540" lon="-97.6209130"><ele>207.0</ele></trkpt><trkpt lat="32.2239760" lon="-97.6209170"><ele>207.0</ele></trkpt><trkpt lat="32.2239970" lon="-97.6209220"><ele>207.0</ele></trkpt><trkpt lat="32.2240190" lon="-97.6209260"><ele>207.0</ele></trkpt><trkpt lat="32.2240370" lon="-97.6209300"><ele>207.0</ele></trkpt><trkpt lat="32.2240560" lon="-97.6209340"><ele>207.0</ele></trkpt><trkpt lat="32.2240760" lon="-97.6209370"><ele>207.0</ele></trkpt><trkpt lat="32.2240960" lon="-97.6209390"><ele>208.0</ele></trkpt><trkpt lat="32.2241200" lon="-97.6209410"><ele>208.0</ele></trkpt><trkpt lat="32.2241440" lon="-97.6209430"><ele>208.0</ele></trkpt><trkpt lat="32.2241700" lon="-97.6209430"><ele>208.0</ele></trkpt><trkpt lat="32.2241970" lon="-97.6209440"><ele>208.0</ele></trkpt><trkpt lat="32.2242230" lon="-97.6209440"><ele>208.0</ele></trkpt><trkpt lat="32.2242490" lon="-97.6209440"><ele>208.0</ele></trkpt><trkpt lat="32.2242740" lon="-97.6209470"><ele>208.0</ele></trkpt><trkpt lat="32.2242980" lon="-97.6209510"><ele>208.0</ele></trkpt><trkpt lat="32.2243250" lon="-97.6209600"><ele>208.0</ele></trkpt><trkpt lat="32.2243530" lon="-97.6209680"><ele>208.0</ele></trkpt><trkpt lat="32.2243800" lon="-97.6209760"><ele>208.0</ele></trkpt><trkpt lat="32.2244060" lon="-97.6209850"><ele>208.0</ele></trkpt><trkpt lat="32.2244260" lon="-97.6209900"><ele>208.0</ele></trkpt><trkpt lat="32.2244460" lon="-97.6209960"><ele>208.0</ele></trkpt><trkpt lat="32.2244590" lon="-97.6209980"><ele>208.0</ele></trkpt><trkpt lat="32.2244730" lon="-97.6210000"><ele>207.0</ele></trkpt><trkpt lat="32.2244830" lon="-97.6209980"><ele>207.0</ele></trkpt><trkpt lat="32.2244930" lon="-97.6209950"><ele>207.0</ele></trkpt><trkpt lat="32.2244990" lon="-97.6209880"><ele>207.0</ele></trkpt><trkpt lat="32.2245060" lon="-97.6209810"><ele>207.0</ele></trkpt><trkpt lat="32.2245120" lon="-97.6209690"><ele>206.0</ele></trkpt><trkpt lat="32.2245180" lon="-97.6209570"><ele>206.0</ele></trkpt><trkpt lat="32.2245230" lon="-97.6209420"><ele>206.0</ele></trkpt><trkpt lat="32.2245290" lon="-97.6209260"><ele>206.0</ele></trkpt><trkpt lat="32.2245300" lon="-97.6209080"><ele>206.0</ele></trkpt><trkpt lat="32.2245320" lon="-97.6208900"><ele>206.0</ele></trkpt><trkpt lat="32.2245280" lon="-97.6208740"><ele>206.0</ele></trkpt><trkpt lat="32.2245240" lon="-97.6208570"><ele>206.0</ele></trkpt><trkpt lat="32.2245140" lon="-97.6208450"><ele>206.0</ele></trkpt><trkpt lat="32.2245040" lon="-97.6208330"><ele>207.0</ele></trkpt><trkpt lat="32.2244910" lon="-97.6208250"><ele>207.0</ele></trkpt><trkpt lat="32.2244770" lon="-97.6208170"><ele>207.0</ele></trkpt><trkpt lat="32.2244630" lon="-97.6208100"><ele>207.0</ele></trkpt><trkpt lat="32.2244490" lon="-97.6208020"><ele>207.0</ele></trkpt><trkpt lat="32.2244330" lon="-97.6207940"><ele>208.0</ele></trkpt><trkpt lat="32.2244170" lon="-97.6207850"><ele>208.0</ele></trkpt><trkpt lat="32.2243990" lon="-97.6207780"><ele>208.0</ele></trkpt><trkpt lat="32.2243810" lon="-97.6207710"><ele>208.0</ele></trkpt><trkpt lat="32.2243630" lon="-97.6207620"><ele>208.0</ele></trkpt><trkpt lat="32.2243450" lon="-97.6207530"><ele>208.0</ele></trkpt><trkpt lat="32.2243270" lon="-97.6207400"><ele>208.0</ele></trkpt><trkpt lat="32.2243090" lon="-97.6207270"><ele>208.0</ele></trkpt><trkpt lat="32.2242900" lon="-97.6207140"><ele>208.0</ele></trkpt><trkpt lat="32.2242720" lon="-97.6207000"><ele>208.0</ele></trkpt><trkpt lat="32.2242530" lon="-97.6206890"><ele>208.0</ele></trkpt><trkpt lat="32.2242350" lon="-97.6206770"><ele>208.0</ele></trkpt><trkpt lat="32.2242170" lon="-97.6206680"><ele>208.0</ele></trkpt><trkpt lat="32.2241990" lon="-97.6206590"><ele>208.0</ele></trkpt><trkpt lat="32.2241790" lon="-97.6206520"><ele>208.0</ele></trkpt><trkpt lat="32.2241590" lon="-97.6206440"><ele>208.0</ele></trkpt><trkpt lat="32.2241360" lon="-97.6206390"><ele>208.0</ele></trkpt><trkpt lat="32.2241140" lon="-97.6206330"><ele>208.0</ele></trkpt><trkpt lat="32.2240900" lon="-97.6206290"><ele>208.0</ele></trkpt><trkpt lat="32.2240670" lon="-97.6206250"><ele>208.0</ele></trkpt><trkpt lat="32.2240430" lon="-97.6206160"><ele>208.0</ele></trkpt><trkpt lat="32.2240190" lon="-97.6206070"><ele>208.0</ele></trkpt><trkpt lat="32.2239940" lon="-97.6205960"><ele>208.0</ele></trkpt><trkpt lat="32.2239690" lon="-97.6205840"><ele>208.0</ele></trkpt><trkpt lat="32.2239460" lon="-97.6205750"><ele>208.0</ele></trkpt><trkpt lat="32.2239220" lon="-97.6205670"><ele>208.0</ele></trkpt><trkpt lat="32.2239010" lon="-97.6205590"><ele>208.0</ele></trkpt><trkpt lat="32.2238800" lon="-97.6205510"><ele>208.0</ele></trkpt><trkpt lat="32.2238660" lon="-97.6205410"><ele>208.0</ele></trkpt><trkpt lat="32.2238510" lon="-97.6205310"><ele>208.0</ele></trkpt><trkpt lat="32.2238470" lon="-97.6205170"><ele>208.0</ele></trkpt><trkpt lat="32.2238440" lon="-97.6205030"><ele>207.0</ele></trkpt><trkpt lat="32.2238510" lon="-97.6204880"><ele>207.0</ele></trkpt><trkpt lat="32.2238590" lon="-97.6204730"><ele>207.0</ele></trkpt><trkpt lat="32.2238690" lon="-97.6204580"><ele>207.0</ele></trkpt><trkpt lat="32.2238800" lon="-97.6204420"><ele>207.0</ele></trkpt><trkpt lat="32.2238870" lon="-97.6204250"><ele>206.0</ele></trkpt><trkpt lat="32.2238940" lon="-97.6204070"><ele>206.0</ele></trkpt><trkpt lat="32.2238960" lon="-97.6203880"><ele>206.0</ele></trkpt><trkpt lat="32.2238980" lon="-97.6203690"><ele>206.0</ele></trkpt><trkpt lat="32.2238930" lon="-97.6203500"><ele>206.0</ele></trkpt><trkpt lat="32.2238880" lon="-97.6203320"><ele>206.0</ele></trkpt><trkpt lat="32.2238760" lon="-97.6203190"><ele>206.0</ele></trkpt><trkpt lat="32.2238630" lon="-97.6203060"><ele>206.0</ele></trkpt><trkpt lat="32.2238470" lon="-97.6202930"><ele>206.0</ele></trkpt><trkpt lat="32.2238310" lon="-97.6202800"><ele>206.0</ele></trkpt><trkpt lat="32.2238160" lon="-97.6202640"><ele>206.0</ele></trkpt><trkpt lat="32.2238000" lon="-97.6202470"><ele>206.0</ele></trkpt><trkpt lat="32.2237890" lon="-97.6202260"><ele>206.0</ele></trkpt><trkpt lat="32.2237770" lon="-97.6202040"><ele>206.0</ele></trkpt><trkpt lat="32.2237710" lon="-97.6201810"><ele>206.0</ele></trkpt><trkpt lat="32.2237650" lon="-97.6201580"><ele>206.0</ele></trkpt><trkpt lat="32.2237650" lon="-97.6201370"><ele>206.0</ele></trkpt><trkpt lat="32.2237650" lon="-97.6201150"><ele>206.0</ele></trkpt><trkpt lat="32.2237650" lon="-97.6200940"><ele>206.0</ele></trkpt><trkpt lat="32.2237660" lon="-97.6200730"><ele>207.0</ele></trkpt><trkpt lat="32.2237630" lon="-97.6200540"><ele>207.0</ele></trkpt><trkpt lat="32.2237600" lon="-97.6200360"><ele>207.0</ele></trkpt><trkpt lat="32.2237520" lon="-97.6200170"><ele>207.0</ele></trkpt><trkpt lat="32.2237440" lon="-97.6199990"><ele>207.0</ele></trkpt><trkpt lat="32.2237350" lon="-97.6199800"><ele>208.0</ele></trkpt><trkpt lat="32.2237260" lon="-97.6199610"><ele>208.0</ele></trkpt><trkpt lat="32.2237200" lon="-97.6199400"><ele>208.0</ele></trkpt><trkpt lat="32.2237140" lon="-97.6199190"><ele>208.0</ele></trkpt><trkpt lat="32.2237130" lon="-97.6198950"><ele>208.0</ele></trkpt><trkpt lat="32.2237120" lon="-97.6198710"><ele>209.0</ele></trkpt><trkpt lat="32.2237190" lon="-97.6198450"><ele>209.0</ele></trkpt><trkpt lat="32.2237260" lon="-97.6198190"><ele>209.0</ele></trkpt><trkpt lat="32.2237350" lon="-97.6197960"><ele>209.0</ele></trkpt><trkpt lat="32.2237450" lon="-97.6197730"><ele>209.0</ele></trkpt><trkpt lat="32.2237530" lon="-97.6197560"><ele>209.0</ele></trkpt><trkpt lat="32.2237620" lon="-97.6197390"><ele>209.0</ele></trkpt><trkpt lat="32.2237710" lon="-97.6197250"><ele>209.0</ele></trkpt><trkpt lat="32.2237800" lon="-97.6197110"><ele>209.0</ele></trkpt><trkpt lat="32.2237900" lon="-97.6196960"><ele>209.0</ele></trkpt><trkpt lat="32.2238000" lon="-97.6196810"><ele>209.0</ele></trkpt><trkpt lat="32.2238070" lon="-97.6196630"><ele>209.0</ele></trkpt><trkpt lat="32.2238150" lon="-97.6196440"><ele>209.0</ele></trkpt><trkpt lat="32.2238180" lon="-97.6196230"><ele>209.0</ele></trkpt><trkpt lat="32.2238220" lon="-97.6196020"><ele>209.0</ele></trkpt><trkpt lat="32.2238250" lon="-97.6195790"><ele>210.0</ele></trkpt><trkpt lat="32.2238270" lon="-97.6195570"><ele>210.0</ele></trkpt><trkpt lat="32.2238310" lon="-97.6195330"><ele>210.0</ele></trkpt><trkpt lat="32.2238350" lon="-97.6195100"><ele>210.0</ele></trkpt><trkpt lat="32.2238390" lon="-97.6194860"><ele>210.0</ele></trkpt><trkpt lat="32.2238440" lon="-97.6194630"><ele>210.0</ele></trkpt><trkpt lat="32.2238510" lon="-97.6194370"><ele>210.0</ele></trkpt><trkpt lat="32.2238580" lon="-97.6194120"><ele>210.0</ele></trkpt><trkpt lat="32.2238720" lon="-97.6193860"><ele>210.0</ele></trkpt><trkpt lat="32.2238860" lon="-97.6193610"><ele>210.0</ele></trkpt><trkpt lat="32.2239030" lon="-97.6193390"><ele>211.0</ele></trkpt><trkpt lat="32.2239200" lon="-97.6193180"><ele>211.0</ele></trkpt><trkpt lat="32.2239390" lon="-97.6193040"><ele>211.0</ele></trkpt><trkpt lat="32.2239580" lon="-97.6192890"><ele>211.0</ele></trkpt><trkpt lat="32.2239800" lon="-97.6192790"><ele>211.0</ele></trkpt><trkpt lat="32.2240020" lon="-97.6192690"><ele>211.0</ele></trkpt><trkpt lat="32.2240260" lon="-97.6192600"><ele>211.0</ele></trkpt><trkpt lat="32.2240500" lon="-97.6192510"><ele>211.0</ele></trkpt><trkpt lat="32.2240740" lon="-97.6192430"><ele>211.0</ele></trkpt><trkpt lat="32.2240990" lon="-97.6192350"><ele>211.0</ele></trkpt><trkpt lat="32.2241270" lon="-97.6192290"><ele>212.0</ele></trkpt><trkpt lat="32.2241540" lon="-97.6192230"><ele>212.0</ele></trkpt><trkpt lat="32.2241810" lon="-97.6192170"><ele>212.0</ele></trkpt><trkpt lat="32.2242090" lon="-97.6192110"><ele>212.0</ele></trkpt><trkpt lat="32.2242350" lon="-97.6192020"><ele>212.0</ele></trkpt><trkpt lat="32.2242610" lon="-97.6191940"><ele>213.0</ele></trkpt><trkpt lat="32.2242860" lon="-97.6191830"><ele>213.0</ele></trkpt><trkpt lat="32.2243100" lon="-97.6191730"><ele>213.0</ele></trkpt><trkpt lat="32.2243330" lon="-97.6191600"><ele>213.0</ele></trkpt><trkpt lat="32.2243550" lon="-97.6191470"><ele>213.0</ele></trkpt><trkpt lat="32.2243760" lon="-97.6191340"><ele>213.0</ele></trkpt><trkpt lat="32.2243960" lon="-97.6191210"><ele>213.0</ele></trkpt><trkpt lat="32.2244160" lon="-97.6191090"><ele>213.0</ele></trkpt><trkpt lat="32.2244350" lon="-97.6190980"><ele>213.0</ele></trkpt><trkpt lat="32.2244550" lon="-97.6190870"><ele>213.0</ele></trkpt><trkpt lat="32.2244750" lon="-97.6190760"><ele>214.0</ele></trkpt><trkpt lat="32.2244950" lon="-97.6190670"><ele>214.0</ele></trkpt><trkpt lat="32.2245150" lon="-97.6190580"><ele>214.0</ele></trkpt><trkpt lat="32.2245360" lon="-97.6190520"><ele>214.0</ele></trkpt><trkpt lat="32.2245570" lon="-97.6190460"><ele>214.0</ele></trkpt><trkpt lat="32.2245770" lon="-97.6190430"><ele>215.0</ele></trkpt><trkpt lat="32.2245980" lon="-97.6190410"><ele>215.0</ele></trkpt><trkpt lat="32.2246190" lon="-97.6190410"><ele>215.0</ele></trkpt><trkpt lat="32.2246400" lon="-97.6190410"><ele>215.0</ele></trkpt><trkpt lat="32.2246600" lon="-97.6190440"><ele>215.0</ele></trkpt><trkpt lat="32.2246800" lon="-97.6190460"><ele>215.0</ele></trkpt><trkpt lat="32.2247000" lon="-97.6190500"><ele>215.0</ele></trkpt><trkpt lat="32.2247210" lon="-97.6190550"><ele>215.0</ele></trkpt><trkpt lat="32.2247430" lon="-97.6190620"><ele>215.0</ele></trkpt><trkpt lat="32.2247650" lon="-97.6190700"><ele>215.0</ele></trkpt><trkpt lat="32.2247880" lon="-97.6190790"><ele>216.0</ele></trkpt><trkpt lat="32.2248110" lon="-97.6190890"><ele>216.0</ele></trkpt><trkpt lat="32.2248350" lon="-97.6191000"><ele>216.0</ele></trkpt><trkpt lat="32.2248600" lon="-97.6191110"><ele>216.0</ele></trkpt><trkpt lat="32.2248820" lon="-97.6191240"><ele>216.0</ele></trkpt><trkpt lat="32.2249050" lon="-97.6191370"><ele>217.0</ele></trkpt><trkpt lat="32.2249250" lon="-97.6191530"><ele>217.0</ele></trkpt><trkpt lat="32.2249440" lon="-97.6191680"><ele>217.0</ele></trkpt><trkpt lat="32.2249600" lon="-97.6191860"><ele>217.0</ele></trkpt><trkpt lat="32.2249760" lon="-97.6192030"><ele>217.0</ele></trkpt><trkpt lat="32.2249920" lon="-97.6192200"><ele>217.0</ele></trkpt><trkpt lat="32.2250090" lon="-97.6192370"><ele>217.0</ele></trkpt><trkpt lat="32.2250240" lon="-97.6192530"><ele>217.0</ele></trkpt><trkpt lat="32.2250400" lon="-97.6192680"><ele>217.0</ele></trkpt><trkpt lat="32.2250550" lon="-97.6192830"><ele>217.0</ele></trkpt><trkpt lat="32.2250700" lon="-97.6192970"><ele>218.0</ele></trkpt><trkpt lat="32.2250830" lon="-97.6193120"><ele>218.0</ele></trkpt><trkpt lat="32.2250960" lon="-97.6193260"><ele>218.0</ele></trkpt><trkpt lat="32.2251070" lon="-97.6193420"><ele>218.0</ele></trkpt><trkpt lat="32.2251180" lon="-97.6193580"><ele>218.0</ele></trkpt><trkpt lat="32.2251300" lon="-97.6193730"><ele>218.0</ele></trkpt><trkpt lat="32.2251430" lon="-97.6193880"><ele>218.0</ele></trkpt><trkpt lat="32.2251570" lon="-97.6194000"><ele>218.0</ele></trkpt><trkpt lat="32.2251720" lon="-97.6194130"><ele>218.0</ele></trkpt><trkpt lat="32.2251900" lon="-97.6194220"><ele>218.0</ele></trkpt><trkpt lat="32.2252080" lon="-97.6194320"><ele>218.0</ele></trkpt><trkpt lat="32.2252290" lon="-97.6194380"><ele>218.0</ele></trkpt><trkpt lat="32.2252510" lon="-97.6194450"><ele>218.0</ele></trkpt><trkpt lat="32.2252730" lon="-97.6194520"><ele>218.0</ele></trkpt><trkpt lat="32.2252960" lon="-97.6194600"><ele>218.0</ele></trkpt><trkpt lat="32.2253200" lon="-97.6194690"><ele>218.0</ele></trkpt><trkpt lat="32.2253430" lon="-97.6194790"><ele>218.0</ele></trkpt><trkpt lat="32.2253660" lon="-97.6194920"><ele>218.0</ele></trkpt><trkpt lat="32.2253890" lon="-97.6195040"><ele>218.0</ele></trkpt><trkpt lat="32.2254100" lon="-97.6195170"><ele>218.0</ele></trkpt><trkpt lat="32.2254300" lon="-97.6195300"><ele>218.0</ele></trkpt><trkpt lat="32.2254500" lon="-97.6195440"><ele>218.0</ele></trkpt><trkpt lat="32.2254690" lon="-97.6195580"><ele>218.0</ele></trkpt><trkpt lat="32.2254870" lon="-97.6195720"><ele>218.0</ele></trkpt><trkpt lat="32.2255060" lon="-97.6195870"><ele>218.0</ele></trkpt><trkpt lat="32.2255230" lon="-97.6196030"><ele>218.0</ele></trkpt><trkpt lat="32.2255400" lon="-97.6196190"><ele>218.0</ele></trkpt><trkpt lat="32.2255490" lon="-97.6196380"><ele>218.0</ele></trkpt><trkpt lat="32.2255580" lon="-97.6196560"><ele>218.0</ele></trkpt><trkpt lat="32.2255540" lon="-97.6196740"><ele>218.0</ele></trkpt><trkpt lat="32.2255510" lon="-97.6196920"><ele>218.0</ele></trkpt><trkpt lat="32.2255430" lon="-97.6197120"><ele>218.0</ele></trkpt><trkpt lat="32.2255350" lon="-97.6197330"><ele>218.0</ele></trkpt><trkpt lat="32.2255250" lon="-97.6197580"><ele>218.0</ele></trkpt><trkpt lat="32.2255160" lon="-97.6197820"><ele>218.0</ele></trkpt><trkpt lat="32.2255100" lon="-97.6198090"><ele>218.0</ele></trkpt><trkpt lat="32.2255040" lon="-97.6198360"><ele>218.0</ele></trkpt><trkpt lat="32.2255050" lon="-97.6198630"><ele>218.0</ele></trkpt><trkpt lat="32.2255050" lon="-97.6198900"><ele>218.0</ele></trkpt><trkpt lat="32.2255120" lon="-97.6199150"><ele>218.0</ele></trkpt><trkpt lat="32.2255190" lon="-97.6199390"><ele>218.0</ele></trkpt><trkpt lat="32.2255290" lon="-97.6199600"><ele>218.0</ele></trkpt><trkpt lat="32.2255380" lon="-97.6199820"><ele>218.0</ele></trkpt><trkpt lat="32.2255440" lon="-97.6200030"><ele>218.0</ele></trkpt><trkpt lat="32.2255510" lon="-97.6200250"><ele>218.0</ele></trkpt><trkpt lat="32.2255530" lon="-97.6200490"><ele>218.0</ele></trkpt><trkpt lat="32.2255550" lon="-97.6200740"><ele>218.0</ele></trkpt><trkpt lat="32.2255580" lon="-97.6201000"><ele>218.0</ele></trkpt><trkpt lat="32.2255600" lon="-97.6201270"><ele>218.0</ele></trkpt><trkpt lat="32.2255680" lon="-97.6201500"><ele>218.0</ele></trkpt><trkpt lat="32.2255750" lon="-97.6201730"><ele>218.0</ele></trkpt><trkpt lat="32.2255890" lon="-97.6201880"><ele>217.0</ele></trkpt><trkpt lat="32.2256030" lon="-97.6202020"><ele>217.0</ele></trkpt><trkpt lat="32.2256210" lon="-97.6202040"><ele>217.0</ele></trkpt><trkpt lat="32.2256400" lon="-97.6202050"><ele>217.0</ele></trkpt><trkpt lat="32.2256590" lon="-97.6202020"><ele>217.0</ele></trkpt><trkpt lat="32.2256790" lon="-97.6201990"><ele>217.0</ele></trkpt><trkpt lat="32.2256980" lon="-97.6202010"><ele>217.0</ele></trkpt><trkpt lat="32.2257170" lon="-97.6202030"><ele>217.0</ele></trkpt><trkpt lat="32.2257340" lon="-97.6202150"><ele>217.0</ele></trkpt><trkpt lat="32.2257510" lon="-97.6202270"><ele>217.0</ele></trkpt><trkpt lat="32.2257640" lon="-97.6202480"><ele>216.0</ele></trkpt><trkpt lat="32.2257770" lon="-97.6202700"><ele>216.0</ele></trkpt><trkpt lat="32.2257850" lon="-97.6202960"><ele>216.0</ele></trkpt><trkpt lat="32.2257930" lon="-97.6203230"><ele>216.0</ele></trkpt><trkpt lat="32.2257960" lon="-97.6203510"><ele>216.0</ele></trkpt><trkpt lat="32.2257990" lon="-97.6203790"><ele>215.0</ele></trkpt><trkpt lat="32.2257990" lon="-97.6204080"><ele>215.0</ele></trkpt><trkpt lat="32.2257990" lon="-97.6204370"><ele>215.0</ele></trkpt><trkpt lat="32.2257980" lon="-97.6204670"><ele>215.0</ele></trkpt><trkpt lat="32.2257970" lon="-97.6204960"><ele>215.0</ele></trkpt><trkpt lat="32.2257960" lon="-97.6205240"><ele>215.0</ele></trkpt><trkpt lat="32.2257940" lon="-97.6205520"><ele>215.0</ele></trkpt><trkpt lat="32.2257900" lon="-97.6205790"><ele>215.0</ele></trkpt><trkpt lat="32.2257860" lon="-97.6206050"><ele>215.0</ele></trkpt><trkpt lat="32.2257770" lon="-97.6206290"><ele>215.0</ele></trkpt><trkpt lat="32.2257680" lon="-97.6206520"><ele>215.0</ele></trkpt><trkpt lat="32.2257530" lon="-97.6206700"><ele>215.0</ele></trkpt><trkpt lat="32.2257380" lon="-97.6206870"><ele>215.0</ele></trkpt><trkpt lat="32.2257210" lon="-97.6207050"><ele>215.0</ele></trkpt><trkpt lat="32.2257030" lon="-97.6207220"><ele>215.0</ele></trkpt><trkpt lat="32.2256840" lon="-97.6207410"><ele>214.0</ele></trkpt><trkpt lat="32.2256650" lon="-97.6207600"><ele>214.0</ele></trkpt><trkpt lat="32.2256440" lon="-97.6207810"><ele>214.0</ele></trkpt><trkpt lat="32.2256230" lon="-97.6208030"><ele>214.0</ele></trkpt><trkpt lat="32.2256030" lon="-97.6208260"><ele>214.0</ele></trkpt><trkpt lat="32.2255840" lon="-97.6208490"><ele>213.0</ele></trkpt><trkpt lat="32.2255680" lon="-97.6208700"><ele>213.0</ele></trkpt><trkpt lat="32.2255520" lon="-97.6208910"><ele>213.0</ele></trkpt><trkpt lat="32.2255380" lon="-97.6209060"><ele>213.0</ele></trkpt><trkpt lat="32.2255240" lon="-97.6209220"><ele>213.0</ele></trkpt><trkpt lat="32.2255080" lon="-97.6209310"><ele>212.0</ele></trkpt><trkpt lat="32.2254920" lon="-97.6209410"><ele>212.0</ele></trkpt><trkpt lat="32.2254730" lon="-97.6209490"><ele>212.0</ele></trkpt><trkpt lat="32.2254550" lon="-97.6209580"><ele>212.0</ele></trkpt><trkpt lat="32.2254330" lon="-97.6209710"><ele>212.0</ele></trkpt><trkpt lat="32.2254120" lon="-97.6209850"><ele>212.0</ele></trkpt><trkpt lat="32.2253890" lon="-97.6210000"><ele>212.0</ele></trkpt><trkpt lat="32.2253670" lon="-97.6210160"><ele>212.0</ele></trkpt><trkpt lat="32.2253430" lon="-97.6210310"><ele>212.0</ele></trkpt><trkpt lat="32.2253200" lon="-97.6210460"><ele>212.0</ele></trkpt><trkpt lat="32.2252960" lon="-97.6210610"><ele>211.0</ele></trkpt><trkpt lat="32.2252720" lon="-97.6210750"><ele>211.0</ele></trkpt><trkpt lat="32.2252480" lon="-97.6210890"><ele>211.0</ele></trkpt><trkpt lat="32.2252240" lon="-97.6211030"><ele>211.0</ele></trkpt><trkpt lat="32.2252030" lon="-97.6211150"><ele>211.0</ele></trkpt><trkpt lat="32.2251810" lon="-97.6211270"><ele>211.0</ele></trkpt><trkpt lat="32.2251600" lon="-97.6211370"><ele>211.0</ele></trkpt><trkpt lat="32.2251390" lon="-97.6211480"><ele>211.0</ele></trkpt><trkpt lat="32.2251250" lon="-97.6211600"><ele>211.0</ele></trkpt><trkpt lat="32.2251110" lon="-97.6211720"><ele>211.0</ele></trkpt><trkpt lat="32.2251090" lon="-97.6211830"><ele>210.0</ele></trkpt><trkpt lat="32.2251060" lon="-97.6211940"><ele>210.0</ele></trkpt><trkpt lat="32.2251100" lon="-97.6212030"><ele>210.0</ele></trkpt><trkpt lat="32.2251140" lon="-97.6212130"><ele>210.0</ele></trkpt><trkpt lat="32.2251160" lon="-97.6212240"><ele>210.0</ele></trkpt><trkpt lat="32.2251180" lon="-97.6212350"><ele>210.0</ele></trkpt><trkpt lat="32.2251110" lon="-97.6212460"><ele>210.0</ele></trkpt><trkpt lat="32.2251040" lon="-97.6212570"><ele>210.0</ele></trkpt><trkpt lat="32.2250890" lon="-97.6212660"><ele>210.0</ele></trkpt><trkpt lat="32.2250750" lon="-97.6212750"><ele>210.0</ele></trkpt><trkpt lat="32.2250570" lon="-97.6212810"><ele>209.0</ele></trkpt><trkpt lat="32.2250390" lon="-97.6212860"><ele>209.0</ele></trkpt><trkpt lat="32.2250220" lon="-97.6212910"><ele>209.0</ele></trkpt><trkpt lat="32.2250040" lon="-97.6212950"><ele>209.0</ele></trkpt><trkpt lat="32.2249910" lon="-97.6213030"><ele>209.0</ele></trkpt><trkpt lat="32.2249770" lon="-97.6213110"><ele>208.0</ele></trkpt><trkpt lat="32.2249630" lon="-97.6213220"><ele>208.0</ele></trkpt><trkpt lat="32.2249480" lon="-97.6213330"><ele>208.0</ele></trkpt><trkpt lat="32.2249360" lon="-97.6213470"><ele>208.0</ele></trkpt><trkpt lat="32.2249240" lon="-97.6213600"><ele>208.0</ele></trkpt><trkpt lat="32.2249180" lon="-97.6213770"><ele>207.0</ele></trkpt><trkpt lat="32.2249110" lon="-97.6213930"><ele>207.0</ele></trkpt><trkpt lat="32.2249090" lon="-97.6214100"><ele>207.0</ele></trkpt><trkpt lat="32.2249070" lon="-97.6214270"><ele>207.0</ele></trkpt><trkpt lat="32.2249070" lon="-97.6214420"><ele>207.0</ele></trkpt><trkpt lat="32.2249070" lon="-97.6214580"><ele>206.0</ele></trkpt><trkpt lat="32.2249060" lon="-97.6214650"><ele>206.0</ele></trkpt><trkpt lat="32.2249060" lon="-97.6214730"><ele>206.0</ele></trkpt><trkpt lat="32.2249030" lon="-97.6214840"><ele>206.0</ele></trkpt><trkpt lat="32.2249010" lon="-97.6214960"><ele>206.0</ele></trkpt><trkpt lat="32.2248950" lon="-97.6215070"><ele>206.0</ele></trkpt><trkpt lat="32.2248890" lon="-97.6215170"><ele>206.0</ele></trkpt><trkpt lat="32.2248830" lon="-97.6215280"><ele>206.0</ele></trkpt><trkpt lat="32.2248780" lon="-97.6215390"><ele>206.0</ele></trkpt><trkpt lat="32.2248720" lon="-97.6215500"><ele>207.0</ele></trkpt><trkpt lat="32.2248670" lon="-97.6215620"><ele>207.0</ele></trkpt><trkpt lat="32.2248620" lon="-97.6215740"><ele>207.0</ele></trkpt><trkpt lat="32.2248580" lon="-97.6215860"><ele>207.0</ele></trkpt><trkpt lat="32.2248490" lon="-97.6215990"><ele>207.0</ele></trkpt><trkpt lat="32.2248400" lon="-97.6216120"><ele>208.0</ele></trkpt><trkpt lat="32.2248270" lon="-97.6216270"><ele>208.0</ele></trkpt><trkpt lat="32.2248130" lon="-97.6216410"><ele>208.0</ele></trkpt><trkpt lat="32.2248020" lon="-97.6216580"><ele>209.0</ele></trkpt><trkpt lat="32.2247900" lon="-97.6216760"><ele>209.0</ele></trkpt><trkpt lat="32.2247820" lon="-97.6216970"><ele>210.0</ele></trkpt><trkpt lat="32.2247740" lon="-97.6217180"><ele>210.0</ele></trkpt><trkpt lat="32.2247690" lon="-97.6217390"><ele>210.0</ele></trkpt><trkpt lat="32.2247640" lon="-97.6217600"><ele>210.0</ele></trkpt><trkpt lat="32.2247620" lon="-97.6217810"><ele>210.0</ele></trkpt><trkpt lat="32.2247590" lon="-97.6218010"><ele>211.0</ele></trkpt><trkpt lat="32.2247610" lon="-97.6218230"><ele>211.0</ele></trkpt><trkpt lat="32.2247620" lon="-97.6218440"><ele>211.0</ele></trkpt><trkpt lat="32.2247680" lon="-97.6218670"><ele>212.0</ele></trkpt><trkpt lat="32.2247730" lon="-97.6218910"><ele>212.0</ele></trkpt><trkpt lat="32.2247810" lon="-97.6219150"><ele>213.0</ele></trkpt><trkpt lat="32.2247900" lon="-97.6219390"><ele>213.0</ele></trkpt><trkpt lat="32.2248000" lon="-97.6219630"><ele>213.0</ele></trkpt><trkpt lat="32.2248100" lon="-97.6219860"><ele>213.0</ele></trkpt><trkpt lat="32.2248220" lon="-97.6220110"><ele>213.0</ele></trkpt><trkpt lat="32.2248350" lon="-97.6220370"><ele>214.0</ele></trkpt><trkpt lat="32.2248490" lon="-97.6220600"><ele>214.0</ele></trkpt><trkpt lat="32.2248630" lon="-97.6220840"><ele>214.0</ele></trkpt><trkpt lat="32.2248780" lon="-97.6221040"><ele>214.0</ele></trkpt><trkpt lat="32.2248930" lon="-97.6221240"><ele>214.0</ele></trkpt><trkpt lat="32.2249080" lon="-97.6221400"><ele>215.0</ele></trkpt><trkpt lat="32.2249240" lon="-97.6221560"><ele>215.0</ele></trkpt><trkpt lat="32.2249420" lon="-97.6221700"><ele>215.0</ele></trkpt><trkpt lat="32.2249600" lon="-97.6221840"><ele>215.0</ele></trkpt><trkpt lat="32.2249790" lon="-97.6222000"><ele>215.0</ele></trkpt><trkpt lat="32.2249990" lon="-97.6222150"><ele>215.0</ele></trkpt><trkpt lat="32.2250180" lon="-97.6222290"><ele>215.0</ele></trkpt><trkpt lat="32.2250370" lon="-97.6222430"><ele>215.0</ele></trkpt><trkpt lat="32.2250540" lon="-97.6222570"><ele>215.0</ele></trkpt><trkpt lat="32.2250710" lon="-97.6222720"><ele>215.0</ele></trkpt><trkpt lat="32.2250860" lon="-97.6222840"><ele>216.0</ele></trkpt><trkpt lat="32.2251020" lon="-97.6222970"><ele>216.0</ele></trkpt><trkpt lat="32.2251180" lon="-97.6223100"><ele>216.0</ele></trkpt><trkpt lat="32.2251350" lon="-97.6223240"><ele>216.0</ele></trkpt><trkpt lat="32.2251510" lon="-97.6223420"><ele>216.0</ele></trkpt><trkpt lat="32.2251670" lon="-97.6223600"><ele>216.0</ele></trkpt><trkpt lat="32.2251820" lon="-97.6223830"><ele>215.0</ele></trkpt><trkpt lat="32.2251960" lon="-97.6224070"><ele>215.0</ele></trkpt><trkpt lat="32.2252070" lon="-97.6224290"><ele>215.0</ele></trkpt><trkpt lat="32.2252170" lon="-97.6224520"><ele>215.0</ele></trkpt><trkpt lat="32.2252250" lon="-97.6224720"><ele>215.0</ele></trkpt><trkpt lat="32.2252330" lon="-97.6224930"><ele>214.0</ele></trkpt><trkpt lat="32.2252390" lon="-97.6225110"><ele>214.0</ele></trkpt><trkpt lat="32.2252450" lon="-97.6225300"><ele>214.0</ele></trkpt><trkpt lat="32.2252510" lon="-97.6225480"><ele>214.0</ele></trkpt><trkpt lat="32.2252570" lon="-97.6225660"><ele>214.0</ele></trkpt><trkpt lat="32.2252640" lon="-97.6225850"><ele>214.0</ele></trkpt><trkpt lat="32.2252710" lon="-97.6226040"><ele>214.0</ele></trkpt><trkpt lat="32.2252770" lon="-97.6226250"><ele>214.0</ele></trkpt><trkpt lat="32.2252830" lon="-97.6226460"><ele>214.0</ele></trkpt><trkpt lat="32.2252890" lon="-97.6226670"><ele>214.0</ele></trkpt><trkpt lat="32.2252950" lon="-97.6226890"><ele>214.0</ele></trkpt><trkpt lat="32.2253020" lon="-97.6227090"><ele>214.0</ele></trkpt><trkpt lat="32.2253080" lon="-97.6227290"><ele>214.0</ele></trkpt><trkpt lat="32.2253180" lon="-97.6227500"><ele>214.0</ele></trkpt><trkpt lat="32.2253270" lon="-97.6227700"><ele>214.0</ele></trkpt><trkpt lat="32.2253390" lon="-97.6227880"><ele>214.0</ele></trkpt><trkpt lat="32.2253520" lon="-97.6228060"><ele>214.0</ele></trkpt><trkpt lat="32.2253660" lon="-97.6228220"><ele>214.0</ele></trkpt><trkpt lat="32.2253810" lon="-97.6228370"><ele>214.0</ele></trkpt><trkpt lat="32.2253980" lon="-97.6228470"><ele>214.0</ele></trkpt><trkpt lat="32.2254150" lon="-97.6228570"><ele>214.0</ele></trkpt><trkpt lat="32.2254340" lon="-97.6228610"><ele>214.0</ele></trkpt><trkpt lat="32.2254530" lon="-97.6228660"><ele>214.0</ele></trkpt><trkpt lat="32.2254730" lon="-97.6228710"><ele>214.0</ele></trkpt><trkpt lat="32.2254930" lon="-97.6228750"><ele>215.0</ele></trkpt><trkpt lat="32.2255130" lon="-97.6228840"><ele>215.0</ele></trkpt><trkpt lat="32.2255330" lon="-97.6228920"><ele>215.0</ele></trkpt><trkpt lat="32.2255500" lon="-97.6229050"><ele>215.0</ele></trkpt><trkpt lat="32.2255680" lon="-97.6229170"><ele>215.0</ele></trkpt><trkpt lat="32.2255870" lon="-97.6229360"><ele>215.0</ele></trkpt><trkpt lat="32.2256070" lon="-97.6229550"><ele>215.0</ele></trkpt><trkpt lat="32.2256280" lon="-97.6229750"><ele>215.0</ele></trkpt><trkpt lat="32.2256490" lon="-97.6229950"><ele>215.0</ele></trkpt><trkpt lat="32.2256690" lon="-97.6230130"><ele>215.0</ele></trkpt><trkpt lat="32.2256890" lon="-97.6230300"><ele>215.0</ele></trkpt><trkpt lat="32.2257080" lon="-97.6230490"><ele>214.0</ele></trkpt><trkpt lat="32.2257260" lon="-97.6230670"><ele>214.0</ele></trkpt><trkpt lat="32.2257440" lon="-97.6230890"><ele>214.0</ele></trkpt><trkpt lat="32.2257620" lon="-97.6231100"><ele>214.0</ele></trkpt><trkpt lat="32.2257790" lon="-97.6231320"><ele>214.0</ele></trkpt><trkpt lat="32.2257960" lon="-97.6231540"><ele>214.0</ele></trkpt><trkpt lat="32.2258100" lon="-97.6231760"><ele>214.0</ele></trkpt><trkpt lat="32.2258240" lon="-97.6231980"><ele>214.0</ele></trkpt><trkpt lat="32.2258320" lon="-97.6232230"><ele>214.0</ele></trkpt><trkpt lat="32.2258410" lon="-97.6232480"><ele>214.0</ele></trkpt><trkpt lat="32.2258440" lon="-97.6232740"><ele>213.0</ele></trkpt><trkpt lat="32.2258470" lon="-97.6233000"><ele>213.0</ele></trkpt><trkpt lat="32.2258420" lon="-97.6233190"><ele>213.0</ele></trkpt><trkpt lat="32.2258370" lon="-97.6233380"><ele>213.0</ele></trkpt><trkpt lat="32.2258210" lon="-97.6233470"><ele>213.0</ele></trkpt><trkpt lat="32.2258060" lon="-97.6233550"><ele>213.0</ele></trkpt><trkpt lat="32.2257860" lon="-97.6233570"><ele>213.0</ele></trkpt><trkpt lat="32.2257660" lon="-97.6233580"><ele>213.0</ele></trkpt><trkpt lat="32.2257460" lon="-97.6233560"><ele>213.0</ele></trkpt><trkpt lat="32.2257250" lon="-97.6233540"><ele>213.0</ele></trkpt><trkpt lat="32.2257050" lon="-97.6233550"><ele>213.0</ele></trkpt><trkpt lat="32.2256850" lon="-97.6233550"><ele>213.0</ele></trkpt><trkpt lat="32.2256660" lon="-97.6233580"><ele>213.0</ele></trkpt><trkpt lat="32.2256470" lon="-97.6233610"><ele>213.0</ele></trkpt><trkpt lat="32.2256280" lon="-97.6233630"><ele>214.0</ele></trkpt><trkpt lat="32.2256090" lon="-97.6233650"><ele>214.0</ele></trkpt><trkpt lat="32.2255910" lon="-97.6233670"><ele>214.0</ele></trkpt><trkpt lat="32.2255730" lon="-97.6233690"><ele>214.0</ele></trkpt><trkpt lat="32.2255530" lon="-97.6233730"><ele>214.0</ele></trkpt><trkpt lat="32.2255340" lon="-97.6233760"><ele>215.0</ele></trkpt><trkpt lat="32.2255140" lon="-97.6233840"><ele>215.0</ele></trkpt><trkpt lat="32.2254940" lon="-97.6233920"><ele>215.0</ele></trkpt><trkpt lat="32.2254740" lon="-97.6234010"><ele>215.0</ele></trkpt><trkpt lat="32.2254540" lon="-97.6234100"><ele>215.0</ele></trkpt><trkpt lat="32.2254380" lon="-97.6234220"><ele>215.0</ele></trkpt><trkpt lat="32.2254210" lon="-97.6234340"><ele>215.0</ele></trkpt><trkpt lat="32.2254110" lon="-97.6234480"><ele>215.0</ele></trkpt><trkpt lat="32.2254000" lon="-97.6234630"><ele>215.0</ele></trkpt><trkpt lat="32.2253960" lon="-97.6234780"><ele>215.0</ele></trkpt><trkpt lat="32.2253930" lon="-97.6234940"><ele>216.0</ele></trkpt><trkpt lat="32.2253910" lon="-97.6235120"><ele>216.0</ele></trkpt><trkpt lat="32.2253900" lon="-97.6235300"><ele>216.0</ele></trkpt><trkpt lat="32.2253880" lon="-97.6235510"><ele>216.0</ele></trkpt><trkpt lat="32.2253850" lon="-97.6235710"><ele>216.0</ele></trkpt><trkpt lat="32.2253830" lon="-97.6235930"><ele>216.0</ele></trkpt><trkpt lat="32.2253810" lon="-97.6236140"><ele>216.0</ele></trkpt><trkpt lat="32.2253750" lon="-97.6236330"><ele>216.0</ele></trkpt><trkpt lat="32.2253700" lon="-97.6236520"><ele>216.0</ele></trkpt><trkpt lat="32.2253600" lon="-97.6236680"><ele>216.0</ele></trkpt><trkpt lat="32.2253490" lon="-97.6236850"><ele>217.0</ele></trkpt><trkpt lat="32.2253330" lon="-97.6236960"><ele>217.0</ele></trkpt><trkpt lat="32.2253160" lon="-97.6237070"><ele>217.0</ele></trkpt><trkpt lat="32.2252990" lon="-97.6237160"><ele>217.0</ele></trkpt><trkpt lat="32.2252810" lon="-97.6237260"><ele>217.0</ele></trkpt><trkpt lat="32.2252640" lon="-97.6237360"><ele>218.0</ele></trkpt><trkpt lat="32.2252470" lon="-97.6237460"><ele>218.0</ele></trkpt><trkpt lat="32.2252290" lon="-97.6237570"><ele>218.0</ele></trkpt><trkpt lat="32.2252120" lon="-97.6237680"><ele>218.0</ele></trkpt><trkpt lat="32.2251940" lon="-97.6237810"><ele>218.0</ele></trkpt><trkpt lat="32.2251770" lon="-97.6237940"><ele>219.0</ele></trkpt><trkpt lat="32.2251610" lon="-97.6238090"><ele>219.0</ele></trkpt><trkpt lat="32.2251450" lon="-97.6238240"><ele>219.0</ele></trkpt><trkpt lat="32.2251280" lon="-97.6238400"><ele>219.0</ele></trkpt><trkpt lat="32.2251120" lon="-97.6238560"><ele>219.0</ele></trkpt><trkpt lat="32.2250980" lon="-97.6238700"><ele>219.0</ele></trkpt><trkpt lat="32.2250840" lon="-97.6238840"><ele>218.0</ele></trkpt><trkpt lat="32.2250740" lon="-97.6239010"><ele>218.0</ele></trkpt><trkpt lat="32.2250640" lon="-97.6239180"><ele>218.0</ele></trkpt><trkpt lat="32.2250550" lon="-97.6239380"><ele>218.0</ele></trkpt><trkpt lat="32.2250470" lon="-97.6239570"><ele>218.0</ele></trkpt><trkpt lat="32.2250370" lon="-97.6239780"><ele>217.0</ele></trkpt><trkpt lat="32.2250280" lon="-97.6239980"><ele>217.0</ele></trkpt><trkpt lat="32.2250160" lon="-97.6240170"><ele>217.0</ele></trkpt><trkpt lat="32.2250040" lon="-97.6240370"><ele>217.0</ele></trkpt><trkpt lat="32.2249900" lon="-97.6240560"><ele>217.0</ele></trkpt><trkpt lat="32.2249770" lon="-97.6240750"><ele>217.0</ele></trkpt><trkpt lat="32.2249590" lon="-97.6240920"><ele>217.0</ele></trkpt><trkpt lat="32.2249410" lon="-97.6241080"><ele>217.0</ele></trkpt><trkpt lat="32.2249200" lon="-97.6241250"><ele>217.0</ele></trkpt><trkpt lat="32.2249000" lon="-97.6241420"><ele>217.0</ele></trkpt><trkpt lat="32.2248840" lon="-97.6241620"><ele>216.0</ele></trkpt><trkpt lat="32.2248680" lon="-97.6241820"><ele>216.0</ele></trkpt><trkpt lat="32.2248600" lon="-97.6242010"><ele>216.0</ele></trkpt><trkpt lat="32.2248530" lon="-97.6242210"><ele>216.0</ele></trkpt><trkpt lat="32.2248530" lon="-97.6242430"><ele>216.0</ele></trkpt><trkpt lat="32.2248520" lon="-97.6242650"><ele>216.0</ele></trkpt><trkpt lat="32.2248550" lon="-97.6242900"><ele>216.0</ele></trkpt><trkpt lat="32.2248580" lon="-97.6243150"><ele>216.0</ele></trkpt><trkpt lat="32.2248590" lon="-97.6243420"><ele>216.0</ele></trkpt><trkpt lat="32.2248600" lon="-97.6243680"><ele>216.0</ele></trkpt><trkpt lat="32.2248590" lon="-97.6243940"><ele>216.0</ele></trkpt><trkpt lat="32.2248580" lon="-97.6244200"><ele>216.0</ele></trkpt><trkpt lat="32.2248600" lon="-97.6244450"><ele>216.0</ele></trkpt><trkpt lat="32.2248630" lon="-97.6244710"><ele>216.0</ele></trkpt><trkpt lat="32.2248680" lon="-97.6244970"><ele>216.0</ele></trkpt><trkpt lat="32.2248730" lon="-97.6245230"><ele>216.0</ele></trkpt><trkpt lat="32.2248790" lon="-97.6245490"><ele>216.0</ele></trkpt><trkpt lat="32.2248850" lon="-97.6245760"><ele>216.0</ele></trkpt><trkpt lat="32.2248820" lon="-97.6246000"><ele>216.0</ele></trkpt><trkpt lat="32.2248800" lon="-97.6246230"><ele>216.0</ele></trkpt><trkpt lat="32.2248620" lon="-97.6246390"><ele>215.0</ele></trkpt><trkpt lat="32.2248430" lon="-97.6246550"><ele>215.0</ele></trkpt><trkpt lat="32.2248150" lon="-97.6246650"><ele>215.0</ele></trkpt><trkpt lat="32.2247880" lon="-97.6246750"><ele>215.0</ele></trkpt><trkpt lat="32.2247590" lon="-97.6246830"><ele>215.0</ele></trkpt><trkpt lat="32.2247300" lon="-97.6246910"><ele>215.0</ele></trkpt><trkpt lat="32.2247060" lon="-97.6247000"><ele>215.0</ele></trkpt><trkpt lat="32.2246830" lon="-97.6247100"><ele>215.0</ele></trkpt><trkpt lat="32.2246660" lon="-97.6247210"><ele>215.0</ele></trkpt><trkpt lat="32.2246490" lon="-97.6247320"><ele>215.0</ele></trkpt><trkpt lat="32.2246350" lon="-97.6247440"><ele>214.0</ele></trkpt><trkpt lat="32.2246210" lon="-97.6247560"><ele>214.0</ele></trkpt><trkpt lat="32.2246080" lon="-97.6247690"><ele>214.0</ele></trkpt><trkpt lat="32.2245950" lon="-97.6247820"><ele>214.0</ele></trkpt><trkpt lat="32.2245820" lon="-97.6247950"><ele>214.0</ele></trkpt><trkpt lat="32.2245700" lon="-97.6248070"><ele>214.0</ele></trkpt><trkpt lat="32.2245590" lon="-97.6248150"><ele>214.0</ele></trkpt><trkpt lat="32.2245470" lon="-97.6248230"><ele>214.0</ele></trkpt><trkpt lat="32.2245350" lon="-97.6248300"><ele>214.0</ele></trkpt><trkpt lat="32.2245230" lon="-97.6248360"><ele>214.0</ele></trkpt><trkpt lat="32.2245090" lon="-97.6248400"><ele>214.0</ele></trkpt><trkpt lat="32.2244950" lon="-97.6248430"><ele>214.0</ele></trkpt><trkpt lat="32.2244830" lon="-97.6248420"><ele>214.0</ele></trkpt><trkpt lat="32.2244710" lon="-97.6248420"><ele>214.0</ele></trkpt><trkpt lat="32.2244570" lon="-97.6248380"><ele>214.0</ele></trkpt><trkpt lat="32.2244430" lon="-97.6248340"><ele>214.0</ele></trkpt><trkpt lat="32.2244260" lon="-97.6248260"><ele>214.0</ele></trkpt><trkpt lat="32.2244090" lon="-97.6248190"><ele>214.0</ele></trkpt><trkpt lat="32.2243960" lon="-97.6248050"><ele>214.0</ele></trkpt><trkpt lat="32.2243830" lon="-97.6247910"><ele>215.0</ele></trkpt><trkpt lat="32.2243760" lon="-97.6247710"><ele>215.0</ele></trkpt><trkpt lat="32.2243690" lon="-97.6247520"><ele>215.0</ele></trkpt><trkpt lat="32.2243620" lon="-97.6247300"><ele>215.0</ele></trkpt><trkpt lat="32.2243550" lon="-97.6247090"><ele>215.0</ele></trkpt><trkpt lat="32.2243450" lon="-97.6246880"><ele>216.0</ele></trkpt><trkpt lat="32.2243360" lon="-97.6246670"><ele>216.0</ele></trkpt><trkpt lat="32.2243250" lon="-97.6246450"><ele>216.0</ele></trkpt><trkpt lat="32.2243150" lon="-97.6246240"><ele>216.0</ele></trkpt><trkpt lat="32.2243080" lon="-97.6246040"><ele>216.0</ele></trkpt><trkpt lat="32.2243010" lon="-97.6245840"><ele>216.0</ele></trkpt><trkpt lat="32.2243000" lon="-97.6245620"><ele>216.0</ele></trkpt><trkpt lat="32.2242990" lon="-97.6245400"><ele>216.0</ele></trkpt><trkpt lat="32.2243030" lon="-97.6245140"><ele>216.0</ele></trkpt><trkpt lat="32.2243060" lon="-97.6244900"><ele>216.0</ele></trkpt><trkpt lat="32.2243090" lon="-97.6244630"><ele>216.0</ele></trkpt><trkpt lat="32.2243120" lon="-97.6244360"><ele>215.0</ele></trkpt><trkpt lat="32.2243120" lon="-97.6244110"><ele>215.0</ele></trkpt><trkpt lat="32.2243130" lon="-97.6243850"><ele>215.0</ele></trkpt><trkpt lat="32.2243130" lon="-97.6243610"><ele>215.0</ele></trkpt><trkpt lat="32.2243130" lon="-97.6243360"><ele>215.0</ele></trkpt><trkpt lat="32.2243150" lon="-97.6243130"><ele>214.0</ele></trkpt><trkpt lat="32.2243180" lon="-97.6242890"><ele>214.0</ele></trkpt><trkpt lat="32.2243220" lon="-97.6242680"><ele>214.0</ele></trkpt><trkpt lat="32.2243250" lon="-97.6242460"><ele>214.0</ele></trkpt><trkpt lat="32.2243280" lon="-97.6242280"><ele>214.0</ele></trkpt><trkpt lat="32.2243310" lon="-97.6242090"><ele>213.0</ele></trkpt><trkpt lat="32.2243310" lon="-97.6241940"><ele>213.0</ele></trkpt><trkpt lat="32.2243310" lon="-97.6241780"><ele>213.0</ele></trkpt><trkpt lat="32.2243280" lon="-97.6241640"><ele>213.0</ele></trkpt><trkpt lat="32.2243250" lon="-97.6241500"><ele>213.0</ele></trkpt><trkpt lat="32.2243180" lon="-97.6241350"><ele>212.0</ele></trkpt><trkpt lat="32.2243110" lon="-97.6241200"><ele>212.0</ele></trkpt><trkpt lat="32.2243010" lon="-97.6241090"><ele>212.0</ele></trkpt><trkpt lat="32.2242910" lon="-97.6240970"><ele>212.0</ele></trkpt><trkpt lat="32.2242790" lon="-97.6240850"><ele>212.0</ele></trkpt><trkpt lat="32.2242680" lon="-97.6240730"><ele>212.0</ele></trkpt><trkpt lat="32.2242580" lon="-97.6240540"><ele>212.0</ele></trkpt><trkpt lat="32.2242480" lon="-97.6240360"><ele>212.0</ele></trkpt><trkpt lat="32.2242420" lon="-97.6240150"><ele>212.0</ele></trkpt><trkpt lat="32.2242360" lon="-97.6239930"><ele>212.0</ele></trkpt><trkpt lat="32.2242300" lon="-97.6239690"><ele>212.0</ele></trkpt><trkpt lat="32.2242250" lon="-97.6239440"><ele>212.0</ele></trkpt><trkpt lat="32.2242170" lon="-97.6239190"><ele>212.0</ele></trkpt><trkpt lat="32.2242090" lon="-97.6238940"><ele>212.0</ele></trkpt><trkpt lat="32.2241990" lon="-97.6238720"><ele>213.0</ele></trkpt><trkpt lat="32.2241890" lon="-97.6238500"><ele>213.0</ele></trkpt><trkpt lat="32.2241750" lon="-97.6238360"><ele>213.0</ele></trkpt><trkpt lat="32.2241620" lon="-97.6238210"><ele>213.0</ele></trkpt><trkpt lat="32.2241450" lon="-97.6238130"><ele>213.0</ele></trkpt><trkpt lat="32.2241280" lon="-97.6238050"><ele>214.0</ele></trkpt><trkpt lat="32.2241110" lon="-97.6237990"><ele>214.0</ele></trkpt><trkpt lat="32.2240950" lon="-97.6237930"><ele>214.0</ele></trkpt><trkpt lat="32.2240800" lon="-97.6237830"><ele>214.0</ele></trkpt><trkpt lat="32.2240650" lon="-97.6237730"><ele>214.0</ele></trkpt><trkpt lat="32.2240510" lon="-97.6237590"><ele>214.0</ele></trkpt><trkpt lat="32.2240370" lon="-97.6237440"><ele>213.0</ele></trkpt><trkpt lat="32.2240220" lon="-97.6237270"><ele>213.0</ele></trkpt><trkpt lat="32.2240060" lon="-97.6237090"><ele>213.0</ele></trkpt><trkpt lat="32.2239900" lon="-97.6236910"><ele>213.0</ele></trkpt><trkpt lat="32.2239740" lon="-97.6236730"><ele>213.0</ele></trkpt><trkpt lat="32.2239580" lon="-97.6236520"><ele>212.0</ele></trkpt><trkpt lat="32.2239420" lon="-97.6236330"><ele>212.0</ele></trkpt><trkpt lat="32.2239270" lon="-97.6236110"><ele>212.0</ele></trkpt><trkpt lat="32.2239110" lon="-97.6235890"><ele>212.0</ele></trkpt><trkpt lat="32.2238930" lon="-97.6235690"><ele>212.0</ele></trkpt><trkpt lat="32.2238740" lon="-97.6235490"><ele>211.0</ele></trkpt><trkpt lat="32.2238540" lon="-97.6235290"><ele>211.0</ele></trkpt><trkpt lat="32.2238340" lon="-97.6235090"><ele>211.0</ele></trkpt><trkpt lat="32.2238180" lon="-97.6234880"><ele>211.0</ele></trkpt><trkpt lat="32.2238020" lon="-97.6234670"><ele>211.0</ele></trkpt><trkpt lat="32.2237940" lon="-97.6234450"><ele>211.0</ele></trkpt><trkpt lat="32.2237860" lon="-97.6234230"><ele>211.0</ele></trkpt><trkpt lat="32.2237870" lon="-97.6234020"><ele>211.0</ele></trkpt><trkpt lat="32.2237880" lon="-97.6233800"><ele>211.0</ele></trkpt><trkpt lat="32.2237920" lon="-97.6233590"><ele>211.0</ele></trkpt><trkpt lat="32.2237960" lon="-97.6233380"><ele>211.0</ele></trkpt><trkpt lat="32.2237990" lon="-97.6233140"><ele>211.0</ele></trkpt><trkpt lat="32.2238010" lon="-97.6232900"><ele>211.0</ele></trkpt><trkpt lat="32.2238000" lon="-97.6232620"><ele>211.0</ele></trkpt><trkpt lat="32.2237990" lon="-97.6232350"><ele>211.0</ele></trkpt><trkpt lat="32.2237980" lon="-97.6232060"><ele>211.0</ele></trkpt><trkpt lat="32.2237980" lon="-97.6231780"><ele>211.0</ele></trkpt><trkpt lat="32.2237960" lon="-97.6231500"><ele>211.0</ele></trkpt><trkpt lat="32.2237950" lon="-97.6231230"><ele>211.0</ele></trkpt><trkpt lat="32.2237900" lon="-97.6231000"><ele>211.0</ele></trkpt><trkpt lat="32.2237840" lon="-97.6230780"><ele>211.0</ele></trkpt><trkpt lat="32.2237740" lon="-97.6230620"><ele>211.0</ele></trkpt><trkpt lat="32.2237640" lon="-97.6230470"><ele>211.0</ele></trkpt><trkpt lat="32.2237480" lon="-97.6230380"><ele>211.0</ele></trkpt><trkpt lat="32.2237320" lon="-97.6230280"><ele>211.0</ele></trkpt><trkpt lat="32.2237130" lon="-97.6230220"><ele>211.0</ele></trkpt><trkpt lat="32.2236940" lon="-97.6230150"><ele>211.0</ele></trkpt><trkpt lat="32.2236740" lon="-97.6230080"><ele>211.0</ele></trkpt><trkpt lat="32.2236540" lon="-97.6230020"><ele>211.0</ele></trkpt><trkpt lat="32.2236320" lon="-97.6229970"><ele>211.0</ele></trkpt><trkpt lat="32.2236110" lon="-97.6229920"><ele>210.0</ele></trkpt><trkpt lat="32.2235910" lon="-97.6229920"><ele>210.0</ele></trkpt><trkpt lat="32.2235710" lon="-97.6229930"><ele>210.0</ele></trkpt><trkpt lat="32.2235530" lon="-97.6230000"><ele>210.0</ele></trkpt><trkpt lat="32.2235340" lon="-97.6230070"><ele>210.0</ele></trkpt><trkpt lat="32.2235150" lon="-97.6230180"><ele>209.0</ele></trkpt><trkpt lat="32.2234970" lon="-97.6230280"><ele>209.0</ele></trkpt><trkpt lat="32.2234800" lon="-97.6230410"><ele>209.0</ele></trkpt><trkpt lat="32.2234630" lon="-97.6230530"><ele>209.0</ele></trkpt><trkpt lat="32.2234470" lon="-97.6230670"><ele>209.0</ele></trkpt><trkpt lat="32.2234310" lon="-97.6230810"><ele>208.0</ele></trkpt><trkpt lat="32.2234170" lon="-97.6230950"><ele>208.0</ele></trkpt><trkpt lat="32.2234020" lon="-97.6231090"><ele>208.0</ele></trkpt><trkpt lat="32.2233900" lon="-97.6231200"><ele>208.0</ele></trkpt><trkpt lat="32.2233780" lon="-97.6231310"><ele>208.0</ele></trkpt><trkpt lat="32.2233660" lon="-97.6231350"><ele>208.0</ele></trkpt><trkpt lat="32.2233540" lon="-97.6231390"><ele>208.0</ele></trkpt><trkpt lat="32.2233410" lon="-97.6231340"><ele>208.0</ele></trkpt><trkpt lat="32.2233270" lon="-97.6231290"><ele>208.0</ele></trkpt><trkpt lat="32.2233150" lon="-97.6231160"><ele>208.0</ele></trkpt><trkpt lat="32.2233030" lon="-97.6231040"><ele>208.0</ele></trkpt><trkpt lat="32.2232990" lon="-97.6230890"><ele>208.0</ele></trkpt><trkpt lat="32.2232950" lon="-97.6230740"><ele>208.0</ele></trkpt><trkpt lat="32.2233000" lon="-97.6230590"><ele>208.0</ele></trkpt><trkpt lat="32.2233050" lon="-97.6230450"><ele>208.0</ele></trkpt><trkpt lat="32.2233110" lon="-97.6230280"><ele>208.0</ele></trkpt><trkpt lat="32.2233170" lon="-97.6230110"><ele>208.0</ele></trkpt><trkpt lat="32.2233200" lon="-97.6229950"><ele>208.0</ele></trkpt><trkpt lat="32.2233220" lon="-97.6229790"><ele>208.0</ele></trkpt><trkpt lat="32.2233220" lon="-97.6229670"><ele>208.0</ele></trkpt><trkpt lat="32.2233220" lon="-97.6229560"><ele>208.0</ele></trkpt><trkpt lat="32.2233200" lon="-97.6229400"><ele>208.0</ele></trkpt><trkpt lat="32.2233180" lon="-97.6229240"><ele>208.0</ele></trkpt><trkpt lat="32.2233160" lon="-97.6229030"><ele>208.0</ele></trkpt><trkpt lat="32.2233140" lon="-97.6228830"><ele>209.0</ele></trkpt><trkpt lat="32.2233100" lon="-97.6228580"><ele>209.0</ele></trkpt><trkpt lat="32.2233070" lon="-97.6228330"><ele>209.0</ele></trkpt><trkpt lat="32.2232980" lon="-97.6228130"><ele>209.0</ele></trkpt><trkpt lat="32.2232890" lon="-97.6227940"><ele>209.0</ele></trkpt><trkpt lat="32.2232740" lon="-97.6227840"><ele>209.0</ele></trkpt><trkpt lat="32.2232580" lon="-97.6227740"><ele>209.0</ele></trkpt><trkpt lat="32.2232380" lon="-97.6227720"><ele>209.0</ele></trkpt><trkpt lat="32.2232180" lon="-97.6227700"><ele>209.0</ele></trkpt><trkpt lat="32.2232010" lon="-97.6227740"><ele>209.0</ele></trkpt><trkpt lat="32.2231850" lon="-97.6227780"><ele>209.0</ele></trkpt><trkpt lat="32.2231760" lon="-97.6227880"><ele>209.0</ele></trkpt><trkpt lat="32.2231680" lon="-97.6227970"><ele>209.0</ele></trkpt><trkpt lat="32.2231620" lon="-97.6228100"><ele>209.0</ele></trkpt><trkpt lat="32.2231560" lon="-97.6228240"><ele>209.0</ele></trkpt><trkpt lat="32.2231490" lon="-97.6228390"><ele>209.0</ele></trkpt><trkpt lat="32.2231420" lon="-97.6228540"><ele>209.0</ele></trkpt><trkpt lat="32.2231340" lon="-97.6228710"><ele>209.0</ele></trkpt><trkpt lat="32.2231260" lon="-97.6228880"><ele>209.0</ele></trkpt><trkpt lat="32.2231160" lon="-97.6229080"><ele>209.0</ele></trkpt><trkpt lat="32.2231070" lon="-97.6229280"><ele>209.0</ele></trkpt><trkpt lat="32.2230970" lon="-97.6229480"><ele>209.0</ele></trkpt><trkpt lat="32.2230870" lon="-97.6229690"><ele>209.0</ele></trkpt><trkpt lat="32.2230760" lon="-97.6229870"><ele>209.0</ele></trkpt><trkpt lat="32.2230650" lon="-97.6230060"><ele>209.0</ele></trkpt><trkpt lat="32.2230510" lon="-97.6230240"><ele>209.0</ele></trkpt><trkpt lat="32.2230380" lon="-97.6230420"><ele>209.0</ele></trkpt><trkpt lat="32.2230240" lon="-97.6230590"><ele>209.0</ele></trkpt><trkpt lat="32.2230100" lon="-97.6230760"><ele>209.0</ele></trkpt><trkpt lat="32.2229940" lon="-97.6230920"><ele>209.0</ele></trkpt><trkpt lat="32.2229780" lon="-97.6231070"><ele>209.0</ele></trkpt><trkpt lat="32.2229590" lon="-97.6231200"><ele>209.0</ele></trkpt><trkpt lat="32.2229410" lon="-97.6231320"><ele>209.0</ele></trkpt><trkpt lat="32.2229220" lon="-97.6231420"><ele>209.0</ele></trkpt><trkpt lat="32.2229040" lon="-97.6231520"><ele>209.0</ele></trkpt><trkpt lat="32.2228870" lon="-97.6231570"><ele>209.0</ele></trkpt><trkpt lat="32.2228700" lon="-97.6231620"><ele>209.0</ele></trkpt><trkpt lat="32.2228520" lon="-97.6231610"><ele>209.0</ele></trkpt><trkpt lat="32.2228350" lon="-97.6231600"><ele>209.0</ele></trkpt><trkpt lat="32.2228170" lon="-97.6231610"><ele>209.0</ele></trkpt><trkpt lat="32.2227990" lon="-97.6231620"><ele>210.0</ele></trkpt><trkpt lat="32.2227790" lon="-97.6231660"><ele>210.0</ele></trkpt><trkpt lat="32.2227590" lon="-97.6231700"><ele>210.0</ele></trkpt><trkpt lat="32.2227400" lon="-97.6231800"><ele>210.0</ele></trkpt><trkpt lat="32.2227220" lon="-97.6231900"><ele>210.0</ele></trkpt><trkpt lat="32.2227100" lon="-97.6232040"><ele>211.0</ele></trkpt><trkpt lat="32.2226970" lon="-97.6232180"><ele>211.0</ele></trkpt><trkpt lat="32.2226930" lon="-97.6232380"><ele>211.0</ele></trkpt><trkpt lat="32.2226900" lon="-97.6232580"><ele>211.0</ele></trkpt><trkpt lat="32.2226880" lon="-97.6232820"><ele>211.0</ele></trkpt><trkpt lat="32.2226870" lon="-97.6233050"><ele>212.0</ele></trkpt><trkpt lat="32.2226820" lon="-97.6233260"><ele>212.0</ele></trkpt><trkpt lat="32.2226780" lon="-97.6233460"><ele>212.0</ele></trkpt><trkpt lat="32.2226690" lon="-97.6233630"><ele>212.0</ele></trkpt><trkpt lat="32.2226600" lon="-97.6233810"><ele>212.0</ele></trkpt><trkpt lat="32.2226470" lon="-97.6233970"><ele>212.0</ele></trkpt><trkpt lat="32.2226350" lon="-97.6234120"><ele>212.0</ele></trkpt><trkpt lat="32.2226210" lon="-97.6234280"><ele>212.0</ele></trkpt><trkpt lat="32.2226070" lon="-97.6234430"><ele>212.0</ele></trkpt><trkpt lat="32.2225960" lon="-97.6234570"><ele>212.0</ele></trkpt><trkpt lat="32.2225850" lon="-97.6234720"><ele>213.0</ele></trkpt><trkpt lat="32.2225780" lon="-97.6234880"><ele>213.0</ele></trkpt><trkpt lat="32.2225700" lon="-97.6235040"><ele>213.0</ele></trkpt><trkpt lat="32.2225620" lon="-97.6235230"><ele>213.0</ele></trkpt><trkpt lat="32.2225530" lon="-97.6235420"><ele>213.0</ele></trkpt><trkpt lat="32.2225430" lon="-97.6235600"><ele>213.0</ele></trkpt><trkpt lat="32.2225320" lon="-97.6235770"><ele>213.0</ele></trkpt><trkpt lat="32.2225200" lon="-97.6235910"><ele>213.0</ele></trkpt><trkpt lat="32.2225090" lon="-97.6236050"><ele>213.0</ele></trkpt><trkpt lat="32.2224930" lon="-97.6236170"><ele>213.0</ele></trkpt><trkpt lat="32.2224780" lon="-97.6236300"><ele>214.0</ele></trkpt><trkpt lat="32.2224590" lon="-97.6236430"><ele>214.0</ele></trkpt><trkpt lat="32.2224400" lon="-97.6236570"><ele>214.0</ele></trkpt><trkpt lat="32.2224210" lon="-97.6236710"><ele>214.0</ele></trkpt><trkpt lat="32.2224020" lon="-97.6236860"><ele>214.0</ele></trkpt><trkpt lat="32.2223850" lon="-97.6237010"><ele>215.0</ele></trkpt><trkpt lat="32.2223680" lon="-97.6237170"><ele>215.0</ele></trkpt><trkpt lat="32.2223530" lon="-97.6237370"><ele>215.0</ele></trkpt><trkpt lat="32.2223390" lon="-97.6237560"><ele>215.0</ele></trkpt><trkpt lat="32.2223290" lon="-97.6237790"><ele>215.0</ele></trkpt><trkpt lat="32.2223190" lon="-97.6238020"><ele>215.0</ele></trkpt><trkpt lat="32.2223110" lon="-97.6238240"><ele>215.0</ele></trkpt><trkpt lat="32.2223040" lon="-97.6238460"><ele>215.0</ele></trkpt><trkpt lat="32.2222960" lon="-97.6238680"><ele>215.0</ele></trkpt><trkpt lat="32.2222890" lon="-97.6238910"><ele>215.0</ele></trkpt><trkpt lat="32.2222790" lon="-97.6239090"><ele>216.0</ele></trkpt><trkpt lat="32.2222680" lon="-97.6239280"><ele>216.0</ele></trkpt><trkpt lat="32.2222560" lon="-97.6239450"><ele>216.0</ele></trkpt><trkpt lat="32.2222440" lon="-97.6239630"><ele>216.0</ele></trkpt><trkpt lat="32.2222320" lon="-97.6239830"><ele>216.0</ele></trkpt><trkpt lat="32.2222190" lon="-97.6240040"><ele>216.0</ele></trkpt><trkpt lat="32.2222090" lon="-97.6240260"><ele>216.0</ele></trkpt><trkpt lat="32.2222000" lon="-97.6240490"><ele>216.0</ele></trkpt><trkpt lat="32.2221940" lon="-97.6240730"><ele>216.0</ele></trkpt><trkpt lat="32.2221880" lon="-97.6240980"><ele>216.0</ele></trkpt><trkpt lat="32.2221820" lon="-97.6241230"><ele>217.0</ele></trkpt><trkpt lat="32.2221750" lon="-97.6241470"><ele>217.0</ele></trkpt><trkpt lat="32.2221670" lon="-97.6241700"><ele>217.0</ele></trkpt><trkpt lat="32.2221580" lon="-97.6241930"><ele>217.0</ele></trkpt><trkpt lat="32.2221480" lon="-97.6242140"><ele>217.0</ele></trkpt><trkpt lat="32.2221370" lon="-97.6242360"><ele>218.0</ele></trkpt><trkpt lat="32.2221240" lon="-97.6242580"><ele>218.0</ele></trkpt><trkpt lat="32.2221110" lon="-97.6242800"><ele>218.0</ele></trkpt><trkpt lat="32.2220960" lon="-97.6243010"><ele>218.0</ele></trkpt><trkpt lat="32.2220820" lon="-97.6243230"><ele>218.0</ele></trkpt><trkpt lat="32.2220640" lon="-97.6243460"><ele>218.0</ele></trkpt><trkpt lat="32.2220450" lon="-97.6243690"><ele>218.0</ele></trkpt><trkpt lat="32.2220240" lon="-97.6243910"><ele>218.0</ele></trkpt><trkpt lat="32.2220020" lon="-97.6244120"><ele>218.0</ele></trkpt><trkpt lat="32.2219800" lon="-97.6244300"><ele>218.0</ele></trkpt><trkpt lat="32.2219580" lon="-97.6244480"><ele>219.0</ele></trkpt><trkpt lat="32.2219380" lon="-97.6244660"><ele>219.0</ele></trkpt><trkpt lat="32.2219180" lon="-97.6244840"><ele>219.0</ele></trkpt><trkpt lat="32.2219060" lon="-97.6245080"><ele>219.0</ele></trkpt><trkpt lat="32.2218930" lon="-97.6245320"><ele>219.0</ele></trkpt><trkpt lat="32.2218880" lon="-97.6245610"><ele>219.0</ele></trkpt><trkpt lat="32.2218820" lon="-97.6245910"><ele>219.0</ele></trkpt><trkpt lat="32.2218850" lon="-97.6246220"><ele>219.0</ele></trkpt><trkpt lat="32.2218870" lon="-97.6246540"><ele>219.0</ele></trkpt><trkpt lat="32.2218980" lon="-97.6246810"><ele>219.0</ele></trkpt><trkpt lat="32.2219080" lon="-97.6247080"><ele>219.0</ele></trkpt><trkpt lat="32.2219250" lon="-97.6247290"><ele>219.0</ele></trkpt><trkpt lat="32.2219420" lon="-97.6247500"><ele>219.0</ele></trkpt><trkpt lat="32.2219600" lon="-97.6247670"><ele>219.0</ele></trkpt><trkpt lat="32.2219780" lon="-97.6247850"><ele>219.0</ele></trkpt><trkpt lat="32.2219960" lon="-97.6247990"><ele>219.0</ele></trkpt><trkpt lat="32.2220150" lon="-97.6248130"><ele>219.0</ele></trkpt><trkpt lat="32.2220330" lon="-97.6248260"><ele>219.0</ele></trkpt><trkpt lat="32.2220520" lon="-97.6248390"><ele>219.0</ele></trkpt><trkpt lat="32.2220700" lon="-97.6248500"><ele>219.0</ele></trkpt><trkpt lat="32.2220890" lon="-97.6248620"><ele>219.0</ele></trkpt><trkpt lat="32.2221080" lon="-97.6248740"><ele>219.0</ele></trkpt><trkpt lat="32.2221270" lon="-97.6248850"><ele>219.0</ele></trkpt><trkpt lat="32.2221490" lon="-97.6248960"><ele>219.0</ele></trkpt><trkpt lat="32.2221700" lon="-97.6249070"><ele>219.0</ele></trkpt><trkpt lat="32.2221920" lon="-97.6249160"><ele>219.0</ele></trkpt><trkpt lat="32.2222150" lon="-97.6249250"><ele>219.0</ele></trkpt><trkpt lat="32.2222390" lon="-97.6249370"><ele>219.0</ele></trkpt><trkpt lat="32.2222640" lon="-97.6249480"><ele>219.0</ele></trkpt><trkpt lat="32.2222900" lon="-97.6249620"><ele>219.0</ele></trkpt><trkpt lat="32.2223160" lon="-97.6249770"><ele>219.0</ele></trkpt><trkpt lat="32.2223450" lon="-97.6249940"><ele>219.0</ele></trkpt><trkpt lat="32.2223740" lon="-97.6250100"><ele>219.0</ele></trkpt><trkpt lat="32.2224060" lon="-97.6250290"><ele>219.0</ele></trkpt><trkpt lat="32.2224390" lon="-97.6250480"><ele>219.0</ele></trkpt><trkpt lat="32.2224700" lon="-97.6250670"><ele>219.0</ele></trkpt><trkpt lat="32.2225020" lon="-97.6250850"><ele>218.0</ele></trkpt><trkpt lat="32.2225310" lon="-97.6251030"><ele>218.0</ele></trkpt><trkpt lat="32.2225600" lon="-97.6251200"><ele>218.0</ele></trkpt><trkpt lat="32.2225860" lon="-97.6251350"><ele>218.0</ele></trkpt><trkpt lat="32.2226120" lon="-97.6251490"><ele>218.0</ele></trkpt><trkpt lat="32.2226360" lon="-97.6251610"><ele>217.0</ele></trkpt><trkpt lat="32.2226600" lon="-97.6251720"><ele>217.0</ele></trkpt><trkpt lat="32.2226810" lon="-97.6251810"><ele>217.0</ele></trkpt><trkpt lat="32.2227010" lon="-97.6251900"><ele>217.0</ele></trkpt><trkpt lat="32.2227190" lon="-97.6252000"><ele>217.0</ele></trkpt><trkpt lat="32.2227360" lon="-97.6252090"><ele>216.0</ele></trkpt><trkpt lat="32.2227500" lon="-97.6252190"><ele>216.0</ele></trkpt><trkpt lat="32.2227650" lon="-97.6252290"><ele>216.0</ele></trkpt><trkpt lat="32.2227770" lon="-97.6252380"><ele>216.0</ele></trkpt><trkpt lat="32.2227890" lon="-97.6252470"><ele>216.0</ele></trkpt><trkpt lat="32.2228000" lon="-97.6252560"><ele>215.0</ele></trkpt><trkpt lat="32.2228110" lon="-97.6252640"><ele>215.0</ele></trkpt><trkpt lat="32.2228220" lon="-97.6252750"><ele>215.0</ele></trkpt><trkpt lat="32.2228320" lon="-97.6252860"><ele>215.0</ele></trkpt><trkpt lat="32.2228420" lon="-97.6252980"><ele>215.0</ele></trkpt><trkpt lat="32.2228520" lon="-97.6253110"><ele>215.0</ele></trkpt><trkpt lat="32.2228620" lon="-97.6253240"><ele>215.0</ele></trkpt><trkpt lat="32.2228720" lon="-97.6253370"><ele>215.0</ele></trkpt><trkpt lat="32.2228830" lon="-97.6253490"><ele>215.0</ele></trkpt><trkpt lat="32.2228950" lon="-97.6253600"><ele>216.0</ele></trkpt><trkpt lat="32.2229100" lon="-97.6253700"><ele>216.0</ele></trkpt><trkpt lat="32.2229260" lon="-97.6253810"><ele>216.0</ele></trkpt><trkpt lat="32.2229420" lon="-97.6253910"><ele>216.0</ele></trkpt><trkpt lat="32.2229590" lon="-97.6254010"><ele>216.0</ele></trkpt><trkpt lat="32.2229770" lon="-97.6254120"><ele>217.0</ele></trkpt><trkpt lat="32.2229950" lon="-97.6254230"><ele>217.0</ele></trkpt><trkpt lat="32.2230150" lon="-97.6254360"><ele>217.0</ele></trkpt><trkpt lat="32.2230340" lon="-97.6254490"><ele>217.0</ele></trkpt><trkpt lat="32.2230550" lon="-97.6254640"><ele>217.0</ele></trkpt><trkpt lat="32.2230750" lon="-97.6254780"><ele>217.0</ele></trkpt><trkpt lat="32.2230950" lon="-97.6254940"><ele>217.0</ele></trkpt><trkpt lat="32.2231160" lon="-97.6255090"><ele>217.0</ele></trkpt><trkpt lat="32.2231350" lon="-97.6255230"><ele>217.0</ele></trkpt><trkpt lat="32.2231550" lon="-97.6255370"><ele>217.0</ele></trkpt><trkpt lat="32.2231740" lon="-97.6255490"><ele>218.0</ele></trkpt><trkpt lat="32.2231940" lon="-97.6255610"><ele>218.0</ele></trkpt><trkpt lat="32.2232140" lon="-97.6255730"><ele>218.0</ele></trkpt><trkpt lat="32.2232340" lon="-97.6255840"><ele>218.0</ele></trkpt><trkpt lat="32.2232540" lon="-97.6255950"><ele>218.0</ele></trkpt><trkpt lat="32.2232750" lon="-97.6256070"><ele>219.0</ele></trkpt><trkpt lat="32.2232930" lon="-97.6256190"><ele>219.0</ele></trkpt><trkpt lat="32.2233120" lon="-97.6256320"><ele>219.0</ele></trkpt><trkpt lat="32.2233330" lon="-97.6256430"><ele>219.0</ele></trkpt><trkpt lat="32.2233530" lon="-97.6256550"><ele>219.0</ele></trkpt><trkpt lat="32.2233750" lon="-97.6256630"><ele>219.0</ele></trkpt><trkpt lat="32.2233970" lon="-97.6256710"><ele>219.0</ele></trkpt><trkpt lat="32.2234220" lon="-97.6256770"><ele>219.0</ele></trkpt><trkpt lat="32.2234470" lon="-97.6256830"><ele>219.0</ele></trkpt><trkpt lat="32.2234720" lon="-97.6256890"><ele>219.0</ele></trkpt><trkpt lat="32.2234980" lon="-97.6256940"><ele>219.0</ele></trkpt><trkpt lat="32.2235220" lon="-97.6257010"><ele>219.0</ele></trkpt><trkpt lat="32.2235470" lon="-97.6257080"><ele>219.0</ele></trkpt><trkpt lat="32.2235700" lon="-97.6257160"><ele>219.0</ele></trkpt><trkpt lat="32.2235930" lon="-97.6257240"><ele>219.0</ele></trkpt><trkpt lat="32.2236130" lon="-97.6257320"><ele>220.0</ele></trkpt><trkpt lat="32.2236330" lon="-97.6257390"><ele>220.0</ele></trkpt><trkpt lat="32.2236510" lon="-97.6257490"><ele>220.0</ele></trkpt><trkpt lat="32.2236690" lon="-97.6257590"><ele>220.0</ele></trkpt><trkpt lat="32.2236850" lon="-97.6257740"><ele>220.0</ele></trkpt><trkpt lat="32.2237020" lon="-97.6257880"><ele>220.0</ele></trkpt><trkpt lat="32.2237180" lon="-97.6258060"><ele>220.0</ele></trkpt><trkpt lat="32.2237340" lon="-97.6258230"><ele>220.0</ele></trkpt><trkpt lat="32.2237500" lon="-97.6258430"><ele>220.0</ele></trkpt><trkpt lat="32.2237660" lon="-97.6258620"><ele>220.0</ele></trkpt><trkpt lat="32.2237830" lon="-97.6258790"><ele>221.0</ele></trkpt><trkpt lat="32.2238010" lon="-97.6258960"><ele>221.0</ele></trkpt><trkpt lat="32.2238210" lon="-97.6259050"><ele>221.0</ele></trkpt><trkpt lat="32.2238410" lon="-97.6259130"><ele>221.0</ele></trkpt><trkpt lat="32.2238640" lon="-97.6259160"><ele>221.0</ele></trkpt><trkpt lat="32.2238860" lon="-97.6259180"><ele>221.0</ele></trkpt><trkpt lat="32.2239100" lon="-97.6259190"><ele>221.0</ele></trkpt><trkpt lat="32.2239340" lon="-97.6259190"><ele>221.0</ele></trkpt><trkpt lat="32.2239580" lon="-97.6259190"><ele>221.0</ele></trkpt><trkpt lat="32.2239820" lon="-97.6259190"><ele>221.0</ele></trkpt><trkpt lat="32.2240060" lon="-97.6259180"><ele>221.0</ele></trkpt><trkpt lat="32.2240300" lon="-97.6259170"><ele>221.0</ele></trkpt><trkpt lat="32.2240540" lon="-97.6259170"><ele>221.0</ele></trkpt><trkpt lat="32.2240790" lon="-97.6259170"><ele>221.0</ele></trkpt><trkpt lat="32.2241030" lon="-97.6259190"><ele>221.0</ele></trkpt><trkpt lat="32.2241260" lon="-97.6259210"><ele>222.0</ele></trkpt><trkpt lat="32.2241480" lon="-97.6259250"><ele>222.0</ele></trkpt><trkpt lat="32.2241700" lon="-97.6259290"><ele>222.0</ele></trkpt><trkpt lat="32.2241920" lon="-97.6259360"><ele>222.0</ele></trkpt><trkpt lat="32.2242140" lon="-97.6259420"><ele>222.0</ele></trkpt><trkpt lat="32.2242360" lon="-97.6259520"><ele>222.0</ele></trkpt><trkpt lat="32.2242590" lon="-97.6259610"><ele>222.0</ele></trkpt><trkpt lat="32.2242810" lon="-97.6259730"><ele>222.0</ele></trkpt><trkpt lat="32.2243040" lon="-97.6259860"><ele>222.0</ele></trkpt><trkpt lat="32.2243260" lon="-97.6260010"><ele>222.0</ele></trkpt><trkpt lat="32.2243480" lon="-97.6260170"><ele>223.0</ele></trkpt><trkpt lat="32.2243710" lon="-97.6260330"><ele>223.0</ele></trkpt><trkpt lat="32.2243940" lon="-97.6260490"><ele>223.0</ele></trkpt><trkpt lat="32.2244190" lon="-97.6260640"><ele>223.0</ele></trkpt><trkpt lat="32.2244440" lon="-97.6260780"><ele>223.0</ele></trkpt><trkpt lat="32.2244700" lon="-97.6260880"><ele>223.0</ele></trkpt><trkpt lat="32.2244970" lon="-97.6260990"><ele>223.0</ele></trkpt><trkpt lat="32.2245230" lon="-97.6261050"><ele>223.0</ele></trkpt><trkpt lat="32.2245490" lon="-97.6261110"><ele>223.0</ele></trkpt><trkpt lat="32.2245740" lon="-97.6261120"><ele>223.0</ele></trkpt><trkpt lat="32.2246000" lon="-97.6261140"><ele>223.0</ele></trkpt><trkpt lat="32.2246240" lon="-97.6261110"><ele>223.0</ele></trkpt><trkpt lat="32.2246490" lon="-97.6261070"><ele>223.0</ele></trkpt><trkpt lat="32.2246740" lon="-97.6261010"><ele>223.0</ele></trkpt><trkpt lat="32.2246990" lon="-97.6260950"><ele>223.0</ele></trkpt><trkpt lat="32.2247240" lon="-97.6260890"><ele>223.0</ele></trkpt><trkpt lat="32.2247500" lon="-97.6260830"><ele>223.0</ele></trkpt><trkpt lat="32.2247740" lon="-97.6260780"><ele>223.0</ele></trkpt><trkpt lat="32.2247990" lon="-97.6260740"><ele>223.0</ele></trkpt><trkpt lat="32.2248240" lon="-97.6260690"><ele>223.0</ele></trkpt><trkpt lat="32.2248490" lon="-97.6260640"><ele>223.0</ele></trkpt><trkpt lat="32.2248750" lon="-97.6260590"><ele>222.0</ele></trkpt><trkpt lat="32.2249000" lon="-97.6260550"><ele>222.0</ele></trkpt><trkpt lat="32.2249260" lon="-97.6260490"><ele>222.0</ele></trkpt><trkpt lat="32.2249520" lon="-97.6260440"><ele>222.0</ele></trkpt><trkpt lat="32.2249750" lon="-97.6260350"><ele>222.0</ele></trkpt><trkpt lat="32.2249980" lon="-97.6260250"><ele>222.0</ele></trkpt><trkpt lat="32.2250180" lon="-97.6260100"><ele>222.0</ele></trkpt><trkpt lat="32.2250370" lon="-97.6259960"><ele>222.0</ele></trkpt><trkpt lat="32.2250510" lon="-97.6259770"><ele>222.0</ele></trkpt><trkpt lat="32.2250650" lon="-97.6259580"><ele>222.0</ele></trkpt><trkpt lat="32.2250740" lon="-97.6259370"><ele>222.0</ele></trkpt><trkpt lat="32.2250820" lon="-97.6259160"><ele>222.0</ele></trkpt><trkpt lat="32.2250910" lon="-97.6258950"><ele>222.0</ele></trkpt><trkpt lat="32.2250990" lon="-97.6258740"><ele>222.0</ele></trkpt><trkpt lat="32.2251090" lon="-97.6258510"><ele>222.0</ele></trkpt><trkpt lat="32.2251180" lon="-97.6258280"><ele>222.0</ele></trkpt><trkpt lat="32.2251280" lon="-97.6258010"><ele>222.0</ele></trkpt><trkpt lat="32.2251380" lon="-97.6257750"><ele>222.0</ele></trkpt><trkpt lat="32.2251490" lon="-97.6257450"><ele>222.0</ele></trkpt><trkpt lat="32.2251590" lon="-97.6257150"><ele>222.0</ele></trkpt><trkpt lat="32.2251700" lon="-97.6256810"><ele>221.0</ele></trkpt><trkpt lat="32.2251810" lon="-97.6256470"><ele>221.0</ele></trkpt><trkpt lat="32.2251890" lon="-97.6256140"><ele>221.0</ele></trkpt><trkpt lat="32.2251980" lon="-97.6255810"><ele>221.0</ele></trkpt><trkpt lat="32.2252030" lon="-97.6255500"><ele>221.0</ele></trkpt><trkpt lat="32.2252080" lon="-97.6255190"><ele>220.0</ele></trkpt><trkpt lat="32.2252110" lon="-97.6254900"><ele>220.0</ele></trkpt><trkpt lat="32.2252130" lon="-97.6254600"><ele>220.0</ele></trkpt><trkpt lat="32.2252130" lon="-97.6254340"><ele>220.0</ele></trkpt><trkpt lat="32.2252140" lon="-97.6254090"><ele>220.0</ele></trkpt><trkpt lat="32.2252170" lon="-97.6253880"><ele>219.0</ele></trkpt><trkpt lat="32.2252210" lon="-97.6253670"><ele>219.0</ele></trkpt><trkpt lat="32.2252280" lon="-97.6253480"><ele>218.0</ele></trkpt><trkpt lat="32.2252360" lon="-97.6253300"><ele>218.0</ele></trkpt><trkpt lat="32.2252480" lon="-97.6253110"><ele>218.0</ele></trkpt><trkpt lat="32.2252600" lon="-97.6252930"><ele>217.0</ele></trkpt><trkpt lat="32.2252740" lon="-97.6252740"><ele>217.0</ele></trkpt><trkpt lat="32.2252880" lon="-97.6252560"><ele>217.0</ele></trkpt><trkpt lat="32.2253030" lon="-97.6252370"><ele>217.0</ele></trkpt><trkpt lat="32.2253190" lon="-97.6252180"><ele>217.0</ele></trkpt><trkpt lat="32.2253360" lon="-97.6251960"><ele>217.0</ele></trkpt><trkpt lat="32.2253530" lon="-97.6251750"><ele>217.0</ele></trkpt><trkpt lat="32.2253710" lon="-97.6251520"><ele>217.0</ele></trkpt><trkpt lat="32.2253890" lon="-97.6251290"><ele>217.0</ele></trkpt><trkpt lat="32.2254090" lon="-97.6251030"><ele>218.0</ele></trkpt><trkpt lat="32.2254280" lon="-97.6250780"><ele>218.0</ele></trkpt><trkpt lat="32.2254460" lon="-97.6250550"><ele>218.0</ele></trkpt><trkpt lat="32.2254650" lon="-97.6250320"><ele>218.0</ele></trkpt><trkpt lat="32.2254820" lon="-97.6250090"><ele>218.0</ele></trkpt><trkpt lat="32.2254980" lon="-97.6249870"><ele>218.0</ele></trkpt><trkpt lat="32.2255140" lon="-97.6249640"><ele>218.0</ele></trkpt><trkpt lat="32.2255300" lon="-97.6249410"><ele>218.0</ele></trkpt><trkpt lat="32.2255470" lon="-97.6249160"><ele>218.0</ele></trkpt><trkpt lat="32.2255640" lon="-97.6248920"><ele>218.0</ele></trkpt><trkpt lat="32.2255830" lon="-97.6248680"><ele>219.0</ele></trkpt><trkpt lat="32.2256020" lon="-97.6248440"><ele>219.0</ele></trkpt><trkpt lat="32.2256220" lon="-97.6248200"><ele>219.0</ele></trkpt><trkpt lat="32.2256410" lon="-97.6247960"><ele>219.0</ele></trkpt><trkpt lat="32.2256610" lon="-97.6247720"><ele>219.0</ele></trkpt><trkpt lat="32.2256810" lon="-97.6247490"><ele>219.0</ele></trkpt><trkpt lat="32.2257000" lon="-97.6247250"><ele>219.0</ele></trkpt><trkpt lat="32.2257190" lon="-97.6247010"><ele>219.0</ele></trkpt><trkpt lat="32.2257360" lon="-97.6246770"><ele>219.0</ele></trkpt><trkpt lat="32.2257530" lon="-97.6246530"><ele>219.0</ele></trkpt><trkpt lat="32.2257670" lon="-97.6246300"><ele>219.0</ele></trkpt><trkpt lat="32.2257820" lon="-97.6246070"><ele>218.0</ele></trkpt><trkpt lat="32.2257960" lon="-97.6245830"><ele>218.0</ele></trkpt><trkpt lat="32.2258100" lon="-97.6245600"><ele>218.0</ele></trkpt><trkpt lat="32.2258240" lon="-97.6245350"><ele>218.0</ele></trkpt><trkpt lat="32.2258380" lon="-97.6245090"><ele>218.0</ele></trkpt><trkpt lat="32.2258530" lon="-97.6244800"><ele>218.0</ele></trkpt><trkpt lat="32.2258680" lon="-97.6244520"><ele>218.0</ele></trkpt><trkpt lat="32.2258840" lon="-97.6244220"><ele>218.0</ele></trkpt><trkpt lat="32.2259000" lon="-97.6243920"><ele>218.0</ele></trkpt><trkpt lat="32.2259160" lon="-97.6243620"><ele>218.0</ele></trkpt><trkpt lat="32.2259310" lon="-97.6243320"><ele>218.0</ele></trkpt><trkpt lat="32.2259460" lon="-97.6243020"><ele>218.0</ele></trkpt><trkpt lat="32.2259610" lon="-97.6242720"><ele>218.0</ele></trkpt><trkpt lat="32.2259740" lon="-97.6242420"><ele>218.0</ele></trkpt><trkpt lat="32.2259880" lon="-97.6242120"><ele>218.0</ele></trkpt><trkpt lat="32.2260000" lon="-97.6241830"><ele>217.0</ele></trkpt><trkpt lat="32.2260120" lon="-97.6241540"><ele>217.0</ele></trkpt><trkpt lat="32.2260220" lon="-97.6241270"><ele>217.0</ele></trkpt><trkpt lat="32.2260310" lon="-97.6241010"><ele>217.0</ele></trkpt><trkpt lat="32.2260360" lon="-97.6240740"><ele>217.0</ele></trkpt><trkpt lat="32.2260410" lon="-97.6240470"><ele>216.0</ele></trkpt><trkpt lat="32.2260440" lon="-97.6240190"><ele>216.0</ele></trkpt><trkpt lat="32.2260470" lon="-97.6239900"><ele>216.0</ele></trkpt><trkpt lat="32.2260510" lon="-97.6239590"><ele>216.0</ele></trkpt><trkpt lat="32.2260560" lon="-97.6239280"><ele>216.0</ele></trkpt><trkpt lat="32.2260630" lon="-97.6238970"><ele>215.0</ele></trkpt><trkpt lat="32.2260700" lon="-97.6238650"><ele>215.0</ele></trkpt><trkpt lat="32.2260830" lon="-97.6238340"><ele>215.0</ele></trkpt><trkpt lat="32.2260970" lon="-97.6238020"><ele>215.0</ele></trkpt><trkpt lat="32.2261180" lon="-97.6237720"><ele>215.0</ele></trkpt><trkpt lat="32.2261390" lon="-97.6237420"><ele>214.0</ele></trkpt><trkpt lat="32.2261600" lon="-97.6237140"><ele>214.0</ele></trkpt><trkpt lat="32.2261820" lon="-97.6236850"><ele>214.0</ele></trkpt><trkpt lat="32.2262000" lon="-97.6236590"><ele>214.0</ele></trkpt><trkpt lat="32.2262190" lon="-97.6236330"><ele>214.0</ele></trkpt><trkpt lat="32.2262340" lon="-97.6236100"><ele>213.0</ele></trkpt><trkpt lat="32.2262500" lon="-97.6235870"><ele>213.0</ele></trkpt><trkpt lat="32.2262640" lon="-97.6235650"><ele>212.0</ele></trkpt><trkpt lat="32.2262780" lon="-97.6235430"><ele>212.0</ele></trkpt><trkpt lat="32.2262930" lon="-97.6235220"><ele>212.0</ele></trkpt><trkpt lat="32.2263080" lon="-97.6235020"><ele>211.0</ele></trkpt><trkpt lat="32.2263230" lon="-97.6234800"><ele>211.0</ele></trkpt><trkpt lat="32.2263380" lon="-97.6234590"><ele>211.0</ele></trkpt><trkpt lat="32.2263530" lon="-97.6234380"><ele>211.0</ele></trkpt><trkpt lat="32.2263680" lon="-97.6234170"><ele>211.0</ele></trkpt><trkpt lat="32.2263820" lon="-97.6233970"><ele>210.0</ele></trkpt><trkpt lat="32.2263970" lon="-97.6233780"><ele>210.0</ele></trkpt><trkpt lat="32.2264100" lon="-97.6233590"><ele>210.0</ele></trkpt><trkpt lat="32.2264230" lon="-97.6233410"><ele>210.0</ele></trkpt><trkpt lat="32.2264360" lon="-97.6233220"><ele>210.0</ele></trkpt><trkpt lat="32.2264480" lon="-97.6233040"><ele>210.0</ele></trkpt><trkpt lat="32.2264620" lon="-97.6232850"><ele>210.0</ele></trkpt><trkpt lat="32.2264770" lon="-97.6232660"><ele>210.0</ele></trkpt><trkpt lat="32.2264910" lon="-97.6232480"><ele>210.0</ele></trkpt><trkpt lat="32.2265060" lon="-97.6232290"><ele>211.0</ele></trkpt><trkpt lat="32.2265190" lon="-97.6232110"><ele>211.0</ele></trkpt><trkpt lat="32.2265330" lon="-97.6231930"><ele>211.0</ele></trkpt><trkpt lat="32.2265470" lon="-97.6231740"><ele>211.0</ele></trkpt><trkpt lat="32.2265610" lon="-97.6231540"><ele>211.0</ele></trkpt><trkpt lat="32.2265760" lon="-97.6231350"><ele>211.0</ele></trkpt><trkpt lat="32.2265910" lon="-97.6231160"><ele>211.0</ele></trkpt><trkpt lat="32.2266060" lon="-97.6230970"><ele>211.0</ele></trkpt><trkpt lat="32.2266200" lon="-97.6230790"><ele>211.0</ele></trkpt><trkpt lat="32.2266360" lon="-97.6230590"><ele>211.0</ele></trkpt><trkpt lat="32.2266520" lon="-97.6230390"><ele>211.0</ele></trkpt><trkpt lat="32.2266700" lon="-97.6230180"><ele>211.0</ele></trkpt><trkpt lat="32.2266870" lon="-97.6229970"><ele>211.0</ele></trkpt><trkpt lat="32.2267050" lon="-97.6229750"><ele>211.0</ele></trkpt><trkpt lat="32.2267220" lon="-97.6229530"><ele>211.0</ele></trkpt><trkpt lat="32.2267370" lon="-97.6229310"><ele>212.0</ele></trkpt><trkpt lat="32.2267520" lon="-97.6229080"><ele>212.0</ele></trkpt><trkpt lat="32.2267650" lon="-97.6228860"><ele>212.0</ele></trkpt><trkpt lat="32.2267780" lon="-97.6228640"><ele>212.0</ele></trkpt><trkpt lat="32.2267870" lon="-97.6228420"><ele>212.0</ele></trkpt><trkpt lat="32.2267970" lon="-97.6228190"><ele>212.0</ele></trkpt><trkpt lat="32.2268050" lon="-97.6227960"><ele>212.0</ele></trkpt><trkpt lat="32.2268140" lon="-97.6227720"><ele>212.0</ele></trkpt><trkpt lat="32.2268240" lon="-97.6227460"><ele>212.0</ele></trkpt><trkpt lat="32.2268340" lon="-97.6227200"><ele>212.0</ele></trkpt><trkpt lat="32.2268450" lon="-97.6226920"><ele>213.0</ele></trkpt><trkpt lat="32.2268550" lon="-97.6226640"><ele>213.0</ele></trkpt><trkpt lat="32.2268660" lon="-97.6226360"><ele>213.0</ele></trkpt><trkpt lat="32.2268770" lon="-97.6226070"><ele>213.0</ele></trkpt><trkpt lat="32.2268880" lon="-97.6225800"><ele>213.0</ele></trkpt><trkpt lat="32.2268990" lon="-97.6225520"><ele>213.0</ele></trkpt><trkpt lat="32.2269120" lon="-97.6225260"><ele>213.0</ele></trkpt><trkpt lat="32.2269250" lon="-97.6225000"><ele>213.0</ele></trkpt><trkpt lat="32.2269390" lon="-97.6224750"><ele>213.0</ele></trkpt><trkpt lat="32.2269530" lon="-97.6224510"><ele>213.0</ele></trkpt><trkpt lat="32.2269670" lon="-97.6224300"><ele>213.0</ele></trkpt><trkpt lat="32.2269820" lon="-97.6224090"><ele>213.0</ele></trkpt><trkpt lat="32.2269980" lon="-97.6223900"><ele>213.0</ele></trkpt><trkpt lat="32.2270140" lon="-97.6223720"><ele>213.0</ele></trkpt><trkpt lat="32.2270290" lon="-97.6223520"><ele>213.0</ele></trkpt><trkpt lat="32.2270440" lon="-97.6223330"><ele>214.0</ele></trkpt><trkpt lat="32.2270570" lon="-97.6223120"><ele>214.0</ele></trkpt><trkpt lat="32.2270700" lon="-97.6222900"><ele>214.0</ele></trkpt><trkpt lat="32.2270810" lon="-97.6222670"><ele>214.0</ele></trkpt><trkpt lat="32.2270920" lon="-97.6222450"><ele>214.0</ele></trkpt><trkpt lat="32.2271020" lon="-97.6222220"><ele>214.0</ele></trkpt><trkpt lat="32.2271110" lon="-97.6222000"><ele>214.0</ele></trkpt><trkpt lat="32.2271210" lon="-97.6221770"><ele>214.0</ele></trkpt><trkpt lat="32.2271300" lon="-97.6221540"><ele>214.0</ele></trkpt><trkpt lat="32.2271400" lon="-97.6221280"><ele>214.0</ele></trkpt><trkpt lat="32.2271500" lon="-97.6221030"><ele>214.0</ele></trkpt><trkpt lat="32.2271610" lon="-97.6220760"><ele>214.0</ele></trkpt><trkpt lat="32.2271720" lon="-97.6220490"><ele>214.0</ele></trkpt><trkpt lat="32.2271840" lon="-97.6220230"><ele>214.0</ele></trkpt><trkpt lat="32.2271970" lon="-97.6219970"><ele>214.0</ele></trkpt><trkpt lat="32.2272110" lon="-97.6219730"><ele>214.0</ele></trkpt><trkpt lat="32.2272240" lon="-97.6219490"><ele>214.0</ele></trkpt><trkpt lat="32.2272360" lon="-97.6219240"><ele>214.0</ele></trkpt><trkpt lat="32.2272470" lon="-97.6219000"><ele>214.0</ele></trkpt><trkpt lat="32.2272540" lon="-97.6218740"><ele>214.0</ele></trkpt><trkpt lat="32.2272620" lon="-97.6218480"><ele>214.0</ele></trkpt><trkpt lat="32.2272670" lon="-97.6218210"><ele>214.0</ele></trkpt><trkpt lat="32.2272730" lon="-97.6217940"><ele>214.0</ele></trkpt><trkpt lat="32.2272800" lon="-97.6217660"><ele>214.0</ele></trkpt><trkpt lat="32.2272870" lon="-97.6217380"><ele>214.0</ele></trkpt><trkpt lat="32.2272960" lon="-97.6217110"><ele>214.0</ele></trkpt><trkpt lat="32.2273060" lon="-97.6216840"><ele>214.0</ele></trkpt><trkpt lat="32.2273180" lon="-97.6216560"><ele>214.0</ele></trkpt><trkpt lat="32.2273300" lon="-97.6216290"><ele>214.0</ele></trkpt><trkpt lat="32.2273440" lon="-97.6216000"><ele>214.0</ele></trkpt><trkpt lat="32.2273580" lon="-97.6215710"><ele>214.0</ele></trkpt><trkpt lat="32.2273710" lon="-97.6215430"><ele>213.0</ele></trkpt><trkpt lat="32.2273840" lon="-97.6215140"><ele>213.0</ele></trkpt><trkpt lat="32.2273970" lon="-97.6214890"><ele>213.0</ele></trkpt><trkpt lat="32.2274090" lon="-97.6214630"><ele>213.0</ele></trkpt><trkpt lat="32.2274210" lon="-97.6214390"><ele>213.0</ele></trkpt><trkpt lat="32.2274320" lon="-97.6214150"><ele>212.0</ele></trkpt><trkpt lat="32.2274400" lon="-97.6213900"><ele>212.0</ele></trkpt><trkpt lat="32.2274490" lon="-97.6213640"><ele>212.0</ele></trkpt><trkpt lat="32.2274550" lon="-97.6213370"><ele>212.0</ele></trkpt><trkpt lat="32.2274620" lon="-97.6213110"><ele>212.0</ele></trkpt><trkpt lat="32.2274710" lon="-97.6212840"><ele>212.0</ele></trkpt><trkpt lat="32.2274790" lon="-97.6212570"><ele>212.0</ele></trkpt><trkpt lat="32.2274900" lon="-97.6212300"><ele>212.0</ele></trkpt><trkpt lat="32.2275000" lon="-97.6212030"><ele>212.0</ele></trkpt><trkpt lat="32.2275100" lon="-97.6211740"><ele>212.0</ele></trkpt><trkpt lat="32.2275200" lon="-97.6211460"><ele>211.0</ele></trkpt><trkpt lat="32.2275290" lon="-97.6211200"><ele>211.0</ele></trkpt><trkpt lat="32.2275370" lon="-97.6210930"><ele>211.0</ele></trkpt><trkpt lat="32.2275420" lon="-97.6210700"><ele>211.0</ele></trkpt><trkpt lat="32.2275470" lon="-97.6210460"><ele>211.0</ele></trkpt><trkpt lat="32.2275460" lon="-97.6210240"><ele>211.0</ele></trkpt><trkpt lat="32.2275460" lon="-97.6210010"><ele>211.0</ele></trkpt><trkpt lat="32.2275400" lon="-97.6209790"><ele>211.0</ele></trkpt><trkpt lat="32.2275340" lon="-97.6209570"><ele>211.0</ele></trkpt><trkpt lat="32.2275210" lon="-97.6209360"><ele>212.0</ele></trkpt><trkpt lat="32.2275080" lon="-97.6209150"><ele>212.0</ele></trkpt><trkpt lat="32.2274930" lon="-97.6208960"><ele>212.0</ele></trkpt><trkpt lat="32.2274770" lon="-97.6208770"><ele>212.0</ele></trkpt><trkpt lat="32.2274590" lon="-97.6208630"><ele>212.0</ele></trkpt><trkpt lat="32.2274420" lon="-97.6208480"><ele>212.0</ele></trkpt><trkpt lat="32.2274230" lon="-97.6208360"><ele>212.0</ele></trkpt><trkpt lat="32.2274040" lon="-97.6208230"><ele>212.0</ele></trkpt><trkpt lat="32.2273870" lon="-97.6208090"><ele>212.0</ele></trkpt><trkpt lat="32.2273700" lon="-97.6207950"><ele>212.0</ele></trkpt><trkpt lat="32.2273550" lon="-97.6207780"><ele>213.0</ele></trkpt><trkpt lat="32.2273400" lon="-97.6207610"><ele>213.0</ele></trkpt><trkpt lat="32.2273260" lon="-97.6207420"><ele>213.0</ele></trkpt><trkpt lat="32.2273120" lon="-97.6207230"><ele>213.0</ele></trkpt><trkpt lat="32.2272980" lon="-97.6207020"><ele>213.0</ele></trkpt><trkpt lat="32.2272840" lon="-97.6206820"><ele>213.0</ele></trkpt><trkpt lat="32.2272660" lon="-97.6206630"><ele>213.0</ele></trkpt><trkpt lat="32.2272490" lon="-97.6206440"><ele>213.0</ele></trkpt><trkpt lat="32.2272280" lon="-97.6206270"><ele>213.0</ele></trkpt><trkpt lat="32.2272080" lon="-97.6206100"><ele>213.0</ele></trkpt><trkpt lat="32.2271870" lon="-97.6205930"><ele>214.0</ele></trkpt><trkpt lat="32.2271660" lon="-97.6205760"><ele>214.0</ele></trkpt><trkpt lat="32.2271450" lon="-97.6205610"><ele>214.0</ele></trkpt><trkpt lat="32.2271230" lon="-97.6205460"><ele>214.0</ele></trkpt><trkpt lat="32.2271010" lon="-97.6205340"><ele>214.0</ele></trkpt><trkpt lat="32.2270780" lon="-97.6205220"><ele>214.0</ele></trkpt><trkpt lat="32.2270550" lon="-97.6205120"><ele>214.0</ele></trkpt><trkpt lat="32.2270320" lon="-97.6205010"><ele>214.0</ele></trkpt><trkpt lat="32.2270100" lon="-97.6204930"><ele>214.0</ele></trkpt><trkpt lat="32.2269880" lon="-97.6204850"><ele>214.0</ele></trkpt><trkpt lat="32.2269680" lon="-97.6204790"><ele>215.0</ele></trkpt><trkpt lat="32.2269470" lon="-97.6204730"><ele>215.0</ele></trkpt><trkpt lat="32.2269270" lon="-97.6204670"><ele>215.0</ele></trkpt><trkpt lat="32.2269070" lon="-97.6204620"><ele>215.0</ele></trkpt><trkpt lat="32.2268870" lon="-97.6204580"><ele>215.0</ele></trkpt><trkpt lat="32.2268680" lon="-97.6204540"><ele>215.0</ele></trkpt><trkpt lat="32.2268460" lon="-97.6204510"><ele>215.0</ele></trkpt><trkpt lat="32.2268240" lon="-97.6204480"><ele>215.0</ele></trkpt><trkpt lat="32.2268010" lon="-97.6204460"><ele>215.0</ele></trkpt><trkpt lat="32.2267780" lon="-97.6204440"><ele>215.0</ele></trkpt><trkpt lat="32.2267550" lon="-97.6204400"><ele>216.0</ele></trkpt><trkpt lat="32.2267330" lon="-97.6204360"><ele>216.0</ele></trkpt><trkpt lat="32.2267120" lon="-97.6204260"><ele>216.0</ele></trkpt><trkpt lat="32.2266920" lon="-97.6204160"><ele>216.0</ele></trkpt><trkpt lat="32.2266750" lon="-97.6203990"><ele>216.0</ele></trkpt><trkpt lat="32.2266580" lon="-97.6203820"><ele>216.0</ele></trkpt><trkpt lat="32.2266470" lon="-97.6203620"><ele>216.0</ele></trkpt><trkpt lat="32.2266360" lon="-97.6203410"><ele>216.0</ele></trkpt><trkpt lat="32.2266300" lon="-97.6203200"><ele>216.0</ele></trkpt><trkpt lat="32.2266240" lon="-97.6202980"><ele>216.0</ele></trkpt><trkpt lat="32.2266220" lon="-97.6202760"><ele>216.0</ele></trkpt><trkpt lat="32.2266210" lon="-97.6202530"><ele>216.0</ele></trkpt><trkpt lat="32.2266190" lon="-97.6202280"><ele>216.0</ele></trkpt><trkpt lat="32.2266180" lon="-97.6202030"><ele>216.0</ele></trkpt><trkpt lat="32.2266150" lon="-97.6201750"><ele>216.0</ele></trkpt><trkpt lat="32.2266130" lon="-97.6201460"><ele>216.0</ele></trkpt><trkpt lat="32.2266090" lon="-97.6201160"><ele>216.0</ele></trkpt><trkpt lat="32.2266050" lon="-97.6200860"><ele>216.0</ele></trkpt><trkpt lat="32.2265990" lon="-97.6200550"><ele>216.0</ele></trkpt><trkpt lat="32.2265920" lon="-97.6200250"><ele>216.0</ele></trkpt><trkpt lat="32.2265830" lon="-97.6199970"><ele>216.0</ele></trkpt><trkpt lat="32.2265740" lon="-97.6199690"><ele>216.0</ele></trkpt><trkpt lat="32.2265640" lon="-97.6199420"><ele>216.0</ele></trkpt><trkpt lat="32.2265530" lon="-97.6199160"><ele>216.0</ele></trkpt><trkpt lat="32.2265420" lon="-97.6198920"><ele>216.0</ele></trkpt><trkpt lat="32.2265310" lon="-97.6198680"><ele>216.0</ele></trkpt><trkpt lat="32.2265200" lon="-97.6198460"><ele>216.0</ele></trkpt><trkpt lat="32.2265080" lon="-97.6198240"><ele>216.0</ele></trkpt><trkpt lat="32.2264980" lon="-97.6198020"><ele>216.0</ele></trkpt><trkpt lat="32.2264880" lon="-97.6197790"><ele>216.0</ele></trkpt><trkpt lat="32.2264820" lon="-97.6197550"><ele>216.0</ele></trkpt><trkpt lat="32.2264760" lon="-97.6197320"><ele>216.0</ele></trkpt><trkpt lat="32.2264740" lon="-97.6197080"><ele>216.0</ele></trkpt><trkpt lat="32.2264720" lon="-97.6196830"><ele>216.0</ele></trkpt><trkpt lat="32.2264730" lon="-97.6196590"><ele>216.0</ele></trkpt><trkpt lat="32.2264750" lon="-97.6196350"><ele>216.0</ele></trkpt><trkpt lat="32.2264780" lon="-97.6196110"><ele>216.0</ele></trkpt><trkpt lat="32.2264810" lon="-97.6195860"><ele>216.0</ele></trkpt><trkpt lat="32.2264850" lon="-97.6195610"><ele>216.0</ele></trkpt><trkpt lat="32.2264900" lon="-97.6195360"><ele>216.0</ele></trkpt><trkpt lat="32.2264940" lon="-97.6195090"><ele>217.0</ele></trkpt><trkpt lat="32.2264990" lon="-97.6194830"><ele>217.0</ele></trkpt><trkpt lat="32.2265020" lon="-97.6194550"><ele>217.0</ele></trkpt><trkpt lat="32.2265060" lon="-97.6194280"><ele>217.0</ele></trkpt><trkpt lat="32.2265090" lon="-97.6194010"><ele>217.0</ele></trkpt><trkpt lat="32.2265110" lon="-97.6193730"><ele>218.0</ele></trkpt><trkpt lat="32.2265120" lon="-97.6193460"><ele>218.0</ele></trkpt><trkpt lat="32.2265140" lon="-97.6193190"><ele>218.0</ele></trkpt><trkpt lat="32.2265150" lon="-97.6192920"><ele>218.0</ele></trkpt><trkpt lat="32.2265160" lon="-97.6192660"><ele>218.0</ele></trkpt><trkpt lat="32.2265180" lon="-97.6192390"><ele>219.0</ele></trkpt><trkpt lat="32.2265210" lon="-97.6192120"><ele>219.0</ele></trkpt><trkpt lat="32.2265250" lon="-97.6191840"><ele>219.0</ele></trkpt><trkpt lat="32.2265280" lon="-97.6191570"><ele>219.0</ele></trkpt><trkpt lat="32.2265320" lon="-97.6191290"><ele>219.0</ele></trkpt><trkpt lat="32.2265370" lon="-97.6191000"><ele>220.0</ele></trkpt><trkpt lat="32.2265430" lon="-97.6190700"><ele>220.0</ele></trkpt><trkpt lat="32.2265490" lon="-97.6190400"><ele>220.0</ele></trkpt><trkpt lat="32.2265550" lon="-97.6190090"><ele>220.0</ele></trkpt><trkpt lat="32.2265610" lon="-97.6189770"><ele>220.0</ele></trkpt><trkpt lat="32.2265680" lon="-97.6189460"><ele>220.0</ele></trkpt><trkpt lat="32.2265740" lon="-97.6189150"><ele>220.0</ele></trkpt><trkpt lat="32.2265810" lon="-97.6188840"><ele>220.0</ele></trkpt><trkpt lat="32.2265880" lon="-97.6188540"><ele>220.0</ele></trkpt><trkpt lat="32.2265940" lon="-97.6188220"><ele>220.0</ele></trkpt><trkpt lat="32.2266000" lon="-97.6187900"><ele>220.0</ele></trkpt><trkpt lat="32.2266060" lon="-97.6187600"><ele>220.0</ele></trkpt><trkpt lat="32.2266130" lon="-97.6187290"><ele>220.0</ele></trkpt><trkpt lat="32.2266200" lon="-97.6187000"><ele>220.0</ele></trkpt><trkpt lat="32.2266270" lon="-97.6186720"><ele>220.0</ele></trkpt><trkpt lat="32.2266380" lon="-97.6186460"><ele>220.0</ele></trkpt><trkpt lat="32.2266490" lon="-97.6186190"><ele>219.0</ele></trkpt><trkpt lat="32.2266660" lon="-97.6185940"><ele>219.0</ele></trkpt><trkpt lat="32.2266830" lon="-97.6185680"><ele>219.0</ele></trkpt><trkpt lat="32.2267040" lon="-97.6185440"><ele>219.0</ele></trkpt><trkpt lat="32.2267250" lon="-97.6185190"><ele>219.0</ele></trkpt><trkpt lat="32.2267470" lon="-97.6184940"><ele>219.0</ele></trkpt><trkpt lat="32.2267680" lon="-97.6184700"><ele>219.0</ele></trkpt><trkpt lat="32.2267900" lon="-97.6184450"><ele>219.0</ele></trkpt><trkpt lat="32.2268110" lon="-97.6184220"><ele>219.0</ele></trkpt><trkpt lat="32.2268320" lon="-97.6183990"><ele>219.0</ele></trkpt><trkpt lat="32.2268520" lon="-97.6183760"><ele>218.0</ele></trkpt><trkpt lat="32.2268720" lon="-97.6183550"><ele>218.0</ele></trkpt><trkpt lat="32.2268910" lon="-97.6183330"><ele>218.0</ele></trkpt><trkpt lat="32.2269090" lon="-97.6183120"><ele>218.0</ele></trkpt><trkpt lat="32.2269280" lon="-97.6182920"><ele>218.0</ele></trkpt><trkpt lat="32.2269440" lon="-97.6182700"><ele>217.0</ele></trkpt><trkpt lat="32.2269600" lon="-97.6182480"><ele>217.0</ele></trkpt><trkpt lat="32.2269750" lon="-97.6182250"><ele>217.0</ele></trkpt><trkpt lat="32.2269900" lon="-97.6182010"><ele>217.0</ele></trkpt><trkpt lat="32.2270030" lon="-97.6181770"><ele>217.0</ele></trkpt><trkpt lat="32.2270150" lon="-97.6181520"><ele>217.0</ele></trkpt><trkpt lat="32.2270250" lon="-97.6181270"><ele>217.0</ele></trkpt><trkpt lat="32.2270350" lon="-97.6181030"><ele>217.0</ele></trkpt><trkpt lat="32.2270440" lon="-97.6180780"><ele>217.0</ele></trkpt><trkpt lat="32.2270520" lon="-97.6180530"><ele>217.0</ele></trkpt><trkpt lat="32.2270590" lon="-97.6180260"><ele>217.0</ele></trkpt><trkpt lat="32.2270670" lon="-97.6179990"><ele>217.0</ele></trkpt><trkpt lat="32.2270720" lon="-97.6179700"><ele>217.0</ele></trkpt><trkpt lat="32.2270780" lon="-97.6179410"><ele>217.0</ele></trkpt><trkpt lat="32.2270860" lon="-97.6179110"><ele>217.0</ele></trkpt><trkpt lat="32.2270930" lon="-97.6178810"><ele>216.0</ele></trkpt><trkpt lat="32.2271050" lon="-97.6178520"><ele>216.0</ele></trkpt><trkpt lat="32.2271170" lon="-97.6178240"><ele>216.0</ele></trkpt><trkpt lat="32.2271310" lon="-97.6177990"><ele>216.0</ele></trkpt><trkpt lat="32.2271450" lon="-97.6177750"><ele>216.0</ele></trkpt><trkpt lat="32.2271610" lon="-97.6177540"><ele>215.0</ele></trkpt><trkpt lat="32.2271780" lon="-97.6177320"><ele>215.0</ele></trkpt><trkpt lat="32.2271930" lon="-97.6177150"><ele>215.0</ele></trkpt><trkpt lat="32.2272080" lon="-97.6176980"><ele>215.0</ele></trkpt><trkpt lat="32.2272220" lon="-97.6176920"><ele>215.0</ele></trkpt><trkpt lat="32.2272370" lon="-97.6176870"><ele>214.0</ele></trkpt><trkpt lat="32.2272490" lon="-97.6176940"><ele>214.0</ele></trkpt><trkpt lat="32.2272610" lon="-97.6177010"><ele>214.0</ele></trkpt><trkpt lat="32.2272720" lon="-97.6177150"><ele>214.0</ele></trkpt><trkpt lat="32.2272830" lon="-97.6177300"><ele>214.0</ele></trkpt><trkpt lat="32.2272930" lon="-97.6177470"><ele>214.0</ele></trkpt><trkpt lat="32.2273020" lon="-97.6177650"><ele>214.0</ele></trkpt><trkpt lat="32.2273110" lon="-97.6177810"><ele>214.0</ele></trkpt><trkpt lat="32.2273200" lon="-97.6177980"><ele>214.0</ele></trkpt><trkpt lat="32.2273320" lon="-97.6178110"><ele>214.0</ele></trkpt><trkpt lat="32.2273440" lon="-97.6178230"><ele>214.0</ele></trkpt><trkpt lat="32.2273580" lon="-97.6178330"><ele>214.0</ele></trkpt><trkpt lat="32.2273720" lon="-97.6178430"><ele>214.0</ele></trkpt><trkpt lat="32.2273870" lon="-97.6178540"><ele>214.0</ele></trkpt><trkpt lat="32.2274020" lon="-97.6178660"><ele>214.0</ele></trkpt><trkpt lat="32.2274150" lon="-97.6178840"><ele>214.0</ele></trkpt><trkpt lat="32.2274290" lon="-97.6179010"><ele>214.0</ele></trkpt><trkpt lat="32.2274400" lon="-97.6179230"><ele>214.0</ele></trkpt><trkpt lat="32.2274520" lon="-97.6179450"><ele>214.0</ele></trkpt><trkpt lat="32.2274610" lon="-97.6179680"><ele>214.0</ele></trkpt><trkpt lat="32.2274700" lon="-97.6179920"><ele>214.0</ele></trkpt><trkpt lat="32.2274780" lon="-97.6180150"><ele>214.0</ele></trkpt><trkpt lat="32.2274860" lon="-97.6180380"><ele>214.0</ele></trkpt><trkpt lat="32.2274930" lon="-97.6180560"><ele>214.0</ele></trkpt><trkpt lat="32.2275000" lon="-97.6180740"><ele>215.0</ele></trkpt><trkpt lat="32.2275070" lon="-97.6180860"><ele>215.0</ele></trkpt><trkpt lat="32.2275140" lon="-97.6180980"><ele>215.0</ele></trkpt><trkpt lat="32.2275230" lon="-97.6181050"><ele>215.0</ele></trkpt><trkpt lat="32.2275330" lon="-97.6181120"><ele>215.0</ele></trkpt><trkpt lat="32.2275470" lon="-97.6181150"><ele>216.0</ele></trkpt><trkpt lat="32.2275610" lon="-97.6181190"><ele>216.0</ele></trkpt><trkpt lat="32.2275790" lon="-97.6181210"><ele>216.0</ele></trkpt><trkpt lat="32.2275960" lon="-97.6181240"><ele>216.0</ele></trkpt><trkpt lat="32.2276140" lon="-97.6181290"><ele>216.0</ele></trkpt><trkpt lat="32.2276310" lon="-97.6181340"><ele>217.0</ele></trkpt><trkpt lat="32.2276460" lon="-97.6181450"><ele>217.0</ele></trkpt><trkpt lat="32.2276620" lon="-97.6181560"><ele>217.0</ele></trkpt><trkpt lat="32.2276760" lon="-97.6181710"><ele>217.0</ele></trkpt><trkpt lat="32.2276890" lon="-97.6181870"><ele>217.0</ele></trkpt><trkpt lat="32.2277010" lon="-97.6182060"><ele>218.0</ele></trkpt><trkpt lat="32.2277130" lon="-97.6182250"><ele>218.0</ele></trkpt><trkpt lat="32.2277230" lon="-97.6182460"><ele>218.0</ele></trkpt><trkpt lat="32.2277330" lon="-97.6182670"><ele>218.0</ele></trkpt><trkpt lat="32.2277410" lon="-97.6182880"><ele>218.0</ele></trkpt><trkpt lat="32.2277500" lon="-97.6183100"><ele>219.0</ele></trkpt><trkpt lat="32.2277580" lon="-97.6183330"><ele>219.0</ele></trkpt><trkpt lat="32.2277660" lon="-97.6183560"><ele>219.0</ele></trkpt><trkpt lat="32.2277780" lon="-97.6183750"><ele>219.0</ele></trkpt><trkpt lat="32.2277910" lon="-97.6183940"><ele>219.0</ele></trkpt><trkpt lat="32.2278100" lon="-97.6184050"><ele>220.0</ele></trkpt><trkpt lat="32.2278300" lon="-97.6184150"><ele>220.0</ele></trkpt><trkpt lat="32.2278510" lon="-97.6184220"><ele>220.0</ele></trkpt><trkpt lat="32.2278730" lon="-97.6184290"><ele>220.0</ele></trkpt><trkpt lat="32.2278920" lon="-97.6184400"><ele>220.0</ele></trkpt><trkpt lat="32.2279110" lon="-97.6184500"><ele>221.0</ele></trkpt><trkpt lat="32.2279280" lon="-97.6184640"><ele>221.0</ele></trkpt><trkpt lat="32.2279440" lon="-97.6184790"><ele>221.0</ele></trkpt><trkpt lat="32.2279600" lon="-97.6184890"><ele>221.0</ele></trkpt><trkpt lat="32.2279760" lon="-97.6185000"><ele>221.0</ele></trkpt><trkpt lat="32.2279900" lon="-97.6184960"><ele>221.0</ele></trkpt><trkpt lat="32.2280040" lon="-97.6184930"><ele>221.0</ele></trkpt><trkpt lat="32.2280140" lon="-97.6184790"><ele>221.0</ele></trkpt><trkpt lat="32.2280250" lon="-97.6184640"><ele>221.0</ele></trkpt><trkpt lat="32.2280340" lon="-97.6184440"><ele>221.0</ele></trkpt><trkpt lat="32.2280440" lon="-97.6184230"><ele>222.0</ele></trkpt><trkpt lat="32.2280530" lon="-97.6183980"><ele>222.0</ele></trkpt><trkpt lat="32.2280610" lon="-97.6183720"><ele>222.0</ele></trkpt><trkpt lat="32.2280710" lon="-97.6183450"><ele>222.0</ele></trkpt><trkpt lat="32.2280810" lon="-97.6183170"><ele>222.0</ele></trkpt><trkpt lat="32.2280940" lon="-97.6182920"><ele>222.0</ele></trkpt><trkpt lat="32.2281060" lon="-97.6182680"><ele>222.0</ele></trkpt><trkpt lat="32.2281210" lon="-97.6182420"><ele>222.0</ele></trkpt><trkpt lat="32.2281350" lon="-97.6182160"><ele>222.0</ele></trkpt><trkpt lat="32.2281520" lon="-97.6181870"><ele>222.0</ele></trkpt><trkpt lat="32.2281690" lon="-97.6181590"><ele>222.0</ele></trkpt><trkpt lat="32.2281900" lon="-97.6181290"><ele>221.0</ele></trkpt><trkpt lat="32.2282110" lon="-97.6180990"><ele>221.0</ele></trkpt><trkpt lat="32.2282340" lon="-97.6180720"><ele>221.0</ele></trkpt><trkpt lat="32.2282560" lon="-97.6180460"><ele>221.0</ele></trkpt><trkpt lat="32.2282790" lon="-97.6180260"><ele>221.0</ele></trkpt><trkpt lat="32.2283030" lon="-97.6180070"><ele>220.0</ele></trkpt><trkpt lat="32.2283260" lon="-97.6179950"><ele>220.0</ele></trkpt><trkpt lat="32.2283500" lon="-97.6179840"><ele>219.0</ele></trkpt><trkpt lat="32.2283720" lon="-97.6179790"><ele>219.0</ele></trkpt><trkpt lat="32.2283950" lon="-97.6179740"><ele>219.0</ele></trkpt><trkpt lat="32.2284170" lon="-97.6179700"><ele>218.0</ele></trkpt><trkpt lat="32.2284390" lon="-97.6179660"><ele>218.0</ele></trkpt><trkpt lat="32.2284590" lon="-97.6179600"><ele>218.0</ele></trkpt><trkpt lat="32.2284790" lon="-97.6179530"><ele>218.0</ele></trkpt><trkpt lat="32.2284990" lon="-97.6179450"><ele>218.0</ele></trkpt><trkpt lat="32.2285200" lon="-97.6179370"><ele>217.0</ele></trkpt><trkpt lat="32.2285420" lon="-97.6179310"><ele>217.0</ele></trkpt><trkpt lat="32.2285650" lon="-97.6179250"><ele>217.0</ele></trkpt><trkpt lat="32.2285880" lon="-97.6179210"><ele>217.0</ele></trkpt><trkpt lat="32.2286120" lon="-97.6179170"><ele>217.0</ele></trkpt><trkpt lat="32.2286360" lon="-97.6179160"><ele>216.0</ele></trkpt><trkpt lat="32.2286610" lon="-97.6179160"><ele>216.0</ele></trkpt><trkpt lat="32.2286860" lon="-97.6179170"><ele>216.0</ele></trkpt><trkpt lat="32.2287120" lon="-97.6179180"><ele>216.0</ele></trkpt><trkpt lat="32.2287360" lon="-97.6179180"><ele>216.0</ele></trkpt><trkpt lat="32.2287600" lon="-97.6179190"><ele>216.0</ele></trkpt><trkpt lat="32.2287840" lon="-97.6179200"><ele>216.0</ele></trkpt><trkpt lat="32.2288080" lon="-97.6179210"><ele>216.0</ele></trkpt><trkpt lat="32.2288320" lon="-97.6179220"><ele>216.0</ele></trkpt><trkpt lat="32.2288560" lon="-97.6179230"><ele>216.0</ele></trkpt><trkpt lat="32.2288810" lon="-97.6179220"><ele>216.0</ele></trkpt><trkpt lat="32.2289060" lon="-97.6179220"><ele>216.0</ele></trkpt><trkpt lat="32.2289320" lon="-97.6179190"><ele>216.0</ele></trkpt><trkpt lat="32.2289590" lon="-97.6179160"><ele>216.0</ele></trkpt><trkpt lat="32.2289850" lon="-97.6179110"><ele>216.0</ele></trkpt><trkpt lat="32.2290120" lon="-97.6179060"><ele>215.0</ele></trkpt><trkpt lat="32.2290370" lon="-97.6179000"><ele>215.0</ele></trkpt><trkpt lat="32.2290620" lon="-97.6178940"><ele>215.0</ele></trkpt><trkpt lat="32.2290890" lon="-97.6178880"><ele>215.0</ele></trkpt><trkpt lat="32.2291160" lon="-97.6178820"><ele>215.0</ele></trkpt><trkpt lat="32.2291430" lon="-97.6178780"><ele>215.0</ele></trkpt><trkpt lat="32.2291700" lon="-97.6178740"><ele>215.0</ele></trkpt><trkpt lat="32.2291960" lon="-97.6178700"><ele>215.0</ele></trkpt><trkpt lat="32.2292210" lon="-97.6178660"><ele>215.0</ele></trkpt><trkpt lat="32.2292450" lon="-97.6178630"><ele>215.0</ele></trkpt><trkpt lat="32.2292700" lon="-97.6178590"><ele>215.0</ele></trkpt><trkpt lat="32.2292910" lon="-97.6178570"><ele>215.0</ele></trkpt><trkpt lat="32.2293130" lon="-97.6178550"><ele>215.0</ele></trkpt><trkpt lat="32.2293320" lon="-97.6178530"><ele>215.0</ele></trkpt><trkpt lat="32.2293510" lon="-97.6178510"><ele>215.0</ele></trkpt><trkpt lat="32.2293690" lon="-97.6178510"><ele>215.0</ele></trkpt><trkpt lat="32.2293880" lon="-97.6178500"><ele>215.0</ele></trkpt><trkpt lat="32.2294070" lon="-97.6178510"><ele>215.0</ele></trkpt><trkpt lat="32.2294260" lon="-97.6178520"><ele>215.0</ele></trkpt><trkpt lat="32.2294450" lon="-97.6178560"><ele>215.0</ele></trkpt><trkpt lat="32.2294650" lon="-97.6178610"><ele>215.0</ele></trkpt><trkpt lat="32.2294830" lon="-97.6178690"><ele>215.0</ele></trkpt><trkpt lat="32.2295000" lon="-97.6178770"><ele>215.0</ele></trkpt><trkpt lat="32.2295170" lon="-97.6178880"><ele>215.0</ele></trkpt><trkpt lat="32.2295330" lon="-97.6178990"><ele>216.0</ele></trkpt><trkpt lat="32.2295500" lon="-97.6179100"><ele>216.0</ele></trkpt><trkpt lat="32.2295670" lon="-97.6179210"><ele>216.0</ele></trkpt><trkpt lat="32.2295840" lon="-97.6179330"><ele>216.0</ele></trkpt><trkpt lat="32.2296010" lon="-97.6179440"><ele>216.0</ele></trkpt><trkpt lat="32.2296190" lon="-97.6179550"><ele>217.0</ele></trkpt><trkpt lat="32.2296370" lon="-97.6179660"><ele>217.0</ele></trkpt><trkpt lat="32.2296550" lon="-97.6179750"><ele>217.0</ele></trkpt><trkpt lat="32.2296730" lon="-97.6179850"><ele>217.0</ele></trkpt><trkpt lat="32.2296910" lon="-97.6179900"><ele>217.0</ele></trkpt><trkpt lat="32.2297100" lon="-97.6179960"><ele>218.0</ele></trkpt><trkpt lat="32.2297290" lon="-97.6179990"><ele>218.0</ele></trkpt><trkpt lat="32.2297470" lon="-97.6180010"><ele>218.0</ele></trkpt><trkpt lat="32.2297670" lon="-97.6180020"><ele>218.0</ele></trkpt><trkpt lat="32.2297870" lon="-97.6180020"><ele>218.0</ele></trkpt><trkpt lat="32.2298070" lon="-97.6180000"><ele>219.0</ele></trkpt><trkpt lat="32.2298270" lon="-97.6179980"><ele>219.0</ele></trkpt><trkpt lat="32.2298470" lon="-97.6179950"><ele>219.0</ele></trkpt><trkpt lat="32.2298670" lon="-97.6179910"><ele>219.0</ele></trkpt><trkpt lat="32.2298830" lon="-97.6179840"><ele>219.0</ele></trkpt><trkpt lat="32.2299000" lon="-97.6179770"><ele>219.0</ele></trkpt><trkpt lat="32.2299120" lon="-97.6179640"><ele>219.0</ele></trkpt><trkpt lat="32.2299240" lon="-97.6179510"><ele>219.0</ele></trkpt><trkpt lat="32.2299300" lon="-97.6179320"><ele>219.0</ele></trkpt><trkpt lat="32.2299370" lon="-97.6179120"><ele>219.0</ele></trkpt><trkpt lat="32.2299390" lon="-97.6178880"><ele>220.0</ele></trkpt><trkpt lat="32.2299420" lon="-97.6178640"><ele>220.0</ele></trkpt><trkpt lat="32.2299430" lon="-97.6178380"><ele>220.0</ele></trkpt><trkpt lat="32.2299440" lon="-97.6178120"><ele>220.0</ele></trkpt><trkpt lat="32.2299460" lon="-97.6177850"><ele>220.0</ele></trkpt><trkpt lat="32.2299470" lon="-97.6177590"><ele>221.0</ele></trkpt><trkpt lat="32.2299480" lon="-97.6177320"><ele>221.0</ele></trkpt><trkpt lat="32.2299480" lon="-97.6177050"><ele>221.0</ele></trkpt><trkpt lat="32.2299480" lon="-97.6176790"><ele>221.0</ele></trkpt><trkpt lat="32.2299480" lon="-97.6176520"><ele>221.0</ele></trkpt><trkpt lat="32.2299450" lon="-97.6176260"><ele>222.0</ele></trkpt><trkpt lat="32.2299420" lon="-97.6176000"><ele>222.0</ele></trkpt><trkpt lat="32.2299380" lon="-97.6175750"><ele>222.0</ele></trkpt><trkpt lat="32.2299340" lon="-97.6175500"><ele>222.0</ele></trkpt><trkpt lat="32.2299260" lon="-97.6175270"><ele>222.0</ele></trkpt><trkpt lat="32.2299190" lon="-97.6175040"><ele>223.0</ele></trkpt><trkpt lat="32.2299070" lon="-97.6174840"><ele>223.0</ele></trkpt><trkpt lat="32.2298950" lon="-97.6174640"><ele>223.0</ele></trkpt><trkpt lat="32.2298830" lon="-97.6174480"><ele>223.0</ele></trkpt><trkpt lat="32.2298710" lon="-97.6174320"><ele>223.0</ele></trkpt><trkpt lat="32.2298610" lon="-97.6174210"><ele>224.0</ele></trkpt><trkpt lat="32.2298520" lon="-97.6174100"><ele>224.0</ele></trkpt><trkpt lat="32.2298520" lon="-97.6174100"><ele>224.0</ele></trkpt><trkpt lat="32.2298520" lon="-97.6174100"><ele>224.0</ele></trkpt><trkpt lat="32.2298520" lon="-97.6174100"><ele>224.0</ele></trkpt><trkpt lat="32.2298520" lon="-97.6174100"><ele>224.0</ele></trkpt><trkpt lat="32.2298520" lon="-97.6174100"><ele>224.0</ele></trkpt><trkpt lat="32.2298520" lon="-97.6174100"><ele>224.0</ele></trkpt><trkpt lat="32.2298520" lon="-97.6174100"><ele>224.0</ele></trkpt><trkpt lat="32.2298520" lon="-97.6174100"><ele>224.0</ele></trkpt><trkpt lat="32.2298520" lon="-97.6174100"><ele>225.0</ele></trkpt><trkpt lat="32.2298520" lon="-97.6174100"><ele>225.0</ele></trkpt><trkpt lat="32.2298520" lon="-97.6174100"><ele>225.0</ele></trkpt><trkpt lat="32.2298520" lon="-97.6174100"><ele>225.0</ele></trkpt><trkpt lat="32.2298520" lon="-97.6174100"><ele>225.0</ele></trkpt><trkpt lat="32.2298520" lon="-97.6174100"><ele>225.0</ele></trkpt><trkpt lat="32.2298520" lon="-97.6174100"><ele>225.0</ele></trkpt><trkpt lat="32.2298520" lon="-97.6174100"><ele>225.0</ele></trkpt><trkpt lat="32.2298520" lon="-97.6174100"><ele>225.0</ele></trkpt><trkpt lat="32.2298520" lon="-97.6174100"><ele>225.0</ele></trkpt><trkpt lat="32.2298380" lon="-97.6174080"><ele>225.0</ele></trkpt><trkpt lat="32.2298340" lon="-97.6174070"><ele>225.0</ele></trkpt><trkpt lat="32.2298290" lon="-97.6174070"><ele>225.0</ele></trkpt><trkpt lat="32.2298240" lon="-97.6174010"><ele>225.0</ele></trkpt><trkpt lat="32.2298190" lon="-97.6173950"><ele>225.0</ele></trkpt><trkpt lat="32.2298120" lon="-97.6173800"><ele>225.0</ele></trkpt><trkpt lat="32.2298050" lon="-97.6173660"><ele>225.0</ele></trkpt><trkpt lat="32.2297950" lon="-97.6173450"><ele>225.0</ele></trkpt><trkpt lat="32.2297860" lon="-97.6173240"><ele>225.0</ele></trkpt><trkpt lat="32.2297770" lon="-97.6173010"><ele>225.0</ele></trkpt><trkpt lat="32.2297670" lon="-97.6172780"><ele>225.0</ele></trkpt><trkpt lat="32.2297580" lon="-97.6172550"><ele>225.0</ele></trkpt><trkpt lat="32.2297480" lon="-97.6172320"><ele>225.0</ele></trkpt><trkpt lat="32.2297380" lon="-97.6172070"><ele>225.0</ele></trkpt><trkpt lat="32.2297270" lon="-97.6171830"><ele>225.0</ele></trkpt><trkpt lat="32.2297180" lon="-97.6171570"><ele>225.0</ele></trkpt><trkpt lat="32.2297090" lon="-97.6171300"><ele>225.0</ele></trkpt><trkpt lat="32.2296990" lon="-97.6171020"><ele>225.0</ele></trkpt><trkpt lat="32.2296890" lon="-97.6170730"><ele>225.0</ele></trkpt><trkpt lat="32.2296800" lon="-97.6170450"><ele>225.0</ele></trkpt><trkpt lat="32.2296710" lon="-97.6170170"><ele>225.0</ele></trkpt><trkpt lat="32.2296630" lon="-97.6169900"><ele>225.0</ele></trkpt><trkpt lat="32.2296550" lon="-97.6169630"><ele>225.0</ele></trkpt><trkpt lat="32.2296470" lon="-97.6169380"><ele>225.0</ele></trkpt><trkpt lat="32.2296390" lon="-97.6169120"><ele>225.0</ele></trkpt><trkpt lat="32.2296300" lon="-97.6168870"><ele>225.0</ele></trkpt><trkpt lat="32.2296210" lon="-97.6168620"><ele>225.0</ele></trkpt><trkpt lat="32.2296110" lon="-97.6168380"><ele>225.0</ele></trkpt><trkpt lat="32.2296020" lon="-97.6168130"><ele>225.0</ele></trkpt><trkpt lat="32.2295910" lon="-97.6167900"><ele>225.0</ele></trkpt><trkpt lat="32.2295800" lon="-97.6167670"><ele>225.0</ele></trkpt><trkpt lat="32.2295680" lon="-97.6167440"><ele>225.0</ele></trkpt><trkpt lat="32.2295550" lon="-97.6167220"><ele>225.0</ele></trkpt><trkpt lat="32.2295420" lon="-97.6166990"><ele>225.0</ele></trkpt><trkpt lat="32.2295280" lon="-97.6166760"><ele>225.0</ele></trkpt><trkpt lat="32.2295130" lon="-97.6166520"><ele>225.0</ele></trkpt><trkpt lat="32.2294990" lon="-97.6166290"><ele>224.0</ele></trkpt><trkpt lat="32.2294840" lon="-97.6166040"><ele>224.0</ele></trkpt><trkpt lat="32.2294700" lon="-97.6165800"><ele>224.0</ele></trkpt><trkpt lat="32.2294570" lon="-97.6165550"><ele>224.0</ele></trkpt><trkpt lat="32.2294440" lon="-97.6165310"><ele>224.0</ele></trkpt><trkpt lat="32.2294330" lon="-97.6165080"><ele>224.0</ele></trkpt><trkpt lat="32.2294210" lon="-97.6164840"><ele>224.0</ele></trkpt><trkpt lat="32.2294090" lon="-97.6164620"><ele>224.0</ele></trkpt><trkpt lat="32.2293970" lon="-97.6164410"><ele>224.0</ele></trkpt><trkpt lat="32.2293860" lon="-97.6164200"><ele>224.0</ele></trkpt><trkpt lat="32.2293740" lon="-97.6164000"><ele>224.0</ele></trkpt><trkpt lat="32.2293630" lon="-97.6163790"><ele>224.0</ele></trkpt><trkpt lat="32.2293510" lon="-97.6163580"><ele>224.0</ele></trkpt><trkpt lat="32.2293410" lon="-97.6163360"><ele>224.0</ele></trkpt><trkpt lat="32.2293300" lon="-97.6163140"><ele>224.0</ele></trkpt><trkpt lat="32.2293210" lon="-97.6162910"><ele>224.0</ele></trkpt><trkpt lat="32.2293110" lon="-97.6162680"><ele>224.0</ele></trkpt><trkpt lat="32.2293010" lon="-97.6162470"><ele>224.0</ele></trkpt><trkpt lat="32.2292910" lon="-97.6162250"><ele>224.0</ele></trkpt><trkpt lat="32.2292810" lon="-97.6162030"><ele>224.0</ele></trkpt><trkpt lat="32.2292700" lon="-97.6161820"><ele>224.0</ele></trkpt><trkpt lat="32.2292580" lon="-97.6161580"><ele>224.0</ele></trkpt><trkpt lat="32.2292460" lon="-97.6161340"><ele>224.0</ele></trkpt><trkpt lat="32.2292340" lon="-97.6161090"><ele>224.0</ele></trkpt><trkpt lat="32.2292220" lon="-97.6160840"><ele>224.0</ele></trkpt><trkpt lat="32.2292110" lon="-97.6160600"><ele>224.0</ele></trkpt><trkpt lat="32.2292000" lon="-97.6160350"><ele>224.0</ele></trkpt><trkpt lat="32.2291890" lon="-97.6160110"><ele>224.0</ele></trkpt><trkpt lat="32.2291770" lon="-97.6159880"><ele>224.0</ele></trkpt><trkpt lat="32.2291650" lon="-97.6159630"><ele>224.0</ele></trkpt><trkpt lat="32.2291530" lon="-97.6159380"><ele>224.0</ele></trkpt><trkpt lat="32.2291410" lon="-97.6159120"><ele>224.0</ele></trkpt><trkpt lat="32.2291290" lon="-97.6158860"><ele>224.0</ele></trkpt><trkpt lat="32.2291150" lon="-97.6158610"><ele>224.0</ele></trkpt><trkpt lat="32.2291010" lon="-97.6158360"><ele>224.0</ele></trkpt><trkpt lat="32.2290870" lon="-97.6158120"><ele>224.0</ele></trkpt><trkpt lat="32.2290730" lon="-97.6157870"><ele>224.0</ele></trkpt><trkpt lat="32.2290600" lon="-97.6157650"><ele>224.0</ele></trkpt><trkpt lat="32.2290470" lon="-97.6157420"><ele>224.0</ele></trkpt><trkpt lat="32.2290350" lon="-97.6157190"><ele>224.0</ele></trkpt><trkpt lat="32.2290220" lon="-97.6156960"><ele>223.0</ele></trkpt><trkpt lat="32.2290110" lon="-97.6156730"><ele>223.0</ele></trkpt><trkpt lat="32.2289990" lon="-97.6156500"><ele>223.0</ele></trkpt><trkpt lat="32.2289870" lon="-97.6156270"><ele>223.0</ele></trkpt><trkpt lat="32.2289740" lon="-97.6156040"><ele>223.0</ele></trkpt><trkpt lat="32.2289610" lon="-97.6155800"><ele>223.0</ele></trkpt><trkpt lat="32.2289480" lon="-97.6155560"><ele>223.0</ele></trkpt><trkpt lat="32.2289350" lon="-97.6155310"><ele>223.0</ele></trkpt><trkpt lat="32.2289230" lon="-97.6155060"><ele>223.0</ele></trkpt><trkpt lat="32.2289120" lon="-97.6154790"><ele>223.0</ele></trkpt><trkpt lat="32.2289020" lon="-97.6154530"><ele>223.0</ele></trkpt><trkpt lat="32.2288910" lon="-97.6154260"><ele>223.0</ele></trkpt><trkpt lat="32.2288800" lon="-97.6154000"><ele>223.0</ele></trkpt><trkpt lat="32.2288650" lon="-97.6153720"><ele>223.0</ele></trkpt><trkpt lat="32.2288510" lon="-97.6153450"><ele>224.0</ele></trkpt><trkpt lat="32.2288350" lon="-97.6153190"><ele>224.0</ele></trkpt><trkpt lat="32.2288190" lon="-97.6152920"><ele>224.0</ele></trkpt><trkpt lat="32.2288030" lon="-97.6152660"><ele>224.0</ele></trkpt><trkpt lat="32.2287880" lon="-97.6152390"><ele>224.0</ele></trkpt><trkpt lat="32.2287740" lon="-97.6152140"><ele>224.0</ele></trkpt><trkpt lat="32.2287610" lon="-97.6151890"><ele>224.0</ele></trkpt><trkpt lat="32.2287500" lon="-97.6151630"><ele>224.0</ele></trkpt><trkpt lat="32.2287390" lon="-97.6151370"><ele>224.0</ele></trkpt><trkpt lat="32.2287280" lon="-97.6151110"><ele>224.0</ele></trkpt><trkpt lat="32.2287180" lon="-97.6150850"><ele>224.0</ele></trkpt><trkpt lat="32.2287080" lon="-97.6150620"><ele>224.0</ele></trkpt><trkpt lat="32.2286980" lon="-97.6150390"><ele>224.0</ele></trkpt><trkpt lat="32.2286880" lon="-97.6150180"><ele>224.0</ele></trkpt><trkpt lat="32.2286790" lon="-97.6149970"><ele>224.0</ele></trkpt><trkpt lat="32.2286680" lon="-97.6149770"><ele>224.0</ele></trkpt><trkpt lat="32.2286570" lon="-97.6149570"><ele>224.0</ele></trkpt><trkpt lat="32.2286460" lon="-97.6149370"><ele>224.0</ele></trkpt><trkpt lat="32.2286350" lon="-97.6149180"><ele>224.0</ele></trkpt><trkpt lat="32.2286220" lon="-97.6148990"><ele>224.0</ele></trkpt><trkpt lat="32.2286216" lon="-97.6148665"><ele>222.2</ele></trkpt><trkpt lat="32.2286942" lon="-97.6145983"><ele>224.2</ele></trkpt><trkpt lat="32.2293658" lon="-97.6140618"><ele>222.1</ele></trkpt><trkpt lat="32.2298831" lon="-97.6136971"><ele>219.6</ele></trkpt><trkpt lat="32.2301009" lon="-97.6135254"><ele>221.8</ele></trkpt><trkpt lat="32.2302552" lon="-97.6135254"><ele>222.5</ele></trkpt><trkpt lat="32.2305003" lon="-97.6134503"><ele>223.2</ele></trkpt><trkpt lat="32.2306908" lon="-97.6133001"><ele>223.6</ele></trkpt><trkpt lat="32.2309813" lon="-97.6133108"><ele>224.0</ele></trkpt><trkpt lat="32.2314986" lon="-97.6135254"><ele>224.1</ele></trkpt><trkpt lat="32.2317436" lon="-97.6136649"><ele>223.5</ele></trkpt><trkpt lat="32.2319614" lon="-97.6136971"><ele>223.8</ele></trkpt><trkpt lat="32.2322881" lon="-97.6136434"><ele>223.9</ele></trkpt><trkpt lat="32.2325332" lon="-97.6134288"><ele>223.7</ele></trkpt><trkpt lat="32.2326330" lon="-97.6132357"><ele>223.7</ele></trkpt><trkpt lat="32.2330051" lon="-97.6129675"><ele>221.5</ele></trkpt><trkpt lat="32.2333137" lon="-97.6126885"><ele>220.5</ele></trkpt><trkpt lat="32.2334498" lon="-97.6125383"><ele>220.7</ele></trkpt><trkpt lat="32.2334610" lon="-97.6125330"><ele>223.0</ele></trkpt><trkpt lat="32.2334710" lon="-97.6125340"><ele>223.0</ele></trkpt><trkpt lat="32.2334890" lon="-97.6125340"><ele>223.0</ele></trkpt><trkpt lat="32.2335070" lon="-97.6125350"><ele>223.0</ele></trkpt><trkpt lat="32.2335280" lon="-97.6125310"><ele>222.0</ele></trkpt><trkpt lat="32.2335490" lon="-97.6125280"><ele>222.0</ele></trkpt><trkpt lat="32.2335710" lon="-97.6125200"><ele>222.0</ele></trkpt><trkpt lat="32.2335940" lon="-97.6125130"><ele>222.0</ele></trkpt><trkpt lat="32.2336150" lon="-97.6125020"><ele>222.0</ele></trkpt><trkpt lat="32.2336370" lon="-97.6124900"><ele>222.0</ele></trkpt><trkpt lat="32.2336560" lon="-97.6124760"><ele>222.0</ele></trkpt><trkpt lat="32.2336750" lon="-97.6124620"><ele>222.0</ele></trkpt><trkpt lat="32.2336930" lon="-97.6124490"><ele>222.0</ele></trkpt><trkpt lat="32.2337100" lon="-97.6124360"><ele>222.0</ele></trkpt><trkpt lat="32.2337270" lon="-97.6124270"><ele>221.0</ele></trkpt><trkpt lat="32.2337440" lon="-97.6124180"><ele>221.0</ele></trkpt><trkpt lat="32.2337610" lon="-97.6124130"><ele>221.0</ele></trkpt><trkpt lat="32.2337780" lon="-97.6124090"><ele>221.0</ele></trkpt><trkpt lat="32.2337950" lon="-97.6124110"><ele>221.0</ele></trkpt><trkpt lat="32.2338130" lon="-97.6124130"><ele>221.0</ele></trkpt><trkpt lat="32.2338330" lon="-97.6124180"><ele>221.0</ele></trkpt><trkpt lat="32.2338540" lon="-97.6124240"><ele>221.0</ele></trkpt><trkpt lat="32.2338770" lon="-97.6124310"><ele>221.0</ele></trkpt><trkpt lat="32.2339000" lon="-97.6124380"><ele>221.0</ele></trkpt><trkpt lat="32.2339230" lon="-97.6124440"><ele>221.0</ele></trkpt><trkpt lat="32.2339460" lon="-97.6124510"><ele>221.0</ele></trkpt><trkpt lat="32.2339680" lon="-97.6124560"><ele>221.0</ele></trkpt><trkpt lat="32.2339900" lon="-97.6124620"><ele>221.0</ele></trkpt><trkpt lat="32.2340100" lon="-97.6124680"><ele>221.0</ele></trkpt><trkpt lat="32.2340310" lon="-97.6124740"><ele>221.0</ele></trkpt><trkpt lat="32.2340500" lon="-97.6124790"><ele>221.0</ele></trkpt><trkpt lat="32.2340690" lon="-97.6124850"><ele>221.0</ele></trkpt><trkpt lat="32.2340880" lon="-97.6124910"><ele>221.0</ele></trkpt><trkpt lat="32.2341070" lon="-97.6124960"><ele>222.0</ele></trkpt><trkpt lat="32.2341280" lon="-97.6125020"><ele>222.0</ele></trkpt><trkpt lat="32.2341490" lon="-97.6125090"><ele>222.0</ele></trkpt><trkpt lat="32.2341720" lon="-97.6125150"><ele>222.0</ele></trkpt><trkpt lat="32.2341950" lon="-97.6125220"><ele>222.0</ele></trkpt><trkpt lat="32.2342190" lon="-97.6125280"><ele>222.0</ele></trkpt><trkpt lat="32.2342430" lon="-97.6125340"><ele>222.0</ele></trkpt><trkpt lat="32.2342680" lon="-97.6125390"><ele>222.0</ele></trkpt><trkpt lat="32.2342920" lon="-97.6125440"><ele>222.0</ele></trkpt><trkpt lat="32.2343170" lon="-97.6125480"><ele>222.0</ele></trkpt><trkpt lat="32.2343420" lon="-97.6125520"><ele>223.0</ele></trkpt><trkpt lat="32.2343660" lon="-97.6125540"><ele>223.0</ele></trkpt><trkpt lat="32.2343900" lon="-97.6125550"><ele>223.0</ele></trkpt><trkpt lat="32.2344130" lon="-97.6125530"><ele>223.0</ele></trkpt><trkpt lat="32.2344370" lon="-97.6125510"><ele>223.0</ele></trkpt><trkpt lat="32.2344610" lon="-97.6125470"><ele>223.0</ele></trkpt><trkpt lat="32.2344840" lon="-97.6125430"><ele>223.0</ele></trkpt><trkpt lat="32.2345080" lon="-97.6125370"><ele>223.0</ele></trkpt><trkpt lat="32.2345320" lon="-97.6125300"><ele>223.0</ele></trkpt><trkpt lat="32.2345550" lon="-97.6125220"><ele>223.0</ele></trkpt><trkpt lat="32.2345780" lon="-97.6125140"><ele>223.0</ele></trkpt><trkpt lat="32.2346000" lon="-97.6125050"><ele>223.0</ele></trkpt><trkpt lat="32.2346220" lon="-97.6124960"><ele>223.0</ele></trkpt><trkpt lat="32.2346420" lon="-97.6124850"><ele>223.0</ele></trkpt><trkpt lat="32.2346620" lon="-97.6124730"><ele>223.0</ele></trkpt><trkpt lat="32.2346810" lon="-97.6124610"><ele>223.0</ele></trkpt><trkpt lat="32.2347010" lon="-97.6124480"><ele>223.0</ele></trkpt><trkpt lat="32.2347210" lon="-97.6124340"><ele>223.0</ele></trkpt><trkpt lat="32.2347420" lon="-97.6124210"><ele>223.0</ele></trkpt><trkpt lat="32.2347640" lon="-97.6124100"><ele>223.0</ele></trkpt><trkpt lat="32.2347870" lon="-97.6123990"><ele>223.0</ele></trkpt><trkpt lat="32.2348110" lon="-97.6123920"><ele>222.0</ele></trkpt><trkpt lat="32.2348350" lon="-97.6123860"><ele>222.0</ele></trkpt><trkpt lat="32.2348600" lon="-97.6123830"><ele>222.0</ele></trkpt><trkpt lat="32.2348840" lon="-97.6123800"><ele>222.0</ele></trkpt><trkpt lat="32.2349080" lon="-97.6123770"><ele>222.0</ele></trkpt><trkpt lat="32.2349310" lon="-97.6123750"><ele>222.0</ele></trkpt><trkpt lat="32.2349540" lon="-97.6123750"><ele>222.0</ele></trkpt><trkpt lat="32.2349770" lon="-97.6123750"><ele>222.0</ele></trkpt><trkpt lat="32.2350000" lon="-97.6123750"><ele>222.0</ele></trkpt><trkpt lat="32.2350230" lon="-97.6123750"><ele>223.0</ele></trkpt><trkpt lat="32.2350460" lon="-97.6123720"><ele>223.0</ele></trkpt><trkpt lat="32.2350690" lon="-97.6123690"><ele>223.0</ele></trkpt><trkpt lat="32.2350920" lon="-97.6123600"><ele>223.0</ele></trkpt><trkpt lat="32.2351150" lon="-97.6123520"><ele>223.0</ele></trkpt><trkpt lat="32.2351390" lon="-97.6123410"><ele>223.0</ele></trkpt><trkpt lat="32.2351620" lon="-97.6123290"><ele>223.0</ele></trkpt><trkpt lat="32.2351850" lon="-97.6123160"><ele>223.0</ele></trkpt><trkpt lat="32.2352080" lon="-97.6123030"><ele>223.0</ele></trkpt><trkpt lat="32.2352280" lon="-97.6122890"><ele>223.0</ele></trkpt><trkpt lat="32.2352490" lon="-97.6122750"><ele>224.0</ele></trkpt><trkpt lat="32.2352640" lon="-97.6122610"><ele>224.0</ele></trkpt><trkpt lat="32.2352800" lon="-97.6122460"><ele>224.0</ele></trkpt><trkpt lat="32.2352950" lon="-97.6122320"><ele>224.0</ele></trkpt><trkpt lat="32.2353090" lon="-97.6122180"><ele>224.0</ele></trkpt><trkpt lat="32.2353230" lon="-97.6122040"><ele>224.0</ele></trkpt><trkpt lat="32.2353380" lon="-97.6121890"><ele>223.0</ele></trkpt><trkpt lat="32.2353540" lon="-97.6121720"><ele>223.0</ele></trkpt><trkpt lat="32.2353700" lon="-97.6121560"><ele>223.0</ele></trkpt><trkpt lat="32.2353880" lon="-97.6121390"><ele>223.0</ele></trkpt><trkpt lat="32.2354060" lon="-97.6121210"><ele>223.0</ele></trkpt><trkpt lat="32.2354240" lon="-97.6121040"><ele>223.0</ele></trkpt><trkpt lat="32.2354430" lon="-97.6120870"><ele>223.0</ele></trkpt><trkpt lat="32.2354610" lon="-97.6120700"><ele>223.0</ele></trkpt><trkpt lat="32.2354800" lon="-97.6120530"><ele>223.0</ele></trkpt><trkpt lat="32.2354970" lon="-97.6120360"><ele>223.0</ele></trkpt><trkpt lat="32.2355150" lon="-97.6120180"><ele>222.0</ele></trkpt><trkpt lat="32.2355310" lon="-97.6120000"><ele>222.0</ele></trkpt><trkpt lat="32.2355480" lon="-97.6119820"><ele>222.0</ele></trkpt><trkpt lat="32.2355630" lon="-97.6119610"><ele>222.0</ele></trkpt><trkpt lat="32.2355780" lon="-97.6119410"><ele>222.0</ele></trkpt><trkpt lat="32.2355900" lon="-97.6119160"><ele>222.0</ele></trkpt><trkpt lat="32.2356010" lon="-97.6118920"><ele>222.0</ele></trkpt><trkpt lat="32.2356100" lon="-97.6118650"><ele>222.0</ele></trkpt><trkpt lat="32.2356180" lon="-97.6118380"><ele>222.0</ele></trkpt><trkpt lat="32.2356210" lon="-97.6118090"><ele>222.0</ele></trkpt><trkpt lat="32.2356240" lon="-97.6117800"><ele>222.0</ele></trkpt><trkpt lat="32.2356220" lon="-97.6117510"><ele>222.0</ele></trkpt><trkpt lat="32.2356200" lon="-97.6117230"><ele>222.0</ele></trkpt><trkpt lat="32.2356150" lon="-97.6116960"><ele>222.0</ele></trkpt><trkpt lat="32.2356110" lon="-97.6116700"><ele>222.0</ele></trkpt><trkpt lat="32.2356090" lon="-97.6116440"><ele>222.0</ele></trkpt><trkpt lat="32.2356070" lon="-97.6116190"><ele>222.0</ele></trkpt><trkpt lat="32.2356110" lon="-97.6115960"><ele>222.0</ele></trkpt><trkpt lat="32.2356160" lon="-97.6115740"><ele>222.0</ele></trkpt><trkpt lat="32.2356260" lon="-97.6115580"><ele>222.0</ele></trkpt><trkpt lat="32.2356360" lon="-97.6115430"><ele>222.0</ele></trkpt><trkpt lat="32.2356520" lon="-97.6115410"><ele>222.0</ele></trkpt><trkpt lat="32.2356670" lon="-97.6115390"><ele>222.0</ele></trkpt><trkpt lat="32.2356840" lon="-97.6115470"><ele>222.0</ele></trkpt><trkpt lat="32.2357010" lon="-97.6115550"><ele>223.0</ele></trkpt><trkpt lat="32.2357170" lon="-97.6115680"><ele>222.0</ele></trkpt><trkpt lat="32.2357340" lon="-97.6115800"><ele>222.0</ele></trkpt><trkpt lat="32.2357500" lon="-97.6115930"><ele>222.0</ele></trkpt><trkpt lat="32.2357670" lon="-97.6116060"><ele>222.0</ele></trkpt><trkpt lat="32.2357840" lon="-97.6116180"><ele>222.0</ele></trkpt><trkpt lat="32.2358010" lon="-97.6116290"><ele>222.0</ele></trkpt><trkpt lat="32.2358200" lon="-97.6116370"><ele>222.0</ele></trkpt><trkpt lat="32.2358390" lon="-97.6116450"><ele>222.0</ele></trkpt><trkpt lat="32.2358610" lon="-97.6116470"><ele>222.0</ele></trkpt><trkpt lat="32.2358830" lon="-97.6116500"><ele>222.0</ele></trkpt><trkpt lat="32.2359080" lon="-97.6116490"><ele>222.0</ele></trkpt><trkpt lat="32.2359330" lon="-97.6116480"><ele>222.0</ele></trkpt><trkpt lat="32.2359590" lon="-97.6116440"><ele>222.0</ele></trkpt><trkpt lat="32.2359860" lon="-97.6116400"><ele>222.0</ele></trkpt><trkpt lat="32.2360130" lon="-97.6116350"><ele>222.0</ele></trkpt><trkpt lat="32.2360400" lon="-97.6116290"><ele>221.0</ele></trkpt><trkpt lat="32.2360660" lon="-97.6116230"><ele>221.0</ele></trkpt><trkpt lat="32.2360910" lon="-97.6116160"><ele>221.0</ele></trkpt><trkpt lat="32.2361160" lon="-97.6116110"><ele>221.0</ele></trkpt><trkpt lat="32.2361400" lon="-97.6116060"><ele>221.0</ele></trkpt><trkpt lat="32.2361660" lon="-97.6116050"><ele>221.0</ele></trkpt><trkpt lat="32.2361910" lon="-97.6116030"><ele>221.0</ele></trkpt><trkpt lat="32.2362190" lon="-97.6116040"><ele>221.0</ele></trkpt><trkpt lat="32.2362460" lon="-97.6116060"><ele>221.0</ele></trkpt><trkpt lat="32.2362740" lon="-97.6116090"><ele>221.0</ele></trkpt><trkpt lat="32.2363020" lon="-97.6116130"><ele>221.0</ele></trkpt><trkpt lat="32.2363300" lon="-97.6116160"><ele>221.0</ele></trkpt><trkpt lat="32.2363570" lon="-97.6116190"><ele>221.0</ele></trkpt><trkpt lat="32.2363850" lon="-97.6116210"><ele>221.0</ele></trkpt><trkpt lat="32.2364130" lon="-97.6116220"><ele>221.0</ele></trkpt><trkpt lat="32.2364410" lon="-97.6116230"><ele>221.0</ele></trkpt><trkpt lat="32.2364690" lon="-97.6116240"><ele>221.0</ele></trkpt><trkpt lat="32.2364950" lon="-97.6116240"><ele>221.0</ele></trkpt><trkpt lat="32.2365220" lon="-97.6116240"><ele>221.0</ele></trkpt><trkpt lat="32.2365460" lon="-97.6116230"><ele>221.0</ele></trkpt><trkpt lat="32.2365710" lon="-97.6116230"><ele>221.0</ele></trkpt><trkpt lat="32.2365950" lon="-97.6116230"><ele>221.0</ele></trkpt><trkpt lat="32.2366190" lon="-97.6116230"><ele>221.0</ele></trkpt><trkpt lat="32.2366420" lon="-97.6116220"><ele>221.0</ele></trkpt><trkpt lat="32.2366650" lon="-97.6116210"><ele>221.0</ele></trkpt><trkpt lat="32.2366860" lon="-97.6116180"><ele>220.0</ele></trkpt><trkpt lat="32.2367070" lon="-97.6116140"><ele>220.0</ele></trkpt><trkpt lat="32.2367280" lon="-97.6116110"><ele>220.0</ele></trkpt><trkpt lat="32.2367500" lon="-97.6116080"><ele>220.0</ele></trkpt><trkpt lat="32.2367720" lon="-97.6116040"><ele>220.0</ele></trkpt><trkpt lat="32.2367940" lon="-97.6116010"><ele>220.0</ele></trkpt><trkpt lat="32.2368170" lon="-97.6115950"><ele>220.0</ele></trkpt><trkpt lat="32.2368400" lon="-97.6115880"><ele>220.0</ele></trkpt><trkpt lat="32.2368640" lon="-97.6115800"><ele>220.0</ele></trkpt><trkpt lat="32.2368890" lon="-97.6115710"><ele>220.0</ele></trkpt><trkpt lat="32.2369130" lon="-97.6115650"><ele>220.0</ele></trkpt><trkpt lat="32.2369370" lon="-97.6115590"><ele>220.0</ele></trkpt><trkpt lat="32.2369590" lon="-97.6115600"><ele>220.0</ele></trkpt><trkpt lat="32.2369820" lon="-97.6115610"><ele>220.0</ele></trkpt><trkpt lat="32.2370020" lon="-97.6115690"><ele>221.0</ele></trkpt><trkpt lat="32.2370220" lon="-97.6115770"><ele>221.0</ele></trkpt><trkpt lat="32.2370380" lon="-97.6115930"><ele>221.0</ele></trkpt><trkpt lat="32.2370540" lon="-97.6116100"><ele>221.0</ele></trkpt><trkpt lat="32.2370620" lon="-97.6116320"><ele>221.0</ele></trkpt><trkpt lat="32.2370710" lon="-97.6116540"><ele>222.0</ele></trkpt><trkpt lat="32.2370710" lon="-97.6116800"><ele>222.0</ele></trkpt><trkpt lat="32.2370710" lon="-97.6117060"><ele>222.0</ele></trkpt><trkpt lat="32.2370630" lon="-97.6117340"><ele>222.0</ele></trkpt><trkpt lat="32.2370560" lon="-97.6117610"><ele>222.0</ele></trkpt><trkpt lat="32.2370450" lon="-97.6117860"><ele>222.0</ele></trkpt><trkpt lat="32.2370330" lon="-97.6118110"><ele>222.0</ele></trkpt><trkpt lat="32.2370190" lon="-97.6118310"><ele>222.0</ele></trkpt><trkpt lat="32.2370050" lon="-97.6118510"><ele>222.0</ele></trkpt><trkpt lat="32.2369900" lon="-97.6118660"><ele>222.0</ele></trkpt><trkpt lat="32.2369750" lon="-97.6118810"><ele>222.0</ele></trkpt><trkpt lat="32.2369590" lon="-97.6118950"><ele>222.0</ele></trkpt><trkpt lat="32.2369420" lon="-97.6119080"><ele>222.0</ele></trkpt><trkpt lat="32.2369240" lon="-97.6119220"><ele>222.0</ele></trkpt><trkpt lat="32.2369060" lon="-97.6119350"><ele>222.0</ele></trkpt><trkpt lat="32.2368860" lon="-97.6119480"><ele>222.0</ele></trkpt><trkpt lat="32.2368660" lon="-97.6119610"><ele>222.0</ele></trkpt><trkpt lat="32.2368450" lon="-97.6119730"><ele>222.0</ele></trkpt><trkpt lat="32.2368230" lon="-97.6119860"><ele>222.0</ele></trkpt><trkpt lat="32.2368010" lon="-97.6119960"><ele>222.0</ele></trkpt><trkpt lat="32.2367780" lon="-97.6120070"><ele>222.0</ele></trkpt><trkpt lat="32.2367550" lon="-97.6120160"><ele>222.0</ele></trkpt><trkpt lat="32.2367330" lon="-97.6120260"><ele>222.0</ele></trkpt><trkpt lat="32.2367100" lon="-97.6120340"><ele>222.0</ele></trkpt><trkpt lat="32.2366870" lon="-97.6120420"><ele>222.0</ele></trkpt><trkpt lat="32.2366630" lon="-97.6120490"><ele>223.0</ele></trkpt><trkpt lat="32.2366390" lon="-97.6120570"><ele>223.0</ele></trkpt><trkpt lat="32.2366140" lon="-97.6120620"><ele>223.0</ele></trkpt><trkpt lat="32.2365880" lon="-97.6120670"><ele>223.0</ele></trkpt><trkpt lat="32.2365620" lon="-97.6120720"><ele>223.0</ele></trkpt><trkpt lat="32.2365370" lon="-97.6120760"><ele>223.0</ele></trkpt><trkpt lat="32.2365110" lon="-97.6120820"><ele>223.0</ele></trkpt><trkpt lat="32.2364850" lon="-97.6120880"><ele>223.0</ele></trkpt><trkpt lat="32.2364580" lon="-97.6120970"><ele>223.0</ele></trkpt><trkpt lat="32.2364320" lon="-97.6121060"><ele>223.0</ele></trkpt><trkpt lat="32.2364060" lon="-97.6121180"><ele>223.0</ele></trkpt><trkpt lat="32.2363790" lon="-97.6121290"><ele>223.0</ele></trkpt><trkpt lat="32.2363540" lon="-97.6121410"><ele>223.0</ele></trkpt><trkpt lat="32.2363290" lon="-97.6121530"><ele>223.0</ele></trkpt><trkpt lat="32.2363060" lon="-97.6121660"><ele>223.0</ele></trkpt><trkpt lat="32.2362830" lon="-97.6121780"><ele>223.0</ele></trkpt><trkpt lat="32.2362610" lon="-97.6121910"><ele>222.0</ele></trkpt><trkpt lat="32.2362400" lon="-97.6122050"><ele>222.0</ele></trkpt><trkpt lat="32.2362190" lon="-97.6122220"><ele>222.0</ele></trkpt><trkpt lat="32.2361980" lon="-97.6122380"><ele>222.0</ele></trkpt><trkpt lat="32.2361770" lon="-97.6122570"><ele>222.0</ele></trkpt><trkpt lat="32.2361560" lon="-97.6122760"><ele>222.0</ele></trkpt><trkpt lat="32.2361370" lon="-97.6122970"><ele>222.0</ele></trkpt><trkpt lat="32.2361190" lon="-97.6123190"><ele>222.0</ele></trkpt><trkpt lat="32.2361030" lon="-97.6123410"><ele>222.0</ele></trkpt><trkpt lat="32.2360860" lon="-97.6123630"><ele>222.0</ele></trkpt><trkpt lat="32.2360730" lon="-97.6123850"><ele>222.0</ele></trkpt><trkpt lat="32.2360590" lon="-97.6124080"><ele>222.0</ele></trkpt><trkpt lat="32.2360470" lon="-97.6124310"><ele>222.0</ele></trkpt><trkpt lat="32.2360350" lon="-97.6124540"><ele>222.0</ele></trkpt><trkpt lat="32.2360240" lon="-97.6124780"><ele>222.0</ele></trkpt><trkpt lat="32.2360130" lon="-97.6125020"><ele>222.0</ele></trkpt><trkpt lat="32.2360030" lon="-97.6125280"><ele>222.0</ele></trkpt><trkpt lat="32.2359930" lon="-97.6125540"><ele>222.0</ele></trkpt><trkpt lat="32.2359830" lon="-97.6125810"><ele>222.0</ele></trkpt><trkpt lat="32.2359740" lon="-97.6126070"><ele>222.0</ele></trkpt><trkpt lat="32.2359630" lon="-97.6126340"><ele>222.0</ele></trkpt><trkpt lat="32.2359530" lon="-97.6126610"><ele>222.0</ele></trkpt><trkpt lat="32.2359430" lon="-97.6126870"><ele>222.0</ele></trkpt><trkpt lat="32.2359320" lon="-97.6127130"><ele>222.0</ele></trkpt><trkpt lat="32.2359220" lon="-97.6127380"><ele>222.0</ele></trkpt><trkpt lat="32.2359120" lon="-97.6127630"><ele>222.0</ele></trkpt><trkpt lat="32.2359010" lon="-97.6127860"><ele>222.0</ele></trkpt><trkpt lat="32.2358910" lon="-97.6128080"><ele>222.0</ele></trkpt><trkpt lat="32.2358790" lon="-97.6128310"><ele>222.0</ele></trkpt><trkpt lat="32.2358680" lon="-97.6128530"><ele>222.0</ele></trkpt><trkpt lat="32.2358560" lon="-97.6128770"><ele>221.0</ele></trkpt><trkpt lat="32.2358440" lon="-97.6129010"><ele>221.0</ele></trkpt><trkpt lat="32.2358330" lon="-97.6129270"><ele>221.0</ele></trkpt><trkpt lat="32.2358210" lon="-97.6129530"><ele>221.0</ele></trkpt><trkpt lat="32.2358110" lon="-97.6129800"><ele>221.0</ele></trkpt><trkpt lat="32.2358000" lon="-97.6130060"><ele>221.0</ele></trkpt><trkpt lat="32.2357910" lon="-97.6130320"><ele>221.0</ele></trkpt><trkpt lat="32.2357810" lon="-97.6130580"><ele>221.0</ele></trkpt><trkpt lat="32.2357730" lon="-97.6130830"><ele>221.0</ele></trkpt><trkpt lat="32.2357650" lon="-97.6131080"><ele>221.0</ele></trkpt><trkpt lat="32.2357580" lon="-97.6131340"><ele>221.0</ele></trkpt><trkpt lat="32.2357510" lon="-97.6131610"><ele>221.0</ele></trkpt><trkpt lat="32.2357450" lon="-97.6131870"><ele>221.0</ele></trkpt><trkpt lat="32.2357380" lon="-97.6132140"><ele>221.0</ele></trkpt><trkpt lat="32.2357310" lon="-97.6132410"><ele>221.0</ele></trkpt><trkpt lat="32.2357250" lon="-97.6132680"><ele>221.0</ele></trkpt><trkpt lat="32.2357180" lon="-97.6132940"><ele>221.0</ele></trkpt><trkpt lat="32.2357110" lon="-97.6133200"><ele>221.0</ele></trkpt><trkpt lat="32.2357020" lon="-97.6133460"><ele>221.0</ele></trkpt><trkpt lat="32.2356940" lon="-97.6133710"><ele>222.0</ele></trkpt><trkpt lat="32.2356860" lon="-97.6133970"><ele>222.0</ele></trkpt><trkpt lat="32.2356780" lon="-97.6134230"><ele>222.0</ele></trkpt><trkpt lat="32.2356710" lon="-97.6134500"><ele>222.0</ele></trkpt><trkpt lat="32.2356650" lon="-97.6134780"><ele>222.0</ele></trkpt><trkpt lat="32.2356590" lon="-97.6135050"><ele>223.0</ele></trkpt><trkpt lat="32.2356540" lon="-97.6135330"><ele>223.0</ele></trkpt><trkpt lat="32.2356490" lon="-97.6135590"><ele>223.0</ele></trkpt><trkpt lat="32.2356440" lon="-97.6135860"><ele>223.0</ele></trkpt><trkpt lat="32.2356390" lon="-97.6136120"><ele>223.0</ele></trkpt><trkpt lat="32.2356350" lon="-97.6136380"><ele>223.0</ele></trkpt><trkpt lat="32.2356320" lon="-97.6136650"><ele>223.0</ele></trkpt><trkpt lat="32.2356290" lon="-97.6136910"><ele>223.0</ele></trkpt><trkpt lat="32.2356260" lon="-97.6137180"><ele>223.0</ele></trkpt><trkpt lat="32.2356240" lon="-97.6137460"><ele>223.0</ele></trkpt><trkpt lat="32.2356210" lon="-97.6137720"><ele>224.0</ele></trkpt><trkpt lat="32.2356190" lon="-97.6137990"><ele>224.0</ele></trkpt><trkpt lat="32.2356160" lon="-97.6138250"><ele>224.0</ele></trkpt><trkpt lat="32.2356120" lon="-97.6138500"><ele>224.0</ele></trkpt><trkpt lat="32.2356080" lon="-97.6138750"><ele>224.0</ele></trkpt><trkpt lat="32.2356030" lon="-97.6138990"><ele>224.0</ele></trkpt><trkpt lat="32.2355990" lon="-97.6139240"><ele>224.0</ele></trkpt><trkpt lat="32.2355940" lon="-97.6139500"><ele>224.0</ele></trkpt><trkpt lat="32.2355940" lon="-97.6139760"><ele>224.0</ele></trkpt><trkpt lat="32.2355940" lon="-97.6140020"><ele>224.0</ele></trkpt><trkpt lat="32.2355990" lon="-97.6140280"><ele>224.0</ele></trkpt><trkpt lat="32.2356050" lon="-97.6140540"><ele>224.0</ele></trkpt><trkpt lat="32.2356140" lon="-97.6140780"><ele>224.0</ele></trkpt><trkpt lat="32.2356230" lon="-97.6141030"><ele>224.0</ele></trkpt><trkpt lat="32.2356360" lon="-97.6141230"><ele>224.0</ele></trkpt><trkpt lat="32.2356490" lon="-97.6141440"><ele>224.0</ele></trkpt><trkpt lat="32.2356670" lon="-97.6141600"><ele>224.0</ele></trkpt><trkpt lat="32.2356840" lon="-97.6141760"><ele>224.0</ele></trkpt><trkpt lat="32.2357060" lon="-97.6141890"><ele>224.0</ele></trkpt><trkpt lat="32.2357270" lon="-97.6142030"><ele>224.0</ele></trkpt><trkpt lat="32.2357480" lon="-97.6142150"><ele>224.0</ele></trkpt><trkpt lat="32.2357700" lon="-97.6142270"><ele>223.0</ele></trkpt><trkpt lat="32.2357900" lon="-97.6142380"><ele>223.0</ele></trkpt><trkpt lat="32.2358110" lon="-97.6142490"><ele>223.0</ele></trkpt><trkpt lat="32.2358310" lon="-97.6142610"><ele>223.0</ele></trkpt><trkpt lat="32.2358510" lon="-97.6142720"><ele>223.0</ele></trkpt><trkpt lat="32.2358700" lon="-97.6142850"><ele>223.0</ele></trkpt><trkpt lat="32.2358890" lon="-97.6142980"><ele>223.0</ele></trkpt><trkpt lat="32.2359070" lon="-97.6143130"><ele>223.0</ele></trkpt><trkpt lat="32.2359250" lon="-97.6143280"><ele>223.0</ele></trkpt><trkpt lat="32.2359430" lon="-97.6143460"><ele>223.0</ele></trkpt><trkpt lat="32.2359620" lon="-97.6143630"><ele>223.0</ele></trkpt><trkpt lat="32.2359810" lon="-97.6143830"><ele>223.0</ele></trkpt><trkpt lat="32.2360000" lon="-97.6144020"><ele>223.0</ele></trkpt><trkpt lat="32.2360190" lon="-97.6144220"><ele>223.0</ele></trkpt><trkpt lat="32.2360390" lon="-97.6144420"><ele>223.0</ele></trkpt><trkpt lat="32.2360590" lon="-97.6144600"><ele>223.0</ele></trkpt><trkpt lat="32.2360800" lon="-97.6144780"><ele>223.0</ele></trkpt><trkpt lat="32.2361000" lon="-97.6144960"><ele>223.0</ele></trkpt><trkpt lat="32.2361200" lon="-97.6145130"><ele>223.0</ele></trkpt><trkpt lat="32.2361380" lon="-97.6145310"><ele>223.0</ele></trkpt><trkpt lat="32.2361560" lon="-97.6145490"><ele>223.0</ele></trkpt><trkpt lat="32.2361730" lon="-97.6145700"><ele>223.0</ele></trkpt><trkpt lat="32.2361900" lon="-97.6145920"><ele>223.0</ele></trkpt><trkpt lat="32.2362050" lon="-97.6146150"><ele>223.0</ele></trkpt><trkpt lat="32.2362210" lon="-97.6146390"><ele>223.0</ele></trkpt><trkpt lat="32.2362340" lon="-97.6146630"><ele>223.0</ele></trkpt><trkpt lat="32.2362470" lon="-97.6146880"><ele>223.0</ele></trkpt><trkpt lat="32.2362580" lon="-97.6147110"><ele>223.0</ele></trkpt><trkpt lat="32.2362700" lon="-97.6147350"><ele>223.0</ele></trkpt><trkpt lat="32.2362790" lon="-97.6147580"><ele>223.0</ele></trkpt><trkpt lat="32.2362890" lon="-97.6147800"><ele>222.0</ele></trkpt><trkpt lat="32.2362990" lon="-97.6148040"><ele>222.0</ele></trkpt><trkpt lat="32.2363090" lon="-97.6148280"><ele>222.0</ele></trkpt><trkpt lat="32.2363200" lon="-97.6148520"><ele>222.0</ele></trkpt><trkpt lat="32.2363310" lon="-97.6148770"><ele>222.0</ele></trkpt><trkpt lat="32.2363430" lon="-97.6149030"><ele>221.0</ele></trkpt><trkpt lat="32.2363540" lon="-97.6149280"><ele>221.0</ele></trkpt><trkpt lat="32.2363640" lon="-97.6149530"><ele>221.0</ele></trkpt><trkpt lat="32.2363750" lon="-97.6149790"><ele>221.0</ele></trkpt><trkpt lat="32.2363840" lon="-97.6150030"><ele>221.0</ele></trkpt><trkpt lat="32.2363940" lon="-97.6150280"><ele>220.0</ele></trkpt><trkpt lat="32.2364020" lon="-97.6150530"><ele>220.0</ele></trkpt><trkpt lat="32.2364100" lon="-97.6150780"><ele>220.0</ele></trkpt><trkpt lat="32.2364160" lon="-97.6151030"><ele>220.0</ele></trkpt><trkpt lat="32.2364230" lon="-97.6151270"><ele>220.0</ele></trkpt><trkpt lat="32.2364280" lon="-97.6151530"><ele>220.0</ele></trkpt><trkpt lat="32.2364330" lon="-97.6151780"><ele>220.0</ele></trkpt><trkpt lat="32.2364370" lon="-97.6152050"><ele>220.0</ele></trkpt><trkpt lat="32.2364420" lon="-97.6152310"><ele>220.0</ele></trkpt><trkpt lat="32.2364440" lon="-97.6152570"><ele>220.0</ele></trkpt><trkpt lat="32.2364460" lon="-97.6152820"><ele>220.0</ele></trkpt><trkpt lat="32.2364450" lon="-97.6153060"><ele>220.0</ele></trkpt><trkpt lat="32.2364430" lon="-97.6153290"><ele>220.0</ele></trkpt><trkpt lat="32.2364410" lon="-97.6153530"><ele>220.0</ele></trkpt><trkpt lat="32.2364390" lon="-97.6153770"><ele>221.0</ele></trkpt><trkpt lat="32.2364390" lon="-97.6154030"><ele>220.0</ele></trkpt><trkpt lat="32.2364390" lon="-97.6154280"><ele>220.0</ele></trkpt><trkpt lat="32.2364400" lon="-97.6154540"><ele>220.0</ele></trkpt><trkpt lat="32.2364410" lon="-97.6154810"><ele>220.0</ele></trkpt><trkpt lat="32.2364410" lon="-97.6155080"><ele>220.0</ele></trkpt><trkpt lat="32.2364410" lon="-97.6155350"><ele>220.0</ele></trkpt><trkpt lat="32.2364360" lon="-97.6155590"><ele>220.0</ele></trkpt><trkpt lat="32.2364300" lon="-97.6155840"><ele>220.0</ele></trkpt><trkpt lat="32.2364170" lon="-97.6156040"><ele>220.0</ele></trkpt><trkpt lat="32.2364050" lon="-97.6156250"><ele>220.0</ele></trkpt><trkpt lat="32.2363870" lon="-97.6156380"><ele>220.0</ele></trkpt><trkpt lat="32.2363690" lon="-97.6156520"><ele>220.0</ele></trkpt><trkpt lat="32.2363470" lon="-97.6156600"><ele>220.0</ele></trkpt><trkpt lat="32.2363260" lon="-97.6156690"><ele>220.0</ele></trkpt><trkpt lat="32.2363040" lon="-97.6156740"><ele>220.0</ele></trkpt><trkpt lat="32.2362830" lon="-97.6156800"><ele>220.0</ele></trkpt><trkpt lat="32.2362610" lon="-97.6156840"><ele>220.0</ele></trkpt><trkpt lat="32.2362390" lon="-97.6156880"><ele>220.0</ele></trkpt><trkpt lat="32.2362180" lon="-97.6156900"><ele>220.0</ele></trkpt><trkpt lat="32.2361970" lon="-97.6156930"><ele>220.0</ele></trkpt><trkpt lat="32.2361780" lon="-97.6156960"><ele>220.0</ele></trkpt><trkpt lat="32.2361600" lon="-97.6157000"><ele>220.0</ele></trkpt><trkpt lat="32.2361430" lon="-97.6157040"><ele>220.0</ele></trkpt><trkpt lat="32.2361260" lon="-97.6157090"><ele>220.0</ele></trkpt><trkpt lat="32.2361090" lon="-97.6157110"><ele>220.0</ele></trkpt><trkpt lat="32.2360920" lon="-97.6157130"><ele>220.0</ele></trkpt><trkpt lat="32.2360730" lon="-97.6157160"><ele>220.0</ele></trkpt><trkpt lat="32.2360540" lon="-97.6157180"><ele>220.0</ele></trkpt><trkpt lat="32.2360320" lon="-97.6157220"><ele>220.0</ele></trkpt><trkpt lat="32.2360090" lon="-97.6157260"><ele>221.0</ele></trkpt><trkpt lat="32.2359860" lon="-97.6157320"><ele>221.0</ele></trkpt><trkpt lat="32.2359630" lon="-97.6157370"><ele>221.0</ele></trkpt><trkpt lat="32.2359390" lon="-97.6157430"><ele>221.0</ele></trkpt><trkpt lat="32.2359160" lon="-97.6157490"><ele>221.0</ele></trkpt><trkpt lat="32.2358910" lon="-97.6157530"><ele>222.0</ele></trkpt><trkpt lat="32.2358670" lon="-97.6157580"><ele>222.0</ele></trkpt><trkpt lat="32.2358420" lon="-97.6157630"><ele>222.0</ele></trkpt><trkpt lat="32.2358180" lon="-97.6157670"><ele>222.0</ele></trkpt><trkpt lat="32.2357940" lon="-97.6157720"><ele>222.0</ele></trkpt><trkpt lat="32.2357700" lon="-97.6157780"><ele>223.0</ele></trkpt><trkpt lat="32.2357470" lon="-97.6157860"><ele>223.0</ele></trkpt><trkpt lat="32.2357240" lon="-97.6157950"><ele>223.0</ele></trkpt><trkpt lat="32.2357030" lon="-97.6158070"><ele>223.0</ele></trkpt><trkpt lat="32.2356820" lon="-97.6158190"><ele>223.0</ele></trkpt><trkpt lat="32.2356620" lon="-97.6158350"><ele>223.0</ele></trkpt><trkpt lat="32.2356410" lon="-97.6158510"><ele>223.0</ele></trkpt><trkpt lat="32.2356230" lon="-97.6158700"><ele>223.0</ele></trkpt><trkpt lat="32.2356040" lon="-97.6158890"><ele>223.0</ele></trkpt><trkpt lat="32.2355870" lon="-97.6159100"><ele>223.0</ele></trkpt><trkpt lat="32.2355710" lon="-97.6159310"><ele>223.0</ele></trkpt><trkpt lat="32.2355570" lon="-97.6159540"><ele>223.0</ele></trkpt><trkpt lat="32.2355440" lon="-97.6159780"><ele>223.0</ele></trkpt><trkpt lat="32.2355340" lon="-97.6160040"><ele>223.0</ele></trkpt><trkpt lat="32.2355240" lon="-97.6160290"><ele>223.0</ele></trkpt><trkpt lat="32.2355170" lon="-97.6160560"><ele>223.0</ele></trkpt><trkpt lat="32.2355090" lon="-97.6160830"><ele>223.0</ele></trkpt><trkpt lat="32.2355040" lon="-97.6161110"><ele>223.0</ele></trkpt><trkpt lat="32.2355000" lon="-97.6161390"><ele>223.0</ele></trkpt><trkpt lat="32.2354990" lon="-97.6161670"><ele>223.0</ele></trkpt><trkpt lat="32.2354980" lon="-97.6161950"><ele>223.0</ele></trkpt><trkpt lat="32.2355010" lon="-97.6162220"><ele>223.0</ele></trkpt><trkpt lat="32.2355030" lon="-97.6162490"><ele>223.0</ele></trkpt><trkpt lat="32.2355080" lon="-97.6162760"><ele>223.0</ele></trkpt><trkpt lat="32.2355130" lon="-97.6163030"><ele>223.0</ele></trkpt><trkpt lat="32.2355190" lon="-97.6163320"><ele>223.0</ele></trkpt><trkpt lat="32.2355250" lon="-97.6163610"><ele>223.0</ele></trkpt><trkpt lat="32.2355330" lon="-97.6163900"><ele>223.0</ele></trkpt><trkpt lat="32.2355400" lon="-97.6164200"><ele>223.0</ele></trkpt><trkpt lat="32.2355490" lon="-97.6164500"><ele>223.0</ele></trkpt><trkpt lat="32.2355580" lon="-97.6164790"><ele>223.0</ele></trkpt><trkpt lat="32.2355670" lon="-97.6165080"><ele>223.0</ele></trkpt><trkpt lat="32.2355760" lon="-97.6165360"><ele>223.0</ele></trkpt><trkpt lat="32.2355860" lon="-97.6165630"><ele>223.0</ele></trkpt><trkpt lat="32.2355960" lon="-97.6165910"><ele>223.0</ele></trkpt><trkpt lat="32.2356050" lon="-97.6166170"><ele>223.0</ele></trkpt><trkpt lat="32.2356150" lon="-97.6166430"><ele>223.0</ele></trkpt><trkpt lat="32.2356260" lon="-97.6166670"><ele>223.0</ele></trkpt><trkpt lat="32.2356360" lon="-97.6166910"><ele>223.0</ele></trkpt><trkpt lat="32.2356460" lon="-97.6167150"><ele>223.0</ele></trkpt><trkpt lat="32.2356550" lon="-97.6167380"><ele>223.0</ele></trkpt><trkpt lat="32.2356640" lon="-97.6167620"><ele>223.0</ele></trkpt><trkpt lat="32.2356720" lon="-97.6167860"><ele>223.0</ele></trkpt><trkpt lat="32.2356780" lon="-97.6168120"><ele>223.0</ele></trkpt><trkpt lat="32.2356830" lon="-97.6168370"><ele>223.0</ele></trkpt><trkpt lat="32.2356860" lon="-97.6168650"><ele>223.0</ele></trkpt><trkpt lat="32.2356880" lon="-97.6168920"><ele>223.0</ele></trkpt><trkpt lat="32.2356880" lon="-97.6169210"><ele>223.0</ele></trkpt><trkpt lat="32.2356890" lon="-97.6169500"><ele>223.0</ele></trkpt><trkpt lat="32.2356880" lon="-97.6169810"><ele>223.0</ele></trkpt><trkpt lat="32.2356880" lon="-97.6170110"><ele>223.0</ele></trkpt><trkpt lat="32.2356900" lon="-97.6170410"><ele>223.0</ele></trkpt><trkpt lat="32.2356920" lon="-97.6170720"><ele>223.0</ele></trkpt><trkpt lat="32.2356980" lon="-97.6170990"><ele>223.0</ele></trkpt><trkpt lat="32.2357040" lon="-97.6171270"><ele>223.0</ele></trkpt><trkpt lat="32.2357150" lon="-97.6171510"><ele>223.0</ele></trkpt><trkpt lat="32.2357250" lon="-97.6171760"><ele>222.0</ele></trkpt><trkpt lat="32.2357400" lon="-97.6171970"><ele>222.0</ele></trkpt><trkpt lat="32.2357550" lon="-97.6172170"><ele>222.0</ele></trkpt><trkpt lat="32.2357730" lon="-97.6172350"><ele>222.0</ele></trkpt><trkpt lat="32.2357910" lon="-97.6172530"><ele>222.0</ele></trkpt><trkpt lat="32.2358090" lon="-97.6172690"><ele>222.0</ele></trkpt><trkpt lat="32.2358270" lon="-97.6172850"><ele>222.0</ele></trkpt><trkpt lat="32.2358450" lon="-97.6172990"><ele>222.0</ele></trkpt><trkpt lat="32.2358640" lon="-97.6173130"><ele>222.0</ele></trkpt><trkpt lat="32.2358830" lon="-97.6173240"><ele>222.0</ele></trkpt><trkpt lat="32.2359020" lon="-97.6173350"><ele>221.0</ele></trkpt><trkpt lat="32.2359220" lon="-97.6173440"><ele>221.0</ele></trkpt><trkpt lat="32.2359420" lon="-97.6173530"><ele>221.0</ele></trkpt><trkpt lat="32.2359640" lon="-97.6173630"><ele>221.0</ele></trkpt><trkpt lat="32.2359860" lon="-97.6173730"><ele>221.0</ele></trkpt><trkpt lat="32.2360080" lon="-97.6173840"><ele>221.0</ele></trkpt><trkpt lat="32.2360300" lon="-97.6173950"><ele>221.0</ele></trkpt><trkpt lat="32.2360500" lon="-97.6174060"><ele>221.0</ele></trkpt><trkpt lat="32.2360700" lon="-97.6174170"><ele>221.0</ele></trkpt><trkpt lat="32.2360890" lon="-97.6174290"><ele>221.0</ele></trkpt><trkpt lat="32.2361070" lon="-97.6174410"><ele>221.0</ele></trkpt><trkpt lat="32.2361240" lon="-97.6174570"><ele>221.0</ele></trkpt><trkpt lat="32.2361410" lon="-97.6174720"><ele>221.0</ele></trkpt><trkpt lat="32.2361570" lon="-97.6174910"><ele>221.0</ele></trkpt><trkpt lat="32.2361730" lon="-97.6175090"><ele>221.0</ele></trkpt><trkpt lat="32.2361880" lon="-97.6175290"><ele>221.0</ele></trkpt><trkpt lat="32.2362030" lon="-97.6175500"><ele>221.0</ele></trkpt><trkpt lat="32.2362170" lon="-97.6175710"><ele>221.0</ele></trkpt><trkpt lat="32.2362320" lon="-97.6175920"><ele>221.0</ele></trkpt><trkpt lat="32.2362480" lon="-97.6176130"><ele>221.0</ele></trkpt><trkpt lat="32.2362650" lon="-97.6176330"><ele>221.0</ele></trkpt><trkpt lat="32.2362850" lon="-97.6176500"><ele>221.0</ele></trkpt><trkpt lat="32.2363040" lon="-97.6176670"><ele>221.0</ele></trkpt><trkpt lat="32.2363270" lon="-97.6176790"><ele>221.0</ele></trkpt><trkpt lat="32.2363500" lon="-97.6176900"><ele>221.0</ele></trkpt><trkpt lat="32.2363740" lon="-97.6176980"><ele>221.0</ele></trkpt><trkpt lat="32.2363980" lon="-97.6177050"><ele>221.0</ele></trkpt><trkpt lat="32.2364210" lon="-97.6177110"><ele>221.0</ele></trkpt><trkpt lat="32.2364440" lon="-97.6177160"><ele>221.0</ele></trkpt><trkpt lat="32.2364670" lon="-97.6177200"><ele>222.0</ele></trkpt><trkpt lat="32.2364900" lon="-97.6177240"><ele>221.0</ele></trkpt><trkpt lat="32.2365110" lon="-97.6177310"><ele>221.0</ele></trkpt><trkpt lat="32.2365320" lon="-97.6177370"><ele>221.0</ele></trkpt><trkpt lat="32.2365480" lon="-97.6177480"><ele>221.0</ele></trkpt><trkpt lat="32.2365640" lon="-97.6177590"><ele>221.0</ele></trkpt><trkpt lat="32.2365650" lon="-97.6177760"><ele>220.0</ele></trkpt><trkpt lat="32.2365660" lon="-97.6177930"><ele>220.0</ele></trkpt><trkpt lat="32.2365530" lon="-97.6178120"><ele>220.0</ele></trkpt><trkpt lat="32.2365400" lon="-97.6178320"><ele>220.0</ele></trkpt><trkpt lat="32.2365220" lon="-97.6178510"><ele>220.0</ele></trkpt><trkpt lat="32.2365050" lon="-97.6178700"><ele>220.0</ele></trkpt><trkpt lat="32.2364850" lon="-97.6178860"><ele>220.0</ele></trkpt><trkpt lat="32.2364650" lon="-97.6179030"><ele>220.0</ele></trkpt><trkpt lat="32.2364450" lon="-97.6179180"><ele>220.0</ele></trkpt><trkpt lat="32.2364250" lon="-97.6179340"><ele>220.0</ele></trkpt><trkpt lat="32.2364050" lon="-97.6179480"><ele>220.0</ele></trkpt><trkpt lat="32.2363860" lon="-97.6179620"><ele>220.0</ele></trkpt><trkpt lat="32.2363650" lon="-97.6179750"><ele>220.0</ele></trkpt><trkpt lat="32.2363450" lon="-97.6179890"><ele>220.0</ele></trkpt><trkpt lat="32.2363250" lon="-97.6180040"><ele>220.0</ele></trkpt><trkpt lat="32.2363040" lon="-97.6180200"><ele>220.0</ele></trkpt><trkpt lat="32.2362830" lon="-97.6180380"><ele>220.0</ele></trkpt><trkpt lat="32.2362630" lon="-97.6180560"><ele>220.0</ele></trkpt><trkpt lat="32.2362430" lon="-97.6180750"><ele>220.0</ele></trkpt><trkpt lat="32.2362240" lon="-97.6180950"><ele>220.0</ele></trkpt><trkpt lat="32.2362050" lon="-97.6181160"><ele>220.0</ele></trkpt><trkpt lat="32.2361870" lon="-97.6181370"><ele>220.0</ele></trkpt><trkpt lat="32.2361700" lon="-97.6181560"><ele>220.0</ele></trkpt><trkpt lat="32.2361530" lon="-97.6181750"><ele>220.0</ele></trkpt><trkpt lat="32.2361370" lon="-97.6181910"><ele>220.0</ele></trkpt><trkpt lat="32.2361210" lon="-97.6182070"><ele>220.0</ele></trkpt><trkpt lat="32.2361040" lon="-97.6182170"><ele>220.0</ele></trkpt><trkpt lat="32.2360880" lon="-97.6182280"><ele>220.0</ele></trkpt><trkpt lat="32.2360710" lon="-97.6182330"><ele>220.0</ele></trkpt><trkpt lat="32.2360540" lon="-97.6182390"><ele>220.0</ele></trkpt><trkpt lat="32.2360350" lon="-97.6182400"><ele>220.0</ele></trkpt><trkpt lat="32.2360170" lon="-97.6182400"><ele>220.0</ele></trkpt><trkpt lat="32.2359960" lon="-97.6182350"><ele>220.0</ele></trkpt><trkpt lat="32.2359760" lon="-97.6182300"><ele>220.0</ele></trkpt><trkpt lat="32.2359560" lon="-97.6182210"><ele>220.0</ele></trkpt><trkpt lat="32.2359360" lon="-97.6182120"><ele>220.0</ele></trkpt><trkpt lat="32.2359150" lon="-97.6182010"><ele>220.0</ele></trkpt><trkpt lat="32.2358950" lon="-97.6181900"><ele>220.0</ele></trkpt><trkpt lat="32.2358750" lon="-97.6181810"><ele>220.0</ele></trkpt><trkpt lat="32.2358540" lon="-97.6181720"><ele>221.0</ele></trkpt><trkpt lat="32.2358330" lon="-97.6181660"><ele>221.0</ele></trkpt><trkpt lat="32.2358130" lon="-97.6181590"><ele>221.0</ele></trkpt><trkpt lat="32.2357910" lon="-97.6181550"><ele>221.0</ele></trkpt><trkpt lat="32.2357690" lon="-97.6181510"><ele>221.0</ele></trkpt><trkpt lat="32.2357470" lon="-97.6181480"><ele>222.0</ele></trkpt><trkpt lat="32.2357250" lon="-97.6181440"><ele>222.0</ele></trkpt><trkpt lat="32.2357030" lon="-97.6181400"><ele>222.0</ele></trkpt><trkpt lat="32.2356810" lon="-97.6181360"><ele>222.0</ele></trkpt><trkpt lat="32.2356600" lon="-97.6181300"><ele>222.0</ele></trkpt><trkpt lat="32.2356380" lon="-97.6181250"><ele>222.0</ele></trkpt><trkpt lat="32.2356160" lon="-97.6181160"><ele>222.0</ele></trkpt><trkpt lat="32.2355950" lon="-97.6181070"><ele>222.0</ele></trkpt><trkpt lat="32.2355720" lon="-97.6180970"><ele>222.0</ele></trkpt><trkpt lat="32.2355500" lon="-97.6180860"><ele>222.0</ele></trkpt><trkpt lat="32.2355260" lon="-97.6180760"><ele>222.0</ele></trkpt><trkpt lat="32.2355020" lon="-97.6180670"><ele>222.0</ele></trkpt><trkpt lat="32.2354780" lon="-97.6180590"><ele>222.0</ele></trkpt><trkpt lat="32.2354540" lon="-97.6180520"><ele>222.0</ele></trkpt><trkpt lat="32.2354300" lon="-97.6180450"><ele>222.0</ele></trkpt><trkpt lat="32.2354070" lon="-97.6180380"><ele>222.0</ele></trkpt><trkpt lat="32.2353840" lon="-97.6180290"><ele>222.0</ele></trkpt><trkpt lat="32.2353610" lon="-97.6180200"><ele>222.0</ele></trkpt><trkpt lat="32.2353380" lon="-97.6180070"><ele>222.0</ele></trkpt><trkpt lat="32.2353150" lon="-97.6179950"><ele>222.0</ele></trkpt><trkpt lat="32.2352930" lon="-97.6179800"><ele>222.0</ele></trkpt><trkpt lat="32.2352700" lon="-97.6179640"><ele>222.0</ele></trkpt><trkpt lat="32.2352480" lon="-97.6179490"><ele>222.0</ele></trkpt><trkpt lat="32.2352250" lon="-97.6179340"><ele>222.0</ele></trkpt><trkpt lat="32.2352040" lon="-97.6179200"><ele>222.0</ele></trkpt><trkpt lat="32.2351820" lon="-97.6179060"><ele>222.0</ele></trkpt><trkpt lat="32.2351610" lon="-97.6178930"><ele>222.0</ele></trkpt><trkpt lat="32.2351400" lon="-97.6178800"><ele>222.0</ele></trkpt><trkpt lat="32.2351200" lon="-97.6178680"><ele>222.0</ele></trkpt><trkpt lat="32.2350990" lon="-97.6178550"><ele>222.0</ele></trkpt><trkpt lat="32.2350800" lon="-97.6178410"><ele>223.0</ele></trkpt><trkpt lat="32.2350600" lon="-97.6178280"><ele>223.0</ele></trkpt><trkpt lat="32.2350420" lon="-97.6178140"><ele>223.0</ele></trkpt><trkpt lat="32.2350240" lon="-97.6178000"><ele>223.0</ele></trkpt><trkpt lat="32.2350060" lon="-97.6177880"><ele>223.0</ele></trkpt><trkpt lat="32.2349890" lon="-97.6177750"><ele>223.0</ele></trkpt><trkpt lat="32.2349720" lon="-97.6177610"><ele>223.0</ele></trkpt><trkpt lat="32.2349550" lon="-97.6177480"><ele>223.0</ele></trkpt><trkpt lat="32.2349380" lon="-97.6177330"><ele>223.0</ele></trkpt><trkpt lat="32.2349200" lon="-97.6177170"><ele>223.0</ele></trkpt><trkpt lat="32.2349020" lon="-97.6177000"><ele>223.0</ele></trkpt><trkpt lat="32.2348840" lon="-97.6176830"><ele>223.0</ele></trkpt><trkpt lat="32.2348650" lon="-97.6176640"><ele>223.0</ele></trkpt><trkpt lat="32.2348470" lon="-97.6176450"><ele>223.0</ele></trkpt><trkpt lat="32.2348280" lon="-97.6176250"><ele>223.0</ele></trkpt><trkpt lat="32.2348100" lon="-97.6176060"><ele>223.0</ele></trkpt><trkpt lat="32.2347900" lon="-97.6175860"><ele>223.0</ele></trkpt><trkpt lat="32.2347710" lon="-97.6175670"><ele>223.0</ele></trkpt><trkpt lat="32.2347510" lon="-97.6175490"><ele>223.0</ele></trkpt><trkpt lat="32.2347300" lon="-97.6175320"><ele>223.0</ele></trkpt><trkpt lat="32.2347100" lon="-97.6175180"><ele>224.0</ele></trkpt><trkpt lat="32.2346890" lon="-97.6175030"><ele>224.0</ele></trkpt><trkpt lat="32.2346670" lon="-97.6174900"><ele>224.0</ele></trkpt><trkpt lat="32.2346450" lon="-97.6174780"><ele>224.0</ele></trkpt><trkpt lat="32.2346230" lon="-97.6174670"><ele>224.0</ele></trkpt><trkpt lat="32.2346020" lon="-97.6174560"><ele>224.0</ele></trkpt><trkpt lat="32.2345820" lon="-97.6174460"><ele>224.0</ele></trkpt><trkpt lat="32.2345610" lon="-97.6174360"><ele>224.0</ele></trkpt><trkpt lat="32.2345400" lon="-97.6174260"><ele>224.0</ele></trkpt><trkpt lat="32.2345200" lon="-97.6174170"><ele>224.0</ele></trkpt><trkpt lat="32.2344990" lon="-97.6174070"><ele>224.0</ele></trkpt><trkpt lat="32.2344770" lon="-97.6173970"><ele>224.0</ele></trkpt><trkpt lat="32.2344560" lon="-97.6173880"><ele>224.0</ele></trkpt><trkpt lat="32.2344350" lon="-97.6173790"><ele>224.0</ele></trkpt><trkpt lat="32.2344140" lon="-97.6173690"><ele>224.0</ele></trkpt><trkpt lat="32.2343930" lon="-97.6173590"><ele>224.0</ele></trkpt><trkpt lat="32.2343720" lon="-97.6173480"><ele>224.0</ele></trkpt><trkpt lat="32.2343520" lon="-97.6173370"><ele>224.0</ele></trkpt><trkpt lat="32.2343320" lon="-97.6173240"><ele>224.0</ele></trkpt><trkpt lat="32.2343120" lon="-97.6173100"><ele>224.0</ele></trkpt><trkpt lat="32.2342920" lon="-97.6172950"><ele>224.0</ele></trkpt><trkpt lat="32.2342720" lon="-97.6172790"><ele>224.0</ele></trkpt><trkpt lat="32.2342530" lon="-97.6172620"><ele>224.0</ele></trkpt><trkpt lat="32.2342330" lon="-97.6172450"><ele>224.0</ele></trkpt><trkpt lat="32.2342130" lon="-97.6172270"><ele>224.0</ele></trkpt><trkpt lat="32.2341930" lon="-97.6172090"><ele>224.0</ele></trkpt><trkpt lat="32.2341750" lon="-97.6171920"><ele>223.0</ele></trkpt><trkpt lat="32.2341570" lon="-97.6171740"><ele>223.0</ele></trkpt><trkpt lat="32.2341400" lon="-97.6171560"><ele>223.0</ele></trkpt><trkpt lat="32.2341230" lon="-97.6171380"><ele>223.0</ele></trkpt><trkpt lat="32.2341070" lon="-97.6171210"><ele>223.0</ele></trkpt><trkpt lat="32.2340920" lon="-97.6171030"><ele>223.0</ele></trkpt><trkpt lat="32.2340770" lon="-97.6170840"><ele>223.0</ele></trkpt><trkpt lat="32.2340610" lon="-97.6170640"><ele>223.0</ele></trkpt><trkpt lat="32.2340450" lon="-97.6170440"><ele>223.0</ele></trkpt><trkpt lat="32.2340290" lon="-97.6170230"><ele>223.0</ele></trkpt><trkpt lat="32.2340120" lon="-97.6170030"><ele>223.0</ele></trkpt><trkpt lat="32.2339950" lon="-97.6169820"><ele>223.0</ele></trkpt><trkpt lat="32.2339770" lon="-97.6169640"><ele>223.0</ele></trkpt><trkpt lat="32.2339590" lon="-97.6169450"><ele>223.0</ele></trkpt><trkpt lat="32.2339410" lon="-97.6169280"><ele>223.0</ele></trkpt><trkpt lat="32.2339230" lon="-97.6169100"><ele>223.0</ele></trkpt><trkpt lat="32.2339040" lon="-97.6168940"><ele>223.0</ele></trkpt><trkpt lat="32.2338860" lon="-97.6168780"><ele>223.0</ele></trkpt><trkpt lat="32.2338660" lon="-97.6168630"><ele>223.0</ele></trkpt><trkpt lat="32.2338460" lon="-97.6168480"><ele>223.0</ele></trkpt><trkpt lat="32.2338250" lon="-97.6168340"><ele>223.0</ele></trkpt><trkpt lat="32.2338040" lon="-97.6168210"><ele>223.0</ele></trkpt><trkpt lat="32.2337830" lon="-97.6168070"><ele>223.0</ele></trkpt><trkpt lat="32.2337620" lon="-97.6167940"><ele>223.0</ele></trkpt><trkpt lat="32.2337400" lon="-97.6167810"><ele>223.0</ele></trkpt><trkpt lat="32.2337190" lon="-97.6167680"><ele>223.0</ele></trkpt><trkpt lat="32.2336960" lon="-97.6167540"><ele>223.0</ele></trkpt><trkpt lat="32.2336730" lon="-97.6167400"><ele>223.0</ele></trkpt><trkpt lat="32.2336500" lon="-97.6167260"><ele>223.0</ele></trkpt><trkpt lat="32.2336270" lon="-97.6167120"><ele>223.0</ele></trkpt><trkpt lat="32.2336060" lon="-97.6166990"><ele>223.0</ele></trkpt><trkpt lat="32.2335850" lon="-97.6166850"><ele>223.0</ele></trkpt><trkpt lat="32.2335650" lon="-97.6166740"><ele>223.0</ele></trkpt><trkpt lat="32.2335450" lon="-97.6166620"><ele>223.0</ele></trkpt><trkpt lat="32.2335240" lon="-97.6166530"><ele>223.0</ele></trkpt><trkpt lat="32.2335040" lon="-97.6166440"><ele>223.0</ele></trkpt><trkpt lat="32.2334840" lon="-97.6166370"><ele>223.0</ele></trkpt><trkpt lat="32.2334630" lon="-97.6166300"><ele>223.0</ele></trkpt><trkpt lat="32.2334430" lon="-97.6166230"><ele>223.0</ele></trkpt><trkpt lat="32.2334220" lon="-97.6166150"><ele>223.0</ele></trkpt><trkpt lat="32.2334010" lon="-97.6166060"><ele>223.0</ele></trkpt><trkpt lat="32.2333810" lon="-97.6165960"><ele>223.0</ele></trkpt><trkpt lat="32.2333590" lon="-97.6165870"><ele>223.0</ele></trkpt><trkpt lat="32.2333380" lon="-97.6165770"><ele>223.0</ele></trkpt><trkpt lat="32.2333150" lon="-97.6165700"><ele>224.0</ele></trkpt><trkpt lat="32.2332930" lon="-97.6165630"><ele>224.0</ele></trkpt><trkpt lat="32.2332710" lon="-97.6165600"><ele>224.0</ele></trkpt><trkpt lat="32.2332490" lon="-97.6165570"><ele>224.0</ele></trkpt><trkpt lat="32.2332290" lon="-97.6165600"><ele>224.0</ele></trkpt><trkpt lat="32.2332080" lon="-97.6165620"><ele>224.0</ele></trkpt><trkpt lat="32.2331880" lon="-97.6165700"><ele>224.0</ele></trkpt><trkpt lat="32.2331670" lon="-97.6165770"><ele>224.0</ele></trkpt><trkpt lat="32.2331480" lon="-97.6165900"><ele>224.0</ele></trkpt><trkpt lat="32.2331280" lon="-97.6166030"><ele>224.0</ele></trkpt><trkpt lat="32.2331080" lon="-97.6166180"><ele>224.0</ele></trkpt><trkpt lat="32.2330880" lon="-97.6166320"><ele>224.0</ele></trkpt><trkpt lat="32.2330690" lon="-97.6166490"><ele>224.0</ele></trkpt><trkpt lat="32.2330500" lon="-97.6166650"><ele>224.0</ele></trkpt><trkpt lat="32.2330330" lon="-97.6166840"><ele>224.0</ele></trkpt><trkpt lat="32.2330160" lon="-97.6167020"><ele>224.0</ele></trkpt><trkpt lat="32.2330020" lon="-97.6167210"><ele>224.0</ele></trkpt><trkpt lat="32.2329870" lon="-97.6167410"><ele>224.0</ele></trkpt><trkpt lat="32.2329730" lon="-97.6167600"><ele>224.0</ele></trkpt><trkpt lat="32.2329590" lon="-97.6167800"><ele>224.0</ele></trkpt><trkpt lat="32.2329420" lon="-97.6167990"><ele>224.0</ele></trkpt><trkpt lat="32.2329250" lon="-97.6168190"><ele>224.0</ele></trkpt><trkpt lat="32.2329070" lon="-97.6168380"><ele>224.0</ele></trkpt><trkpt lat="32.2328900" lon="-97.6168580"><ele>224.0</ele></trkpt><trkpt lat="32.2328720" lon="-97.6168770"><ele>224.0</ele></trkpt><trkpt lat="32.2328550" lon="-97.6168970"><ele>224.0</ele></trkpt><trkpt lat="32.2328380" lon="-97.6169160"><ele>224.0</ele></trkpt><trkpt lat="32.2328210" lon="-97.6169360"><ele>224.0</ele></trkpt><trkpt lat="32.2328040" lon="-97.6169560"><ele>224.0</ele></trkpt><trkpt lat="32.2327880" lon="-97.6169760"><ele>224.0</ele></trkpt><trkpt lat="32.2327720" lon="-97.6169970"><ele>224.0</ele></trkpt><trkpt lat="32.2327570" lon="-97.6170180"><ele>224.0</ele></trkpt><trkpt lat="32.2327420" lon="-97.6170390"><ele>224.0</ele></trkpt><trkpt lat="32.2327270" lon="-97.6170600"><ele>224.0</ele></trkpt><trkpt lat="32.2327130" lon="-97.6170810"><ele>224.0</ele></trkpt><trkpt lat="32.2326990" lon="-97.6171010"><ele>224.0</ele></trkpt><trkpt lat="32.2326850" lon="-97.6171210"><ele>223.0</ele></trkpt><trkpt lat="32.2326700" lon="-97.6171410"><ele>223.0</ele></trkpt><trkpt lat="32.2326560" lon="-97.6171580"><ele>223.0</ele></trkpt><trkpt lat="32.2326410" lon="-97.6171740"><ele>223.0</ele></trkpt><trkpt lat="32.2326230" lon="-97.6171870"><ele>223.0</ele></trkpt><trkpt lat="32.2326050" lon="-97.6171990"><ele>222.0</ele></trkpt><trkpt lat="32.2325870" lon="-97.6172110"><ele>222.0</ele></trkpt><trkpt lat="32.2325680" lon="-97.6172230"><ele>222.0</ele></trkpt><trkpt lat="32.2325510" lon="-97.6172390"><ele>222.0</ele></trkpt><trkpt lat="32.2325330" lon="-97.6172540"><ele>222.0</ele></trkpt><trkpt lat="32.2325190" lon="-97.6172760"><ele>222.0</ele></trkpt><trkpt lat="32.2325050" lon="-97.6172970"><ele>222.0</ele></trkpt><trkpt lat="32.2324930" lon="-97.6173230"><ele>222.0</ele></trkpt><trkpt lat="32.2324810" lon="-97.6173480"><ele>222.0</ele></trkpt><trkpt lat="32.2324690" lon="-97.6173740"><ele>222.0</ele></trkpt><trkpt lat="32.2324570" lon="-97.6174010"><ele>221.0</ele></trkpt><trkpt lat="32.2324430" lon="-97.6174240"><ele>221.0</ele></trkpt><trkpt lat="32.2324300" lon="-97.6174480"><ele>221.0</ele></trkpt><trkpt lat="32.2324140" lon="-97.6174700"><ele>221.0</ele></trkpt><trkpt lat="32.2323970" lon="-97.6174920"><ele>221.0</ele></trkpt><trkpt lat="32.2323800" lon="-97.6175140"><ele>221.0</ele></trkpt><trkpt lat="32.2323620" lon="-97.6175360"><ele>221.0</ele></trkpt><trkpt lat="32.2323450" lon="-97.6175590"><ele>221.0</ele></trkpt><trkpt lat="32.2323280" lon="-97.6175820"><ele>221.0</ele></trkpt><trkpt lat="32.2323130" lon="-97.6176050"><ele>221.0</ele></trkpt><trkpt lat="32.2322980" lon="-97.6176280"><ele>221.0</ele></trkpt><trkpt lat="32.2322830" lon="-97.6176500"><ele>221.0</ele></trkpt><trkpt lat="32.2322680" lon="-97.6176710"><ele>221.0</ele></trkpt><trkpt lat="32.2322530" lon="-97.6176890"><ele>221.0</ele></trkpt><trkpt lat="32.2322380" lon="-97.6177060"><ele>221.0</ele></trkpt><trkpt lat="32.2322210" lon="-97.6177190"><ele>221.0</ele></trkpt><trkpt lat="32.2322040" lon="-97.6177310"><ele>221.0</ele></trkpt><trkpt lat="32.2321820" lon="-97.6177380"><ele>221.0</ele></trkpt><trkpt lat="32.2321600" lon="-97.6177450"><ele>221.0</ele></trkpt><trkpt lat="32.2321360" lon="-97.6177480"><ele>221.0</ele></trkpt><trkpt lat="32.2321110" lon="-97.6177510"><ele>221.0</ele></trkpt><trkpt lat="32.2320860" lon="-97.6177530"><ele>221.0</ele></trkpt><trkpt lat="32.2320600" lon="-97.6177540"><ele>221.0</ele></trkpt><trkpt lat="32.2320350" lon="-97.6177530"><ele>221.0</ele></trkpt><trkpt lat="32.2320100" lon="-97.6177520"><ele>221.0</ele></trkpt><trkpt lat="32.2319850" lon="-97.6177490"><ele>221.0</ele></trkpt><trkpt lat="32.2319610" lon="-97.6177460"><ele>221.0</ele></trkpt><trkpt lat="32.2319360" lon="-97.6177410"><ele>221.0</ele></trkpt><trkpt lat="32.2319110" lon="-97.6177360"><ele>221.0</ele></trkpt><trkpt lat="32.2318860" lon="-97.6177280"><ele>221.0</ele></trkpt><trkpt lat="32.2318610" lon="-97.6177210"><ele>220.0</ele></trkpt><trkpt lat="32.2318360" lon="-97.6177110"><ele>220.0</ele></trkpt><trkpt lat="32.2318110" lon="-97.6177000"><ele>220.0</ele></trkpt><trkpt lat="32.2317880" lon="-97.6176880"><ele>220.0</ele></trkpt><trkpt lat="32.2317640" lon="-97.6176760"><ele>220.0</ele></trkpt><trkpt lat="32.2317410" lon="-97.6176630"><ele>220.0</ele></trkpt><trkpt lat="32.2317180" lon="-97.6176500"><ele>220.0</ele></trkpt><trkpt lat="32.2316980" lon="-97.6176350"><ele>220.0</ele></trkpt><trkpt lat="32.2316770" lon="-97.6176210"><ele>220.0</ele></trkpt><trkpt lat="32.2316590" lon="-97.6176040"><ele>220.0</ele></trkpt><trkpt lat="32.2316410" lon="-97.6175880"><ele>220.0</ele></trkpt><trkpt lat="32.2316230" lon="-97.6175700"><ele>220.0</ele></trkpt><trkpt lat="32.2316060" lon="-97.6175530"><ele>220.0</ele></trkpt><trkpt lat="32.2315890" lon="-97.6175330"><ele>220.0</ele></trkpt><trkpt lat="32.2315720" lon="-97.6175140"><ele>220.0</ele></trkpt><trkpt lat="32.2315560" lon="-97.6174940"><ele>220.0</ele></trkpt><trkpt lat="32.2315390" lon="-97.6174740"><ele>220.0</ele></trkpt><trkpt lat="32.2315240" lon="-97.6174540"><ele>220.0</ele></trkpt><trkpt lat="32.2315100" lon="-97.6174330"><ele>220.0</ele></trkpt><trkpt lat="32.2314930" lon="-97.6174120"><ele>220.0</ele></trkpt><trkpt lat="32.2314770" lon="-97.6173900"><ele>220.0</ele></trkpt><trkpt lat="32.2314610" lon="-97.6173680"><ele>220.0</ele></trkpt><trkpt lat="32.2314450" lon="-97.6173450"><ele>220.0</ele></trkpt><trkpt lat="32.2314280" lon="-97.6173230"><ele>220.0</ele></trkpt><trkpt lat="32.2314110" lon="-97.6173000"><ele>221.0</ele></trkpt><trkpt lat="32.2313930" lon="-97.6172780"><ele>221.0</ele></trkpt><trkpt lat="32.2313760" lon="-97.6172550"><ele>221.0</ele></trkpt><trkpt lat="32.2313590" lon="-97.6172350"><ele>221.0</ele></trkpt><trkpt lat="32.2313410" lon="-97.6172140"><ele>221.0</ele></trkpt><trkpt lat="32.2313230" lon="-97.6171950"><ele>222.0</ele></trkpt><trkpt lat="32.2313040" lon="-97.6171770"><ele>222.0</ele></trkpt><trkpt lat="32.2312850" lon="-97.6171600"><ele>222.0</ele></trkpt><trkpt lat="32.2312650" lon="-97.6171430"><ele>222.0</ele></trkpt><trkpt lat="32.2312460" lon="-97.6171290"><ele>222.0</ele></trkpt><trkpt lat="32.2312260" lon="-97.6171160"><ele>223.0</ele></trkpt><trkpt lat="32.2312050" lon="-97.6171030"><ele>223.0</ele></trkpt><trkpt lat="32.2311830" lon="-97.6170910"><ele>223.0</ele></trkpt><trkpt lat="32.2311600" lon="-97.6170800"><ele>223.0</ele></trkpt><trkpt lat="32.2311370" lon="-97.6170690"><ele>223.0</ele></trkpt><trkpt lat="32.2311140" lon="-97.6170580"><ele>223.0</ele></trkpt><trkpt lat="32.2310900" lon="-97.6170460"><ele>223.0</ele></trkpt><trkpt lat="32.2310700" lon="-97.6170330"><ele>223.0</ele></trkpt><trkpt lat="32.2310500" lon="-97.6170200"><ele>223.0</ele></trkpt><trkpt lat="32.2310330" lon="-97.6170060"><ele>223.0</ele></trkpt><trkpt lat="32.2310150" lon="-97.6169920"><ele>223.0</ele></trkpt><trkpt lat="32.2309980" lon="-97.6169790"><ele>223.0</ele></trkpt><trkpt lat="32.2309810" lon="-97.6169660"><ele>223.0</ele></trkpt><trkpt lat="32.2309640" lon="-97.6169550"><ele>223.0</ele></trkpt><trkpt lat="32.2309470" lon="-97.6169430"><ele>223.0</ele></trkpt><trkpt lat="32.2309290" lon="-97.6169320"><ele>223.0</ele></trkpt><trkpt lat="32.2309110" lon="-97.6169210"><ele>223.0</ele></trkpt><trkpt lat="32.2308920" lon="-97.6169110"><ele>223.0</ele></trkpt><trkpt lat="32.2308730" lon="-97.6169010"><ele>223.0</ele></trkpt><trkpt lat="32.2308520" lon="-97.6168920"><ele>223.0</ele></trkpt><trkpt lat="32.2308310" lon="-97.6168820"><ele>223.0</ele></trkpt><trkpt lat="32.2308100" lon="-97.6168730"><ele>223.0</ele></trkpt><trkpt lat="32.2307890" lon="-97.6168640"><ele>223.0</ele></trkpt><trkpt lat="32.2307700" lon="-97.6168560"><ele>223.0</ele></trkpt><trkpt lat="32.2307520" lon="-97.6168480"><ele>223.0</ele></trkpt><trkpt lat="32.2307330" lon="-97.6168420"><ele>223.0</ele></trkpt><trkpt lat="32.2307130" lon="-97.6168350"><ele>223.0</ele></trkpt><trkpt lat="32.2306930" lon="-97.6168290"><ele>223.0</ele></trkpt><trkpt lat="32.2306720" lon="-97.6168220"><ele>223.0</ele></trkpt><trkpt lat="32.2306500" lon="-97.6168160"><ele>223.0</ele></trkpt><trkpt lat="32.2306270" lon="-97.6168090"><ele>223.0</ele></trkpt><trkpt lat="32.2306040" lon="-97.6168030"><ele>223.0</ele></trkpt><trkpt lat="32.2305800" lon="-97.6167980"><ele>223.0</ele></trkpt><trkpt lat="32.2305560" lon="-97.6167910"><ele>223.0</ele></trkpt><trkpt lat="32.2305310" lon="-97.6167840"><ele>223.0</ele></trkpt><trkpt lat="32.2305070" lon="-97.6167790"><ele>223.0</ele></trkpt><trkpt lat="32.2304820" lon="-97.6167740"><ele>222.0</ele></trkpt><trkpt lat="32.2304580" lon="-97.6167710"><ele>222.0</ele></trkpt><trkpt lat="32.2304330" lon="-97.6167690"><ele>222.0</ele></trkpt><trkpt lat="32.2304080" lon="-97.6167710"><ele>222.0</ele></trkpt><trkpt lat="32.2303830" lon="-97.6167720"><ele>222.0</ele></trkpt><trkpt lat="32.2303580" lon="-97.6167770"><ele>222.0</ele></trkpt><trkpt lat="32.2303330" lon="-97.6167830"><ele>222.0</ele></trkpt><trkpt lat="32.2303110" lon="-97.6167940"><ele>222.0</ele></trkpt><trkpt lat="32.2302890" lon="-97.6168050"><ele>222.0</ele></trkpt><trkpt lat="32.2302690" lon="-97.6168170"><ele>222.0</ele></trkpt><trkpt lat="32.2302490" lon="-97.6168290"><ele>222.0</ele></trkpt><trkpt lat="32.2302290" lon="-97.6168420"><ele>222.0</ele></trkpt><trkpt lat="32.2302100" lon="-97.6168540"><ele>222.0</ele></trkpt><trkpt lat="32.2301910" lon="-97.6168670"><ele>222.0</ele></trkpt><trkpt lat="32.2301720" lon="-97.6168800"><ele>222.0</ele></trkpt><trkpt lat="32.2301520" lon="-97.6168920"><ele>222.0</ele></trkpt><trkpt lat="32.2301330" lon="-97.6169040"><ele>222.0</ele></trkpt><trkpt lat="32.2301130" lon="-97.6169160"><ele>222.0</ele></trkpt><trkpt lat="32.2300930" lon="-97.6169280"><ele>222.0</ele></trkpt><trkpt lat="32.2300730" lon="-97.6169390"><ele>222.0</ele></trkpt><trkpt lat="32.2300530" lon="-97.6169490"><ele>222.0</ele></trkpt><trkpt lat="32.2300330" lon="-97.6169580"><ele>222.0</ele></trkpt><trkpt lat="32.2300130" lon="-97.6169670"><ele>222.0</ele></trkpt><trkpt lat="32.2299910" lon="-97.6169760"><ele>222.0</ele></trkpt><trkpt lat="32.2299700" lon="-97.6169840"><ele>222.0</ele></trkpt><trkpt lat="32.2299470" lon="-97.6169940"><ele>222.0</ele></trkpt><trkpt lat="32.2299240" lon="-97.6170040"><ele>222.0</ele></trkpt><trkpt lat="32.2299030" lon="-97.6170150"><ele>222.0</ele></trkpt><trkpt lat="32.2298810" lon="-97.6170270"><ele>222.0</ele></trkpt><trkpt lat="32.2298620" lon="-97.6170430"><ele>222.0</ele></trkpt><trkpt lat="32.2298440" lon="-97.6170590"><ele>222.0</ele></trkpt><trkpt lat="32.2298290" lon="-97.6170790"><ele>222.0</ele></trkpt><trkpt lat="32.2298140" lon="-97.6171000"><ele>222.0</ele></trkpt><trkpt lat="32.2298040" lon="-97.6171230"><ele>222.0</ele></trkpt><trkpt lat="32.2297930" lon="-97.6171470"><ele>222.0</ele></trkpt><trkpt lat="32.2297890" lon="-97.6171740"><ele>222.0</ele></trkpt><trkpt lat="32.2297850" lon="-97.6172000"><ele>222.0</ele></trkpt><trkpt lat="32.2297910" lon="-97.6172260"><ele>222.0</ele></trkpt><trkpt lat="32.2297960" lon="-97.6172520"><ele>222.0</ele></trkpt><trkpt lat="32.2298070" lon="-97.6172760"><ele>222.0</ele></trkpt><trkpt lat="32.2298170" lon="-97.6173000"><ele>222.0</ele></trkpt><trkpt lat="32.2298320" lon="-97.6173240"><ele>222.0</ele></trkpt><trkpt lat="32.2298470" lon="-97.6173480"><ele>222.0</ele></trkpt><trkpt lat="32.2298650" lon="-97.6173720"><ele>222.0</ele></trkpt><trkpt lat="32.2298820" lon="-97.6173960"><ele>222.0</ele></trkpt><trkpt lat="32.2299000" lon="-97.6174200"><ele>222.0</ele></trkpt><trkpt lat="32.2299170" lon="-97.6174430"><ele>222.0</ele></trkpt><trkpt lat="32.2299330" lon="-97.6174660"><ele>222.0</ele></trkpt><trkpt lat="32.2299490" lon="-97.6174900"><ele>222.0</ele></trkpt><trkpt lat="32.2299640" lon="-97.6175130"><ele>222.0</ele></trkpt><trkpt lat="32.2299800" lon="-97.6175370"><ele>222.0</ele></trkpt><trkpt lat="32.2299940" lon="-97.6175600"><ele>222.0</ele></trkpt><trkpt lat="32.2300080" lon="-97.6175830"><ele>222.0</ele></trkpt><trkpt lat="32.2300220" lon="-97.6176070"><ele>222.0</ele></trkpt><trkpt lat="32.2300360" lon="-97.6176300"><ele>223.0</ele></trkpt><trkpt lat="32.2300510" lon="-97.6176530"><ele>223.0</ele></trkpt><trkpt lat="32.2300650" lon="-97.6176760"><ele>223.0</ele></trkpt><trkpt lat="32.2300790" lon="-97.6177000"><ele>223.0</ele></trkpt><trkpt lat="32.2300940" lon="-97.6177240"><ele>223.0</ele></trkpt><trkpt lat="32.2301070" lon="-97.6177480"><ele>223.0</ele></trkpt><trkpt lat="32.2301210" lon="-97.6177720"><ele>223.0</ele></trkpt><trkpt lat="32.2301350" lon="-97.6177950"><ele>223.0</ele></trkpt><trkpt lat="32.2301490" lon="-97.6178190"><ele>223.0</ele></trkpt><trkpt lat="32.2301640" lon="-97.6178420"><ele>223.0</ele></trkpt><trkpt lat="32.2301790" lon="-97.6178650"><ele>223.0</ele></trkpt><trkpt lat="32.2301950" lon="-97.6178870"><ele>223.0</ele></trkpt><trkpt lat="32.2302110" lon="-97.6179100"><ele>223.0</ele></trkpt><trkpt lat="32.2302260" lon="-97.6179310"><ele>223.0</ele></trkpt><trkpt lat="32.2302410" lon="-97.6179530"><ele>223.0</ele></trkpt><trkpt lat="32.2302540" lon="-97.6179730"><ele>223.0</ele></trkpt><trkpt lat="32.2302670" lon="-97.6179940"><ele>223.0</ele></trkpt><trkpt lat="32.2302800" lon="-97.6180120"><ele>223.0</ele></trkpt><trkpt lat="32.2302930" lon="-97.6180310"><ele>223.0</ele></trkpt><trkpt lat="32.2303070" lon="-97.6180490"><ele>223.0</ele></trkpt><trkpt lat="32.2303210" lon="-97.6180660"><ele>223.0</ele></trkpt><trkpt lat="32.2303380" lon="-97.6180840"><ele>223.0</ele></trkpt><trkpt lat="32.2303550" lon="-97.6181020"><ele>223.0</ele></trkpt><trkpt lat="32.2303740" lon="-97.6181210"><ele>223.0</ele></trkpt><trkpt lat="32.2303920" lon="-97.6181400"><ele>223.0</ele></trkpt><trkpt lat="32.2304100" lon="-97.6181600"><ele>223.0</ele></trkpt><trkpt lat="32.2304290" lon="-97.6181800"><ele>223.0</ele></trkpt><trkpt lat="32.2304450" lon="-97.6182000"><ele>223.0</ele></trkpt><trkpt lat="32.2304610" lon="-97.6182200"><ele>223.0</ele></trkpt><trkpt lat="32.2304750" lon="-97.6182390"><ele>223.0</ele></trkpt><trkpt lat="32.2304900" lon="-97.6182590"><ele>223.0</ele></trkpt><trkpt lat="32.2305040" lon="-97.6182780"><ele>223.0</ele></trkpt><trkpt lat="32.2305190" lon="-97.6182980"><ele>223.0</ele></trkpt><trkpt lat="32.2305330" lon="-97.6183180"><ele>223.0</ele></trkpt><trkpt lat="32.2305470" lon="-97.6183390"><ele>223.0</ele></trkpt><trkpt lat="32.2305600" lon="-97.6183590"><ele>223.0</ele></trkpt><trkpt lat="32.2305740" lon="-97.6183800"><ele>223.0</ele></trkpt><trkpt lat="32.2305870" lon="-97.6184010"><ele>223.0</ele></trkpt><trkpt lat="32.2306010" lon="-97.6184220"><ele>223.0</ele></trkpt><trkpt lat="32.2306150" lon="-97.6184430"><ele>223.0</ele></trkpt><trkpt lat="32.2306290" lon="-97.6184630"><ele>223.0</ele></trkpt><trkpt lat="32.2306440" lon="-97.6184830"><ele>223.0</ele></trkpt><trkpt lat="32.2306580" lon="-97.6185030"><ele>223.0</ele></trkpt><trkpt lat="32.2306720" lon="-97.6185230"><ele>223.0</ele></trkpt><trkpt lat="32.2306860" lon="-97.6185420"><ele>223.0</ele></trkpt><trkpt lat="32.2306990" lon="-97.6185620"><ele>223.0</ele></trkpt><trkpt lat="32.2307130" lon="-97.6185820"><ele>223.0</ele></trkpt><trkpt lat="32.2307260" lon="-97.6186030"><ele>223.0</ele></trkpt><trkpt lat="32.2307390" lon="-97.6186230"><ele>223.0</ele></trkpt><trkpt lat="32.2307520" lon="-97.6186430"><ele>223.0</ele></trkpt><trkpt lat="32.2307640" lon="-97.6186620"><ele>224.0</ele></trkpt><trkpt lat="32.2307770" lon="-97.6186790"><ele>224.0</ele></trkpt><trkpt lat="32.2307890" lon="-97.6186950"><ele>224.0</ele></trkpt><trkpt lat="32.2308010" lon="-97.6187100"><ele>224.0</ele></trkpt><trkpt lat="32.2308130" lon="-97.6187250"><ele>224.0</ele></trkpt><trkpt lat="32.2308260" lon="-97.6187380"><ele>225.0</ele></trkpt><trkpt lat="32.2308380" lon="-97.6187520"><ele>225.0</ele></trkpt><trkpt lat="32.2308520" lon="-97.6187630"><ele>225.0</ele></trkpt><trkpt lat="32.2308650" lon="-97.6187760"><ele>225.0</ele></trkpt><trkpt lat="32.2308810" lon="-97.6187860"><ele>225.0</ele></trkpt><trkpt lat="32.2308960" lon="-97.6187960"><ele>226.0</ele></trkpt><trkpt lat="32.2309130" lon="-97.6188060"><ele>226.0</ele></trkpt><trkpt lat="32.2309300" lon="-97.6188160"><ele>226.0</ele></trkpt><trkpt lat="32.2309480" lon="-97.6188260"><ele>226.0</ele></trkpt><trkpt lat="32.2309650" lon="-97.6188360"><ele>226.0</ele></trkpt><trkpt lat="32.2309830" lon="-97.6188460"><ele>226.0</ele></trkpt><trkpt lat="32.2310000" lon="-97.6188570"><ele>226.0</ele></trkpt><trkpt lat="32.2310160" lon="-97.6188670"><ele>226.0</ele></trkpt><trkpt lat="32.2310320" lon="-97.6188780"><ele>226.0</ele></trkpt><trkpt lat="32.2310500" lon="-97.6188900"><ele>226.0</ele></trkpt><trkpt lat="32.2310680" lon="-97.6189020"><ele>227.0</ele></trkpt><trkpt lat="32.2310890" lon="-97.6189110"><ele>227.0</ele></trkpt><trkpt lat="32.2311110" lon="-97.6189210"><ele>227.0</ele></trkpt><trkpt lat="32.2311360" lon="-97.6189260"><ele>227.0</ele></trkpt><trkpt lat="32.2311610" lon="-97.6189320"><ele>227.0</ele></trkpt><trkpt lat="32.2311870" lon="-97.6189350"><ele>227.0</ele></trkpt><trkpt lat="32.2312130" lon="-97.6189390"><ele>227.0</ele></trkpt><trkpt lat="32.2312390" lon="-97.6189400"><ele>227.0</ele></trkpt><trkpt lat="32.2312650" lon="-97.6189410"><ele>227.0</ele></trkpt><trkpt lat="32.2312910" lon="-97.6189410"><ele>227.0</ele></trkpt><trkpt lat="32.2313160" lon="-97.6189420"><ele>228.0</ele></trkpt><trkpt lat="32.2313410" lon="-97.6189430"><ele>228.0</ele></trkpt><trkpt lat="32.2313660" lon="-97.6189440"><ele>228.0</ele></trkpt><trkpt lat="32.2313910" lon="-97.6189460"><ele>228.0</ele></trkpt><trkpt lat="32.2314160" lon="-97.6189480"><ele>228.0</ele></trkpt><trkpt lat="32.2314410" lon="-97.6189530"><ele>228.0</ele></trkpt><trkpt lat="32.2314650" lon="-97.6189580"><ele>228.0</ele></trkpt><trkpt lat="32.2314870" lon="-97.6189650"><ele>228.0</ele></trkpt><trkpt lat="32.2315080" lon="-97.6189720"><ele>228.0</ele></trkpt><trkpt lat="32.2315280" lon="-97.6189790"><ele>228.0</ele></trkpt><trkpt lat="32.2315480" lon="-97.6189870"><ele>228.0</ele></trkpt><trkpt lat="32.2315680" lon="-97.6189950"><ele>228.0</ele></trkpt><trkpt lat="32.2315880" lon="-97.6190020"><ele>228.0</ele></trkpt><trkpt lat="32.2316090" lon="-97.6190100"><ele>228.0</ele></trkpt><trkpt lat="32.2316300" lon="-97.6190180"><ele>228.0</ele></trkpt><trkpt lat="32.2316520" lon="-97.6190270"><ele>228.0</ele></trkpt><trkpt lat="32.2316740" lon="-97.6190360"><ele>228.0</ele></trkpt><trkpt lat="32.2316980" lon="-97.6190460"><ele>228.0</ele></trkpt><trkpt lat="32.2317210" lon="-97.6190560"><ele>228.0</ele></trkpt><trkpt lat="32.2317460" lon="-97.6190670"><ele>228.0</ele></trkpt><trkpt lat="32.2317700" lon="-97.6190770"><ele>228.0</ele></trkpt><trkpt lat="32.2317930" lon="-97.6190880"><ele>228.0</ele></trkpt><trkpt lat="32.2318160" lon="-97.6190990"><ele>228.0</ele></trkpt><trkpt lat="32.2318390" lon="-97.6191090"><ele>228.0</ele></trkpt><trkpt lat="32.2318620" lon="-97.6191190"><ele>228.0</ele></trkpt><trkpt lat="32.2318860" lon="-97.6191270"><ele>228.0</ele></trkpt><trkpt lat="32.2319090" lon="-97.6191340"><ele>228.0</ele></trkpt><trkpt lat="32.2319320" lon="-97.6191390"><ele>228.0</ele></trkpt><trkpt lat="32.2319550" lon="-97.6191450"><ele>228.0</ele></trkpt><trkpt lat="32.2319780" lon="-97.6191480"><ele>228.0</ele></trkpt><trkpt lat="32.2320000" lon="-97.6191510"><ele>228.0</ele></trkpt><trkpt lat="32.2320230" lon="-97.6191530"><ele>228.0</ele></trkpt><trkpt lat="32.2320450" lon="-97.6191550"><ele>228.0</ele></trkpt><trkpt lat="32.2320690" lon="-97.6191550"><ele>228.0</ele></trkpt><trkpt lat="32.2320920" lon="-97.6191550"><ele>228.0</ele></trkpt><trkpt lat="32.2321170" lon="-97.6191550"><ele>228.0</ele></trkpt><trkpt lat="32.2321420" lon="-97.6191550"><ele>228.0</ele></trkpt><trkpt lat="32.2321660" lon="-97.6191540"><ele>228.0</ele></trkpt><trkpt lat="32.2321910" lon="-97.6191540"><ele>228.0</ele></trkpt><trkpt lat="32.2322140" lon="-97.6191520"><ele>228.0</ele></trkpt><trkpt lat="32.2322380" lon="-97.6191510"><ele>229.0</ele></trkpt><trkpt lat="32.2322610" lon="-97.6191490"><ele>229.0</ele></trkpt><trkpt lat="32.2322840" lon="-97.6191470"><ele>229.0</ele></trkpt><trkpt lat="32.2323070" lon="-97.6191450"><ele>229.0</ele></trkpt><trkpt lat="32.2323290" lon="-97.6191430"><ele>229.0</ele></trkpt><trkpt lat="32.2323520" lon="-97.6191410"><ele>229.0</ele></trkpt><trkpt lat="32.2323740" lon="-97.6191390"><ele>229.0</ele></trkpt><trkpt lat="32.2323970" lon="-97.6191360"><ele>229.0</ele></trkpt><trkpt lat="32.2324190" lon="-97.6191340"><ele>229.0</ele></trkpt><trkpt lat="32.2324410" lon="-97.6191310"><ele>229.0</ele></trkpt><trkpt lat="32.2324640" lon="-97.6191280"><ele>229.0</ele></trkpt><trkpt lat="32.2324880" lon="-97.6191260"><ele>229.0</ele></trkpt><trkpt lat="32.2325120" lon="-97.6191230"><ele>229.0</ele></trkpt><trkpt lat="32.2325370" lon="-97.6191220"><ele>229.0</ele></trkpt><trkpt lat="32.2325630" lon="-97.6191200"><ele>229.0</ele></trkpt><trkpt lat="32.2325890" lon="-97.6191190"><ele>229.0</ele></trkpt><trkpt lat="32.2326140" lon="-97.6191170"><ele>228.0</ele></trkpt><trkpt lat="32.2326380" lon="-97.6191150"><ele>228.0</ele></trkpt><trkpt lat="32.2326630" lon="-97.6191140"><ele>228.0</ele></trkpt><trkpt lat="32.2326850" lon="-97.6191120"><ele>228.0</ele></trkpt><trkpt lat="32.2327080" lon="-97.6191100"><ele>228.0</ele></trkpt><trkpt lat="32.2327290" lon="-97.6191080"><ele>228.0</ele></trkpt><trkpt lat="32.2327500" lon="-97.6191060"><ele>228.0</ele></trkpt><trkpt lat="32.2327710" lon="-97.6191040"><ele>228.0</ele></trkpt><trkpt lat="32.2327920" lon="-97.6191020"><ele>228.0</ele></trkpt><trkpt lat="32.2328140" lon="-97.6191000"><ele>228.0</ele></trkpt><trkpt lat="32.2328350" lon="-97.6190990"><ele>228.0</ele></trkpt><trkpt lat="32.2328580" lon="-97.6190980"><ele>228.0</ele></trkpt><trkpt lat="32.2328810" lon="-97.6190980"><ele>228.0</ele></trkpt><trkpt lat="32.2329060" lon="-97.6190990"><ele>228.0</ele></trkpt><trkpt lat="32.2329300" lon="-97.6191000"><ele>228.0</ele></trkpt><trkpt lat="32.2329560" lon="-97.6191010"><ele>228.0</ele></trkpt><trkpt lat="32.2329820" lon="-97.6191020"><ele>228.0</ele></trkpt><trkpt lat="32.2330070" lon="-97.6191030"><ele>228.0</ele></trkpt><trkpt lat="32.2330320" lon="-97.6191050"><ele>228.0</ele></trkpt><trkpt lat="32.2330550" lon="-97.6191060"><ele>228.0</ele></trkpt><trkpt lat="32.2330790" lon="-97.6191060"><ele>228.0</ele></trkpt><trkpt lat="32.2331020" lon="-97.6191060"><ele>228.0</ele></trkpt><trkpt lat="32.2331240" lon="-97.6191070"><ele>228.0</ele></trkpt><trkpt lat="32.2331450" lon="-97.6191070"><ele>228.0</ele></trkpt><trkpt lat="32.2331670" lon="-97.6191070"><ele>228.0</ele></trkpt><trkpt lat="32.2331880" lon="-97.6191070"><ele>228.0</ele></trkpt><trkpt lat="32.2332100" lon="-97.6191080"><ele>228.0</ele></trkpt><trkpt lat="32.2332330" lon="-97.6191080"><ele>228.0</ele></trkpt><trkpt lat="32.2332560" lon="-97.6191080"><ele>228.0</ele></trkpt><trkpt lat="32.2332800" lon="-97.6191060"><ele>228.0</ele></trkpt><trkpt lat="32.2333030" lon="-97.6191050"><ele>228.0</ele></trkpt><trkpt lat="32.2333270" lon="-97.6191020"><ele>228.0</ele></trkpt><trkpt lat="32.2333510" lon="-97.6191000"><ele>228.0</ele></trkpt><trkpt lat="32.2333750" lon="-97.6190970"><ele>228.0</ele></trkpt><trkpt lat="32.2333990" lon="-97.6190940"><ele>229.0</ele></trkpt><trkpt lat="32.2334220" lon="-97.6190910"><ele>229.0</ele></trkpt><trkpt lat="32.2334450" lon="-97.6190880"><ele>229.0</ele></trkpt><trkpt lat="32.2334660" lon="-97.6190860"><ele>229.0</ele></trkpt><trkpt lat="32.2334880" lon="-97.6190830"><ele>229.0</ele></trkpt><trkpt lat="32.2335090" lon="-97.6190830"><ele>229.0</ele></trkpt><trkpt lat="32.2335310" lon="-97.6190830"><ele>229.0</ele></trkpt><trkpt lat="32.2335520" lon="-97.6190870"><ele>229.0</ele></trkpt><trkpt lat="32.2335740" lon="-97.6190910"><ele>229.0</ele></trkpt><trkpt lat="32.2335950" lon="-97.6190980"><ele>229.0</ele></trkpt><trkpt lat="32.2336160" lon="-97.6191050"><ele>230.0</ele></trkpt><trkpt lat="32.2336380" lon="-97.6191140"><ele>230.0</ele></trkpt><trkpt lat="32.2336590" lon="-97.6191230"><ele>230.0</ele></trkpt><trkpt lat="32.2336810" lon="-97.6191310"><ele>230.0</ele></trkpt><trkpt lat="32.2337030" lon="-97.6191390"><ele>230.0</ele></trkpt><trkpt lat="32.2337260" lon="-97.6191450"><ele>230.0</ele></trkpt><trkpt lat="32.2337500" lon="-97.6191510"><ele>230.0</ele></trkpt><trkpt lat="32.2337740" lon="-97.6191550"><ele>230.0</ele></trkpt><trkpt lat="32.2337990" lon="-97.6191590"><ele>230.0</ele></trkpt><trkpt lat="32.2338240" lon="-97.6191610"><ele>230.0</ele></trkpt><trkpt lat="32.2338490" lon="-97.6191640"><ele>230.0</ele></trkpt><trkpt lat="32.2338750" lon="-97.6191650"><ele>230.0</ele></trkpt><trkpt lat="32.2339000" lon="-97.6191670"><ele>230.0</ele></trkpt><trkpt lat="32.2339240" lon="-97.6191700"><ele>230.0</ele></trkpt><trkpt lat="32.2339490" lon="-97.6191720"><ele>230.0</ele></trkpt><trkpt lat="32.2339720" lon="-97.6191750"><ele>230.0</ele></trkpt><trkpt lat="32.2339950" lon="-97.6191780"><ele>230.0</ele></trkpt><trkpt lat="32.2340180" lon="-97.6191830"><ele>230.0</ele></trkpt><trkpt lat="32.2340400" lon="-97.6191870"><ele>230.0</ele></trkpt><trkpt lat="32.2340630" lon="-97.6191920"><ele>230.0</ele></trkpt><trkpt lat="32.2340860" lon="-97.6191970"><ele>230.0</ele></trkpt><trkpt lat="32.2341090" lon="-97.6192020"><ele>229.0</ele></trkpt><trkpt lat="32.2341320" lon="-97.6192080"><ele>229.0</ele></trkpt><trkpt lat="32.2341540" lon="-97.6192160"><ele>229.0</ele></trkpt><trkpt lat="32.2341760" lon="-97.6192240"><ele>229.0</ele></trkpt><trkpt lat="32.2341970" lon="-97.6192330"><ele>229.0</ele></trkpt><trkpt lat="32.2342180" lon="-97.6192430"><ele>229.0</ele></trkpt><trkpt lat="32.2342370" lon="-97.6192530"><ele>229.0</ele></trkpt><trkpt lat="32.2342560" lon="-97.6192640"><ele>229.0</ele></trkpt><trkpt lat="32.2342750" lon="-97.6192750"><ele>229.0</ele></trkpt><trkpt lat="32.2342940" lon="-97.6192850"><ele>229.0</ele></trkpt><trkpt lat="32.2343130" lon="-97.6192970"><ele>229.0</ele></trkpt><trkpt lat="32.2343320" lon="-97.6193090"><ele>229.0</ele></trkpt><trkpt lat="32.2343510" lon="-97.6193220"><ele>229.0</ele></trkpt><trkpt lat="32.2343700" lon="-97.6193360"><ele>229.0</ele></trkpt><trkpt lat="32.2343880" lon="-97.6193520"><ele>229.0</ele></trkpt><trkpt lat="32.2344060" lon="-97.6193680"><ele>229.0</ele></trkpt><trkpt lat="32.2344230" lon="-97.6193860"><ele>229.0</ele></trkpt><trkpt lat="32.2344400" lon="-97.6194030"><ele>229.0</ele></trkpt><trkpt lat="32.2344570" lon="-97.6194210"><ele>229.0</ele></trkpt><trkpt lat="32.2344740" lon="-97.6194390"><ele>229.0</ele></trkpt><trkpt lat="32.2344910" lon="-97.6194570"><ele>229.0</ele></trkpt><trkpt lat="32.2345080" lon="-97.6194740"><ele>229.0</ele></trkpt><trkpt lat="32.2345250" lon="-97.6194890"><ele>229.0</ele></trkpt><trkpt lat="32.2345430" lon="-97.6195050"><ele>229.0</ele></trkpt><trkpt lat="32.2345620" lon="-97.6195190"><ele>229.0</ele></trkpt><trkpt lat="32.2345800" lon="-97.6195340"><ele>229.0</ele></trkpt><trkpt lat="32.2346000" lon="-97.6195490"><ele>229.0</ele></trkpt><trkpt lat="32.2346200" lon="-97.6195630"><ele>229.0</ele></trkpt><trkpt lat="32.2346410" lon="-97.6195780"><ele>229.0</ele></trkpt><trkpt lat="32.2346610" lon="-97.6195930"><ele>230.0</ele></trkpt><trkpt lat="32.2346820" lon="-97.6196080"><ele>230.0</ele></trkpt><trkpt lat="32.2347040" lon="-97.6196240"><ele>230.0</ele></trkpt><trkpt lat="32.2347230" lon="-97.6196400"><ele>230.0</ele></trkpt><trkpt lat="32.2347430" lon="-97.6196560"><ele>230.0</ele></trkpt><trkpt lat="32.2347600" lon="-97.6196720"><ele>230.0</ele></trkpt><trkpt lat="32.2347780" lon="-97.6196880"><ele>229.0</ele></trkpt><trkpt lat="32.2347940" lon="-97.6197040"><ele>229.0</ele></trkpt><trkpt lat="32.2348110" lon="-97.6197200"><ele>229.0</ele></trkpt><trkpt lat="32.2348270" lon="-97.6197380"><ele>229.0</ele></trkpt><trkpt lat="32.2348430" lon="-97.6197560"><ele>229.0</ele></trkpt><trkpt lat="32.2348610" lon="-97.6197750"><ele>229.0</ele></trkpt><trkpt lat="32.2348790" lon="-97.6197950"><ele>229.0</ele></trkpt><trkpt lat="32.2349000" lon="-97.6198150"><ele>229.0</ele></trkpt><trkpt lat="32.2349200" lon="-97.6198350"><ele>229.0</ele></trkpt><trkpt lat="32.2349410" lon="-97.6198540"><ele>229.0</ele></trkpt><trkpt lat="32.2349620" lon="-97.6198720"><ele>229.0</ele></trkpt><trkpt lat="32.2349820" lon="-97.6198890"><ele>229.0</ele></trkpt><trkpt lat="32.2350030" lon="-97.6199060"><ele>229.0</ele></trkpt><trkpt lat="32.2350230" lon="-97.6199210"><ele>229.0</ele></trkpt><trkpt lat="32.2350440" lon="-97.6199360"><ele>229.0</ele></trkpt><trkpt lat="32.2350650" lon="-97.6199510"><ele>229.0</ele></trkpt><trkpt lat="32.2350850" lon="-97.6199660"><ele>229.0</ele></trkpt><trkpt lat="32.2351050" lon="-97.6199800"><ele>229.0</ele></trkpt><trkpt lat="32.2351240" lon="-97.6199940"><ele>229.0</ele></trkpt><trkpt lat="32.2351430" lon="-97.6200080"><ele>229.0</ele></trkpt><trkpt lat="32.2351630" lon="-97.6200210"><ele>229.0</ele></trkpt><trkpt lat="32.2351830" lon="-97.6200340"><ele>229.0</ele></trkpt><trkpt lat="32.2352040" lon="-97.6200470"><ele>229.0</ele></trkpt><trkpt lat="32.2352240" lon="-97.6200570"><ele>229.0</ele></trkpt><trkpt lat="32.2352440" lon="-97.6200680"><ele>229.0</ele></trkpt><trkpt lat="32.2352640" lon="-97.6200790"><ele>229.0</ele></trkpt><trkpt lat="32.2352840" lon="-97.6200900"><ele>229.0</ele></trkpt><trkpt lat="32.2353040" lon="-97.6201000"><ele>229.0</ele></trkpt><trkpt lat="32.2353240" lon="-97.6201120"><ele>229.0</ele></trkpt><trkpt lat="32.2353430" lon="-97.6201200"><ele>229.0</ele></trkpt><trkpt lat="32.2353610" lon="-97.6201290"><ele>229.0</ele></trkpt><trkpt lat="32.2353790" lon="-97.6201370"><ele>229.0</ele></trkpt><trkpt lat="32.2353960" lon="-97.6201450"><ele>229.0</ele></trkpt><trkpt lat="32.2354140" lon="-97.6201520"><ele>229.0</ele></trkpt><trkpt lat="32.2354320" lon="-97.6201600"><ele>229.0</ele></trkpt><trkpt lat="32.2354500" lon="-97.6201680"><ele>229.0</ele></trkpt><trkpt lat="32.2354690" lon="-97.6201760"><ele>229.0</ele></trkpt><trkpt lat="32.2354890" lon="-97.6201850"><ele>229.0</ele></trkpt><trkpt lat="32.2355090" lon="-97.6201930"><ele>229.0</ele></trkpt><trkpt lat="32.2355300" lon="-97.6202030"><ele>229.0</ele></trkpt><trkpt lat="32.2355510" lon="-97.6202120"><ele>229.0</ele></trkpt><trkpt lat="32.2355720" lon="-97.6202230"><ele>229.0</ele></trkpt><trkpt lat="32.2355940" lon="-97.6202330"><ele>229.0</ele></trkpt><trkpt lat="32.2356160" lon="-97.6202440"><ele>229.0</ele></trkpt><trkpt lat="32.2356380" lon="-97.6202550"><ele>229.0</ele></trkpt><trkpt lat="32.2356620" lon="-97.6202660"><ele>229.0</ele></trkpt><trkpt lat="32.2356850" lon="-97.6202780"><ele>229.0</ele></trkpt><trkpt lat="32.2357090" lon="-97.6202900"><ele>229.0</ele></trkpt><trkpt lat="32.2357330" lon="-97.6203030"><ele>229.0</ele></trkpt><trkpt lat="32.2357570" lon="-97.6203160"><ele>230.0</ele></trkpt><trkpt lat="32.2357810" lon="-97.6203290"><ele>230.0</ele></trkpt><trkpt lat="32.2358040" lon="-97.6203410"><ele>230.0</ele></trkpt><trkpt lat="32.2358280" lon="-97.6203540"><ele>230.0</ele></trkpt><trkpt lat="32.2358510" lon="-97.6203650"><ele>230.0</ele></trkpt><trkpt lat="32.2358740" lon="-97.6203770"><ele>230.0</ele></trkpt><trkpt lat="32.2358960" lon="-97.6203880"><ele>230.0</ele></trkpt><trkpt lat="32.2359180" lon="-97.6204000"><ele>230.0</ele></trkpt><trkpt lat="32.2359400" lon="-97.6204130"><ele>230.0</ele></trkpt><trkpt lat="32.2359630" lon="-97.6204250"><ele>230.0</ele></trkpt><trkpt lat="32.2359850" lon="-97.6204370"><ele>230.0</ele></trkpt><trkpt lat="32.2360080" lon="-97.6204490"><ele>230.0</ele></trkpt><trkpt lat="32.2360310" lon="-97.6204610"><ele>230.0</ele></trkpt><trkpt lat="32.2360540" lon="-97.6204720"><ele>230.0</ele></trkpt><trkpt lat="32.2360770" lon="-97.6204820"><ele>230.0</ele></trkpt><trkpt lat="32.2361000" lon="-97.6204930"><ele>230.0</ele></trkpt><trkpt lat="32.2361230" lon="-97.6205010"><ele>230.0</ele></trkpt><trkpt lat="32.2361460" lon="-97.6205100"><ele>230.0</ele></trkpt><trkpt lat="32.2361680" lon="-97.6205170"><ele>230.0</ele></trkpt><trkpt lat="32.2361910" lon="-97.6205240"><ele>230.0</ele></trkpt><trkpt lat="32.2362130" lon="-97.6205310"><ele>230.0</ele></trkpt><trkpt lat="32.2362350" lon="-97.6205380"><ele>230.0</ele></trkpt><trkpt lat="32.2362590" lon="-97.6205450"><ele>230.0</ele></trkpt><trkpt lat="32.2362820" lon="-97.6205520"><ele>230.0</ele></trkpt><trkpt lat="32.2363050" lon="-97.6205590"><ele>230.0</ele></trkpt><trkpt lat="32.2363270" lon="-97.6205660"><ele>231.0</ele></trkpt><trkpt lat="32.2363480" lon="-97.6205730"><ele>231.0</ele></trkpt><trkpt lat="32.2363690" lon="-97.6205810"><ele>231.0</ele></trkpt><trkpt lat="32.2363900" lon="-97.6205900"><ele>231.0</ele></trkpt><trkpt lat="32.2364100" lon="-97.6205990"><ele>231.0</ele></trkpt><trkpt lat="32.2364300" lon="-97.6206100"><ele>231.0</ele></trkpt><trkpt lat="32.2364500" lon="-97.6206200"><ele>231.0</ele></trkpt><trkpt lat="32.2364690" lon="-97.6206340"><ele>231.0</ele></trkpt><trkpt lat="32.2364890" lon="-97.6206470"><ele>231.0</ele></trkpt><trkpt lat="32.2365070" lon="-97.6206630"><ele>231.0</ele></trkpt><trkpt lat="32.2365250" lon="-97.6206790"><ele>232.0</ele></trkpt><trkpt lat="32.2365410" lon="-97.6206950"><ele>232.0</ele></trkpt><trkpt lat="32.2365580" lon="-97.6207120"><ele>232.0</ele></trkpt><trkpt lat="32.2365740" lon="-97.6207290"><ele>232.0</ele></trkpt><trkpt lat="32.2365900" lon="-97.6207470"><ele>232.0</ele></trkpt><trkpt lat="32.2366060" lon="-97.6207640"><ele>232.0</ele></trkpt><trkpt lat="32.2366220" lon="-97.6207820"><ele>232.0</ele></trkpt><trkpt lat="32.2366400" lon="-97.6207990"><ele>232.0</ele></trkpt><trkpt lat="32.2366570" lon="-97.6208170"><ele>232.0</ele></trkpt><trkpt lat="32.2366750" lon="-97.6208340"><ele>232.0</ele></trkpt><trkpt lat="32.2366930" lon="-97.6208510"><ele>232.0</ele></trkpt><trkpt lat="32.2367110" lon="-97.6208670"><ele>232.0</ele></trkpt><trkpt lat="32.2367290" lon="-97.6208830"><ele>232.0</ele></trkpt><trkpt lat="32.2367480" lon="-97.6208980"><ele>232.0</ele></trkpt><trkpt lat="32.2367670" lon="-97.6209130"><ele>232.0</ele></trkpt><trkpt lat="32.2367860" lon="-97.6209270"><ele>232.0</ele></trkpt><trkpt lat="32.2368060" lon="-97.6209410"><ele>232.0</ele></trkpt><trkpt lat="32.2368250" lon="-97.6209530"><ele>232.0</ele></trkpt><trkpt lat="32.2368440" lon="-97.6209660"><ele>232.0</ele></trkpt><trkpt lat="32.2368630" lon="-97.6209780"><ele>232.0</ele></trkpt><trkpt lat="32.2368810" lon="-97.6209910"><ele>232.0</ele></trkpt><trkpt lat="32.2368990" lon="-97.6210040"><ele>232.0</ele></trkpt><trkpt lat="32.2369160" lon="-97.6210170"><ele>232.0</ele></trkpt><trkpt lat="32.2369340" lon="-97.6210290"><ele>232.0</ele></trkpt><trkpt lat="32.2369520" lon="-97.6210420"><ele>232.0</ele></trkpt><trkpt lat="32.2369710" lon="-97.6210540"><ele>232.0</ele></trkpt><trkpt lat="32.2369890" lon="-97.6210670"><ele>232.0</ele></trkpt><trkpt lat="32.2370100" lon="-97.6210770"><ele>232.0</ele></trkpt><trkpt lat="32.2370300" lon="-97.6210880"><ele>232.0</ele></trkpt><trkpt lat="32.2370510" lon="-97.6210950"><ele>232.0</ele></trkpt><trkpt lat="32.2370710" lon="-97.6211010"><ele>233.0</ele></trkpt><trkpt lat="32.2370930" lon="-97.6211020"><ele>233.0</ele></trkpt><trkpt lat="32.2371140" lon="-97.6211030"><ele>233.0</ele></trkpt><trkpt lat="32.2371350" lon="-97.6210960"><ele>233.0</ele></trkpt><trkpt lat="32.2371560" lon="-97.6210880"><ele>233.0</ele></trkpt><trkpt lat="32.2371770" lon="-97.6210740"><ele>233.0</ele></trkpt><trkpt lat="32.2371980" lon="-97.6210600"><ele>233.0</ele></trkpt><trkpt lat="32.2372190" lon="-97.6210420"><ele>233.0</ele></trkpt><trkpt lat="32.2372390" lon="-97.6210230"><ele>233.0</ele></trkpt><trkpt lat="32.2372600" lon="-97.6210030"><ele>233.0</ele></trkpt><trkpt lat="32.2372810" lon="-97.6209840"><ele>233.0</ele></trkpt><trkpt lat="32.2373020" lon="-97.6209650"><ele>233.0</ele></trkpt><trkpt lat="32.2373230" lon="-97.6209470"><ele>233.0</ele></trkpt><trkpt lat="32.2373440" lon="-97.6209300"><ele>233.0</ele></trkpt><trkpt lat="32.2373650" lon="-97.6209120"><ele>233.0</ele></trkpt><trkpt lat="32.2373860" lon="-97.6208930"><ele>233.0</ele></trkpt><trkpt lat="32.2374080" lon="-97.6208740"><ele>233.0</ele></trkpt><trkpt lat="32.2374280" lon="-97.6208540"><ele>233.0</ele></trkpt><trkpt lat="32.2374480" lon="-97.6208340"><ele>233.0</ele></trkpt><trkpt lat="32.2374680" lon="-97.6208150"><ele>233.0</ele></trkpt><trkpt lat="32.2374870" lon="-97.6207960"><ele>233.0</ele></trkpt><trkpt lat="32.2375040" lon="-97.6207760"><ele>232.0</ele></trkpt><trkpt lat="32.2375220" lon="-97.6207560"><ele>232.0</ele></trkpt><trkpt lat="32.2375370" lon="-97.6207370"><ele>232.0</ele></trkpt><trkpt lat="32.2375530" lon="-97.6207170"><ele>232.0</ele></trkpt><trkpt lat="32.2375670" lon="-97.6206960"><ele>232.0</ele></trkpt><trkpt lat="32.2375820" lon="-97.6206750"><ele>232.0</ele></trkpt><trkpt lat="32.2375960" lon="-97.6206540"><ele>232.0</ele></trkpt><trkpt lat="32.2376100" lon="-97.6206320"><ele>232.0</ele></trkpt><trkpt lat="32.2376240" lon="-97.6206100"><ele>232.0</ele></trkpt><trkpt lat="32.2376380" lon="-97.6205870"><ele>232.0</ele></trkpt><trkpt lat="32.2376510" lon="-97.6205630"><ele>231.0</ele></trkpt><trkpt lat="32.2376650" lon="-97.6205400"><ele>231.0</ele></trkpt><trkpt lat="32.2376780" lon="-97.6205160"><ele>231.0</ele></trkpt><trkpt lat="32.2376920" lon="-97.6204930"><ele>231.0</ele></trkpt><trkpt lat="32.2377060" lon="-97.6204700"><ele>231.0</ele></trkpt><trkpt lat="32.2377190" lon="-97.6204460"><ele>230.0</ele></trkpt><trkpt lat="32.2377320" lon="-97.6204220"><ele>230.0</ele></trkpt><trkpt lat="32.2377450" lon="-97.6203980"><ele>230.0</ele></trkpt><trkpt lat="32.2377570" lon="-97.6203730"><ele>230.0</ele></trkpt><trkpt lat="32.2377690" lon="-97.6203480"><ele>230.0</ele></trkpt><trkpt lat="32.2377800" lon="-97.6203220"><ele>230.0</ele></trkpt><trkpt lat="32.2377900" lon="-97.6202960"><ele>230.0</ele></trkpt><trkpt lat="32.2378000" lon="-97.6202690"><ele>230.0</ele></trkpt><trkpt lat="32.2378100" lon="-97.6202430"><ele>230.0</ele></trkpt><trkpt lat="32.2378200" lon="-97.6202160"><ele>230.0</ele></trkpt><trkpt lat="32.2378300" lon="-97.6201900"><ele>230.0</ele></trkpt><trkpt lat="32.2378400" lon="-97.6201640"><ele>230.0</ele></trkpt><trkpt lat="32.2378510" lon="-97.6201390"><ele>230.0</ele></trkpt><trkpt lat="32.2378630" lon="-97.6201130"><ele>230.0</ele></trkpt><trkpt lat="32.2378740" lon="-97.6200870"><ele>230.0</ele></trkpt><trkpt lat="32.2378870" lon="-97.6200610"><ele>230.0</ele></trkpt><trkpt lat="32.2378990" lon="-97.6200340"><ele>230.0</ele></trkpt><trkpt lat="32.2379120" lon="-97.6200080"><ele>230.0</ele></trkpt><trkpt lat="32.2379240" lon="-97.6199820"><ele>230.0</ele></trkpt><trkpt lat="32.2379370" lon="-97.6199550"><ele>230.0</ele></trkpt><trkpt lat="32.2379490" lon="-97.6199290"><ele>229.0</ele></trkpt><trkpt lat="32.2379610" lon="-97.6199020"><ele>229.0</ele></trkpt><trkpt lat="32.2379730" lon="-97.6198750"><ele>229.0</ele></trkpt><trkpt lat="32.2379830" lon="-97.6198490"><ele>229.0</ele></trkpt><trkpt lat="32.2379930" lon="-97.6198230"><ele>229.0</ele></trkpt><trkpt lat="32.2379990" lon="-97.6197980"><ele>228.0</ele></trkpt><trkpt lat="32.2380050" lon="-97.6197730"><ele>228.0</ele></trkpt><trkpt lat="32.2380070" lon="-97.6197490"><ele>228.0</ele></trkpt><trkpt lat="32.2380090" lon="-97.6197250"><ele>228.0</ele></trkpt><trkpt lat="32.2380080" lon="-97.6197010"><ele>228.0</ele></trkpt><trkpt lat="32.2380070" lon="-97.6196770"><ele>227.0</ele></trkpt><trkpt lat="32.2380060" lon="-97.6196530"><ele>227.0</ele></trkpt><trkpt lat="32.2380040" lon="-97.6196300"><ele>227.0</ele></trkpt><trkpt lat="32.2380050" lon="-97.6196040"><ele>227.0</ele></trkpt><trkpt lat="32.2380060" lon="-97.6195780"><ele>227.0</ele></trkpt><trkpt lat="32.2380090" lon="-97.6195510"><ele>226.0</ele></trkpt><trkpt lat="32.2380130" lon="-97.6195240"><ele>226.0</ele></trkpt><trkpt lat="32.2380180" lon="-97.6194980"><ele>226.0</ele></trkpt><trkpt lat="32.2380230" lon="-97.6194710"><ele>226.0</ele></trkpt><trkpt lat="32.2380280" lon="-97.6194440"><ele>226.0</ele></trkpt><trkpt lat="32.2380340" lon="-97.6194170"><ele>226.0</ele></trkpt><trkpt lat="32.2380400" lon="-97.6193900"><ele>226.0</ele></trkpt><trkpt lat="32.2380460" lon="-97.6193620"><ele>226.0</ele></trkpt><trkpt lat="32.2380530" lon="-97.6193360"><ele>226.0</ele></trkpt><trkpt lat="32.2380610" lon="-97.6193090"><ele>226.0</ele></trkpt><trkpt lat="32.2380710" lon="-97.6192830"><ele>226.0</ele></trkpt><trkpt lat="32.2380810" lon="-97.6192560"><ele>226.0</ele></trkpt><trkpt lat="32.2380930" lon="-97.6192290"><ele>226.0</ele></trkpt><trkpt lat="32.2381050" lon="-97.6192030"><ele>226.0</ele></trkpt><trkpt lat="32.2381180" lon="-97.6191770"><ele>227.0</ele></trkpt><trkpt lat="32.2381320" lon="-97.6191520"><ele>227.0</ele></trkpt><trkpt lat="32.2381460" lon="-97.6191270"><ele>227.0</ele></trkpt><trkpt lat="32.2381600" lon="-97.6191020"><ele>227.0</ele></trkpt><trkpt lat="32.2381740" lon="-97.6190770"><ele>227.0</ele></trkpt><trkpt lat="32.2381880" lon="-97.6190530"><ele>227.0</ele></trkpt><trkpt lat="32.2382000" lon="-97.6190300"><ele>227.0</ele></trkpt><trkpt lat="32.2382130" lon="-97.6190070"><ele>227.0</ele></trkpt><trkpt lat="32.2382250" lon="-97.6189840"><ele>227.0</ele></trkpt><trkpt lat="32.2382370" lon="-97.6189620"><ele>227.0</ele></trkpt><trkpt lat="32.2382480" lon="-97.6189380"><ele>228.0</ele></trkpt><trkpt lat="32.2382600" lon="-97.6189140"><ele>228.0</ele></trkpt><trkpt lat="32.2382710" lon="-97.6188880"><ele>228.0</ele></trkpt><trkpt lat="32.2382830" lon="-97.6188630"><ele>228.0</ele></trkpt><trkpt lat="32.2382970" lon="-97.6188380"><ele>228.0</ele></trkpt><trkpt lat="32.2383110" lon="-97.6188130"><ele>228.0</ele></trkpt><trkpt lat="32.2383280" lon="-97.6187900"><ele>227.0</ele></trkpt><trkpt lat="32.2383440" lon="-97.6187680"><ele>227.0</ele></trkpt><trkpt lat="32.2383630" lon="-97.6187490"><ele>227.0</ele></trkpt><trkpt lat="32.2383820" lon="-97.6187300"><ele>227.0</ele></trkpt><trkpt lat="32.2384030" lon="-97.6187150"><ele>227.0</ele></trkpt><trkpt lat="32.2384240" lon="-97.6187000"><ele>227.0</ele></trkpt><trkpt lat="32.2384460" lon="-97.6186900"><ele>227.0</ele></trkpt><trkpt lat="32.2384690" lon="-97.6186800"><ele>227.0</ele></trkpt><trkpt lat="32.2384910" lon="-97.6186720"><ele>227.0</ele></trkpt><trkpt lat="32.2385140" lon="-97.6186650"><ele>227.0</ele></trkpt><trkpt lat="32.2385360" lon="-97.6186590"><ele>226.0</ele></trkpt><trkpt lat="32.2385590" lon="-97.6186530"><ele>226.0</ele></trkpt><trkpt lat="32.2385790" lon="-97.6186470"><ele>226.0</ele></trkpt><trkpt lat="32.2385980" lon="-97.6186400"><ele>226.0</ele></trkpt><trkpt lat="32.2386170" lon="-97.6186290"><ele>226.0</ele></trkpt><trkpt lat="32.2386350" lon="-97.6186180"><ele>226.0</ele></trkpt><trkpt lat="32.2386500" lon="-97.6186000"><ele>226.0</ele></trkpt><trkpt lat="32.2386660" lon="-97.6185830"><ele>226.0</ele></trkpt><trkpt lat="32.2386780" lon="-97.6185610"><ele>226.0</ele></trkpt><trkpt lat="32.2386900" lon="-97.6185390"><ele>226.0</ele></trkpt><trkpt lat="32.2386990" lon="-97.6185150"><ele>225.0</ele></trkpt><trkpt lat="32.2387080" lon="-97.6184910"><ele>225.0</ele></trkpt><trkpt lat="32.2387140" lon="-97.6184660"><ele>225.0</ele></trkpt><trkpt lat="32.2387190" lon="-97.6184400"><ele>225.0</ele></trkpt><trkpt lat="32.2387200" lon="-97.6184140"><ele>225.0</ele></trkpt><trkpt lat="32.2387210" lon="-97.6183870"><ele>225.0</ele></trkpt><trkpt lat="32.2387170" lon="-97.6183600"><ele>225.0</ele></trkpt><trkpt lat="32.2387130" lon="-97.6183320"><ele>225.0</ele></trkpt><trkpt lat="32.2387030" lon="-97.6183060"><ele>225.0</ele></trkpt><trkpt lat="32.2386940" lon="-97.6182790"><ele>225.0</ele></trkpt><trkpt lat="32.2386810" lon="-97.6182540"><ele>225.0</ele></trkpt><trkpt lat="32.2386680" lon="-97.6182280"><ele>225.0</ele></trkpt><trkpt lat="32.2386540" lon="-97.6182040"><ele>225.0</ele></trkpt><trkpt lat="32.2386410" lon="-97.6181800"><ele>225.0</ele></trkpt><trkpt lat="32.2386270" lon="-97.6181570"><ele>226.0</ele></trkpt><trkpt lat="32.2386140" lon="-97.6181340"><ele>226.0</ele></trkpt><trkpt lat="32.2386010" lon="-97.6181130"><ele>226.0</ele></trkpt><trkpt lat="32.2385890" lon="-97.6180920"><ele>226.0</ele></trkpt><trkpt lat="32.2385790" lon="-97.6180710"><ele>226.0</ele></trkpt><trkpt lat="32.2385700" lon="-97.6180510"><ele>226.0</ele></trkpt><trkpt lat="32.2385620" lon="-97.6180290"><ele>226.0</ele></trkpt><trkpt lat="32.2385550" lon="-97.6180080"><ele>226.0</ele></trkpt><trkpt lat="32.2385500" lon="-97.6179850"><ele>226.0</ele></trkpt><trkpt lat="32.2385450" lon="-97.6179620"><ele>226.0</ele></trkpt><trkpt lat="32.2385420" lon="-97.6179380"><ele>227.0</ele></trkpt><trkpt lat="32.2385400" lon="-97.6179150"><ele>227.0</ele></trkpt><trkpt lat="32.2385420" lon="-97.6178920"><ele>227.0</ele></trkpt><trkpt lat="32.2385440" lon="-97.6178690"><ele>227.0</ele></trkpt><trkpt lat="32.2385500" lon="-97.6178460"><ele>227.0</ele></trkpt><trkpt lat="32.2385560" lon="-97.6178230"><ele>227.0</ele></trkpt><trkpt lat="32.2385640" lon="-97.6177990"><ele>227.0</ele></trkpt><trkpt lat="32.2385730" lon="-97.6177750"><ele>227.0</ele></trkpt><trkpt lat="32.2385850" lon="-97.6177490"><ele>227.0</ele></trkpt><trkpt lat="32.2385960" lon="-97.6177230"><ele>227.0</ele></trkpt><trkpt lat="32.2386100" lon="-97.6176980"><ele>227.0</ele></trkpt><trkpt lat="32.2386240" lon="-97.6176740"><ele>227.0</ele></trkpt><trkpt lat="32.2386390" lon="-97.6176520"><ele>227.0</ele></trkpt><trkpt lat="32.2386540" lon="-97.6176300"><ele>227.0</ele></trkpt><trkpt lat="32.2386700" lon="-97.6176080"><ele>227.0</ele></trkpt><trkpt lat="32.2386860" lon="-97.6175870"><ele>227.0</ele></trkpt><trkpt lat="32.2387040" lon="-97.6175660"><ele>227.0</ele></trkpt><trkpt lat="32.2387230" lon="-97.6175450"><ele>227.0</ele></trkpt><trkpt lat="32.2387420" lon="-97.6175240"><ele>227.0</ele></trkpt><trkpt lat="32.2387610" lon="-97.6175030"><ele>227.0</ele></trkpt><trkpt lat="32.2387780" lon="-97.6174830"><ele>228.0</ele></trkpt><trkpt lat="32.2387960" lon="-97.6174640"><ele>228.0</ele></trkpt><trkpt lat="32.2388110" lon="-97.6174450"><ele>228.0</ele></trkpt><trkpt lat="32.2388270" lon="-97.6174270"><ele>228.0</ele></trkpt><trkpt lat="32.2388400" lon="-97.6174090"><ele>228.0</ele></trkpt><trkpt lat="32.2388540" lon="-97.6173910"><ele>228.0</ele></trkpt><trkpt lat="32.2388650" lon="-97.6173730"><ele>228.0</ele></trkpt><trkpt lat="32.2388770" lon="-97.6173550"><ele>228.0</ele></trkpt><trkpt lat="32.2388870" lon="-97.6173380"><ele>228.0</ele></trkpt><trkpt lat="32.2388980" lon="-97.6173210"><ele>228.0</ele></trkpt><trkpt lat="32.2389100" lon="-97.6173030"><ele>229.0</ele></trkpt><trkpt lat="32.2389230" lon="-97.6172840"><ele>229.0</ele></trkpt><trkpt lat="32.2389380" lon="-97.6172640"><ele>229.0</ele></trkpt><trkpt lat="32.2389530" lon="-97.6172440"><ele>229.0</ele></trkpt><trkpt lat="32.2389670" lon="-97.6172240"><ele>229.0</ele></trkpt><trkpt lat="32.2389810" lon="-97.6172040"><ele>229.0</ele></trkpt><trkpt lat="32.2389950" lon="-97.6171830"><ele>229.0</ele></trkpt><trkpt lat="32.2390080" lon="-97.6171620"><ele>229.0</ele></trkpt><trkpt lat="32.2390200" lon="-97.6171410"><ele>229.0</ele></trkpt><trkpt lat="32.2390320" lon="-97.6171190"><ele>229.0</ele></trkpt><trkpt lat="32.2390440" lon="-97.6170970"><ele>229.0</ele></trkpt><trkpt lat="32.2390550" lon="-97.6170750"><ele>228.0</ele></trkpt><trkpt lat="32.2390680" lon="-97.6170540"><ele>228.0</ele></trkpt><trkpt lat="32.2390800" lon="-97.6170330"><ele>228.0</ele></trkpt><trkpt lat="32.2390950" lon="-97.6170110"><ele>228.0</ele></trkpt><trkpt lat="32.2391090" lon="-97.6169890"><ele>228.0</ele></trkpt><trkpt lat="32.2391240" lon="-97.6169650"><ele>228.0</ele></trkpt><trkpt lat="32.2391390" lon="-97.6169420"><ele>228.0</ele></trkpt><trkpt lat="32.2391540" lon="-97.6169180"><ele>228.0</ele></trkpt><trkpt lat="32.2391690" lon="-97.6168950"><ele>228.0</ele></trkpt><trkpt lat="32.2391850" lon="-97.6168710"><ele>228.0</ele></trkpt><trkpt lat="32.2392000" lon="-97.6168470"><ele>228.0</ele></trkpt><trkpt lat="32.2392160" lon="-97.6168240"><ele>228.0</ele></trkpt><trkpt lat="32.2392320" lon="-97.6168000"><ele>228.0</ele></trkpt><trkpt lat="32.2392470" lon="-97.6167770"><ele>228.0</ele></trkpt><trkpt lat="32.2392620" lon="-97.6167540"><ele>228.0</ele></trkpt><trkpt lat="32.2392760" lon="-97.6167320"><ele>228.0</ele></trkpt><trkpt lat="32.2392900" lon="-97.6167100"><ele>228.0</ele></trkpt><trkpt lat="32.2393020" lon="-97.6166870"><ele>228.0</ele></trkpt><trkpt lat="32.2393150" lon="-97.6166650"><ele>228.0</ele></trkpt><trkpt lat="32.2393280" lon="-97.6166430"><ele>229.0</ele></trkpt><trkpt lat="32.2393410" lon="-97.6166200"><ele>229.0</ele></trkpt><trkpt lat="32.2393530" lon="-97.6165970"><ele>229.0</ele></trkpt><trkpt lat="32.2393660" lon="-97.6165740"><ele>229.0</ele></trkpt><trkpt lat="32.2393780" lon="-97.6165520"><ele>229.0</ele></trkpt><trkpt lat="32.2393910" lon="-97.6165290"><ele>229.0</ele></trkpt><trkpt lat="32.2394040" lon="-97.6165070"><ele>229.0</ele></trkpt><trkpt lat="32.2394160" lon="-97.6164840"><ele>229.0</ele></trkpt><trkpt lat="32.2394280" lon="-97.6164610"><ele>229.0</ele></trkpt><trkpt lat="32.2394400" lon="-97.6164390"><ele>229.0</ele></trkpt><trkpt lat="32.2394520" lon="-97.6164160"><ele>229.0</ele></trkpt><trkpt lat="32.2394640" lon="-97.6163930"><ele>228.0</ele></trkpt><trkpt lat="32.2394760" lon="-97.6163700"><ele>228.0</ele></trkpt><trkpt lat="32.2394880" lon="-97.6163470"><ele>228.0</ele></trkpt><trkpt lat="32.2394990" lon="-97.6163240"><ele>228.0</ele></trkpt><trkpt lat="32.2395100" lon="-97.6163010"><ele>228.0</ele></trkpt><trkpt lat="32.2395200" lon="-97.6162770"><ele>228.0</ele></trkpt><trkpt lat="32.2395300" lon="-97.6162530"><ele>228.0</ele></trkpt><trkpt lat="32.2395400" lon="-97.6162260"><ele>228.0</ele></trkpt><trkpt lat="32.2395500" lon="-97.6162000"><ele>228.0</ele></trkpt><trkpt lat="32.2395590" lon="-97.6161730"><ele>228.0</ele></trkpt><trkpt lat="32.2395680" lon="-97.6161450"><ele>227.0</ele></trkpt><trkpt lat="32.2395760" lon="-97.6161170"><ele>227.0</ele></trkpt><trkpt lat="32.2395840" lon="-97.6160890"><ele>227.0</ele></trkpt><trkpt lat="32.2395910" lon="-97.6160620"><ele>227.0</ele></trkpt><trkpt lat="32.2395980" lon="-97.6160350"><ele>227.0</ele></trkpt><trkpt lat="32.2396050" lon="-97.6160090"><ele>227.0</ele></trkpt><trkpt lat="32.2396130" lon="-97.6159840"><ele>227.0</ele></trkpt><trkpt lat="32.2396230" lon="-97.6159590"><ele>227.0</ele></trkpt><trkpt lat="32.2396320" lon="-97.6159350"><ele>227.0</ele></trkpt><trkpt lat="32.2396440" lon="-97.6159120"><ele>227.0</ele></trkpt><trkpt lat="32.2396570" lon="-97.6158880"><ele>227.0</ele></trkpt><trkpt lat="32.2396710" lon="-97.6158680"><ele>227.0</ele></trkpt><trkpt lat="32.2396860" lon="-97.6158480"><ele>227.0</ele></trkpt><trkpt lat="32.2397000" lon="-97.6158300"><ele>227.0</ele></trkpt><trkpt lat="32.2397140" lon="-97.6158110"><ele>227.0</ele></trkpt><trkpt lat="32.2397290" lon="-97.6157930"><ele>227.0</ele></trkpt><trkpt lat="32.2397430" lon="-97.6157750"><ele>227.0</ele></trkpt><trkpt lat="32.2397540" lon="-97.6157550"><ele>227.0</ele></trkpt><trkpt lat="32.2397650" lon="-97.6157350"><ele>227.0</ele></trkpt><trkpt lat="32.2397730" lon="-97.6157120"><ele>227.0</ele></trkpt><trkpt lat="32.2397800" lon="-97.6156890"><ele>227.0</ele></trkpt><trkpt lat="32.2397840" lon="-97.6156630"><ele>227.0</ele></trkpt><trkpt lat="32.2397890" lon="-97.6156370"><ele>227.0</ele></trkpt><trkpt lat="32.2397910" lon="-97.6156080"><ele>227.0</ele></trkpt><trkpt lat="32.2397930" lon="-97.6155790"><ele>227.0</ele></trkpt><trkpt lat="32.2397920" lon="-97.6155510"><ele>227.0</ele></trkpt><trkpt lat="32.2397900" lon="-97.6155230"><ele>227.0</ele></trkpt><trkpt lat="32.2397870" lon="-97.6154970"><ele>227.0</ele></trkpt><trkpt lat="32.2397830" lon="-97.6154710"><ele>227.0</ele></trkpt><trkpt lat="32.2397800" lon="-97.6154460"><ele>227.0</ele></trkpt><trkpt lat="32.2397770" lon="-97.6154200"><ele>227.0</ele></trkpt><trkpt lat="32.2397740" lon="-97.6153940"><ele>227.0</ele></trkpt><trkpt lat="32.2397720" lon="-97.6153680"><ele>227.0</ele></trkpt><trkpt lat="32.2397710" lon="-97.6153420"><ele>227.0</ele></trkpt><trkpt lat="32.2397710" lon="-97.6153160"><ele>228.0</ele></trkpt><trkpt lat="32.2397730" lon="-97.6152900"><ele>228.0</ele></trkpt><trkpt lat="32.2397750" lon="-97.6152640"><ele>228.0</ele></trkpt><trkpt lat="32.2397800" lon="-97.6152390"><ele>228.0</ele></trkpt><trkpt lat="32.2397860" lon="-97.6152150"><ele>228.0</ele></trkpt><trkpt lat="32.2397950" lon="-97.6151900"><ele>228.0</ele></trkpt><trkpt lat="32.2398040" lon="-97.6151650"><ele>228.0</ele></trkpt><trkpt lat="32.2398160" lon="-97.6151390"><ele>228.0</ele></trkpt><trkpt lat="32.2398280" lon="-97.6151140"><ele>228.0</ele></trkpt><trkpt lat="32.2398430" lon="-97.6150890"><ele>228.0</ele></trkpt><trkpt lat="32.2398570" lon="-97.6150640"><ele>228.0</ele></trkpt><trkpt lat="32.2398710" lon="-97.6150420"><ele>228.0</ele></trkpt><trkpt lat="32.2398860" lon="-97.6150190"><ele>228.0</ele></trkpt><trkpt lat="32.2399010" lon="-97.6149970"><ele>228.0</ele></trkpt><trkpt lat="32.2399160" lon="-97.6149750"><ele>228.0</ele></trkpt><trkpt lat="32.2399310" lon="-97.6149550"><ele>228.0</ele></trkpt><trkpt lat="32.2399450" lon="-97.6149350"><ele>228.0</ele></trkpt><trkpt lat="32.2399610" lon="-97.6149150"><ele>228.0</ele></trkpt><trkpt lat="32.2399760" lon="-97.6148950"><ele>228.0</ele></trkpt><trkpt lat="32.2399920" lon="-97.6148740"><ele>228.0</ele></trkpt><trkpt lat="32.2400070" lon="-97.6148530"><ele>229.0</ele></trkpt><trkpt lat="32.2400230" lon="-97.6148300"><ele>229.0</ele></trkpt><trkpt lat="32.2400380" lon="-97.6148080"><ele>229.0</ele></trkpt><trkpt lat="32.2400540" lon="-97.6147860"><ele>229.0</ele></trkpt><trkpt lat="32.2400690" lon="-97.6147630"><ele>229.0</ele></trkpt><trkpt lat="32.2400840" lon="-97.6147400"><ele>229.0</ele></trkpt><trkpt lat="32.2401000" lon="-97.6147160"><ele>229.0</ele></trkpt><trkpt lat="32.2401160" lon="-97.6146920"><ele>229.0</ele></trkpt><trkpt lat="32.2401310" lon="-97.6146680"><ele>229.0</ele></trkpt><trkpt lat="32.2401480" lon="-97.6146440"><ele>229.0</ele></trkpt><trkpt lat="32.2401640" lon="-97.6146200"><ele>229.0</ele></trkpt><trkpt lat="32.2401800" lon="-97.6145960"><ele>229.0</ele></trkpt><trkpt lat="32.2401950" lon="-97.6145720"><ele>229.0</ele></trkpt><trkpt lat="32.2402110" lon="-97.6145520"><ele>229.0</ele></trkpt><trkpt lat="32.2402260" lon="-97.6145310"><ele>229.0</ele></trkpt><trkpt lat="32.2402410" lon="-97.6145140"><ele>229.0</ele></trkpt><trkpt lat="32.2402560" lon="-97.6144960"><ele>229.0</ele></trkpt><trkpt lat="32.2402710" lon="-97.6144790"><ele>229.0</ele></trkpt><trkpt lat="32.2402870" lon="-97.6144620"><ele>229.0</ele></trkpt><trkpt lat="32.2403020" lon="-97.6144450"><ele>229.0</ele></trkpt><trkpt lat="32.2403180" lon="-97.6144270"><ele>229.0</ele></trkpt><trkpt lat="32.2403320" lon="-97.6144110"><ele>229.0</ele></trkpt><trkpt lat="32.2403470" lon="-97.6143950"><ele>229.0</ele></trkpt><trkpt lat="32.2403620" lon="-97.6143840"><ele>229.0</ele></trkpt><trkpt lat="32.2403770" lon="-97.6143730"><ele>229.0</ele></trkpt><trkpt lat="32.2403920" lon="-97.6143690"><ele>229.0</ele></trkpt><trkpt lat="32.2404080" lon="-97.6143660"><ele>229.0</ele></trkpt><trkpt lat="32.2404260" lon="-97.6143680"><ele>229.0</ele></trkpt><trkpt lat="32.2404440" lon="-97.6143710"><ele>229.0</ele></trkpt><trkpt lat="32.2404630" lon="-97.6143780"><ele>229.0</ele></trkpt><trkpt lat="32.2404830" lon="-97.6143840"><ele>229.0</ele></trkpt><trkpt lat="32.2405050" lon="-97.6143900"><ele>229.0</ele></trkpt><trkpt lat="32.2405270" lon="-97.6143950"><ele>229.0</ele></trkpt><trkpt lat="32.2405510" lon="-97.6143980"><ele>229.0</ele></trkpt><trkpt lat="32.2405740" lon="-97.6144010"><ele>229.0</ele></trkpt><trkpt lat="32.2405970" lon="-97.6144020"><ele>229.0</ele></trkpt><trkpt lat="32.2406200" lon="-97.6144030"><ele>229.0</ele></trkpt><trkpt lat="32.2406430" lon="-97.6144040"><ele>229.0</ele></trkpt><trkpt lat="32.2406650" lon="-97.6144050"><ele>229.0</ele></trkpt><trkpt lat="32.2406880" lon="-97.6144050"><ele>229.0</ele></trkpt><trkpt lat="32.2407100" lon="-97.6144050"><ele>229.0</ele></trkpt><trkpt lat="32.2407330" lon="-97.6144040"><ele>229.0</ele></trkpt><trkpt lat="32.2407560" lon="-97.6144020"><ele>229.0</ele></trkpt><trkpt lat="32.2407810" lon="-97.6143990"><ele>229.0</ele></trkpt><trkpt lat="32.2408050" lon="-97.6143960"><ele>229.0</ele></trkpt><trkpt lat="32.2408310" lon="-97.6143920"><ele>230.0</ele></trkpt><trkpt lat="32.2408570" lon="-97.6143890"><ele>230.0</ele></trkpt><trkpt lat="32.2408840" lon="-97.6143860"><ele>230.0</ele></trkpt><trkpt lat="32.2409100" lon="-97.6143830"><ele>230.0</ele></trkpt><trkpt lat="32.2409350" lon="-97.6143800"><ele>230.0</ele></trkpt><trkpt lat="32.2409600" lon="-97.6143760"><ele>230.0</ele></trkpt><trkpt lat="32.2409850" lon="-97.6143710"><ele>230.0</ele></trkpt><trkpt lat="32.2410090" lon="-97.6143670"><ele>230.0</ele></trkpt><trkpt lat="32.2410310" lon="-97.6143580"><ele>230.0</ele></trkpt><trkpt lat="32.2410540" lon="-97.6143500"><ele>230.0</ele></trkpt><trkpt lat="32.2410740" lon="-97.6143360"><ele>230.0</ele></trkpt><trkpt lat="32.2410930" lon="-97.6143220"><ele>230.0</ele></trkpt><trkpt lat="32.2411100" lon="-97.6143000"><ele>230.0</ele></trkpt><trkpt lat="32.2411260" lon="-97.6142790"><ele>230.0</ele></trkpt><trkpt lat="32.2411400" lon="-97.6142540"><ele>230.0</ele></trkpt><trkpt lat="32.2411540" lon="-97.6142290"><ele>230.0</ele></trkpt><trkpt lat="32.2411660" lon="-97.6142050"><ele>230.0</ele></trkpt><trkpt lat="32.2411790" lon="-97.6141810"><ele>230.0</ele></trkpt><trkpt lat="32.2411900" lon="-97.6141580"><ele>230.0</ele></trkpt><trkpt lat="32.2412010" lon="-97.6141360"><ele>230.0</ele></trkpt><trkpt lat="32.2412100" lon="-97.6141130"><ele>230.0</ele></trkpt><trkpt lat="32.2412200" lon="-97.6140900"><ele>230.0</ele></trkpt><trkpt lat="32.2412300" lon="-97.6140680"><ele>230.0</ele></trkpt><trkpt lat="32.2412400" lon="-97.6140450"><ele>230.0</ele></trkpt><trkpt lat="32.2412510" lon="-97.6140230"><ele>230.0</ele></trkpt><trkpt lat="32.2412620" lon="-97.6140010"><ele>231.0</ele></trkpt><trkpt lat="32.2412740" lon="-97.6139800"><ele>231.0</ele></trkpt><trkpt lat="32.2412860" lon="-97.6139590"><ele>231.0</ele></trkpt><trkpt lat="32.2412990" lon="-97.6139370"><ele>231.0</ele></trkpt><trkpt lat="32.2413110" lon="-97.6139140"><ele>231.0</ele></trkpt><trkpt lat="32.2413250" lon="-97.6138910"><ele>231.0</ele></trkpt><trkpt lat="32.2413380" lon="-97.6138680"><ele>231.0</ele></trkpt><trkpt lat="32.2413520" lon="-97.6138470"><ele>231.0</ele></trkpt><trkpt lat="32.2413650" lon="-97.6138250"><ele>231.0</ele></trkpt><trkpt lat="32.2413780" lon="-97.6138030"><ele>231.0</ele></trkpt><trkpt lat="32.2413900" lon="-97.6137810"><ele>231.0</ele></trkpt><trkpt lat="32.2414020" lon="-97.6137560"><ele>231.0</ele></trkpt><trkpt lat="32.2414130" lon="-97.6137320"><ele>231.0</ele></trkpt><trkpt lat="32.2414250" lon="-97.6137050"><ele>231.0</ele></trkpt><trkpt lat="32.2414360" lon="-97.6136780"><ele>231.0</ele></trkpt><trkpt lat="32.2414490" lon="-97.6136520"><ele>231.0</ele></trkpt><trkpt lat="32.2414610" lon="-97.6136260"><ele>231.0</ele></trkpt><trkpt lat="32.2414740" lon="-97.6136000"><ele>231.0</ele></trkpt><trkpt lat="32.2414860" lon="-97.6135750"><ele>231.0</ele></trkpt><trkpt lat="32.2414990" lon="-97.6135500"><ele>231.0</ele></trkpt><trkpt lat="32.2415110" lon="-97.6135240"><ele>231.0</ele></trkpt><trkpt lat="32.2415230" lon="-97.6134980"><ele>231.0</ele></trkpt><trkpt lat="32.2415350" lon="-97.6134720"><ele>231.0</ele></trkpt><trkpt lat="32.2415450" lon="-97.6134470"><ele>231.0</ele></trkpt><trkpt lat="32.2415560" lon="-97.6134210"><ele>231.0</ele></trkpt><trkpt lat="32.2415670" lon="-97.6133960"><ele>232.0</ele></trkpt><trkpt lat="32.2415770" lon="-97.6133710"><ele>232.0</ele></trkpt><trkpt lat="32.2415860" lon="-97.6133480"><ele>232.0</ele></trkpt><trkpt lat="32.2415960" lon="-97.6133240"><ele>232.0</ele></trkpt><trkpt lat="32.2416050" lon="-97.6133010"><ele>232.0</ele></trkpt><trkpt lat="32.2416150" lon="-97.6132790"><ele>233.0</ele></trkpt><trkpt lat="32.2416240" lon="-97.6132560"><ele>233.0</ele></trkpt><trkpt lat="32.2416340" lon="-97.6132330"><ele>233.0</ele></trkpt><trkpt lat="32.2416440" lon="-97.6132110"><ele>233.0</ele></trkpt><trkpt lat="32.2416540" lon="-97.6131900"><ele>233.0</ele></trkpt><trkpt lat="32.2416640" lon="-97.6131710"><ele>233.0</ele></trkpt><trkpt lat="32.2416740" lon="-97.6131510"><ele>233.0</ele></trkpt><trkpt lat="32.2416830" lon="-97.6131320"><ele>233.0</ele></trkpt><trkpt lat="32.2416910" lon="-97.6131130"><ele>233.0</ele></trkpt><trkpt lat="32.2416980" lon="-97.6130940"><ele>233.0</ele></trkpt><trkpt lat="32.2417050" lon="-97.6130740"><ele>233.0</ele></trkpt><trkpt lat="32.2417110" lon="-97.6130530"><ele>233.0</ele></trkpt><trkpt lat="32.2417180" lon="-97.6130330"><ele>233.0</ele></trkpt><trkpt lat="32.2417260" lon="-97.6130100"><ele>233.0</ele></trkpt><trkpt lat="32.2417340" lon="-97.6129880"><ele>233.0</ele></trkpt><trkpt lat="32.2417440" lon="-97.6129650"><ele>233.0</ele></trkpt><trkpt lat="32.2417540" lon="-97.6129420"><ele>233.0</ele></trkpt><trkpt lat="32.2417650" lon="-97.6129190"><ele>233.0</ele></trkpt><trkpt lat="32.2417770" lon="-97.6128960"><ele>233.0</ele></trkpt><trkpt lat="32.2417880" lon="-97.6128730"><ele>233.0</ele></trkpt><trkpt lat="32.2418000" lon="-97.6128500"><ele>233.0</ele></trkpt><trkpt lat="32.2418120" lon="-97.6128280"><ele>233.0</ele></trkpt><trkpt lat="32.2418230" lon="-97.6128060"><ele>233.0</ele></trkpt><trkpt lat="32.2418340" lon="-97.6127850"><ele>233.0</ele></trkpt><trkpt lat="32.2418450" lon="-97.6127640"><ele>233.0</ele></trkpt><trkpt lat="32.2418560" lon="-97.6127440"><ele>233.0</ele></trkpt><trkpt lat="32.2418670" lon="-97.6127230"><ele>233.0</ele></trkpt><trkpt lat="32.2418780" lon="-97.6127010"><ele>233.0</ele></trkpt><trkpt lat="32.2418890" lon="-97.6126790"><ele>233.0</ele></trkpt><trkpt lat="32.2418990" lon="-97.6126560"><ele>233.0</ele></trkpt><trkpt lat="32.2419100" lon="-97.6126340"><ele>233.0</ele></trkpt><trkpt lat="32.2419200" lon="-97.6126120"><ele>233.0</ele></trkpt><trkpt lat="32.2419300" lon="-97.6125900"><ele>233.0</ele></trkpt><trkpt lat="32.2419390" lon="-97.6125680"><ele>233.0</ele></trkpt><trkpt lat="32.2419490" lon="-97.6125460"><ele>233.0</ele></trkpt><trkpt lat="32.2419580" lon="-97.6125240"><ele>233.0</ele></trkpt><trkpt lat="32.2419680" lon="-97.6125020"><ele>233.0</ele></trkpt><trkpt lat="32.2419770" lon="-97.6124800"><ele>233.0</ele></trkpt><trkpt lat="32.2419860" lon="-97.6124580"><ele>233.0</ele></trkpt><trkpt lat="32.2419950" lon="-97.6124360"><ele>233.0</ele></trkpt><trkpt lat="32.2420040" lon="-97.6124150"><ele>234.0</ele></trkpt><trkpt lat="32.2420120" lon="-97.6123950"><ele>234.0</ele></trkpt><trkpt lat="32.2420200" lon="-97.6123750"><ele>234.0</ele></trkpt><trkpt lat="32.2420290" lon="-97.6123560"><ele>234.0</ele></trkpt><trkpt lat="32.2420370" lon="-97.6123370"><ele>234.0</ele></trkpt><trkpt lat="32.2420460" lon="-97.6123180"><ele>235.0</ele></trkpt><trkpt lat="32.2420550" lon="-97.6122990"><ele>235.0</ele></trkpt><trkpt lat="32.2420660" lon="-97.6122790"><ele>235.0</ele></trkpt><trkpt lat="32.2420760" lon="-97.6122600"><ele>235.0</ele></trkpt><trkpt lat="32.2420890" lon="-97.6122410"><ele>235.0</ele></trkpt><trkpt lat="32.2421010" lon="-97.6122230"><ele>236.0</ele></trkpt><trkpt lat="32.2421150" lon="-97.6122030"><ele>236.0</ele></trkpt><trkpt lat="32.2421300" lon="-97.6121840"><ele>236.0</ele></trkpt><trkpt lat="32.2421440" lon="-97.6121640"><ele>236.0</ele></trkpt><trkpt lat="32.2421570" lon="-97.6121440"><ele>236.0</ele></trkpt><trkpt lat="32.2421700" lon="-97.6121240"><ele>236.0</ele></trkpt><trkpt lat="32.2421820" lon="-97.6121040"><ele>236.0</ele></trkpt><trkpt lat="32.2421930" lon="-97.6120830"><ele>236.0</ele></trkpt><trkpt lat="32.2422050" lon="-97.6120620"><ele>236.0</ele></trkpt><trkpt lat="32.2422150" lon="-97.6120410"><ele>236.0</ele></trkpt><trkpt lat="32.2422250" lon="-97.6120190"><ele>236.0</ele></trkpt><trkpt lat="32.2422330" lon="-97.6119980"><ele>236.0</ele></trkpt><trkpt lat="32.2422420" lon="-97.6119770"><ele>236.0</ele></trkpt><trkpt lat="32.2422490" lon="-97.6119550"><ele>236.0</ele></trkpt><trkpt lat="32.2422560" lon="-97.6119330"><ele>236.0</ele></trkpt><trkpt lat="32.2422620" lon="-97.6119090"><ele>237.0</ele></trkpt><trkpt lat="32.2422690" lon="-97.6118850"><ele>237.0</ele></trkpt><trkpt lat="32.2422770" lon="-97.6118600"><ele>237.0</ele></trkpt><trkpt lat="32.2422850" lon="-97.6118350"><ele>237.0</ele></trkpt><trkpt lat="32.2422940" lon="-97.6118110"><ele>237.0</ele></trkpt><trkpt lat="32.2423030" lon="-97.6117870"><ele>237.0</ele></trkpt><trkpt lat="32.2423130" lon="-97.6117640"><ele>237.0</ele></trkpt><trkpt lat="32.2423230" lon="-97.6117420"><ele>237.0</ele></trkpt><trkpt lat="32.2423330" lon="-97.6117200"><ele>237.0</ele></trkpt><trkpt lat="32.2423430" lon="-97.6116990"><ele>237.0</ele></trkpt><trkpt lat="32.2423530" lon="-97.6116800"><ele>238.0</ele></trkpt><trkpt lat="32.2423620" lon="-97.6116600"><ele>238.0</ele></trkpt><trkpt lat="32.2423710" lon="-97.6116410"><ele>238.0</ele></trkpt><trkpt lat="32.2423800" lon="-97.6116210"><ele>238.0</ele></trkpt><trkpt lat="32.2423870" lon="-97.6116010"><ele>238.0</ele></trkpt><trkpt lat="32.2423940" lon="-97.6115810"><ele>239.0</ele></trkpt><trkpt lat="32.2424000" lon="-97.6115620"><ele>239.0</ele></trkpt><trkpt lat="32.2424050" lon="-97.6115440"><ele>239.0</ele></trkpt><trkpt lat="32.2424100" lon="-97.6115270"><ele>239.0</ele></trkpt><trkpt lat="32.2424160" lon="-97.6115100"><ele>239.0</ele></trkpt><trkpt lat="32.2424230" lon="-97.6114930"><ele>239.0</ele></trkpt><trkpt lat="32.2424310" lon="-97.6114760"><ele>239.0</ele></trkpt><trkpt lat="32.2424400" lon="-97.6114580"><ele>239.0</ele></trkpt><trkpt lat="32.2424500" lon="-97.6114410"><ele>239.0</ele></trkpt><trkpt lat="32.2424600" lon="-97.6114260"><ele>239.0</ele></trkpt><trkpt lat="32.2424700" lon="-97.6114120"><ele>240.0</ele></trkpt><trkpt lat="32.2424800" lon="-97.6113990"><ele>240.0</ele></trkpt><trkpt lat="32.2424900" lon="-97.6113870"><ele>240.0</ele></trkpt><trkpt lat="32.2425010" lon="-97.6113750"><ele>240.0</ele></trkpt><trkpt lat="32.2425130" lon="-97.6113640"><ele>240.0</ele></trkpt><trkpt lat="32.2425250" lon="-97.6113500"><ele>240.0</ele></trkpt><trkpt lat="32.2425380" lon="-97.6113370"><ele>240.0</ele></trkpt><trkpt lat="32.2425520" lon="-97.6113210"><ele>240.0</ele></trkpt><trkpt lat="32.2425650" lon="-97.6113050"><ele>240.0</ele></trkpt><trkpt lat="32.2425790" lon="-97.6112860"><ele>240.0</ele></trkpt><trkpt lat="32.2425920" lon="-97.6112670"><ele>241.0</ele></trkpt><trkpt lat="32.2426070" lon="-97.6112460"><ele>241.0</ele></trkpt><trkpt lat="32.2426210" lon="-97.6112260"><ele>241.0</ele></trkpt><trkpt lat="32.2426340" lon="-97.6112040"><ele>241.0</ele></trkpt><trkpt lat="32.2426470" lon="-97.6111820"><ele>241.0</ele></trkpt><trkpt lat="32.2426580" lon="-97.6111610"><ele>242.0</ele></trkpt><trkpt lat="32.2426700" lon="-97.6111390"><ele>242.0</ele></trkpt><trkpt lat="32.2426800" lon="-97.6111200"><ele>242.0</ele></trkpt><trkpt lat="32.2426900" lon="-97.6111010"><ele>242.0</ele></trkpt><trkpt lat="32.2427000" lon="-97.6110840"><ele>242.0</ele></trkpt><trkpt lat="32.2427100" lon="-97.6110680"><ele>243.0</ele></trkpt><trkpt lat="32.2427200" lon="-97.6110520"><ele>243.0</ele></trkpt><trkpt lat="32.2427300" lon="-97.6110360"><ele>243.0</ele></trkpt><trkpt lat="32.2427390" lon="-97.6110210"><ele>243.0</ele></trkpt><trkpt lat="32.2427490" lon="-97.6110060"><ele>243.0</ele></trkpt><trkpt lat="32.2427590" lon="-97.6109910"><ele>244.0</ele></trkpt><trkpt lat="32.2427690" lon="-97.6109760"><ele>244.0</ele></trkpt><trkpt lat="32.2427780" lon="-97.6109610"><ele>244.0</ele></trkpt><trkpt lat="32.2427880" lon="-97.6109460"><ele>244.0</ele></trkpt><trkpt lat="32.2427970" lon="-97.6109310"><ele>244.0</ele></trkpt><trkpt lat="32.2428060" lon="-97.6109170"><ele>244.0</ele></trkpt><trkpt lat="32.2428140" lon="-97.6109050"><ele>244.0</ele></trkpt><trkpt lat="32.2428220" lon="-97.6108920"><ele>244.0</ele></trkpt><trkpt lat="32.2428290" lon="-97.6108800"><ele>244.0</ele></trkpt><trkpt lat="32.2428350" lon="-97.6108680"><ele>244.0</ele></trkpt><trkpt lat="32.2428410" lon="-97.6108570"><ele>245.0</ele></trkpt><trkpt lat="32.2428460" lon="-97.6108450"><ele>245.0</ele></trkpt><trkpt lat="32.2428510" lon="-97.6108310"><ele>245.0</ele></trkpt><trkpt lat="32.2428560" lon="-97.6108180"><ele>246.0</ele></trkpt><trkpt lat="32.2428600" lon="-97.6108070"><ele>246.0</ele></trkpt><trkpt lat="32.2428640" lon="-97.6107950"><ele>247.0</ele></trkpt><trkpt lat="32.2428670" lon="-97.6107850"><ele>247.0</ele></trkpt><trkpt lat="32.2428700" lon="-97.6107750"><ele>247.0</ele></trkpt><trkpt lat="32.2428740" lon="-97.6107650"><ele>247.0</ele></trkpt><trkpt lat="32.2428780" lon="-97.6107560"><ele>247.0</ele></trkpt><trkpt lat="32.2428830" lon="-97.6107450"><ele>248.0</ele></trkpt><trkpt lat="32.2428890" lon="-97.6107350"><ele>248.0</ele></trkpt><trkpt lat="32.2428940" lon="-97.6107220"><ele>248.0</ele></trkpt><trkpt lat="32.2429000" lon="-97.6107100"><ele>248.0</ele></trkpt><trkpt lat="32.2429050" lon="-97.6106950"><ele>248.0</ele></trkpt><trkpt lat="32.2429110" lon="-97.6106810"><ele>249.0</ele></trkpt><trkpt lat="32.2429160" lon="-97.6106660"><ele>249.0</ele></trkpt><trkpt lat="32.2429210" lon="-97.6106520"><ele>249.0</ele></trkpt><trkpt lat="32.2429280" lon="-97.6106370"><ele>249.0</ele></trkpt><trkpt lat="32.2429340" lon="-97.6106230"><ele>249.0</ele></trkpt><trkpt lat="32.2429410" lon="-97.6106070"><ele>250.0</ele></trkpt><trkpt lat="32.2429480" lon="-97.6105910"><ele>250.0</ele></trkpt><trkpt lat="32.2429530" lon="-97.6105730"><ele>250.0</ele></trkpt><trkpt lat="32.2429580" lon="-97.6105550"><ele>250.0</ele></trkpt><trkpt lat="32.2429570" lon="-97.6105370"><ele>250.0</ele></trkpt><trkpt lat="32.2429570" lon="-97.6105190"><ele>251.0</ele></trkpt><trkpt lat="32.2429540" lon="-97.6105020"><ele>251.0</ele></trkpt><trkpt lat="32.2429510" lon="-97.6104840"><ele>251.0</ele></trkpt><trkpt lat="32.2429470" lon="-97.6104660"><ele>251.0</ele></trkpt><trkpt lat="32.2429420" lon="-97.6104490"><ele>251.0</ele></trkpt><trkpt lat="32.2429390" lon="-97.6104310"><ele>252.0</ele></trkpt><trkpt lat="32.2429360" lon="-97.6104130"><ele>252.0</ele></trkpt><trkpt lat="32.2429330" lon="-97.6103940"><ele>252.0</ele></trkpt><trkpt lat="32.2429300" lon="-97.6103760"><ele>252.0</ele></trkpt><trkpt lat="32.2429270" lon="-97.6103560"><ele>252.0</ele></trkpt><trkpt lat="32.2429230" lon="-97.6103360"><ele>253.0</ele></trkpt><trkpt lat="32.2429170" lon="-97.6103140"><ele>253.0</ele></trkpt><trkpt lat="32.2429110" lon="-97.6102910"><ele>253.0</ele></trkpt><trkpt lat="32.2429070" lon="-97.6102670"><ele>253.0</ele></trkpt><trkpt lat="32.2429030" lon="-97.6102430"><ele>253.0</ele></trkpt><trkpt lat="32.2429020" lon="-97.6102130"><ele>254.0</ele></trkpt><trkpt lat="32.2429000" lon="-97.6101840"><ele>254.0</ele></trkpt><trkpt lat="32.2428960" lon="-97.6101490"><ele>254.0</ele></trkpt><trkpt lat="32.2428920" lon="-97.6101150"><ele>254.0</ele></trkpt><trkpt lat="32.2428830" lon="-97.6100810"><ele>254.0</ele></trkpt><trkpt lat="32.2428750" lon="-97.6100470"><ele>255.0</ele></trkpt><trkpt lat="32.2428660" lon="-97.6100150"><ele>255.0</ele></trkpt><trkpt lat="32.2428570" lon="-97.6099830"><ele>255.0</ele></trkpt><trkpt lat="32.2428510" lon="-97.6099500"><ele>255.0</ele></trkpt><trkpt lat="32.2428440" lon="-97.6099170"><ele>255.0</ele></trkpt><trkpt lat="32.2428360" lon="-97.6098860"><ele>256.0</ele></trkpt><trkpt lat="32.2428280" lon="-97.6098540"><ele>256.0</ele></trkpt><trkpt lat="32.2428100" lon="-97.6098300"><ele>256.0</ele></trkpt><trkpt lat="32.2427910" lon="-97.6098060"><ele>256.0</ele></trkpt><trkpt lat="32.2427620" lon="-97.6097880"><ele>256.0</ele></trkpt><trkpt lat="32.2427340" lon="-97.6097710"><ele>256.0</ele></trkpt><trkpt lat="32.2426990" lon="-97.6097470"><ele>255.0</ele></trkpt><trkpt lat="32.2426650" lon="-97.6097230"><ele>255.0</ele></trkpt><trkpt lat="32.2426300" lon="-97.6096890"><ele>255.0</ele></trkpt><trkpt lat="32.2425940" lon="-97.6096560"><ele>255.0</ele></trkpt><trkpt lat="32.2425630" lon="-97.6096160"><ele>255.0</ele></trkpt><trkpt lat="32.2425330" lon="-97.6095760"><ele>254.0</ele></trkpt><trkpt lat="32.2425080" lon="-97.6095360"><ele>254.0</ele></trkpt><trkpt lat="32.2424830" lon="-97.6094960"><ele>253.0</ele></trkpt><trkpt lat="32.2424660" lon="-97.6094570"><ele>253.0</ele></trkpt><trkpt lat="32.2424490" lon="-97.6094190"><ele>253.0</ele></trkpt><trkpt lat="32.2424440" lon="-97.6093830"><ele>252.0</ele></trkpt><trkpt lat="32.2424400" lon="-97.6093470"><ele>251.0</ele></trkpt><trkpt lat="32.2424450" lon="-97.6093150"><ele>250.0</ele></trkpt><trkpt lat="32.2424500" lon="-97.6092840"><ele>249.0</ele></trkpt><trkpt lat="32.2424610" lon="-97.6092580"><ele>249.0</ele></trkpt><trkpt lat="32.2424720" lon="-97.6092320"><ele>248.0</ele></trkpt><trkpt lat="32.2424860" lon="-97.6092110"><ele>248.0</ele></trkpt><trkpt lat="32.2425000" lon="-97.6091890"><ele>247.0</ele></trkpt><trkpt lat="32.2425140" lon="-97.6091700"><ele>247.0</ele></trkpt><trkpt lat="32.2425280" lon="-97.6091510"><ele>247.0</ele></trkpt><trkpt lat="32.2425430" lon="-97.6091330"><ele>246.0</ele></trkpt><trkpt lat="32.2425580" lon="-97.6091160"><ele>245.0</ele></trkpt><trkpt lat="32.2425750" lon="-97.6091000"><ele>245.0</ele></trkpt><trkpt lat="32.2425920" lon="-97.6090840"><ele>244.0</ele></trkpt><trkpt lat="32.2426120" lon="-97.6090690"><ele>244.0</ele></trkpt><trkpt lat="32.2426320" lon="-97.6090540"><ele>243.0</ele></trkpt><trkpt lat="32.2426540" lon="-97.6090400"><ele>243.0</ele></trkpt><trkpt lat="32.2426760" lon="-97.6090250"><ele>243.0</ele></trkpt><trkpt lat="32.2426960" lon="-97.6090110"><ele>243.0</ele></trkpt><trkpt lat="32.2427170" lon="-97.6089960"><ele>243.0</ele></trkpt><trkpt lat="32.2427350" lon="-97.6089800"><ele>243.0</ele></trkpt><trkpt lat="32.2427540" lon="-97.6089630"><ele>243.0</ele></trkpt><trkpt lat="32.2427710" lon="-97.6089440"><ele>243.0</ele></trkpt><trkpt lat="32.2427880" lon="-97.6089250"><ele>243.0</ele></trkpt><trkpt lat="32.2428050" lon="-97.6089060"><ele>244.0</ele></trkpt><trkpt lat="32.2428210" lon="-97.6088870"><ele>244.0</ele></trkpt><trkpt lat="32.2428370" lon="-97.6088680"><ele>244.0</ele></trkpt><trkpt lat="32.2428530" lon="-97.6088500"><ele>244.0</ele></trkpt><trkpt lat="32.2428690" lon="-97.6088310"><ele>244.0</ele></trkpt><trkpt lat="32.2428850" lon="-97.6088120"><ele>245.0</ele></trkpt><trkpt lat="32.2429010" lon="-97.6087910"><ele>245.0</ele></trkpt><trkpt lat="32.2429180" lon="-97.6087710"><ele>245.0</ele></trkpt><trkpt lat="32.2429340" lon="-97.6087510"><ele>245.0</ele></trkpt><trkpt lat="32.2429500" lon="-97.6087310"><ele>245.0</ele></trkpt><trkpt lat="32.2429670" lon="-97.6087140"><ele>245.0</ele></trkpt><trkpt lat="32.2429840" lon="-97.6086960"><ele>245.0</ele></trkpt><trkpt lat="32.2430030" lon="-97.6086800"><ele>245.0</ele></trkpt><trkpt lat="32.2430210" lon="-97.6086640"><ele>245.0</ele></trkpt><trkpt lat="32.2430410" lon="-97.6086480"><ele>245.0</ele></trkpt><trkpt lat="32.2430610" lon="-97.6086330"><ele>245.0</ele></trkpt><trkpt lat="32.2430810" lon="-97.6086190"><ele>245.0</ele></trkpt><trkpt lat="32.2431020" lon="-97.6086050"><ele>245.0</ele></trkpt><trkpt lat="32.2431200" lon="-97.6085920"><ele>245.0</ele></trkpt><trkpt lat="32.2431390" lon="-97.6085790"><ele>245.0</ele></trkpt><trkpt lat="32.2431550" lon="-97.6085660"><ele>245.0</ele></trkpt><trkpt lat="32.2431720" lon="-97.6085540"><ele>245.0</ele></trkpt><trkpt lat="32.2431880" lon="-97.6085420"><ele>245.0</ele></trkpt><trkpt lat="32.2432040" lon="-97.6085310"><ele>245.0</ele></trkpt><trkpt lat="32.2432200" lon="-97.6085210"><ele>245.0</ele></trkpt><trkpt lat="32.2432370" lon="-97.6085120"><ele>245.0</ele></trkpt><trkpt lat="32.2432540" lon="-97.6085030"><ele>245.0</ele></trkpt><trkpt lat="32.2432710" lon="-97.6084930"><ele>245.0</ele></trkpt><trkpt lat="32.2432880" lon="-97.6084850"><ele>245.0</ele></trkpt><trkpt lat="32.2433060" lon="-97.6084760"><ele>245.0</ele></trkpt><trkpt lat="32.2433240" lon="-97.6084660"><ele>246.0</ele></trkpt><trkpt lat="32.2433420" lon="-97.6084570"><ele>246.0</ele></trkpt><trkpt lat="32.2433600" lon="-97.6084470"><ele>246.0</ele></trkpt><trkpt lat="32.2433780" lon="-97.6084360"><ele>246.0</ele></trkpt><trkpt lat="32.2433970" lon="-97.6084280"><ele>246.0</ele></trkpt><trkpt lat="32.2434160" lon="-97.6084190"><ele>246.0</ele></trkpt><trkpt lat="32.2434360" lon="-97.6084140"><ele>246.0</ele></trkpt><trkpt lat="32.2434560" lon="-97.6084090"><ele>246.0</ele></trkpt><trkpt lat="32.2434760" lon="-97.6084100"><ele>246.0</ele></trkpt><trkpt lat="32.2434970" lon="-97.6084100"><ele>246.0</ele></trkpt><trkpt lat="32.2435170" lon="-97.6084100"><ele>246.0</ele></trkpt><trkpt lat="32.2435380" lon="-97.6084110"><ele>246.0</ele></trkpt><trkpt lat="32.2435600" lon="-97.6084060"><ele>246.0</ele></trkpt><trkpt lat="32.2435820" lon="-97.6084020"><ele>246.0</ele></trkpt><trkpt lat="32.2436040" lon="-97.6083940"><ele>246.0</ele></trkpt><trkpt lat="32.2436260" lon="-97.6083860"><ele>247.0</ele></trkpt><trkpt lat="32.2436490" lon="-97.6083760"><ele>247.0</ele></trkpt><trkpt lat="32.2436720" lon="-97.6083660"><ele>247.0</ele></trkpt><trkpt lat="32.2436930" lon="-97.6083530"><ele>247.0</ele></trkpt><trkpt lat="32.2437140" lon="-97.6083400"><ele>247.0</ele></trkpt><trkpt lat="32.2437320" lon="-97.6083240"><ele>247.0</ele></trkpt><trkpt lat="32.2437500" lon="-97.6083090"><ele>247.0</ele></trkpt><trkpt lat="32.2437660" lon="-97.6082920"><ele>247.0</ele></trkpt><trkpt lat="32.2437830" lon="-97.6082760"><ele>247.0</ele></trkpt><trkpt lat="32.2437970" lon="-97.6082570"><ele>247.0</ele></trkpt><trkpt lat="32.2438110" lon="-97.6082380"><ele>247.0</ele></trkpt><trkpt lat="32.2438250" lon="-97.6082170"><ele>247.0</ele></trkpt><trkpt lat="32.2438390" lon="-97.6081970"><ele>247.0</ele></trkpt><trkpt lat="32.2438530" lon="-97.6081750"><ele>247.0</ele></trkpt><trkpt lat="32.2438670" lon="-97.6081530"><ele>247.0</ele></trkpt><trkpt lat="32.2438800" lon="-97.6081330"><ele>248.0</ele></trkpt><trkpt lat="32.2438930" lon="-97.6081120"><ele>248.0</ele></trkpt><trkpt lat="32.2439050" lon="-97.6080910"><ele>248.0</ele></trkpt><trkpt lat="32.2439180" lon="-97.6080710"><ele>248.0</ele></trkpt><trkpt lat="32.2439310" lon="-97.6080500"><ele>248.0</ele></trkpt><trkpt lat="32.2439440" lon="-97.6080300"><ele>249.0</ele></trkpt><trkpt lat="32.2439550" lon="-97.6080080"><ele>249.0</ele></trkpt><trkpt lat="32.2439670" lon="-97.6079860"><ele>249.0</ele></trkpt><trkpt lat="32.2439780" lon="-97.6079630"><ele>249.0</ele></trkpt><trkpt lat="32.2439890" lon="-97.6079400"><ele>249.0</ele></trkpt><trkpt lat="32.2440000" lon="-97.6079170"><ele>249.0</ele></trkpt><trkpt lat="32.2440110" lon="-97.6078930"><ele>249.0</ele></trkpt><trkpt lat="32.2440230" lon="-97.6078690"><ele>249.0</ele></trkpt><trkpt lat="32.2440350" lon="-97.6078440"><ele>249.0</ele></trkpt><trkpt lat="32.2440470" lon="-97.6078210"><ele>249.0</ele></trkpt><trkpt lat="32.2440600" lon="-97.6077970"><ele>249.0</ele></trkpt><trkpt lat="32.2440720" lon="-97.6077750"><ele>249.0</ele></trkpt><trkpt lat="32.2440850" lon="-97.6077530"><ele>249.0</ele></trkpt><trkpt lat="32.2440990" lon="-97.6077320"><ele>249.0</ele></trkpt><trkpt lat="32.2441120" lon="-97.6077110"><ele>249.0</ele></trkpt><trkpt lat="32.2441270" lon="-97.6076920"><ele>249.0</ele></trkpt><trkpt lat="32.2441430" lon="-97.6076720"><ele>249.0</ele></trkpt><trkpt lat="32.2441590" lon="-97.6076550"><ele>249.0</ele></trkpt><trkpt lat="32.2441760" lon="-97.6076370"><ele>249.0</ele></trkpt><trkpt lat="32.2441920" lon="-97.6076210"><ele>249.0</ele></trkpt><trkpt lat="32.2442080" lon="-97.6076050"><ele>249.0</ele></trkpt><trkpt lat="32.2442230" lon="-97.6075890"><ele>248.0</ele></trkpt><trkpt lat="32.2442390" lon="-97.6075730"><ele>248.0</ele></trkpt><trkpt lat="32.2442550" lon="-97.6075570"><ele>248.0</ele></trkpt><trkpt lat="32.2442720" lon="-97.6075420"><ele>248.0</ele></trkpt><trkpt lat="32.2442910" lon="-97.6075270"><ele>248.0</ele></trkpt><trkpt lat="32.2443090" lon="-97.6075110"><ele>248.0</ele></trkpt><trkpt lat="32.2443270" lon="-97.6074970"><ele>248.0</ele></trkpt><trkpt lat="32.2443460" lon="-97.6074830"><ele>248.0</ele></trkpt><trkpt lat="32.2443660" lon="-97.6074730"><ele>248.0</ele></trkpt><trkpt lat="32.2443860" lon="-97.6074630"><ele>248.0</ele></trkpt><trkpt lat="32.2444070" lon="-97.6074560"><ele>248.0</ele></trkpt><trkpt lat="32.2444270" lon="-97.6074480"><ele>248.0</ele></trkpt><trkpt lat="32.2444460" lon="-97.6074420"><ele>248.0</ele></trkpt><trkpt lat="32.2444650" lon="-97.6074360"><ele>248.0</ele></trkpt><trkpt lat="32.2444850" lon="-97.6074330"><ele>248.0</ele></trkpt><trkpt lat="32.2445040" lon="-97.6074300"><ele>248.0</ele></trkpt><trkpt lat="32.2445250" lon="-97.6074300"><ele>248.0</ele></trkpt><trkpt lat="32.2445450" lon="-97.6074300"><ele>248.0</ele></trkpt><trkpt lat="32.2445660" lon="-97.6074310"><ele>248.0</ele></trkpt><trkpt lat="32.2445870" lon="-97.6074320"><ele>248.0</ele></trkpt><trkpt lat="32.2446090" lon="-97.6074330"><ele>248.0</ele></trkpt><trkpt lat="32.2446310" lon="-97.6074340"><ele>248.0</ele></trkpt><trkpt lat="32.2446520" lon="-97.6074360"><ele>248.0</ele></trkpt><trkpt lat="32.2446740" lon="-97.6074380"><ele>248.0</ele></trkpt><trkpt lat="32.2446950" lon="-97.6074400"><ele>249.0</ele></trkpt><trkpt lat="32.2447160" lon="-97.6074430"><ele>249.0</ele></trkpt><trkpt lat="32.2447390" lon="-97.6074460"><ele>249.0</ele></trkpt><trkpt lat="32.2447620" lon="-97.6074490"><ele>249.0</ele></trkpt><trkpt lat="32.2447860" lon="-97.6074520"><ele>249.0</ele></trkpt><trkpt lat="32.2448110" lon="-97.6074550"><ele>249.0</ele></trkpt><trkpt lat="32.2448360" lon="-97.6074580"><ele>249.0</ele></trkpt><trkpt lat="32.2448610" lon="-97.6074620"><ele>249.0</ele></trkpt><trkpt lat="32.2448870" lon="-97.6074670"><ele>249.0</ele></trkpt><trkpt lat="32.2449120" lon="-97.6074720"><ele>249.0</ele></trkpt><trkpt lat="32.2449380" lon="-97.6074750"><ele>250.0</ele></trkpt><trkpt lat="32.2449640" lon="-97.6074780"><ele>250.0</ele></trkpt><trkpt lat="32.2449890" lon="-97.6074760"><ele>250.0</ele></trkpt><trkpt lat="32.2450140" lon="-97.6074740"><ele>250.0</ele></trkpt><trkpt lat="32.2450360" lon="-97.6074660"><ele>250.0</ele></trkpt><trkpt lat="32.2450580" lon="-97.6074580"><ele>250.0</ele></trkpt><trkpt lat="32.2450770" lon="-97.6074440"><ele>250.0</ele></trkpt><trkpt lat="32.2450950" lon="-97.6074290"><ele>250.0</ele></trkpt><trkpt lat="32.2451090" lon="-97.6074110"><ele>250.0</ele></trkpt><trkpt lat="32.2451240" lon="-97.6073920"><ele>250.0</ele></trkpt><trkpt lat="32.2451350" lon="-97.6073710"><ele>250.0</ele></trkpt><trkpt lat="32.2451470" lon="-97.6073500"><ele>250.0</ele></trkpt><trkpt lat="32.2451560" lon="-97.6073260"><ele>250.0</ele></trkpt><trkpt lat="32.2451650" lon="-97.6073030"><ele>250.0</ele></trkpt><trkpt lat="32.2451720" lon="-97.6072780"><ele>250.0</ele></trkpt><trkpt lat="32.2451800" lon="-97.6072530"><ele>250.0</ele></trkpt><trkpt lat="32.2451830" lon="-97.6072280"><ele>249.0</ele></trkpt><trkpt lat="32.2451870" lon="-97.6072040"><ele>249.0</ele></trkpt><trkpt lat="32.2451890" lon="-97.6071800"><ele>249.0</ele></trkpt><trkpt lat="32.2451900" lon="-97.6071570"><ele>249.0</ele></trkpt><trkpt lat="32.2451920" lon="-97.6071330"><ele>249.0</ele></trkpt><trkpt lat="32.2451940" lon="-97.6071100"><ele>249.0</ele></trkpt><trkpt lat="32.2451970" lon="-97.6070850"><ele>249.0</ele></trkpt><trkpt lat="32.2452000" lon="-97.6070610"><ele>249.0</ele></trkpt><trkpt lat="32.2452030" lon="-97.6070360"><ele>249.0</ele></trkpt><trkpt lat="32.2452060" lon="-97.6070110"><ele>249.0</ele></trkpt><trkpt lat="32.2452090" lon="-97.6069870"><ele>249.0</ele></trkpt><trkpt lat="32.2452130" lon="-97.6069640"><ele>249.0</ele></trkpt><trkpt lat="32.2452160" lon="-97.6069380"><ele>249.0</ele></trkpt><trkpt lat="32.2452190" lon="-97.6069110"><ele>249.0</ele></trkpt><trkpt lat="32.2452220" lon="-97.6068840"><ele>249.0</ele></trkpt><trkpt lat="32.2452240" lon="-97.6068570"><ele>249.0</ele></trkpt><trkpt lat="32.2452240" lon="-97.6068300"><ele>249.0</ele></trkpt><trkpt lat="32.2452250" lon="-97.6068030"><ele>249.0</ele></trkpt><trkpt lat="32.2452240" lon="-97.6067750"><ele>249.0</ele></trkpt><trkpt lat="32.2452230" lon="-97.6067470"><ele>249.0</ele></trkpt><trkpt lat="32.2452220" lon="-97.6067190"><ele>249.0</ele></trkpt><trkpt lat="32.2452210" lon="-97.6066900"><ele>249.0</ele></trkpt><trkpt lat="32.2452170" lon="-97.6066630"><ele>249.0</ele></trkpt><trkpt lat="32.2452140" lon="-97.6066360"><ele>249.0</ele></trkpt><trkpt lat="32.2452060" lon="-97.6066120"><ele>250.0</ele></trkpt><trkpt lat="32.2451980" lon="-97.6065890"><ele>250.0</ele></trkpt><trkpt lat="32.2451860" lon="-97.6065670"><ele>250.0</ele></trkpt><trkpt lat="32.2451740" lon="-97.6065460"><ele>250.0</ele></trkpt><trkpt lat="32.2451580" lon="-97.6065260"><ele>250.0</ele></trkpt><trkpt lat="32.2451420" lon="-97.6065060"><ele>250.0</ele></trkpt><trkpt lat="32.2451240" lon="-97.6064880"><ele>250.0</ele></trkpt><trkpt lat="32.2451060" lon="-97.6064700"><ele>250.0</ele></trkpt><trkpt lat="32.2450870" lon="-97.6064530"><ele>250.0</ele></trkpt><trkpt lat="32.2450680" lon="-97.6064370"><ele>250.0</ele></trkpt><trkpt lat="32.2450490" lon="-97.6064240"><ele>251.0</ele></trkpt><trkpt lat="32.2450290" lon="-97.6064110"><ele>251.0</ele></trkpt><trkpt lat="32.2450080" lon="-97.6064030"><ele>251.0</ele></trkpt><trkpt lat="32.2449860" lon="-97.6063950"><ele>251.0</ele></trkpt><trkpt lat="32.2449600" lon="-97.6063920"><ele>251.0</ele></trkpt><trkpt lat="32.2449330" lon="-97.6063900"><ele>251.0</ele></trkpt><trkpt lat="32.2449030" lon="-97.6063900"><ele>251.0</ele></trkpt><trkpt lat="32.2448730" lon="-97.6063900"><ele>251.0</ele></trkpt><trkpt lat="32.2448440" lon="-97.6063890"><ele>251.0</ele></trkpt><trkpt lat="32.2448160" lon="-97.6063880"><ele>251.0</ele></trkpt><trkpt lat="32.2447890" lon="-97.6063850"><ele>251.0</ele></trkpt><trkpt lat="32.2447630" lon="-97.6063810"><ele>250.0</ele></trkpt><trkpt lat="32.2447380" lon="-97.6063780"><ele>250.0</ele></trkpt><trkpt lat="32.2447120" lon="-97.6063750"><ele>250.0</ele></trkpt><trkpt lat="32.2446870" lon="-97.6063700"><ele>250.0</ele></trkpt><trkpt lat="32.2446610" lon="-97.6063650"><ele>250.0</ele></trkpt><trkpt lat="32.2446350" lon="-97.6063590"><ele>249.0</ele></trkpt><trkpt lat="32.2446090" lon="-97.6063540"><ele>249.0</ele></trkpt><trkpt lat="32.2445820" lon="-97.6063520"><ele>249.0</ele></trkpt><trkpt lat="32.2445550" lon="-97.6063500"><ele>249.0</ele></trkpt><trkpt lat="32.2445280" lon="-97.6063510"><ele>249.0</ele></trkpt><trkpt lat="32.2445010" lon="-97.6063530"><ele>248.0</ele></trkpt><trkpt lat="32.2444760" lon="-97.6063560"><ele>248.0</ele></trkpt><trkpt lat="32.2444500" lon="-97.6063580"><ele>248.0</ele></trkpt><trkpt lat="32.2444260" lon="-97.6063620"><ele>248.0</ele></trkpt><trkpt lat="32.2444010" lon="-97.6063660"><ele>248.0</ele></trkpt><trkpt lat="32.2443750" lon="-97.6063680"><ele>247.0</ele></trkpt><trkpt lat="32.2443500" lon="-97.6063710"><ele>247.0</ele></trkpt><trkpt lat="32.2443230" lon="-97.6063710"><ele>247.0</ele></trkpt><trkpt lat="32.2442960" lon="-97.6063710"><ele>247.0</ele></trkpt><trkpt lat="32.2442680" lon="-97.6063690"><ele>247.0</ele></trkpt><trkpt lat="32.2442400" lon="-97.6063670"><ele>247.0</ele></trkpt><trkpt lat="32.2442130" lon="-97.6063650"><ele>247.0</ele></trkpt><trkpt lat="32.2441860" lon="-97.6063630"><ele>247.0</ele></trkpt><trkpt lat="32.2441610" lon="-97.6063600"><ele>247.0</ele></trkpt><trkpt lat="32.2441360" lon="-97.6063570"><ele>247.0</ele></trkpt><trkpt lat="32.2441140" lon="-97.6063530"><ele>247.0</ele></trkpt><trkpt lat="32.2440920" lon="-97.6063490"><ele>247.0</ele></trkpt><trkpt lat="32.2440700" lon="-97.6063440"><ele>247.0</ele></trkpt><trkpt lat="32.2440480" lon="-97.6063390"><ele>247.0</ele></trkpt><trkpt lat="32.2440260" lon="-97.6063350"><ele>247.0</ele></trkpt><trkpt lat="32.2440030" lon="-97.6063310"><ele>247.0</ele></trkpt><trkpt lat="32.2439790" lon="-97.6063260"><ele>247.0</ele></trkpt><trkpt lat="32.2439550" lon="-97.6063210"><ele>247.0</ele></trkpt><trkpt lat="32.2439310" lon="-97.6063170"><ele>247.0</ele></trkpt><trkpt lat="32.2439070" lon="-97.6063120"><ele>247.0</ele></trkpt><trkpt lat="32.2438840" lon="-97.6063050"><ele>246.0</ele></trkpt><trkpt lat="32.2438610" lon="-97.6062970"><ele>246.0</ele></trkpt><trkpt lat="32.2438410" lon="-97.6062840"><ele>246.0</ele></trkpt><trkpt lat="32.2438210" lon="-97.6062700"><ele>246.0</ele></trkpt><trkpt lat="32.2438040" lon="-97.6062520"><ele>246.0</ele></trkpt><trkpt lat="32.2437870" lon="-97.6062340"><ele>245.0</ele></trkpt><trkpt lat="32.2437710" lon="-97.6062160"><ele>245.0</ele></trkpt><trkpt lat="32.2437550" lon="-97.6061970"><ele>245.0</ele></trkpt><trkpt lat="32.2437400" lon="-97.6061790"><ele>245.0</ele></trkpt><trkpt lat="32.2437240" lon="-97.6061620"><ele>245.0</ele></trkpt><trkpt lat="32.2437090" lon="-97.6061420"><ele>245.0</ele></trkpt><trkpt lat="32.2436930" lon="-97.6061220"><ele>245.0</ele></trkpt><trkpt lat="32.2436790" lon="-97.6061010"><ele>245.0</ele></trkpt><trkpt lat="32.2436650" lon="-97.6060790"><ele>245.0</ele></trkpt><trkpt lat="32.2436500" lon="-97.6060590"><ele>245.0</ele></trkpt><trkpt lat="32.2436340" lon="-97.6060380"><ele>244.0</ele></trkpt><trkpt lat="32.2436190" lon="-97.6060190"><ele>244.0</ele></trkpt><trkpt lat="32.2436030" lon="-97.6060010"><ele>244.0</ele></trkpt><trkpt lat="32.2435870" lon="-97.6059820"><ele>244.0</ele></trkpt><trkpt lat="32.2435700" lon="-97.6059630"><ele>244.0</ele></trkpt><trkpt lat="32.2435540" lon="-97.6059420"><ele>244.0</ele></trkpt><trkpt lat="32.2435370" lon="-97.6059210"><ele>244.0</ele></trkpt><trkpt lat="32.2435210" lon="-97.6058990"><ele>244.0</ele></trkpt><trkpt lat="32.2435060" lon="-97.6058760"><ele>244.0</ele></trkpt><trkpt lat="32.2434920" lon="-97.6058510"><ele>244.0</ele></trkpt><trkpt lat="32.2434780" lon="-97.6058270"><ele>244.0</ele></trkpt><trkpt lat="32.2434680" lon="-97.6058020"><ele>244.0</ele></trkpt><trkpt lat="32.2434570" lon="-97.6057770"><ele>244.0</ele></trkpt><trkpt lat="32.2434490" lon="-97.6057500"><ele>244.0</ele></trkpt><trkpt lat="32.2434410" lon="-97.6057240"><ele>244.0</ele></trkpt><trkpt lat="32.2434360" lon="-97.6056960"><ele>244.0</ele></trkpt><trkpt lat="32.2434300" lon="-97.6056680"><ele>244.0</ele></trkpt><trkpt lat="32.2434270" lon="-97.6056380"><ele>244.0</ele></trkpt><trkpt lat="32.2434230" lon="-97.6056080"><ele>244.0</ele></trkpt><trkpt lat="32.2434200" lon="-97.6055760"><ele>244.0</ele></trkpt><trkpt lat="32.2434170" lon="-97.6055450"><ele>244.0</ele></trkpt><trkpt lat="32.2434140" lon="-97.6055140"><ele>244.0</ele></trkpt><trkpt lat="32.2434110" lon="-97.6054840"><ele>244.0</ele></trkpt><trkpt lat="32.2434070" lon="-97.6054540"><ele>244.0</ele></trkpt><trkpt lat="32.2434040" lon="-97.6054240"><ele>244.0</ele></trkpt><trkpt lat="32.2434020" lon="-97.6053930"><ele>243.0</ele></trkpt><trkpt lat="32.2434010" lon="-97.6053620"><ele>243.0</ele></trkpt><trkpt lat="32.2434010" lon="-97.6053300"><ele>243.0</ele></trkpt><trkpt lat="32.2434010" lon="-97.6052980"><ele>243.0</ele></trkpt><trkpt lat="32.2434020" lon="-97.6052660"><ele>243.0</ele></trkpt><trkpt lat="32.2434020" lon="-97.6052340"><ele>243.0</ele></trkpt><trkpt lat="32.2434030" lon="-97.6052020"><ele>243.0</ele></trkpt><trkpt lat="32.2434030" lon="-97.6051710"><ele>243.0</ele></trkpt><trkpt lat="32.2434010" lon="-97.6051430"><ele>243.0</ele></trkpt><trkpt lat="32.2433980" lon="-97.6051150"><ele>244.0</ele></trkpt><trkpt lat="32.2433900" lon="-97.6050990"><ele>244.0</ele></trkpt><trkpt lat="32.2433820" lon="-97.6050840"><ele>244.0</ele></trkpt><trkpt lat="32.2433708" lon="-97.6050818"><ele>248.4</ele></trkpt><trkpt lat="32.2433754" lon="-97.6048833"><ele>248.6</ele></trkpt><trkpt lat="32.2434094" lon="-97.6046580"><ele>248.6</ele></trkpt><trkpt lat="32.2434639" lon="-97.6044837"><ele>248.7</ele></trkpt><trkpt lat="32.2436090" lon="-97.6042610"><ele>249.5</ele></trkpt><trkpt lat="32.2437361" lon="-97.6041618"><ele>250.4</ele></trkpt><trkpt lat="32.2437330" lon="-97.6041830"><ele>246.0</ele></trkpt><trkpt lat="32.2437460" lon="-97.6041880"><ele>246.0</ele></trkpt><trkpt lat="32.2437580" lon="-97.6041930"><ele>246.0</ele></trkpt><trkpt lat="32.2437760" lon="-97.6041930"><ele>246.0</ele></trkpt><trkpt lat="32.2437940" lon="-97.6041930"><ele>246.0</ele></trkpt><trkpt lat="32.2438140" lon="-97.6041910"><ele>246.0</ele></trkpt><trkpt lat="32.2438350" lon="-97.6041900"><ele>246.0</ele></trkpt><trkpt lat="32.2438560" lon="-97.6041880"><ele>246.0</ele></trkpt><trkpt lat="32.2438770" lon="-97.6041860"><ele>246.0</ele></trkpt><trkpt lat="32.2438980" lon="-97.6041850"><ele>246.0</ele></trkpt><trkpt lat="32.2439190" lon="-97.6041830"><ele>246.0</ele></trkpt><trkpt lat="32.2439410" lon="-97.6041800"><ele>246.0</ele></trkpt><trkpt lat="32.2439620" lon="-97.6041780"><ele>246.0</ele></trkpt><trkpt lat="32.2439830" lon="-97.6041770"><ele>246.0</ele></trkpt><trkpt lat="32.2440050" lon="-97.6041750"><ele>246.0</ele></trkpt><trkpt lat="32.2440280" lon="-97.6041730"><ele>246.0</ele></trkpt><trkpt lat="32.2440510" lon="-97.6041720"><ele>246.0</ele></trkpt><trkpt lat="32.2440740" lon="-97.6041720"><ele>246.0</ele></trkpt><trkpt lat="32.2440980" lon="-97.6041710"><ele>246.0</ele></trkpt><trkpt lat="32.2441210" lon="-97.6041720"><ele>246.0</ele></trkpt><trkpt lat="32.2441440" lon="-97.6041730"><ele>247.0</ele></trkpt><trkpt lat="32.2441670" lon="-97.6041740"><ele>247.0</ele></trkpt><trkpt lat="32.2441900" lon="-97.6041750"><ele>247.0</ele></trkpt><trkpt lat="32.2442120" lon="-97.6041780"><ele>247.0</ele></trkpt><trkpt lat="32.2442330" lon="-97.6041800"><ele>247.0</ele></trkpt><trkpt lat="32.2442530" lon="-97.6041850"><ele>247.0</ele></trkpt><trkpt lat="32.2442730" lon="-97.6041910"><ele>247.0</ele></trkpt><trkpt lat="32.2442920" lon="-97.6041990"><ele>247.0</ele></trkpt><trkpt lat="32.2443100" lon="-97.6042080"><ele>247.0</ele></trkpt><trkpt lat="32.2443290" lon="-97.6042170"><ele>247.0</ele></trkpt><trkpt lat="32.2443470" lon="-97.6042260"><ele>248.0</ele></trkpt><trkpt lat="32.2443660" lon="-97.6042360"><ele>248.0</ele></trkpt><trkpt lat="32.2443840" lon="-97.6042460"><ele>248.0</ele></trkpt><trkpt lat="32.2444030" lon="-97.6042570"><ele>248.0</ele></trkpt><trkpt lat="32.2444210" lon="-97.6042670"><ele>248.0</ele></trkpt><trkpt lat="32.2444380" lon="-97.6042790"><ele>249.0</ele></trkpt><trkpt lat="32.2444540" lon="-97.6042910"><ele>249.0</ele></trkpt><trkpt lat="32.2444670" lon="-97.6043030"><ele>249.0</ele></trkpt><trkpt lat="32.2444810" lon="-97.6043160"><ele>249.0</ele></trkpt><trkpt lat="32.2444940" lon="-97.6043290"><ele>249.0</ele></trkpt><trkpt lat="32.2445070" lon="-97.6043410"><ele>249.0</ele></trkpt><trkpt lat="32.2445200" lon="-97.6043510"><ele>249.0</ele></trkpt><trkpt lat="32.2445330" lon="-97.6043620"><ele>249.0</ele></trkpt><trkpt lat="32.2445460" lon="-97.6043690"><ele>250.0</ele></trkpt><trkpt lat="32.2445580" lon="-97.6043770"><ele>250.0</ele></trkpt><trkpt lat="32.2445700" lon="-97.6043820"><ele>251.0</ele></trkpt><trkpt lat="32.2445830" lon="-97.6043860"><ele>251.0</ele></trkpt><trkpt lat="32.2445960" lon="-97.6043880"><ele>251.0</ele></trkpt><trkpt lat="32.2446100" lon="-97.6043900"><ele>251.0</ele></trkpt><trkpt lat="32.2446240" lon="-97.6043920"><ele>251.0</ele></trkpt><trkpt lat="32.2446370" lon="-97.6043940"><ele>251.0</ele></trkpt><trkpt lat="32.2446500" lon="-97.6043960"><ele>251.0</ele></trkpt><trkpt lat="32.2446630" lon="-97.6043980"><ele>251.0</ele></trkpt><trkpt lat="32.2446770" lon="-97.6044020"><ele>251.0</ele></trkpt><trkpt lat="32.2446900" lon="-97.6044050"><ele>251.0</ele></trkpt><trkpt lat="32.2447080" lon="-97.6044130"><ele>252.0</ele></trkpt><trkpt lat="32.2447250" lon="-97.6044200"><ele>252.0</ele></trkpt><trkpt lat="32.2447460" lon="-97.6044270"><ele>252.0</ele></trkpt><trkpt lat="32.2447670" lon="-97.6044330"><ele>252.0</ele></trkpt><trkpt lat="32.2447910" lon="-97.6044360"><ele>252.0</ele></trkpt><trkpt lat="32.2448150" lon="-97.6044400"><ele>252.0</ele></trkpt><trkpt lat="32.2448420" lon="-97.6044420"><ele>251.0</ele></trkpt><trkpt lat="32.2448680" lon="-97.6044430"><ele>251.0</ele></trkpt><trkpt lat="32.2448960" lon="-97.6044450"><ele>251.0</ele></trkpt><trkpt lat="32.2449240" lon="-97.6044470"><ele>251.0</ele></trkpt><trkpt lat="32.2449520" lon="-97.6044490"><ele>251.0</ele></trkpt><trkpt lat="32.2449800" lon="-97.6044500"><ele>251.0</ele></trkpt><trkpt lat="32.2450030" lon="-97.6044480"><ele>251.0</ele></trkpt><trkpt lat="32.2450260" lon="-97.6044460"><ele>251.0</ele></trkpt><trkpt lat="32.2450430" lon="-97.6044390"><ele>251.0</ele></trkpt><trkpt lat="32.2450600" lon="-97.6044320"><ele>251.0</ele></trkpt><trkpt lat="32.2450770" lon="-97.6044250"><ele>251.0</ele></trkpt><trkpt lat="32.2450950" lon="-97.6044170"><ele>251.0</ele></trkpt><trkpt lat="32.2451140" lon="-97.6044110"><ele>251.0</ele></trkpt><trkpt lat="32.2451330" lon="-97.6044040"><ele>251.0</ele></trkpt><trkpt lat="32.2451540" lon="-97.6044020"><ele>251.0</ele></trkpt><trkpt lat="32.2451750" lon="-97.6044000"><ele>251.0</ele></trkpt><trkpt lat="32.2451980" lon="-97.6044020"><ele>251.0</ele></trkpt><trkpt lat="32.2452210" lon="-97.6044040"><ele>251.0</ele></trkpt><trkpt lat="32.2452470" lon="-97.6044110"><ele>251.0</ele></trkpt><trkpt lat="32.2452730" lon="-97.6044190"><ele>251.0</ele></trkpt><trkpt lat="32.2453000" lon="-97.6044300"><ele>251.0</ele></trkpt><trkpt lat="32.2453280" lon="-97.6044420"><ele>251.0</ele></trkpt><trkpt lat="32.2453480" lon="-97.6044570"><ele>251.0</ele></trkpt><trkpt lat="32.2453690" lon="-97.6044710"><ele>251.0</ele></trkpt><trkpt lat="32.2453890" lon="-97.6044860"><ele>252.0</ele></trkpt><trkpt lat="32.2454080" lon="-97.6045010"><ele>252.0</ele></trkpt><trkpt lat="32.2454290" lon="-97.6045100"><ele>252.0</ele></trkpt><trkpt lat="32.2454510" lon="-97.6045190"><ele>252.0</ele></trkpt><trkpt lat="32.2454760" lon="-97.6045190"><ele>252.0</ele></trkpt><trkpt lat="32.2455020" lon="-97.6045190"><ele>252.0</ele></trkpt><trkpt lat="32.2455280" lon="-97.6045090"><ele>252.0</ele></trkpt><trkpt lat="32.2455550" lon="-97.6045000"><ele>252.0</ele></trkpt><trkpt lat="32.2455780" lon="-97.6044840"><ele>252.0</ele></trkpt><trkpt lat="32.2456020" lon="-97.6044670"><ele>252.0</ele></trkpt><trkpt lat="32.2456220" lon="-97.6044490"><ele>253.0</ele></trkpt><trkpt lat="32.2456420" lon="-97.6044300"><ele>253.0</ele></trkpt><trkpt lat="32.2456580" lon="-97.6044080"><ele>253.0</ele></trkpt><trkpt lat="32.2456740" lon="-97.6043870"><ele>253.0</ele></trkpt><trkpt lat="32.2456890" lon="-97.6043630"><ele>253.0</ele></trkpt><trkpt lat="32.2457040" lon="-97.6043390"><ele>253.0</ele></trkpt><trkpt lat="32.2457190" lon="-97.6043150"><ele>253.0</ele></trkpt><trkpt lat="32.2457340" lon="-97.6042910"><ele>253.0</ele></trkpt><trkpt lat="32.2457480" lon="-97.6042690"><ele>253.0</ele></trkpt><trkpt lat="32.2457620" lon="-97.6042470"><ele>253.0</ele></trkpt><trkpt lat="32.2457760" lon="-97.6042250"><ele>253.0</ele></trkpt><trkpt lat="32.2457890" lon="-97.6042040"><ele>253.0</ele></trkpt><trkpt lat="32.2458030" lon="-97.6041820"><ele>253.0</ele></trkpt><trkpt lat="32.2458170" lon="-97.6041600"><ele>253.0</ele></trkpt><trkpt lat="32.2458310" lon="-97.6041390"><ele>253.0</ele></trkpt><trkpt lat="32.2458450" lon="-97.6041170"><ele>253.0</ele></trkpt><trkpt lat="32.2458590" lon="-97.6040950"><ele>253.0</ele></trkpt><trkpt lat="32.2458720" lon="-97.6040740"><ele>253.0</ele></trkpt><trkpt lat="32.2458860" lon="-97.6040490"><ele>253.0</ele></trkpt><trkpt lat="32.2458990" lon="-97.6040240"><ele>253.0</ele></trkpt><trkpt lat="32.2459130" lon="-97.6039960"><ele>253.0</ele></trkpt><trkpt lat="32.2459260" lon="-97.6039680"><ele>253.0</ele></trkpt><trkpt lat="32.2459380" lon="-97.6039390"><ele>253.0</ele></trkpt><trkpt lat="32.2459500" lon="-97.6039100"><ele>253.0</ele></trkpt><trkpt lat="32.2459600" lon="-97.6038820"><ele>253.0</ele></trkpt><trkpt lat="32.2459700" lon="-97.6038540"><ele>253.0</ele></trkpt><trkpt lat="32.2459780" lon="-97.6038250"><ele>253.0</ele></trkpt><trkpt lat="32.2459860" lon="-97.6037950"><ele>253.0</ele></trkpt><trkpt lat="32.2459940" lon="-97.6037660"><ele>253.0</ele></trkpt><trkpt lat="32.2460010" lon="-97.6037360"><ele>253.0</ele></trkpt><trkpt lat="32.2460090" lon="-97.6037060"><ele>253.0</ele></trkpt><trkpt lat="32.2460170" lon="-97.6036770"><ele>253.0</ele></trkpt><trkpt lat="32.2460250" lon="-97.6036470"><ele>253.0</ele></trkpt><trkpt lat="32.2460330" lon="-97.6036170"><ele>253.0</ele></trkpt><trkpt lat="32.2460390" lon="-97.6035900"><ele>253.0</ele></trkpt><trkpt lat="32.2460450" lon="-97.6035630"><ele>253.0</ele></trkpt><trkpt lat="32.2460500" lon="-97.6035380"><ele>252.0</ele></trkpt><trkpt lat="32.2460560" lon="-97.6035120"><ele>252.0</ele></trkpt><trkpt lat="32.2460620" lon="-97.6034860"><ele>252.0</ele></trkpt><trkpt lat="32.2460680" lon="-97.6034600"><ele>252.0</ele></trkpt><trkpt lat="32.2460750" lon="-97.6034330"><ele>252.0</ele></trkpt><trkpt lat="32.2460820" lon="-97.6034060"><ele>252.0</ele></trkpt><trkpt lat="32.2460900" lon="-97.6033800"><ele>252.0</ele></trkpt><trkpt lat="32.2460980" lon="-97.6033540"><ele>252.0</ele></trkpt><trkpt lat="32.2461060" lon="-97.6033270"><ele>252.0</ele></trkpt><trkpt lat="32.2461130" lon="-97.6033000"><ele>252.0</ele></trkpt><trkpt lat="32.2461170" lon="-97.6032730"><ele>252.0</ele></trkpt><trkpt lat="32.2461220" lon="-97.6032460"><ele>252.0</ele></trkpt><trkpt lat="32.2461200" lon="-97.6032200"><ele>252.0</ele></trkpt><trkpt lat="32.2461170" lon="-97.6031940"><ele>252.0</ele></trkpt><trkpt lat="32.2460999" lon="-97.6031908"><ele>255.5</ele></trkpt><trkpt lat="32.2461249" lon="-97.6025122"><ele>255.2</ele></trkpt><trkpt lat="32.2461090" lon="-97.6020268"><ele>257.5</ele></trkpt><trkpt lat="32.2460523" lon="-97.6016486"><ele>256.0</ele></trkpt><trkpt lat="32.2460205" lon="-97.6015359"><ele>255.2</ele></trkpt><trkpt lat="32.2460280" lon="-97.6015160"><ele>249.0</ele></trkpt><trkpt lat="32.2460220" lon="-97.6014930"><ele>249.0</ele></trkpt><trkpt lat="32.2460160" lon="-97.6014700"><ele>250.0</ele></trkpt><trkpt lat="32.2460030" lon="-97.6014490"><ele>250.0</ele></trkpt><trkpt lat="32.2459900" lon="-97.6014270"><ele>250.0</ele></trkpt><trkpt lat="32.2459740" lon="-97.6014050"><ele>250.0</ele></trkpt><trkpt lat="32.2459570" lon="-97.6013830"><ele>250.0</ele></trkpt><trkpt lat="32.2459420" lon="-97.6013600"><ele>250.0</ele></trkpt><trkpt lat="32.2459270" lon="-97.6013370"><ele>250.0</ele></trkpt><trkpt lat="32.2459160" lon="-97.6013130"><ele>250.0</ele></trkpt><trkpt lat="32.2459050" lon="-97.6012900"><ele>250.0</ele></trkpt><trkpt lat="32.2458960" lon="-97.6012680"><ele>250.0</ele></trkpt><trkpt lat="32.2458880" lon="-97.6012470"><ele>251.0</ele></trkpt><trkpt lat="32.2458780" lon="-97.6012290"><ele>251.0</ele></trkpt><trkpt lat="32.2458690" lon="-97.6012110"><ele>251.0</ele></trkpt><trkpt lat="32.2458580" lon="-97.6011970"><ele>251.0</ele></trkpt><trkpt lat="32.2458470" lon="-97.6011820"><ele>251.0</ele></trkpt><trkpt lat="32.2458310" lon="-97.6011690"><ele>252.0</ele></trkpt><trkpt lat="32.2458140" lon="-97.6011550"><ele>251.0</ele></trkpt><trkpt lat="32.2457950" lon="-97.6011430"><ele>251.0</ele></trkpt><trkpt lat="32.2457770" lon="-97.6011310"><ele>251.0</ele></trkpt><trkpt lat="32.2457580" lon="-97.6011190"><ele>251.0</ele></trkpt><trkpt lat="32.2457390" lon="-97.6011080"><ele>251.0</ele></trkpt><trkpt lat="32.2457150" lon="-97.6010990"><ele>250.0</ele></trkpt><trkpt lat="32.2456910" lon="-97.6010900"><ele>250.0</ele></trkpt><trkpt lat="32.2456620" lon="-97.6010810"><ele>250.0</ele></trkpt><trkpt lat="32.2456340" lon="-97.6010720"><ele>250.0</ele></trkpt><trkpt lat="32.2456070" lon="-97.6010640"><ele>250.0</ele></trkpt><trkpt lat="32.2455810" lon="-97.6010550"><ele>249.0</ele></trkpt><trkpt lat="32.2455570" lon="-97.6010490"><ele>249.0</ele></trkpt><trkpt lat="32.2455330" lon="-97.6010430"><ele>249.0</ele></trkpt><trkpt lat="32.2455070" lon="-97.6010360"><ele>249.0</ele></trkpt><trkpt lat="32.2454810" lon="-97.6010290"><ele>249.0</ele></trkpt><trkpt lat="32.2454560" lon="-97.6010240"><ele>249.0</ele></trkpt><trkpt lat="32.2454300" lon="-97.6010190"><ele>249.0</ele></trkpt><trkpt lat="32.2454060" lon="-97.6010160"><ele>249.0</ele></trkpt><trkpt lat="32.2453820" lon="-97.6010130"><ele>249.0</ele></trkpt><trkpt lat="32.2453610" lon="-97.6010130"><ele>249.0</ele></trkpt><trkpt lat="32.2453400" lon="-97.6010120"><ele>249.0</ele></trkpt><trkpt lat="32.2453230" lon="-97.6010150"><ele>249.0</ele></trkpt><trkpt lat="32.2453050" lon="-97.6010190"><ele>249.0</ele></trkpt><trkpt lat="32.2452890" lon="-97.6010240"><ele>249.0</ele></trkpt><trkpt lat="32.2452720" lon="-97.6010280"><ele>249.0</ele></trkpt><trkpt lat="32.2452510" lon="-97.6010330"><ele>249.0</ele></trkpt><trkpt lat="32.2452300" lon="-97.6010380"><ele>249.0</ele></trkpt><trkpt lat="32.2452020" lon="-97.6010450"><ele>249.0</ele></trkpt><trkpt lat="32.2451740" lon="-97.6010510"><ele>249.0</ele></trkpt><trkpt lat="32.2451470" lon="-97.6010600"><ele>249.0</ele></trkpt><trkpt lat="32.2451200" lon="-97.6010690"><ele>249.0</ele></trkpt><trkpt lat="32.2451000" lon="-97.6010780"><ele>249.0</ele></trkpt><trkpt lat="32.2450800" lon="-97.6010870"><ele>249.0</ele></trkpt><trkpt lat="32.2450630" lon="-97.6010950"><ele>249.0</ele></trkpt><trkpt lat="32.2450460" lon="-97.6011030"><ele>250.0</ele></trkpt><trkpt lat="32.2450250" lon="-97.6011090"><ele>250.0</ele></trkpt><trkpt lat="32.2450050" lon="-97.6011150"><ele>250.0</ele></trkpt><trkpt lat="32.2449840" lon="-97.6011200"><ele>250.0</ele></trkpt><trkpt lat="32.2449630" lon="-97.6011240"><ele>250.0</ele></trkpt><trkpt lat="32.2449430" lon="-97.6011260"><ele>251.0</ele></trkpt><trkpt lat="32.2449220" lon="-97.6011280"><ele>251.0</ele></trkpt><trkpt lat="32.2449010" lon="-97.6011250"><ele>251.0</ele></trkpt><trkpt lat="32.2448800" lon="-97.6011230"><ele>251.0</ele></trkpt><trkpt lat="32.2448600" lon="-97.6011180"><ele>251.0</ele></trkpt><trkpt lat="32.2448390" lon="-97.6011130"><ele>251.0</ele></trkpt><trkpt lat="32.2448190" lon="-97.6011040"><ele>251.0</ele></trkpt><trkpt lat="32.2447990" lon="-97.6010950"><ele>251.0</ele></trkpt><trkpt lat="32.2447790" lon="-97.6010840"><ele>251.0</ele></trkpt><trkpt lat="32.2447590" lon="-97.6010730"><ele>251.0</ele></trkpt><trkpt lat="32.2447380" lon="-97.6010600"><ele>251.0</ele></trkpt><trkpt lat="32.2447180" lon="-97.6010480"><ele>250.0</ele></trkpt><trkpt lat="32.2446930" lon="-97.6010330"><ele>250.0</ele></trkpt><trkpt lat="32.2446690" lon="-97.6010190"><ele>250.0</ele></trkpt><trkpt lat="32.2446460" lon="-97.6010010"><ele>250.0</ele></trkpt><trkpt lat="32.2446230" lon="-97.6009840"><ele>250.0</ele></trkpt><trkpt lat="32.2446070" lon="-97.6009640"><ele>250.0</ele></trkpt><trkpt lat="32.2445910" lon="-97.6009450"><ele>250.0</ele></trkpt><trkpt lat="32.2445790" lon="-97.6009270"><ele>250.0</ele></trkpt><trkpt lat="32.2445670" lon="-97.6009090"><ele>250.0</ele></trkpt><trkpt lat="32.2445570" lon="-97.6008910"><ele>250.0</ele></trkpt><trkpt lat="32.2445460" lon="-97.6008730"><ele>250.0</ele></trkpt><trkpt lat="32.2445360" lon="-97.6008540"><ele>250.0</ele></trkpt><trkpt lat="32.2445250" lon="-97.6008350"><ele>250.0</ele></trkpt><trkpt lat="32.2445140" lon="-97.6008150"><ele>250.0</ele></trkpt><trkpt lat="32.2445020" lon="-97.6007950"><ele>250.0</ele></trkpt><trkpt lat="32.2444920" lon="-97.6007750"><ele>250.0</ele></trkpt><trkpt lat="32.2444820" lon="-97.6007560"><ele>250.0</ele></trkpt><trkpt lat="32.2444750" lon="-97.6007370"><ele>250.0</ele></trkpt><trkpt lat="32.2444690" lon="-97.6007180"><ele>250.0</ele></trkpt><trkpt lat="32.2444630" lon="-97.6007000"><ele>250.0</ele></trkpt><trkpt lat="32.2444580" lon="-97.6006830"><ele>250.0</ele></trkpt><trkpt lat="32.2444510" lon="-97.6006650"><ele>250.0</ele></trkpt><trkpt lat="32.2444450" lon="-97.6006470"><ele>250.0</ele></trkpt><trkpt lat="32.2444350" lon="-97.6006280"><ele>250.0</ele></trkpt><trkpt lat="32.2444250" lon="-97.6006090"><ele>250.0</ele></trkpt><trkpt lat="32.2444110" lon="-97.6005890"><ele>250.0</ele></trkpt><trkpt lat="32.2443970" lon="-97.6005680"><ele>250.0</ele></trkpt><trkpt lat="32.2443820" lon="-97.6005450"><ele>250.0</ele></trkpt><trkpt lat="32.2443660" lon="-97.6005220"><ele>250.0</ele></trkpt><trkpt lat="32.2443500" lon="-97.6005010"><ele>251.0</ele></trkpt><trkpt lat="32.2443350" lon="-97.6004800"><ele>251.0</ele></trkpt><trkpt lat="32.2443200" lon="-97.6004620"><ele>251.0</ele></trkpt><trkpt lat="32.2443050" lon="-97.6004430"><ele>251.0</ele></trkpt><trkpt lat="32.2442930" lon="-97.6004250"><ele>251.0</ele></trkpt><trkpt lat="32.2442800" lon="-97.6004080"><ele>252.0</ele></trkpt><trkpt lat="32.2442690" lon="-97.6003970"><ele>252.0</ele></trkpt><trkpt lat="32.2442580" lon="-97.6003850"><ele>252.0</ele></trkpt><trkpt lat="32.2442440" lon="-97.6003770"><ele>252.0</ele></trkpt><trkpt lat="32.2442300" lon="-97.6003680"><ele>252.0</ele></trkpt><trkpt lat="32.2442130" lon="-97.6003560"><ele>252.0</ele></trkpt><trkpt lat="32.2441960" lon="-97.6003440"><ele>252.0</ele></trkpt><trkpt lat="32.2441710" lon="-97.6003320"><ele>252.0</ele></trkpt><trkpt lat="32.2441450" lon="-97.6003200"><ele>252.0</ele></trkpt><trkpt lat="32.2441080" lon="-97.6003110"><ele>252.0</ele></trkpt><trkpt lat="32.2440720" lon="-97.6003030"><ele>252.0</ele></trkpt><trkpt lat="32.2440360" lon="-97.6003000"><ele>252.0</ele></trkpt><trkpt lat="32.2439990" lon="-97.6002970"><ele>252.0</ele></trkpt><trkpt lat="32.2439660" lon="-97.6002980"><ele>252.0</ele></trkpt><trkpt lat="32.2439330" lon="-97.6003000"><ele>252.0</ele></trkpt><trkpt lat="32.2439040" lon="-97.6003040"><ele>252.0</ele></trkpt><trkpt lat="32.2438750" lon="-97.6003080"><ele>251.0</ele></trkpt><trkpt lat="32.2438480" lon="-97.6003130"><ele>251.0</ele></trkpt><trkpt lat="32.2438210" lon="-97.6003180"><ele>251.0</ele></trkpt><trkpt lat="32.2437950" lon="-97.6003240"><ele>251.0</ele></trkpt><trkpt lat="32.2437690" lon="-97.6003310"><ele>251.0</ele></trkpt><trkpt lat="32.2437450" lon="-97.6003400"><ele>250.0</ele></trkpt><trkpt lat="32.2437210" lon="-97.6003490"><ele>250.0</ele></trkpt><trkpt lat="32.2436980" lon="-97.6003590"><ele>250.0</ele></trkpt><trkpt lat="32.2436750" lon="-97.6003680"><ele>250.0</ele></trkpt><trkpt lat="32.2436540" lon="-97.6003770"><ele>250.0</ele></trkpt><trkpt lat="32.2436320" lon="-97.6003860"><ele>250.0</ele></trkpt><trkpt lat="32.2436110" lon="-97.6003940"><ele>250.0</ele></trkpt><trkpt lat="32.2435900" lon="-97.6004010"><ele>250.0</ele></trkpt><trkpt lat="32.2435680" lon="-97.6004070"><ele>250.0</ele></trkpt><trkpt lat="32.2435470" lon="-97.6004130"><ele>250.0</ele></trkpt><trkpt lat="32.2435240" lon="-97.6004200"><ele>250.0</ele></trkpt><trkpt lat="32.2435010" lon="-97.6004270"><ele>250.0</ele></trkpt><trkpt lat="32.2434770" lon="-97.6004370"><ele>250.0</ele></trkpt><trkpt lat="32.2434530" lon="-97.6004470"><ele>250.0</ele></trkpt><trkpt lat="32.2434270" lon="-97.6004590"><ele>250.0</ele></trkpt><trkpt lat="32.2434010" lon="-97.6004700"><ele>249.0</ele></trkpt><trkpt lat="32.2433740" lon="-97.6004800"><ele>249.0</ele></trkpt><trkpt lat="32.2433470" lon="-97.6004900"><ele>249.0</ele></trkpt><trkpt lat="32.2433200" lon="-97.6004920"><ele>249.0</ele></trkpt><trkpt lat="32.2432940" lon="-97.6004950"><ele>249.0</ele></trkpt><trkpt lat="32.2432710" lon="-97.6004890"><ele>248.0</ele></trkpt><trkpt lat="32.2432480" lon="-97.6004830"><ele>248.0</ele></trkpt><trkpt lat="32.2432270" lon="-97.6004690"><ele>248.0</ele></trkpt><trkpt lat="32.2432060" lon="-97.6004550"><ele>248.0</ele></trkpt><trkpt lat="32.2431880" lon="-97.6004370"><ele>248.0</ele></trkpt><trkpt lat="32.2431700" lon="-97.6004200"><ele>248.0</ele></trkpt><trkpt lat="32.2431550" lon="-97.6004020"><ele>248.0</ele></trkpt><trkpt lat="32.2431400" lon="-97.6003840"><ele>248.0</ele></trkpt><trkpt lat="32.2431280" lon="-97.6003670"><ele>248.0</ele></trkpt><trkpt lat="32.2431160" lon="-97.6003500"><ele>248.0</ele></trkpt><trkpt lat="32.2431100" lon="-97.6003320"><ele>248.0</ele></trkpt><trkpt lat="32.2431040" lon="-97.6003150"><ele>248.0</ele></trkpt><trkpt lat="32.2430980" lon="-97.6002970"><ele>248.0</ele></trkpt><trkpt lat="32.2430930" lon="-97.6002790"><ele>248.0</ele></trkpt><trkpt lat="32.2430880" lon="-97.6002570"><ele>248.0</ele></trkpt><trkpt lat="32.2430830" lon="-97.6002360"><ele>248.0</ele></trkpt><trkpt lat="32.2430760" lon="-97.6002100"><ele>248.0</ele></trkpt><trkpt lat="32.2430690" lon="-97.6001850"><ele>248.0</ele></trkpt><trkpt lat="32.2430580" lon="-97.6001590"><ele>248.0</ele></trkpt><trkpt lat="32.2430470" lon="-97.6001340"><ele>248.0</ele></trkpt><trkpt lat="32.2430330" lon="-97.6001110"><ele>248.0</ele></trkpt><trkpt lat="32.2430190" lon="-97.6000880"><ele>248.0</ele></trkpt><trkpt lat="32.2430050" lon="-97.6000670"><ele>248.0</ele></trkpt><trkpt lat="32.2429900" lon="-97.6000460"><ele>248.0</ele></trkpt><trkpt lat="32.2429780" lon="-97.6000250"><ele>249.0</ele></trkpt><trkpt lat="32.2429660" lon="-97.6000050"><ele>249.0</ele></trkpt><trkpt lat="32.2429560" lon="-97.5999860"><ele>249.0</ele></trkpt><trkpt lat="32.2429460" lon="-97.5999670"><ele>249.0</ele></trkpt><trkpt lat="32.2429370" lon="-97.5999480"><ele>249.0</ele></trkpt><trkpt lat="32.2429270" lon="-97.5999300"><ele>250.0</ele></trkpt><trkpt lat="32.2429160" lon="-97.5999110"><ele>250.0</ele></trkpt><trkpt lat="32.2429050" lon="-97.5998920"><ele>250.0</ele></trkpt><trkpt lat="32.2428930" lon="-97.5998720"><ele>250.0</ele></trkpt><trkpt lat="32.2428810" lon="-97.5998520"><ele>250.0</ele></trkpt><trkpt lat="32.2428670" lon="-97.5998350"><ele>250.0</ele></trkpt><trkpt lat="32.2428540" lon="-97.5998170"><ele>250.0</ele></trkpt><trkpt lat="32.2428360" lon="-97.5998060"><ele>250.0</ele></trkpt><trkpt lat="32.2428190" lon="-97.5997940"><ele>250.0</ele></trkpt><trkpt lat="32.2427950" lon="-97.5997890"><ele>250.0</ele></trkpt><trkpt lat="32.2427720" lon="-97.5997840"><ele>251.0</ele></trkpt><trkpt lat="32.2427460" lon="-97.5997840"><ele>251.0</ele></trkpt><trkpt lat="32.2427190" lon="-97.5997840"><ele>251.0</ele></trkpt><trkpt lat="32.2426900" lon="-97.5997900"><ele>251.0</ele></trkpt><trkpt lat="32.2426600" lon="-97.5997960"><ele>251.0</ele></trkpt><trkpt lat="32.2426290" lon="-97.5998070"><ele>251.0</ele></trkpt><trkpt lat="32.2425970" lon="-97.5998180"><ele>251.0</ele></trkpt><trkpt lat="32.2425680" lon="-97.5998340"><ele>251.0</ele></trkpt><trkpt lat="32.2425380" lon="-97.5998500"><ele>251.0</ele></trkpt><trkpt lat="32.2425100" lon="-97.5998690"><ele>251.0</ele></trkpt><trkpt lat="32.2424820" lon="-97.5998890"><ele>252.0</ele></trkpt><trkpt lat="32.2424550" lon="-97.5999090"><ele>251.0</ele></trkpt><trkpt lat="32.2424290" lon="-97.5999290"><ele>251.0</ele></trkpt><trkpt lat="32.2424030" lon="-97.5999480"><ele>251.0</ele></trkpt><trkpt lat="32.2423770" lon="-97.5999670"><ele>251.0</ele></trkpt><trkpt lat="32.2423560" lon="-97.5999850"><ele>251.0</ele></trkpt><trkpt lat="32.2423350" lon="-97.6000030"><ele>250.0</ele></trkpt><trkpt lat="32.2423160" lon="-97.6000170"><ele>250.0</ele></trkpt><trkpt lat="32.2422970" lon="-97.6000310"><ele>249.0</ele></trkpt><trkpt lat="32.2422780" lon="-97.6000440"><ele>249.0</ele></trkpt><trkpt lat="32.2422580" lon="-97.6000560"><ele>249.0</ele></trkpt><trkpt lat="32.2422380" lon="-97.6000690"><ele>248.0</ele></trkpt><trkpt lat="32.2422170" lon="-97.6000830"><ele>248.0</ele></trkpt><trkpt lat="32.2421960" lon="-97.6000980"><ele>247.0</ele></trkpt><trkpt lat="32.2421750" lon="-97.6001130"><ele>247.0</ele></trkpt><trkpt lat="32.2421560" lon="-97.6001310"><ele>247.0</ele></trkpt><trkpt lat="32.2421360" lon="-97.6001490"><ele>246.0</ele></trkpt><trkpt lat="32.2421160" lon="-97.6001690"><ele>246.0</ele></trkpt><trkpt lat="32.2420970" lon="-97.6001890"><ele>245.0</ele></trkpt><trkpt lat="32.2420740" lon="-97.6002080"><ele>245.0</ele></trkpt><trkpt lat="32.2420520" lon="-97.6002270"><ele>245.0</ele></trkpt><trkpt lat="32.2420270" lon="-97.6002450"><ele>244.0</ele></trkpt><trkpt lat="32.2420020" lon="-97.6002620"><ele>244.0</ele></trkpt><trkpt lat="32.2419750" lon="-97.6002770"><ele>244.0</ele></trkpt><trkpt lat="32.2419480" lon="-97.6002910"><ele>244.0</ele></trkpt><trkpt lat="32.2419220" lon="-97.6003010"><ele>244.0</ele></trkpt><trkpt lat="32.2418960" lon="-97.6003110"><ele>243.0</ele></trkpt><trkpt lat="32.2418720" lon="-97.6003190"><ele>243.0</ele></trkpt><trkpt lat="32.2418480" lon="-97.6003270"><ele>243.0</ele></trkpt><trkpt lat="32.2418250" lon="-97.6003350"><ele>243.0</ele></trkpt><trkpt lat="32.2418030" lon="-97.6003420"><ele>243.0</ele></trkpt><trkpt lat="32.2417810" lon="-97.6003480"><ele>242.0</ele></trkpt><trkpt lat="32.2417600" lon="-97.6003540"><ele>242.0</ele></trkpt><trkpt lat="32.2417390" lon="-97.6003590"><ele>242.0</ele></trkpt><trkpt lat="32.2417180" lon="-97.6003650"><ele>242.0</ele></trkpt><trkpt lat="32.2416950" lon="-97.6003710"><ele>242.0</ele></trkpt><trkpt lat="32.2416720" lon="-97.6003780"><ele>242.0</ele></trkpt><trkpt lat="32.2416480" lon="-97.6003860"><ele>242.0</ele></trkpt><trkpt lat="32.2416240" lon="-97.6003930"><ele>242.0</ele></trkpt><trkpt lat="32.2415990" lon="-97.6004000"><ele>242.0</ele></trkpt><trkpt lat="32.2415740" lon="-97.6004070"><ele>242.0</ele></trkpt><trkpt lat="32.2415480" lon="-97.6004120"><ele>241.0</ele></trkpt><trkpt lat="32.2415220" lon="-97.6004180"><ele>241.0</ele></trkpt><trkpt lat="32.2414960" lon="-97.6004230"><ele>241.0</ele></trkpt><trkpt lat="32.2414710" lon="-97.6004270"><ele>241.0</ele></trkpt><trkpt lat="32.2414460" lon="-97.6004310"><ele>241.0</ele></trkpt><trkpt lat="32.2414220" lon="-97.6004340"><ele>241.0</ele></trkpt><trkpt lat="32.2414010" lon="-97.6004350"><ele>241.0</ele></trkpt><trkpt lat="32.2413800" lon="-97.6004360"><ele>241.0</ele></trkpt><trkpt lat="32.2413600" lon="-97.6004360"><ele>241.0</ele></trkpt><trkpt lat="32.2413400" lon="-97.6004360"><ele>241.0</ele></trkpt><trkpt lat="32.2413170" lon="-97.6004350"><ele>241.0</ele></trkpt><trkpt lat="32.2412930" lon="-97.6004340"><ele>241.0</ele></trkpt><trkpt lat="32.2412660" lon="-97.6004340"><ele>241.0</ele></trkpt><trkpt lat="32.2412390" lon="-97.6004330"><ele>241.0</ele></trkpt><trkpt lat="32.2412130" lon="-97.6004320"><ele>241.0</ele></trkpt><trkpt lat="32.2411870" lon="-97.6004310"><ele>241.0</ele></trkpt><trkpt lat="32.2411600" lon="-97.6004290"><ele>241.0</ele></trkpt><trkpt lat="32.2411320" lon="-97.6004260"><ele>241.0</ele></trkpt><trkpt lat="32.2411050" lon="-97.6004240"><ele>241.0</ele></trkpt><trkpt lat="32.2410770" lon="-97.6004220"><ele>241.0</ele></trkpt><trkpt lat="32.2410500" lon="-97.6004210"><ele>241.0</ele></trkpt><trkpt lat="32.2410230" lon="-97.6004210"><ele>241.0</ele></trkpt><trkpt lat="32.2409980" lon="-97.6004230"><ele>241.0</ele></trkpt><trkpt lat="32.2409730" lon="-97.6004240"><ele>241.0</ele></trkpt><trkpt lat="32.2409510" lon="-97.6004280"><ele>242.0</ele></trkpt><trkpt lat="32.2409290" lon="-97.6004330"><ele>242.0</ele></trkpt><trkpt lat="32.2409070" lon="-97.6004360"><ele>242.0</ele></trkpt><trkpt lat="32.2408850" lon="-97.6004390"><ele>242.0</ele></trkpt><trkpt lat="32.2408610" lon="-97.6004390"><ele>242.0</ele></trkpt><trkpt lat="32.2408370" lon="-97.6004390"><ele>242.0</ele></trkpt><trkpt lat="32.2408130" lon="-97.6004340"><ele>242.0</ele></trkpt><trkpt lat="32.2407890" lon="-97.6004300"><ele>242.0</ele></trkpt><trkpt lat="32.2407660" lon="-97.6004230"><ele>242.0</ele></trkpt><trkpt lat="32.2407440" lon="-97.6004160"><ele>242.0</ele></trkpt><trkpt lat="32.2407220" lon="-97.6004090"><ele>242.0</ele></trkpt><trkpt lat="32.2407010" lon="-97.6004020"><ele>242.0</ele></trkpt><trkpt lat="32.2406810" lon="-97.6003940"><ele>242.0</ele></trkpt><trkpt lat="32.2406620" lon="-97.6003860"><ele>242.0</ele></trkpt><trkpt lat="32.2406450" lon="-97.6003780"><ele>242.0</ele></trkpt><trkpt lat="32.2406270" lon="-97.6003700"><ele>243.0</ele></trkpt><trkpt lat="32.2406100" lon="-97.6003640"><ele>243.0</ele></trkpt><trkpt lat="32.2405920" lon="-97.6003570"><ele>243.0</ele></trkpt><trkpt lat="32.2405750" lon="-97.6003520"><ele>243.0</ele></trkpt><trkpt lat="32.2405580" lon="-97.6003460"><ele>243.0</ele></trkpt><trkpt lat="32.2405400" lon="-97.6003400"><ele>243.0</ele></trkpt><trkpt lat="32.2405230" lon="-97.6003340"><ele>243.0</ele></trkpt><trkpt lat="32.2405030" lon="-97.6003290"><ele>243.0</ele></trkpt><trkpt lat="32.2404840" lon="-97.6003240"><ele>243.0</ele></trkpt><trkpt lat="32.2404640" lon="-97.6003230"><ele>243.0</ele></trkpt><trkpt lat="32.2404430" lon="-97.6003220"><ele>244.0</ele></trkpt><trkpt lat="32.2404220" lon="-97.6003240"><ele>244.0</ele></trkpt><trkpt lat="32.2404010" lon="-97.6003250"><ele>244.0</ele></trkpt><trkpt lat="32.2403810" lon="-97.6003250"><ele>244.0</ele></trkpt><trkpt lat="32.2403620" lon="-97.6003250"><ele>244.0</ele></trkpt><trkpt lat="32.2403460" lon="-97.6003200"><ele>244.0</ele></trkpt><trkpt lat="32.2403310" lon="-97.6003150"><ele>244.0</ele></trkpt><trkpt lat="32.2403220" lon="-97.6003040"><ele>244.0</ele></trkpt><trkpt lat="32.2403130" lon="-97.6002940"><ele>244.0</ele></trkpt><trkpt lat="32.2403060" lon="-97.6002780"><ele>244.0</ele></trkpt><trkpt lat="32.2402990" lon="-97.6002620"><ele>245.0</ele></trkpt><trkpt lat="32.2402900" lon="-97.6002440"><ele>245.0</ele></trkpt><trkpt lat="32.2402810" lon="-97.6002260"><ele>245.0</ele></trkpt><trkpt lat="32.2402690" lon="-97.6002080"><ele>245.0</ele></trkpt><trkpt lat="32.2402570" lon="-97.6001900"><ele>245.0</ele></trkpt><trkpt lat="32.2402420" lon="-97.6001740"><ele>245.0</ele></trkpt><trkpt lat="32.2402260" lon="-97.6001570"><ele>245.0</ele></trkpt><trkpt lat="32.2402090" lon="-97.6001410"><ele>245.0</ele></trkpt><trkpt lat="32.2401910" lon="-97.6001260"><ele>245.0</ele></trkpt><trkpt lat="32.2401750" lon="-97.6001100"><ele>245.0</ele></trkpt><trkpt lat="32.2401580" lon="-97.6000950"><ele>246.0</ele></trkpt><trkpt lat="32.2401420" lon="-97.6000810"><ele>246.0</ele></trkpt><trkpt lat="32.2401270" lon="-97.6000670"><ele>246.0</ele></trkpt><trkpt lat="32.2401110" lon="-97.6000520"><ele>246.0</ele></trkpt><trkpt lat="32.2400950" lon="-97.6000380"><ele>246.0</ele></trkpt><trkpt lat="32.2400770" lon="-97.6000220"><ele>247.0</ele></trkpt><trkpt lat="32.2400590" lon="-97.6000070"><ele>247.0</ele></trkpt><trkpt lat="32.2400400" lon="-97.5999930"><ele>247.0</ele></trkpt><trkpt lat="32.2400210" lon="-97.5999790"><ele>247.0</ele></trkpt><trkpt lat="32.2400020" lon="-97.5999660"><ele>247.0</ele></trkpt><trkpt lat="32.2399830" lon="-97.5999520"><ele>247.0</ele></trkpt><trkpt lat="32.2399650" lon="-97.5999390"><ele>247.0</ele></trkpt><trkpt lat="32.2399480" lon="-97.5999260"><ele>247.0</ele></trkpt><trkpt lat="32.2399320" lon="-97.5999100"><ele>247.0</ele></trkpt><trkpt lat="32.2399150" lon="-97.5998940"><ele>247.0</ele></trkpt><trkpt lat="32.2399070" lon="-97.5998770"><ele>247.0</ele></trkpt><trkpt lat="32.2398980" lon="-97.5998600"><ele>247.0</ele></trkpt><trkpt lat="32.2398980" lon="-97.5998390"><ele>247.0</ele></trkpt><trkpt lat="32.2398980" lon="-97.5998190"><ele>247.0</ele></trkpt><trkpt lat="32.2399020" lon="-97.5997970"><ele>247.0</ele></trkpt><trkpt lat="32.2399050" lon="-97.5997740"><ele>247.0</ele></trkpt><trkpt lat="32.2399100" lon="-97.5997500"><ele>247.0</ele></trkpt><trkpt lat="32.2399150" lon="-97.5997260"><ele>247.0</ele></trkpt><trkpt lat="32.2399200" lon="-97.5997000"><ele>247.0</ele></trkpt><trkpt lat="32.2399260" lon="-97.5996750"><ele>247.0</ele></trkpt><trkpt lat="32.2399310" lon="-97.5996490"><ele>247.0</ele></trkpt><trkpt lat="32.2399370" lon="-97.5996230"><ele>247.0</ele></trkpt><trkpt lat="32.2399420" lon="-97.5995970"><ele>247.0</ele></trkpt><trkpt lat="32.2399460" lon="-97.5995720"><ele>247.0</ele></trkpt><trkpt lat="32.2399480" lon="-97.5995480"><ele>247.0</ele></trkpt><trkpt lat="32.2399510" lon="-97.5995240"><ele>248.0</ele></trkpt><trkpt lat="32.2399520" lon="-97.5995030"><ele>248.0</ele></trkpt><trkpt lat="32.2399520" lon="-97.5994830"><ele>248.0</ele></trkpt><trkpt lat="32.2399520" lon="-97.5994640"><ele>248.0</ele></trkpt><trkpt lat="32.2399520" lon="-97.5994450"><ele>248.0</ele></trkpt><trkpt lat="32.2399490" lon="-97.5994270"><ele>248.0</ele></trkpt><trkpt lat="32.2399460" lon="-97.5994100"><ele>248.0</ele></trkpt><trkpt lat="32.2399410" lon="-97.5993920"><ele>248.0</ele></trkpt><trkpt lat="32.2399360" lon="-97.5993740"><ele>248.0</ele></trkpt><trkpt lat="32.2399270" lon="-97.5993560"><ele>248.0</ele></trkpt><trkpt lat="32.2399190" lon="-97.5993370"><ele>248.0</ele></trkpt><trkpt lat="32.2399080" lon="-97.5993170"><ele>248.0</ele></trkpt><trkpt lat="32.2398980" lon="-97.5992960"><ele>248.0</ele></trkpt><trkpt lat="32.2398890" lon="-97.5992750"><ele>248.0</ele></trkpt><trkpt lat="32.2398800" lon="-97.5992530"><ele>248.0</ele></trkpt><trkpt lat="32.2398740" lon="-97.5992310"><ele>249.0</ele></trkpt><trkpt lat="32.2398670" lon="-97.5992090"><ele>249.0</ele></trkpt><trkpt lat="32.2398630" lon="-97.5991880"><ele>249.0</ele></trkpt><trkpt lat="32.2398580" lon="-97.5991680"><ele>249.0</ele></trkpt><trkpt lat="32.2398560" lon="-97.5991480"><ele>249.0</ele></trkpt><trkpt lat="32.2398550" lon="-97.5991290"><ele>249.0</ele></trkpt><trkpt lat="32.2398560" lon="-97.5991080"><ele>249.0</ele></trkpt><trkpt lat="32.2398570" lon="-97.5990870"><ele>249.0</ele></trkpt><trkpt lat="32.2398600" lon="-97.5990630"><ele>249.0</ele></trkpt><trkpt lat="32.2398640" lon="-97.5990390"><ele>249.0</ele></trkpt><trkpt lat="32.2398700" lon="-97.5990150"><ele>249.0</ele></trkpt><trkpt lat="32.2398770" lon="-97.5989910"><ele>249.0</ele></trkpt><trkpt lat="32.2398870" lon="-97.5989690"><ele>249.0</ele></trkpt><trkpt lat="32.2398970" lon="-97.5989460"><ele>249.0</ele></trkpt><trkpt lat="32.2399110" lon="-97.5989280"><ele>249.0</ele></trkpt><trkpt lat="32.2399250" lon="-97.5989090"><ele>249.0</ele></trkpt><trkpt lat="32.2399410" lon="-97.5988950"><ele>249.0</ele></trkpt><trkpt lat="32.2399580" lon="-97.5988800"><ele>249.0</ele></trkpt><trkpt lat="32.2399700" lon="-97.5988690"><ele>249.0</ele></trkpt><trkpt lat="32.2399830" lon="-97.5988580"><ele>249.0</ele></trkpt><trkpt lat="32.2399910" lon="-97.5988500"><ele>250.0</ele></trkpt><trkpt lat="32.2400000" lon="-97.5988420"><ele>250.0</ele></trkpt><trkpt lat="32.2400010" lon="-97.5988400"><ele>250.0</ele></trkpt><trkpt lat="32.2400030" lon="-97.5988390"><ele>250.0</ele></trkpt><trkpt lat="32.2400050" lon="-97.5988370"><ele>250.0</ele></trkpt><trkpt lat="32.2400060" lon="-97.5988360"><ele>250.0</ele></trkpt><trkpt lat="32.2400080" lon="-97.5988340"><ele>250.0</ele></trkpt><trkpt lat="32.2400130" lon="-97.5988350"><ele>250.0</ele></trkpt><trkpt lat="32.2400180" lon="-97.5988350"><ele>250.0</ele></trkpt><trkpt lat="32.2400250" lon="-97.5988450"><ele>250.0</ele></trkpt><trkpt lat="32.2400320" lon="-97.5988550"><ele>251.0</ele></trkpt><trkpt lat="32.2400430" lon="-97.5988670"><ele>251.0</ele></trkpt><trkpt lat="32.2400540" lon="-97.5988800"><ele>251.0</ele></trkpt><trkpt lat="32.2400680" lon="-97.5988890"><ele>251.0</ele></trkpt><trkpt lat="32.2400810" lon="-97.5988990"><ele>251.0</ele></trkpt><trkpt lat="32.2400970" lon="-97.5989040"><ele>251.0</ele></trkpt><trkpt lat="32.2401130" lon="-97.5989090"><ele>251.0</ele></trkpt><trkpt lat="32.2401290" lon="-97.5989120"><ele>251.0</ele></trkpt><trkpt lat="32.2401450" lon="-97.5989140"><ele>251.0</ele></trkpt><trkpt lat="32.2401640" lon="-97.5989170"><ele>251.0</ele></trkpt><trkpt lat="32.2401830" lon="-97.5989190"><ele>252.0</ele></trkpt><trkpt lat="32.2402050" lon="-97.5989210"><ele>252.0</ele></trkpt><trkpt lat="32.2402270" lon="-97.5989230"><ele>252.0</ele></trkpt><trkpt lat="32.2402480" lon="-97.5989260"><ele>252.0</ele></trkpt><trkpt lat="32.2402680" lon="-97.5989280"><ele>252.0</ele></trkpt><trkpt lat="32.2402880" lon="-97.5989330"><ele>252.0</ele></trkpt><trkpt lat="32.2403080" lon="-97.5989390"><ele>252.0</ele></trkpt><trkpt lat="32.2403260" lon="-97.5989450"><ele>252.0</ele></trkpt><trkpt lat="32.2403440" lon="-97.5989510"><ele>252.0</ele></trkpt><trkpt lat="32.2403600" lon="-97.5989560"><ele>252.0</ele></trkpt><trkpt lat="32.2403770" lon="-97.5989600"><ele>253.0</ele></trkpt><trkpt lat="32.2403940" lon="-97.5989620"><ele>253.0</ele></trkpt><trkpt lat="32.2404120" lon="-97.5989640"><ele>253.0</ele></trkpt><trkpt lat="32.2404310" lon="-97.5989620"><ele>253.0</ele></trkpt><trkpt lat="32.2404500" lon="-97.5989600"><ele>253.0</ele></trkpt><trkpt lat="32.2404690" lon="-97.5989570"><ele>253.0</ele></trkpt><trkpt lat="32.2404870" lon="-97.5989540"><ele>253.0</ele></trkpt><trkpt lat="32.2405060" lon="-97.5989520"><ele>253.0</ele></trkpt><trkpt lat="32.2405250" lon="-97.5989500"><ele>254.0</ele></trkpt><trkpt lat="32.2405450" lon="-97.5989490"><ele>254.0</ele></trkpt><trkpt lat="32.2405660" lon="-97.5989480"><ele>255.0</ele></trkpt><trkpt lat="32.2405870" lon="-97.5989460"><ele>255.0</ele></trkpt><trkpt lat="32.2406080" lon="-97.5989450"><ele>255.0</ele></trkpt><trkpt lat="32.2406300" lon="-97.5989460"><ele>255.0</ele></trkpt><trkpt lat="32.2406520" lon="-97.5989460"><ele>255.0</ele></trkpt><trkpt lat="32.2406760" lon="-97.5989460"><ele>255.0</ele></trkpt><trkpt lat="32.2406990" lon="-97.5989470"><ele>255.0</ele></trkpt><trkpt lat="32.2407260" lon="-97.5989480"><ele>255.0</ele></trkpt><trkpt lat="32.2407540" lon="-97.5989490"><ele>255.0</ele></trkpt><trkpt lat="32.2407810" lon="-97.5989490"><ele>255.0</ele></trkpt><trkpt lat="32.2408080" lon="-97.5989490"><ele>256.0</ele></trkpt><trkpt lat="32.2408320" lon="-97.5989490"><ele>256.0</ele></trkpt><trkpt lat="32.2408570" lon="-97.5989500"><ele>256.0</ele></trkpt><trkpt lat="32.2408800" lon="-97.5989490"><ele>256.0</ele></trkpt><trkpt lat="32.2409030" lon="-97.5989490"><ele>256.0</ele></trkpt><trkpt lat="32.2409220" lon="-97.5989470"><ele>256.0</ele></trkpt><trkpt lat="32.2409410" lon="-97.5989460"><ele>256.0</ele></trkpt><trkpt lat="32.2409570" lon="-97.5989430"><ele>256.0</ele></trkpt><trkpt lat="32.2409740" lon="-97.5989400"><ele>256.0</ele></trkpt><trkpt lat="32.2409890" lon="-97.5989360"><ele>256.0</ele></trkpt><trkpt lat="32.2410040" lon="-97.5989320"><ele>257.0</ele></trkpt><trkpt lat="32.2410180" lon="-97.5989290"><ele>257.0</ele></trkpt><trkpt lat="32.2410320" lon="-97.5989260"><ele>257.0</ele></trkpt><trkpt lat="32.2410470" lon="-97.5989250"><ele>257.0</ele></trkpt><trkpt lat="32.2410620" lon="-97.5989230"><ele>257.0</ele></trkpt><trkpt lat="32.2410790" lon="-97.5989250"><ele>257.0</ele></trkpt><trkpt lat="32.2410970" lon="-97.5989260"><ele>257.0</ele></trkpt><trkpt lat="32.2411140" lon="-97.5989290"><ele>257.0</ele></trkpt><trkpt lat="32.2411310" lon="-97.5989330"><ele>257.0</ele></trkpt><trkpt lat="32.2411470" lon="-97.5989370"><ele>257.0</ele></trkpt><trkpt lat="32.2411640" lon="-97.5989410"><ele>257.0</ele></trkpt><trkpt lat="32.2411800" lon="-97.5989440"><ele>257.0</ele></trkpt><trkpt lat="32.2411960" lon="-97.5989460"><ele>257.0</ele></trkpt><trkpt lat="32.2412120" lon="-97.5989450"><ele>257.0</ele></trkpt><trkpt lat="32.2412290" lon="-97.5989440"><ele>257.0</ele></trkpt><trkpt lat="32.2412440" lon="-97.5989390"><ele>258.0</ele></trkpt><trkpt lat="32.2412590" lon="-97.5989350"><ele>258.0</ele></trkpt><trkpt lat="32.2412730" lon="-97.5989290"><ele>258.0</ele></trkpt><trkpt lat="32.2412870" lon="-97.5989240"><ele>258.0</ele></trkpt><trkpt lat="32.2412990" lon="-97.5989200"><ele>258.0</ele></trkpt><trkpt lat="32.2413110" lon="-97.5989170"><ele>259.0</ele></trkpt><trkpt lat="32.2413250" lon="-97.5989170"><ele>259.0</ele></trkpt><trkpt lat="32.2413390" lon="-97.5989170"><ele>259.0</ele></trkpt><trkpt lat="32.2413540" lon="-97.5989180"><ele>259.0</ele></trkpt><trkpt lat="32.2413680" lon="-97.5989200"><ele>259.0</ele></trkpt><trkpt lat="32.2413800" lon="-97.5989210"><ele>260.0</ele></trkpt><trkpt lat="32.2413910" lon="-97.5989230"><ele>260.0</ele></trkpt><trkpt lat="32.2414040" lon="-97.5989250"><ele>260.0</ele></trkpt><trkpt lat="32.2414160" lon="-97.5989260"><ele>260.0</ele></trkpt><trkpt lat="32.2414330" lon="-97.5989260"><ele>260.0</ele></trkpt><trkpt lat="32.2414490" lon="-97.5989250"><ele>260.0</ele></trkpt><trkpt lat="32.2414680" lon="-97.5989220"><ele>260.0</ele></trkpt><trkpt lat="32.2414860" lon="-97.5989190"><ele>260.0</ele></trkpt><trkpt lat="32.2415040" lon="-97.5989170"><ele>260.0</ele></trkpt><trkpt lat="32.2415220" lon="-97.5989160"><ele>260.0</ele></trkpt><trkpt lat="32.2415420" lon="-97.5989180"><ele>260.0</ele></trkpt><trkpt lat="32.2415610" lon="-97.5989200"><ele>260.0</ele></trkpt><trkpt lat="32.2415820" lon="-97.5989210"><ele>260.0</ele></trkpt><trkpt lat="32.2416040" lon="-97.5989220"><ele>260.0</ele></trkpt><trkpt lat="32.2416220" lon="-97.5989190"><ele>260.0</ele></trkpt><trkpt lat="32.2416410" lon="-97.5989170"><ele>261.0</ele></trkpt><trkpt lat="32.2416560" lon="-97.5989120"><ele>261.0</ele></trkpt><trkpt lat="32.2416710" lon="-97.5989070"><ele>261.0</ele></trkpt><trkpt lat="32.2416850" lon="-97.5989030"><ele>261.0</ele></trkpt><trkpt lat="32.2416990" lon="-97.5988980"><ele>261.0</ele></trkpt><trkpt lat="32.2417140" lon="-97.5988940"><ele>261.0</ele></trkpt><trkpt lat="32.2417290" lon="-97.5988890"><ele>261.0</ele></trkpt><trkpt lat="32.2417460" lon="-97.5988860"><ele>261.0</ele></trkpt><trkpt lat="32.2417630" lon="-97.5988830"><ele>261.0</ele></trkpt><trkpt lat="32.2417820" lon="-97.5988820"><ele>261.0</ele></trkpt><trkpt lat="32.2418010" lon="-97.5988810"><ele>262.0</ele></trkpt><trkpt lat="32.2418210" lon="-97.5988800"><ele>262.0</ele></trkpt><trkpt lat="32.2418410" lon="-97.5988800"><ele>262.0</ele></trkpt><trkpt lat="32.2418570" lon="-97.5988790"><ele>263.0</ele></trkpt><trkpt lat="32.2418730" lon="-97.5988780"><ele>263.0</ele></trkpt><trkpt lat="32.2418860" lon="-97.5988790"><ele>264.0</ele></trkpt><trkpt lat="32.2418990" lon="-97.5988800"><ele>264.0</ele></trkpt><trkpt lat="32.2419130" lon="-97.5988830"><ele>264.0</ele></trkpt><trkpt lat="32.2419260" lon="-97.5988860"><ele>264.0</ele></trkpt><trkpt lat="32.2419430" lon="-97.5988870"><ele>264.0</ele></trkpt><trkpt lat="32.2419600" lon="-97.5988880"><ele>265.0</ele></trkpt><trkpt lat="32.2419800" lon="-97.5988870"><ele>265.0</ele></trkpt><trkpt lat="32.2420000" lon="-97.5988860"><ele>265.0</ele></trkpt><trkpt lat="32.2420210" lon="-97.5988840"><ele>265.0</ele></trkpt><trkpt lat="32.2420420" lon="-97.5988820"><ele>265.0</ele></trkpt><trkpt lat="32.2420640" lon="-97.5988810"><ele>266.0</ele></trkpt><trkpt lat="32.2420870" lon="-97.5988800"><ele>266.0</ele></trkpt><trkpt lat="32.2421110" lon="-97.5988810"><ele>266.0</ele></trkpt><trkpt lat="32.2421340" lon="-97.5988820"><ele>266.0</ele></trkpt><trkpt lat="32.2421580" lon="-97.5988870"><ele>266.0</ele></trkpt><trkpt lat="32.2421810" lon="-97.5988920"><ele>266.0</ele></trkpt><trkpt lat="32.2422040" lon="-97.5989020"><ele>266.0</ele></trkpt><trkpt lat="32.2422280" lon="-97.5989120"><ele>266.0</ele></trkpt><trkpt lat="32.2422500" lon="-97.5989230"><ele>266.0</ele></trkpt><trkpt lat="32.2422730" lon="-97.5989350"><ele>266.0</ele></trkpt><trkpt lat="32.2422950" lon="-97.5989450"><ele>267.0</ele></trkpt><trkpt lat="32.2423170" lon="-97.5989560"><ele>267.0</ele></trkpt><trkpt lat="32.2423380" lon="-97.5989650"><ele>267.0</ele></trkpt><trkpt lat="32.2423590" lon="-97.5989740"><ele>267.0</ele></trkpt><trkpt lat="32.2423790" lon="-97.5989780"><ele>267.0</ele></trkpt><trkpt lat="32.2423990" lon="-97.5989820"><ele>268.0</ele></trkpt><trkpt lat="32.2424190" lon="-97.5989810"><ele>268.0</ele></trkpt><trkpt lat="32.2424390" lon="-97.5989800"><ele>268.0</ele></trkpt><trkpt lat="32.2424620" lon="-97.5989760"><ele>268.0</ele></trkpt><trkpt lat="32.2424850" lon="-97.5989720"><ele>268.0</ele></trkpt><trkpt lat="32.2425100" lon="-97.5989670"><ele>269.0</ele></trkpt><trkpt lat="32.2425350" lon="-97.5989620"><ele>269.0</ele></trkpt><trkpt lat="32.2425580" lon="-97.5989540"><ele>269.0</ele></trkpt><trkpt lat="32.2425820" lon="-97.5989450"><ele>269.0</ele></trkpt><trkpt lat="32.2425990" lon="-97.5989320"><ele>269.0</ele></trkpt><trkpt lat="32.2426170" lon="-97.5989180"><ele>269.0</ele></trkpt><trkpt lat="32.2426260" lon="-97.5988990"><ele>269.0</ele></trkpt><trkpt lat="32.2426350" lon="-97.5988810"><ele>269.0</ele></trkpt><trkpt lat="32.2426350" lon="-97.5988600"><ele>269.0</ele></trkpt><trkpt lat="32.2426350" lon="-97.5988380"><ele>269.0</ele></trkpt><trkpt lat="32.2426250" lon="-97.5988240"><ele>269.0</ele></trkpt><trkpt lat="32.2426150" lon="-97.5988100"><ele>269.0</ele></trkpt><trkpt lat="32.2425950" lon="-97.5988050"><ele>269.0</ele></trkpt><trkpt lat="32.2425760" lon="-97.5988010"><ele>269.0</ele></trkpt><trkpt lat="32.2425540" lon="-97.5988010"><ele>269.0</ele></trkpt><trkpt lat="32.2425320" lon="-97.5988010"><ele>270.0</ele></trkpt><trkpt lat="32.2425090" lon="-97.5988040"><ele>270.0</ele></trkpt><trkpt lat="32.2424850" lon="-97.5988070"><ele>270.0</ele></trkpt><trkpt lat="32.2424600" lon="-97.5988140"><ele>270.0</ele></trkpt><trkpt lat="32.2424360" lon="-97.5988210"><ele>270.0</ele></trkpt><trkpt lat="32.2424110" lon="-97.5988300"><ele>270.0</ele></trkpt><trkpt lat="32.2423860" lon="-97.5988390"><ele>270.0</ele></trkpt><trkpt lat="32.2423620" lon="-97.5988450"><ele>270.0</ele></trkpt><trkpt lat="32.2423370" lon="-97.5988510"><ele>270.0</ele></trkpt><trkpt lat="32.2423160" lon="-97.5988490"><ele>270.0</ele></trkpt><trkpt lat="32.2422940" lon="-97.5988480"><ele>270.0</ele></trkpt><trkpt lat="32.2422830" lon="-97.5988360"><ele>269.0</ele></trkpt><trkpt lat="32.2422720" lon="-97.5988230"><ele>269.0</ele></trkpt><trkpt lat="32.2422690" lon="-97.5988030"><ele>269.0</ele></trkpt><trkpt lat="32.2422660" lon="-97.5987840"><ele>269.0</ele></trkpt><trkpt lat="32.2422650" lon="-97.5987670"><ele>269.0</ele></trkpt><trkpt lat="32.2422630" lon="-97.5987490"><ele>269.0</ele></trkpt><trkpt lat="32.2422590" lon="-97.5987380"><ele>269.0</ele></trkpt><trkpt lat="32.2422550" lon="-97.5987260"><ele>269.0</ele></trkpt><trkpt lat="32.2422460" lon="-97.5987140"><ele>269.0</ele></trkpt><trkpt lat="32.2422370" lon="-97.5987020"><ele>269.0</ele></trkpt><trkpt lat="32.2422250" lon="-97.5986900"><ele>269.0</ele></trkpt><trkpt lat="32.2422120" lon="-97.5986780"><ele>269.0</ele></trkpt><trkpt lat="32.2422060" lon="-97.5986620"><ele>269.0</ele></trkpt><trkpt lat="32.2422000" lon="-97.5986460"><ele>269.0</ele></trkpt><trkpt lat="32.2422010" lon="-97.5986220"><ele>269.0</ele></trkpt><trkpt lat="32.2422020" lon="-97.5985990"><ele>268.0</ele></trkpt><trkpt lat="32.2422070" lon="-97.5985720"><ele>268.0</ele></trkpt><trkpt lat="32.2422120" lon="-97.5985460"><ele>268.0</ele></trkpt><trkpt lat="32.2422170" lon="-97.5985190"><ele>268.0</ele></trkpt><trkpt lat="32.2422220" lon="-97.5984930"><ele>268.0</ele></trkpt><trkpt lat="32.2422210" lon="-97.5984640"><ele>267.0</ele></trkpt><trkpt lat="32.2422200" lon="-97.5984350"><ele>267.0</ele></trkpt><trkpt lat="32.2422090" lon="-97.5984140"><ele>267.0</ele></trkpt><trkpt lat="32.2421970" lon="-97.5983930"><ele>267.0</ele></trkpt><trkpt lat="32.2421800" lon="-97.5983820"><ele>267.0</ele></trkpt><trkpt lat="32.2421620" lon="-97.5983710"><ele>266.0</ele></trkpt><trkpt lat="32.2421420" lon="-97.5983580"><ele>266.0</ele></trkpt><trkpt lat="32.2421210" lon="-97.5983460"><ele>265.0</ele></trkpt><trkpt lat="32.2421000" lon="-97.5983280"><ele>265.0</ele></trkpt><trkpt lat="32.2420790" lon="-97.5983110"><ele>265.0</ele></trkpt><trkpt lat="32.2420640" lon="-97.5982920"><ele>264.0</ele></trkpt><trkpt lat="32.2420490" lon="-97.5982730"><ele>263.0</ele></trkpt><trkpt lat="32.2420410" lon="-97.5982520"><ele>262.0</ele></trkpt><trkpt lat="32.2420330" lon="-97.5982310"><ele>261.0</ele></trkpt><trkpt lat="32.2420260" lon="-97.5982080"><ele>261.0</ele></trkpt><trkpt lat="32.2420200" lon="-97.5981850"><ele>260.0</ele></trkpt><trkpt lat="32.2420090" lon="-97.5981590"><ele>260.0</ele></trkpt><trkpt lat="32.2419990" lon="-97.5981330"><ele>259.0</ele></trkpt><trkpt lat="32.2419820" lon="-97.5981070"><ele>259.0</ele></trkpt><trkpt lat="32.2419660" lon="-97.5980800"><ele>259.0</ele></trkpt><trkpt lat="32.2419460" lon="-97.5980670"><ele>258.0</ele></trkpt><trkpt lat="32.2419270" lon="-97.5980540"><ele>257.0</ele></trkpt><trkpt lat="32.2419090" lon="-97.5980550"><ele>257.0</ele></trkpt><trkpt lat="32.2418910" lon="-97.5980550"><ele>256.0</ele></trkpt><trkpt lat="32.2418780" lon="-97.5980650"><ele>256.0</ele></trkpt><trkpt lat="32.2418650" lon="-97.5980750"><ele>255.0</ele></trkpt><trkpt lat="32.2418550" lon="-97.5980870"><ele>255.0</ele></trkpt><trkpt lat="32.2418460" lon="-97.5981000"><ele>255.0</ele></trkpt><trkpt lat="32.2418350" lon="-97.5981070"><ele>255.0</ele></trkpt><trkpt lat="32.2418240" lon="-97.5981130"><ele>255.0</ele></trkpt><trkpt lat="32.2418070" lon="-97.5981120"><ele>254.0</ele></trkpt><trkpt lat="32.2417890" lon="-97.5981120"><ele>254.0</ele></trkpt><trkpt lat="32.2417650" lon="-97.5981100"><ele>254.0</ele></trkpt><trkpt lat="32.2417400" lon="-97.5981090"><ele>254.0</ele></trkpt><trkpt lat="32.2417150" lon="-97.5981140"><ele>254.0</ele></trkpt><trkpt lat="32.2416900" lon="-97.5981190"><ele>253.0</ele></trkpt><trkpt lat="32.2416670" lon="-97.5981290"><ele>253.0</ele></trkpt><trkpt lat="32.2416440" lon="-97.5981390"><ele>253.0</ele></trkpt><trkpt lat="32.2416230" lon="-97.5981520"><ele>253.0</ele></trkpt><trkpt lat="32.2416010" lon="-97.5981640"><ele>253.0</ele></trkpt><trkpt lat="32.2415780" lon="-97.5981740"><ele>252.0</ele></trkpt><trkpt lat="32.2415560" lon="-97.5981840"><ele>252.0</ele></trkpt><trkpt lat="32.2415340" lon="-97.5981850"><ele>252.0</ele></trkpt><trkpt lat="32.2415120" lon="-97.5981850"><ele>252.0</ele></trkpt><trkpt lat="32.2414900" lon="-97.5981780"><ele>252.0</ele></trkpt><trkpt lat="32.2414670" lon="-97.5981700"><ele>251.0</ele></trkpt><trkpt lat="32.2414430" lon="-97.5981640"><ele>251.0</ele></trkpt><trkpt lat="32.2414190" lon="-97.5981580"><ele>251.0</ele></trkpt><trkpt lat="32.2413960" lon="-97.5981530"><ele>251.0</ele></trkpt><trkpt lat="32.2413720" lon="-97.5981480"><ele>251.0</ele></trkpt><trkpt lat="32.2413470" lon="-97.5981440"><ele>250.0</ele></trkpt><trkpt lat="32.2413220" lon="-97.5981390"><ele>250.0</ele></trkpt><trkpt lat="32.2412980" lon="-97.5981380"><ele>250.0</ele></trkpt><trkpt lat="32.2412750" lon="-97.5981370"><ele>250.0</ele></trkpt><trkpt lat="32.2412550" lon="-97.5981390"><ele>250.0</ele></trkpt><trkpt lat="32.2412360" lon="-97.5981400"><ele>249.0</ele></trkpt><trkpt lat="32.2412160" lon="-97.5981400"><ele>249.0</ele></trkpt><trkpt lat="32.2411970" lon="-97.5981410"><ele>249.0</ele></trkpt><trkpt lat="32.2411720" lon="-97.5981430"><ele>249.0</ele></trkpt><trkpt lat="32.2411470" lon="-97.5981440"><ele>249.0</ele></trkpt><trkpt lat="32.2411240" lon="-97.5981510"><ele>249.0</ele></trkpt><trkpt lat="32.2411000" lon="-97.5981570"><ele>249.0</ele></trkpt><trkpt lat="32.2410800" lon="-97.5981700"><ele>249.0</ele></trkpt><trkpt lat="32.2410600" lon="-97.5981830"><ele>249.0</ele></trkpt><trkpt lat="32.2410420" lon="-97.5981990"><ele>249.0</ele></trkpt><trkpt lat="32.2410240" lon="-97.5982140"><ele>249.0</ele></trkpt><trkpt lat="32.2410080" lon="-97.5982280"><ele>249.0</ele></trkpt><trkpt lat="32.2409920" lon="-97.5982420"><ele>249.0</ele></trkpt><trkpt lat="32.2409740" lon="-97.5982510"><ele>249.0</ele></trkpt><trkpt lat="32.2409550" lon="-97.5982590"><ele>250.0</ele></trkpt><trkpt lat="32.2409360" lon="-97.5982630"><ele>250.0</ele></trkpt><trkpt lat="32.2409170" lon="-97.5982670"><ele>250.0</ele></trkpt><trkpt lat="32.2408990" lon="-97.5982690"><ele>250.0</ele></trkpt><trkpt lat="32.2408810" lon="-97.5982710"><ele>250.0</ele></trkpt><trkpt lat="32.2408630" lon="-97.5982700"><ele>250.0</ele></trkpt><trkpt lat="32.2408440" lon="-97.5982690"><ele>250.0</ele></trkpt><trkpt lat="32.2408230" lon="-97.5982660"><ele>250.0</ele></trkpt><trkpt lat="32.2408010" lon="-97.5982640"><ele>250.0</ele></trkpt><trkpt lat="32.2407790" lon="-97.5982650"><ele>250.0</ele></trkpt><trkpt lat="32.2407570" lon="-97.5982660"><ele>250.0</ele></trkpt><trkpt lat="32.2407330" lon="-97.5982700"><ele>250.0</ele></trkpt><trkpt lat="32.2407100" lon="-97.5982740"><ele>250.0</ele></trkpt><trkpt lat="32.2406860" lon="-97.5982800"><ele>250.0</ele></trkpt><trkpt lat="32.2406620" lon="-97.5982850"><ele>250.0</ele></trkpt><trkpt lat="32.2406380" lon="-97.5982920"><ele>250.0</ele></trkpt><trkpt lat="32.2406140" lon="-97.5982980"><ele>249.0</ele></trkpt><trkpt lat="32.2405900" lon="-97.5983070"><ele>249.0</ele></trkpt><trkpt lat="32.2405660" lon="-97.5983160"><ele>249.0</ele></trkpt><trkpt lat="32.2405420" lon="-97.5983260"><ele>249.0</ele></trkpt><trkpt lat="32.2405170" lon="-97.5983370"><ele>249.0</ele></trkpt><trkpt lat="32.2404930" lon="-97.5983470"><ele>249.0</ele></trkpt><trkpt lat="32.2404690" lon="-97.5983570"><ele>249.0</ele></trkpt><trkpt lat="32.2404450" lon="-97.5983680"><ele>249.0</ele></trkpt><trkpt lat="32.2404220" lon="-97.5983780"><ele>249.0</ele></trkpt><trkpt lat="32.2403980" lon="-97.5983910"><ele>249.0</ele></trkpt><trkpt lat="32.2403740" lon="-97.5984040"><ele>248.0</ele></trkpt><trkpt lat="32.2403510" lon="-97.5984200"><ele>248.0</ele></trkpt><trkpt lat="32.2403280" lon="-97.5984360"><ele>248.0</ele></trkpt><trkpt lat="32.2403090" lon="-97.5984510"><ele>248.0</ele></trkpt><trkpt lat="32.2402890" lon="-97.5984660"><ele>248.0</ele></trkpt><trkpt lat="32.2402740" lon="-97.5984820"><ele>248.0</ele></trkpt><trkpt lat="32.2402580" lon="-97.5984980"><ele>248.0</ele></trkpt><trkpt lat="32.2402420" lon="-97.5985160"><ele>248.0</ele></trkpt><trkpt lat="32.2402260" lon="-97.5985340"><ele>248.0</ele></trkpt><trkpt lat="32.2402090" lon="-97.5985540"><ele>248.0</ele></trkpt><trkpt lat="32.2401920" lon="-97.5985750"><ele>248.0</ele></trkpt><trkpt lat="32.2401770" lon="-97.5985970"><ele>248.0</ele></trkpt><trkpt lat="32.2401620" lon="-97.5986200"><ele>248.0</ele></trkpt><trkpt lat="32.2401490" lon="-97.5986410"><ele>248.0</ele></trkpt><trkpt lat="32.2401360" lon="-97.5986630"><ele>249.0</ele></trkpt><trkpt lat="32.2401230" lon="-97.5986820"><ele>249.0</ele></trkpt><trkpt lat="32.2401110" lon="-97.5987000"><ele>249.0</ele></trkpt><trkpt lat="32.2400970" lon="-97.5987170"><ele>249.0</ele></trkpt><trkpt lat="32.2400830" lon="-97.5987330"><ele>249.0</ele></trkpt><trkpt lat="32.2400650" lon="-97.5987450"><ele>250.0</ele></trkpt><trkpt lat="32.2400470" lon="-97.5987570"><ele>250.0</ele></trkpt><trkpt lat="32.2400250" lon="-97.5987630"><ele>250.0</ele></trkpt><trkpt lat="32.2400030" lon="-97.5987690"><ele>250.0</ele></trkpt><trkpt lat="32.2399810" lon="-97.5987680"><ele>250.0</ele></trkpt><trkpt lat="32.2399600" lon="-97.5987670"><ele>250.0</ele></trkpt><trkpt lat="32.2399420" lon="-97.5987590"><ele>250.0</ele></trkpt><trkpt lat="32.2399250" lon="-97.5987520"><ele>250.0</ele></trkpt><trkpt lat="32.2399090" lon="-97.5987410"><ele>250.0</ele></trkpt><trkpt lat="32.2398940" lon="-97.5987300"><ele>250.0</ele></trkpt><trkpt lat="32.2398740" lon="-97.5987170"><ele>251.0</ele></trkpt><trkpt lat="32.2398550" lon="-97.5987050"><ele>251.0</ele></trkpt><trkpt lat="32.2398320" lon="-97.5986920"><ele>251.0</ele></trkpt><trkpt lat="32.2398090" lon="-97.5986790"><ele>251.0</ele></trkpt><trkpt lat="32.2397830" lon="-97.5986680"><ele>251.0</ele></trkpt><trkpt lat="32.2397570" lon="-97.5986570"><ele>251.0</ele></trkpt><trkpt lat="32.2397300" lon="-97.5986490"><ele>250.0</ele></trkpt><trkpt lat="32.2397030" lon="-97.5986400"><ele>250.0</ele></trkpt><trkpt lat="32.2396780" lon="-97.5986350"><ele>250.0</ele></trkpt><trkpt lat="32.2396520" lon="-97.5986290"><ele>250.0</ele></trkpt><trkpt lat="32.2396300" lon="-97.5986250"><ele>250.0</ele></trkpt><trkpt lat="32.2396070" lon="-97.5986200"><ele>250.0</ele></trkpt><trkpt lat="32.2395860" lon="-97.5986140"><ele>250.0</ele></trkpt><trkpt lat="32.2395650" lon="-97.5986090"><ele>250.0</ele></trkpt><trkpt lat="32.2395460" lon="-97.5986040"><ele>250.0</ele></trkpt><trkpt lat="32.2395260" lon="-97.5985990"><ele>251.0</ele></trkpt><trkpt lat="32.2395100" lon="-97.5985940"><ele>251.0</ele></trkpt><trkpt lat="32.2394940" lon="-97.5985880"><ele>251.0</ele></trkpt><trkpt lat="32.2394800" lon="-97.5985830"><ele>251.0</ele></trkpt><trkpt lat="32.2394660" lon="-97.5985770"><ele>251.0</ele></trkpt><trkpt lat="32.2394520" lon="-97.5985720"><ele>251.0</ele></trkpt><trkpt lat="32.2394390" lon="-97.5985660"><ele>251.0</ele></trkpt><trkpt lat="32.2394260" lon="-97.5985590"><ele>251.0</ele></trkpt><trkpt lat="32.2394130" lon="-97.5985520"><ele>251.0</ele></trkpt><trkpt lat="32.2393990" lon="-97.5985430"><ele>251.0</ele></trkpt><trkpt lat="32.2393850" lon="-97.5985340"><ele>252.0</ele></trkpt><trkpt lat="32.2393710" lon="-97.5985260"><ele>252.0</ele></trkpt><trkpt lat="32.2393560" lon="-97.5985170"><ele>252.0</ele></trkpt><trkpt lat="32.2393440" lon="-97.5985090"><ele>253.0</ele></trkpt><trkpt lat="32.2393320" lon="-97.5985010"><ele>253.0</ele></trkpt><trkpt lat="32.2393230" lon="-97.5984920"><ele>254.0</ele></trkpt><trkpt lat="32.2393140" lon="-97.5984840"><ele>254.0</ele></trkpt><trkpt lat="32.2393050" lon="-97.5984750"><ele>254.0</ele></trkpt><trkpt lat="32.2392960" lon="-97.5984670"><ele>254.0</ele></trkpt><trkpt lat="32.2392830" lon="-97.5984610"><ele>254.0</ele></trkpt><trkpt lat="32.2392700" lon="-97.5984550"><ele>255.0</ele></trkpt><trkpt lat="32.2392530" lon="-97.5984500"><ele>255.0</ele></trkpt><trkpt lat="32.2392370" lon="-97.5984450"><ele>255.0</ele></trkpt><trkpt lat="32.2392220" lon="-97.5984380"><ele>255.0</ele></trkpt><trkpt lat="32.2392070" lon="-97.5984320"><ele>255.0</ele></trkpt><trkpt lat="32.2391960" lon="-97.5984240"><ele>256.0</ele></trkpt><trkpt lat="32.2391850" lon="-97.5984150"><ele>256.0</ele></trkpt><trkpt lat="32.2391770" lon="-97.5984060"><ele>256.0</ele></trkpt><trkpt lat="32.2391680" lon="-97.5983960"><ele>256.0</ele></trkpt><trkpt lat="32.2391600" lon="-97.5983870"><ele>256.0</ele></trkpt><trkpt lat="32.2391520" lon="-97.5983770"><ele>257.0</ele></trkpt><trkpt lat="32.2391430" lon="-97.5983690"><ele>257.0</ele></trkpt><trkpt lat="32.2391340" lon="-97.5983610"><ele>257.0</ele></trkpt><trkpt lat="32.2391240" lon="-97.5983540"><ele>257.0</ele></trkpt><trkpt lat="32.2391140" lon="-97.5983460"><ele>257.0</ele></trkpt><trkpt lat="32.2391040" lon="-97.5983390"><ele>258.0</ele></trkpt><trkpt lat="32.2390930" lon="-97.5983310"><ele>258.0</ele></trkpt><trkpt lat="32.2390830" lon="-97.5983230"><ele>258.0</ele></trkpt><trkpt lat="32.2390730" lon="-97.5983150"><ele>258.0</ele></trkpt><trkpt lat="32.2390620" lon="-97.5983070"><ele>258.0</ele></trkpt><trkpt lat="32.2390520" lon="-97.5982990"><ele>259.0</ele></trkpt><trkpt lat="32.2390420" lon="-97.5982880"><ele>259.0</ele></trkpt><trkpt lat="32.2390320" lon="-97.5982780"><ele>259.0</ele></trkpt><trkpt lat="32.2390210" lon="-97.5982640"><ele>260.0</ele></trkpt><trkpt lat="32.2390110" lon="-97.5982500"><ele>260.0</ele></trkpt><trkpt lat="32.2389990" lon="-97.5982360"><ele>261.0</ele></trkpt><trkpt lat="32.2389880" lon="-97.5982220"><ele>261.0</ele></trkpt><trkpt lat="32.2389750" lon="-97.5982100"><ele>261.0</ele></trkpt><trkpt lat="32.2389620" lon="-97.5981980"><ele>261.0</ele></trkpt><trkpt lat="32.2389490" lon="-97.5981890"><ele>261.0</ele></trkpt><trkpt lat="32.2389360" lon="-97.5981810"><ele>262.0</ele></trkpt><trkpt lat="32.2389230" lon="-97.5981760"><ele>262.0</ele></trkpt><trkpt lat="32.2389110" lon="-97.5981720"><ele>262.0</ele></trkpt><trkpt lat="32.2389000" lon="-97.5981710"><ele>262.0</ele></trkpt><trkpt lat="32.2388880" lon="-97.5981710"><ele>262.0</ele></trkpt><trkpt lat="32.2388760" lon="-97.5981740"><ele>262.0</ele></trkpt><trkpt lat="32.2388640" lon="-97.5981770"><ele>262.0</ele></trkpt><trkpt lat="32.2388530" lon="-97.5981820"><ele>262.0</ele></trkpt><trkpt lat="32.2388420" lon="-97.5981860"><ele>263.0</ele></trkpt><trkpt lat="32.2388330" lon="-97.5981910"><ele>263.0</ele></trkpt><trkpt lat="32.2388240" lon="-97.5981960"><ele>264.0</ele></trkpt><trkpt lat="32.2388140" lon="-97.5981970"><ele>264.0</ele></trkpt><trkpt lat="32.2388050" lon="-97.5981980"><ele>264.0</ele></trkpt><trkpt lat="32.2387940" lon="-97.5981960"><ele>264.0</ele></trkpt><trkpt lat="32.2387840" lon="-97.5981930"><ele>264.0</ele></trkpt><trkpt lat="32.2387680" lon="-97.5981890"><ele>264.0</ele></trkpt><trkpt lat="32.2387510" lon="-97.5981840"><ele>264.0</ele></trkpt><trkpt lat="32.2387340" lon="-97.5981820"><ele>264.0</ele></trkpt><trkpt lat="32.2387170" lon="-97.5981800"><ele>265.0</ele></trkpt><trkpt lat="32.2387000" lon="-97.5981830"><ele>265.0</ele></trkpt><trkpt lat="32.2386830" lon="-97.5981870"><ele>266.0</ele></trkpt><trkpt lat="32.2386680" lon="-97.5981990"><ele>266.0</ele></trkpt><trkpt lat="32.2386520" lon="-97.5982110"><ele>266.0</ele></trkpt><trkpt lat="32.2386380" lon="-97.5982270"><ele>266.0</ele></trkpt><trkpt lat="32.2386250" lon="-97.5982440"><ele>266.0</ele></trkpt><trkpt lat="32.2386110" lon="-97.5982620"><ele>266.0</ele></trkpt><trkpt lat="32.2385980" lon="-97.5982790"><ele>266.0</ele></trkpt><trkpt lat="32.2385840" lon="-97.5982970"><ele>266.0</ele></trkpt><trkpt lat="32.2385700" lon="-97.5983160"><ele>266.0</ele></trkpt><trkpt lat="32.2385540" lon="-97.5983330"><ele>266.0</ele></trkpt><trkpt lat="32.2385380" lon="-97.5983510"><ele>266.0</ele></trkpt><trkpt lat="32.2385210" lon="-97.5983680"><ele>266.0</ele></trkpt><trkpt lat="32.2385030" lon="-97.5983850"><ele>266.0</ele></trkpt><trkpt lat="32.2384830" lon="-97.5984010"><ele>266.0</ele></trkpt><trkpt lat="32.2384640" lon="-97.5984170"><ele>266.0</ele></trkpt><trkpt lat="32.2384420" lon="-97.5984310"><ele>266.0</ele></trkpt><trkpt lat="32.2384210" lon="-97.5984460"><ele>266.0</ele></trkpt><trkpt lat="32.2383990" lon="-97.5984610"><ele>266.0</ele></trkpt><trkpt lat="32.2383780" lon="-97.5984770"><ele>266.0</ele></trkpt><trkpt lat="32.2383580" lon="-97.5984950"><ele>266.0</ele></trkpt><trkpt lat="32.2383390" lon="-97.5985130"><ele>266.0</ele></trkpt><trkpt lat="32.2383210" lon="-97.5985310"><ele>266.0</ele></trkpt><trkpt lat="32.2383040" lon="-97.5985490"><ele>266.0</ele></trkpt><trkpt lat="32.2382850" lon="-97.5985630"><ele>266.0</ele></trkpt><trkpt lat="32.2382660" lon="-97.5985770"><ele>266.0</ele></trkpt><trkpt lat="32.2382440" lon="-97.5985860"><ele>266.0</ele></trkpt><trkpt lat="32.2382230" lon="-97.5985950"><ele>266.0</ele></trkpt><trkpt lat="32.2382010" lon="-97.5986040"><ele>266.0</ele></trkpt><trkpt lat="32.2381800" lon="-97.5986120"><ele>266.0</ele></trkpt><trkpt lat="32.2381590" lon="-97.5986210"><ele>266.0</ele></trkpt><trkpt lat="32.2381380" lon="-97.5986290"><ele>266.0</ele></trkpt><trkpt lat="32.2381170" lon="-97.5986400"><ele>265.0</ele></trkpt><trkpt lat="32.2380960" lon="-97.5986510"><ele>265.0</ele></trkpt><trkpt lat="32.2380770" lon="-97.5986630"><ele>265.0</ele></trkpt><trkpt lat="32.2380570" lon="-97.5986750"><ele>265.0</ele></trkpt><trkpt lat="32.2380390" lon="-97.5986870"><ele>265.0</ele></trkpt><trkpt lat="32.2380210" lon="-97.5987000"><ele>265.0</ele></trkpt><trkpt lat="32.2380060" lon="-97.5987130"><ele>265.0</ele></trkpt><trkpt lat="32.2379910" lon="-97.5987270"><ele>265.0</ele></trkpt><trkpt lat="32.2379750" lon="-97.5987410"><ele>265.0</ele></trkpt><trkpt lat="32.2379600" lon="-97.5987560"><ele>265.0</ele></trkpt><trkpt lat="32.2379450" lon="-97.5987690"><ele>265.0</ele></trkpt><trkpt lat="32.2379290" lon="-97.5987820"><ele>265.0</ele></trkpt><trkpt lat="32.2379140" lon="-97.5987930"><ele>265.0</ele></trkpt><trkpt lat="32.2378990" lon="-97.5988040"><ele>265.0</ele></trkpt><trkpt lat="32.2378830" lon="-97.5988120"><ele>265.0</ele></trkpt><trkpt lat="32.2378660" lon="-97.5988200"><ele>265.0</ele></trkpt><trkpt lat="32.2378480" lon="-97.5988250"><ele>265.0</ele></trkpt><trkpt lat="32.2378290" lon="-97.5988300"><ele>265.0</ele></trkpt><trkpt lat="32.2378090" lon="-97.5988320"><ele>265.0</ele></trkpt><trkpt lat="32.2377890" lon="-97.5988330"><ele>265.0</ele></trkpt><trkpt lat="32.2377680" lon="-97.5988310"><ele>265.0</ele></trkpt><trkpt lat="32.2377470" lon="-97.5988290"><ele>265.0</ele></trkpt><trkpt lat="32.2377250" lon="-97.5988290"><ele>265.0</ele></trkpt><trkpt lat="32.2377040" lon="-97.5988290"><ele>265.0</ele></trkpt><trkpt lat="32.2376810" lon="-97.5988310"><ele>265.0</ele></trkpt><trkpt lat="32.2376580" lon="-97.5988330"><ele>265.0</ele></trkpt><trkpt lat="32.2376340" lon="-97.5988360"><ele>265.0</ele></trkpt><trkpt lat="32.2376110" lon="-97.5988390"><ele>265.0</ele></trkpt><trkpt lat="32.2375860" lon="-97.5988420"><ele>265.0</ele></trkpt><trkpt lat="32.2375610" lon="-97.5988440"><ele>266.0</ele></trkpt><trkpt lat="32.2375330" lon="-97.5988480"><ele>266.0</ele></trkpt><trkpt lat="32.2375060" lon="-97.5988510"><ele>266.0</ele></trkpt><trkpt lat="32.2374780" lon="-97.5988560"><ele>266.0</ele></trkpt><trkpt lat="32.2374490" lon="-97.5988610"><ele>266.0</ele></trkpt><trkpt lat="32.2374220" lon="-97.5988650"><ele>266.0</ele></trkpt><trkpt lat="32.2373950" lon="-97.5988700"><ele>266.0</ele></trkpt><trkpt lat="32.2373680" lon="-97.5988730"><ele>266.0</ele></trkpt><trkpt lat="32.2373420" lon="-97.5988780"><ele>266.0</ele></trkpt><trkpt lat="32.2373180" lon="-97.5988800"><ele>266.0</ele></trkpt><trkpt lat="32.2372940" lon="-97.5988830"><ele>267.0</ele></trkpt><trkpt lat="32.2372700" lon="-97.5988850"><ele>267.0</ele></trkpt><trkpt lat="32.2372450" lon="-97.5988880"><ele>267.0</ele></trkpt><trkpt lat="32.2372200" lon="-97.5988900"><ele>267.0</ele></trkpt><trkpt lat="32.2371950" lon="-97.5988920"><ele>267.0</ele></trkpt><trkpt lat="32.2371690" lon="-97.5988910"><ele>267.0</ele></trkpt><trkpt lat="32.2371440" lon="-97.5988900"><ele>266.0</ele></trkpt><trkpt lat="32.2371180" lon="-97.5988860"><ele>266.0</ele></trkpt><trkpt lat="32.2370910" lon="-97.5988820"><ele>266.0</ele></trkpt><trkpt lat="32.2370650" lon="-97.5988790"><ele>266.0</ele></trkpt><trkpt lat="32.2370390" lon="-97.5988750"><ele>266.0</ele></trkpt><trkpt lat="32.2370130" lon="-97.5988740"><ele>266.0</ele></trkpt><trkpt lat="32.2369880" lon="-97.5988720"><ele>266.0</ele></trkpt><trkpt lat="32.2369650" lon="-97.5988730"><ele>266.0</ele></trkpt><trkpt lat="32.2369420" lon="-97.5988730"><ele>266.0</ele></trkpt><trkpt lat="32.2369210" lon="-97.5988730"><ele>266.0</ele></trkpt><trkpt lat="32.2369010" lon="-97.5988740"><ele>266.0</ele></trkpt><trkpt lat="32.2368820" lon="-97.5988720"><ele>266.0</ele></trkpt><trkpt lat="32.2368630" lon="-97.5988720"><ele>266.0</ele></trkpt><trkpt lat="32.2368450" lon="-97.5988700"><ele>266.0</ele></trkpt><trkpt lat="32.2368280" lon="-97.5988680"><ele>266.0</ele></trkpt><trkpt lat="32.2368110" lon="-97.5988670"><ele>266.0</ele></trkpt><trkpt lat="32.2367950" lon="-97.5988670"><ele>266.0</ele></trkpt><trkpt lat="32.2367800" lon="-97.5988670"><ele>266.0</ele></trkpt><trkpt lat="32.2367650" lon="-97.5988670"><ele>266.0</ele></trkpt><trkpt lat="32.2367480" lon="-97.5988700"><ele>266.0</ele></trkpt><trkpt lat="32.2367320" lon="-97.5988720"><ele>266.0</ele></trkpt><trkpt lat="32.2367140" lon="-97.5988770"><ele>266.0</ele></trkpt><trkpt lat="32.2366970" lon="-97.5988820"><ele>266.0</ele></trkpt><trkpt lat="32.2366820" lon="-97.5988880"><ele>266.0</ele></trkpt><trkpt lat="32.2366670" lon="-97.5988960"><ele>266.0</ele></trkpt><trkpt lat="32.2366520" lon="-97.5989010"><ele>266.0</ele></trkpt><trkpt lat="32.2366380" lon="-97.5989060"><ele>266.0</ele></trkpt><trkpt lat="32.2366200" lon="-97.5989060"><ele>266.0</ele></trkpt><trkpt lat="32.2366020" lon="-97.5989070"><ele>266.0</ele></trkpt><trkpt lat="32.2365820" lon="-97.5989060"><ele>267.0</ele></trkpt><trkpt lat="32.2365620" lon="-97.5989050"><ele>267.0</ele></trkpt><trkpt lat="32.2365410" lon="-97.5989020"><ele>267.0</ele></trkpt><trkpt lat="32.2365210" lon="-97.5988990"><ele>267.0</ele></trkpt><trkpt lat="32.2364990" lon="-97.5988950"><ele>267.0</ele></trkpt><trkpt lat="32.2364770" lon="-97.5988910"><ele>267.0</ele></trkpt><trkpt lat="32.2364570" lon="-97.5988850"><ele>267.0</ele></trkpt><trkpt lat="32.2364360" lon="-97.5988780"><ele>267.0</ele></trkpt><trkpt lat="32.2364190" lon="-97.5988670"><ele>267.0</ele></trkpt><trkpt lat="32.2364020" lon="-97.5988570"><ele>267.0</ele></trkpt><trkpt lat="32.2363850" lon="-97.5988430"><ele>267.0</ele></trkpt><trkpt lat="32.2363680" lon="-97.5988290"><ele>267.0</ele></trkpt><trkpt lat="32.2363460" lon="-97.5988160"><ele>267.0</ele></trkpt><trkpt lat="32.2363240" lon="-97.5988030"><ele>267.0</ele></trkpt><trkpt lat="32.2362980" lon="-97.5987930"><ele>267.0</ele></trkpt><trkpt lat="32.2362720" lon="-97.5987820"><ele>267.0</ele></trkpt><trkpt lat="32.2362470" lon="-97.5987740"><ele>267.0</ele></trkpt><trkpt lat="32.2362210" lon="-97.5987660"><ele>267.0</ele></trkpt><trkpt lat="32.2361980" lon="-97.5987590"><ele>267.0</ele></trkpt><trkpt lat="32.2361750" lon="-97.5987530"><ele>267.0</ele></trkpt><trkpt lat="32.2361560" lon="-97.5987450"><ele>267.0</ele></trkpt><trkpt lat="32.2361360" lon="-97.5987370"><ele>267.0</ele></trkpt><trkpt lat="32.2361150" lon="-97.5987250"><ele>267.0</ele></trkpt><trkpt lat="32.2360950" lon="-97.5987130"><ele>267.0</ele></trkpt><trkpt lat="32.2360710" lon="-97.5986990"><ele>267.0</ele></trkpt><trkpt lat="32.2360480" lon="-97.5986840"><ele>268.0</ele></trkpt><trkpt lat="32.2360220" lon="-97.5986700"><ele>268.0</ele></trkpt><trkpt lat="32.2359960" lon="-97.5986560"><ele>268.0</ele></trkpt><trkpt lat="32.2359670" lon="-97.5986470"><ele>268.0</ele></trkpt><trkpt lat="32.2359390" lon="-97.5986370"><ele>268.0</ele></trkpt><trkpt lat="32.2359110" lon="-97.5986320"><ele>268.0</ele></trkpt><trkpt lat="32.2358830" lon="-97.5986270"><ele>267.0</ele></trkpt><trkpt lat="32.2358560" lon="-97.5986260"><ele>267.0</ele></trkpt><trkpt lat="32.2358300" lon="-97.5986250"><ele>267.0</ele></trkpt><trkpt lat="32.2358060" lon="-97.5986250"><ele>267.0</ele></trkpt><trkpt lat="32.2357820" lon="-97.5986250"><ele>267.0</ele></trkpt><trkpt lat="32.2357600" lon="-97.5986250"><ele>267.0</ele></trkpt><trkpt lat="32.2357370" lon="-97.5986250"><ele>267.0</ele></trkpt><trkpt lat="32.2357150" lon="-97.5986240"><ele>267.0</ele></trkpt><trkpt lat="32.2356930" lon="-97.5986240"><ele>267.0</ele></trkpt><trkpt lat="32.2356710" lon="-97.5986220"><ele>267.0</ele></trkpt><trkpt lat="32.2356490" lon="-97.5986200"><ele>267.0</ele></trkpt><trkpt lat="32.2356260" lon="-97.5986170"><ele>267.0</ele></trkpt><trkpt lat="32.2356030" lon="-97.5986140"><ele>267.0</ele></trkpt><trkpt lat="32.2355790" lon="-97.5986110"><ele>267.0</ele></trkpt><trkpt lat="32.2355560" lon="-97.5986090"><ele>267.0</ele></trkpt><trkpt lat="32.2355340" lon="-97.5986070"><ele>267.0</ele></trkpt><trkpt lat="32.2355110" lon="-97.5986060"><ele>267.0</ele></trkpt><trkpt lat="32.2354890" lon="-97.5986070"><ele>267.0</ele></trkpt><trkpt lat="32.2354670" lon="-97.5986080"><ele>267.0</ele></trkpt><trkpt lat="32.2354460" lon="-97.5986090"><ele>267.0</ele></trkpt><trkpt lat="32.2354240" lon="-97.5986100"><ele>267.0</ele></trkpt><trkpt lat="32.2354050" lon="-97.5986090"><ele>267.0</ele></trkpt><trkpt lat="32.2353860" lon="-97.5986070"><ele>267.0</ele></trkpt><trkpt lat="32.2353680" lon="-97.5986010"><ele>267.0</ele></trkpt><trkpt lat="32.2353490" lon="-97.5985950"><ele>267.0</ele></trkpt><trkpt lat="32.2353300" lon="-97.5985860"><ele>267.0</ele></trkpt><trkpt lat="32.2353100" lon="-97.5985770"><ele>267.0</ele></trkpt><trkpt lat="32.2352900" lon="-97.5985670"><ele>267.0</ele></trkpt><trkpt lat="32.2352700" lon="-97.5985560"><ele>267.0</ele></trkpt><trkpt lat="32.2352510" lon="-97.5985480"><ele>267.0</ele></trkpt><trkpt lat="32.2352320" lon="-97.5985390"><ele>267.0</ele></trkpt><trkpt lat="32.2352160" lon="-97.5985280"><ele>267.0</ele></trkpt><trkpt lat="32.2352000" lon="-97.5985170"><ele>267.0</ele></trkpt><trkpt lat="32.2351890" lon="-97.5985000"><ele>267.0</ele></trkpt><trkpt lat="32.2351780" lon="-97.5984840"><ele>268.0</ele></trkpt><trkpt lat="32.2351670" lon="-97.5984640"><ele>268.0</ele></trkpt><trkpt lat="32.2351550" lon="-97.5984450"><ele>268.0</ele></trkpt><trkpt lat="32.2351410" lon="-97.5984250"><ele>268.0</ele></trkpt><trkpt lat="32.2351270" lon="-97.5984050"><ele>268.0</ele></trkpt><trkpt lat="32.2351110" lon="-97.5983870"><ele>268.0</ele></trkpt><trkpt lat="32.2350950" lon="-97.5983700"><ele>268.0</ele></trkpt><trkpt lat="32.2350760" lon="-97.5983560"><ele>268.0</ele></trkpt><trkpt lat="32.2350570" lon="-97.5983420"><ele>268.0</ele></trkpt><trkpt lat="32.2350390" lon="-97.5983280"><ele>268.0</ele></trkpt><trkpt lat="32.2350210" lon="-97.5983140"><ele>268.0</ele></trkpt><trkpt lat="32.2350060" lon="-97.5982970"><ele>268.0</ele></trkpt><trkpt lat="32.2349910" lon="-97.5982810"><ele>268.0</ele></trkpt><trkpt lat="32.2349780" lon="-97.5982630"><ele>268.0</ele></trkpt><trkpt lat="32.2349650" lon="-97.5982450"><ele>268.0</ele></trkpt><trkpt lat="32.2349520" lon="-97.5982240"><ele>268.0</ele></trkpt><trkpt lat="32.2349400" lon="-97.5982040"><ele>268.0</ele></trkpt><trkpt lat="32.2349300" lon="-97.5981800"><ele>268.0</ele></trkpt><trkpt lat="32.2349210" lon="-97.5981570"><ele>268.0</ele></trkpt><trkpt lat="32.2349120" lon="-97.5981310"><ele>268.0</ele></trkpt><trkpt lat="32.2349040" lon="-97.5981050"><ele>268.0</ele></trkpt><trkpt lat="32.2348960" lon="-97.5980780"><ele>267.0</ele></trkpt><trkpt lat="32.2348870" lon="-97.5980510"><ele>267.0</ele></trkpt><trkpt lat="32.2348780" lon="-97.5980240"><ele>267.0</ele></trkpt><trkpt lat="32.2348690" lon="-97.5979980"><ele>267.0</ele></trkpt><trkpt lat="32.2348570" lon="-97.5979730"><ele>267.0</ele></trkpt><trkpt lat="32.2348450" lon="-97.5979480"><ele>267.0</ele></trkpt><trkpt lat="32.2348340" lon="-97.5979240"><ele>267.0</ele></trkpt><trkpt lat="32.2348220" lon="-97.5979000"><ele>267.0</ele></trkpt><trkpt lat="32.2348140" lon="-97.5978740"><ele>267.0</ele></trkpt><trkpt lat="32.2348060" lon="-97.5978480"><ele>267.0</ele></trkpt><trkpt lat="32.2348010" lon="-97.5978180"><ele>267.0</ele></trkpt><trkpt lat="32.2347960" lon="-97.5977890"><ele>267.0</ele></trkpt><trkpt lat="32.2347960" lon="-97.5977560"><ele>267.0</ele></trkpt><trkpt lat="32.2347950" lon="-97.5977230"><ele>267.0</ele></trkpt><trkpt lat="32.2347980" lon="-97.5976870"><ele>267.0</ele></trkpt><trkpt lat="32.2348010" lon="-97.5976510"><ele>266.0</ele></trkpt><trkpt lat="32.2348040" lon="-97.5976130"><ele>266.0</ele></trkpt><trkpt lat="32.2348060" lon="-97.5975760"><ele>266.0</ele></trkpt><trkpt lat="32.2348030" lon="-97.5975400"><ele>266.0</ele></trkpt><trkpt lat="32.2348010" lon="-97.5975040"><ele>266.0</ele></trkpt><trkpt lat="32.2347960" lon="-97.5974720"><ele>266.0</ele></trkpt><trkpt lat="32.2347920" lon="-97.5974390"><ele>266.0</ele></trkpt><trkpt lat="32.2347940" lon="-97.5974080"><ele>266.0</ele></trkpt><trkpt lat="32.2347970" lon="-97.5973770"><ele>266.0</ele></trkpt><trkpt lat="32.2347980" lon="-97.5973440"><ele>266.0</ele></trkpt><trkpt lat="32.2348000" lon="-97.5973100"><ele>265.0</ele></trkpt><trkpt lat="32.2347980" lon="-97.5972750"><ele>265.0</ele></trkpt><trkpt lat="32.2347970" lon="-97.5972400"><ele>264.0</ele></trkpt><trkpt lat="32.2348010" lon="-97.5972130"><ele>264.0</ele></trkpt><trkpt lat="32.2348060" lon="-97.5971860"><ele>264.0</ele></trkpt><trkpt lat="32.2348190" lon="-97.5971780"><ele>263.0</ele></trkpt><trkpt lat="32.2348330" lon="-97.5971710"><ele>263.0</ele></trkpt><trkpt lat="32.2348500" lon="-97.5971820"><ele>262.0</ele></trkpt><trkpt lat="32.2348660" lon="-97.5971920"><ele>262.0</ele></trkpt><trkpt lat="32.2348790" lon="-97.5972060"><ele>262.0</ele></trkpt><trkpt lat="32.2348920" lon="-97.5972200"><ele>261.0</ele></trkpt><trkpt lat="32.2349020" lon="-97.5972330"><ele>261.0</ele></trkpt><trkpt lat="32.2349120" lon="-97.5972460"><ele>260.0</ele></trkpt><trkpt lat="32.2349230" lon="-97.5972600"><ele>260.0</ele></trkpt><trkpt lat="32.2349350" lon="-97.5972730"><ele>260.0</ele></trkpt><trkpt lat="32.2349480" lon="-97.5972880"><ele>259.0</ele></trkpt><trkpt lat="32.2349620" lon="-97.5973040"><ele>259.0</ele></trkpt><trkpt lat="32.2349790" lon="-97.5973220"><ele>258.0</ele></trkpt><trkpt lat="32.2349970" lon="-97.5973400"><ele>258.0</ele></trkpt><trkpt lat="32.2350170" lon="-97.5973610"><ele>258.0</ele></trkpt><trkpt lat="32.2350380" lon="-97.5973820"><ele>257.0</ele></trkpt><trkpt lat="32.2350590" lon="-97.5974040"><ele>257.0</ele></trkpt><trkpt lat="32.2350810" lon="-97.5974250"><ele>256.0</ele></trkpt><trkpt lat="32.2351050" lon="-97.5974450"><ele>256.0</ele></trkpt><trkpt lat="32.2351290" lon="-97.5974660"><ele>256.0</ele></trkpt><trkpt lat="32.2351510" lon="-97.5974840"><ele>256.0</ele></trkpt><trkpt lat="32.2351740" lon="-97.5975010"><ele>256.0</ele></trkpt><trkpt lat="32.2351960" lon="-97.5975140"><ele>256.0</ele></trkpt><trkpt lat="32.2352180" lon="-97.5975270"><ele>256.0</ele></trkpt><trkpt lat="32.2352380" lon="-97.5975250"><ele>256.0</ele></trkpt><trkpt lat="32.2352590" lon="-97.5975230"><ele>256.0</ele></trkpt><trkpt lat="32.2352710" lon="-97.5974980"><ele>256.0</ele></trkpt><trkpt lat="32.2352840" lon="-97.5974730"><ele>256.0</ele></trkpt><trkpt lat="32.2352940" lon="-97.5974370"><ele>256.0</ele></trkpt><trkpt lat="32.2353040" lon="-97.5974010"><ele>256.0</ele></trkpt><trkpt lat="32.2353070" lon="-97.5973640"><ele>255.0</ele></trkpt><trkpt lat="32.2353110" lon="-97.5973270"><ele>255.0</ele></trkpt><trkpt lat="32.2353080" lon="-97.5972930"><ele>255.0</ele></trkpt><trkpt lat="32.2353060" lon="-97.5972590"><ele>255.0</ele></trkpt><trkpt lat="32.2353000" lon="-97.5972300"><ele>255.0</ele></trkpt><trkpt lat="32.2352950" lon="-97.5972010"><ele>254.0</ele></trkpt><trkpt lat="32.2352860" lon="-97.5971780"><ele>253.0</ele></trkpt><trkpt lat="32.2352780" lon="-97.5971550"><ele>252.0</ele></trkpt><trkpt lat="32.2352810" lon="-97.5971390"><ele>251.0</ele></trkpt><trkpt lat="32.2352830" lon="-97.5971230"><ele>251.0</ele></trkpt><trkpt lat="32.2352950" lon="-97.5971080"><ele>250.0</ele></trkpt><trkpt lat="32.2353070" lon="-97.5970930"><ele>250.0</ele></trkpt><trkpt lat="32.2353150" lon="-97.5970670"><ele>249.0</ele></trkpt><trkpt lat="32.2353240" lon="-97.5970410"><ele>249.0</ele></trkpt><trkpt lat="32.2353270" lon="-97.5970070"><ele>249.0</ele></trkpt><trkpt lat="32.2353290" lon="-97.5969740"><ele>248.0</ele></trkpt><trkpt lat="32.2353320" lon="-97.5969380"><ele>247.0</ele></trkpt><trkpt lat="32.2353360" lon="-97.5969010"><ele>247.0</ele></trkpt><trkpt lat="32.2353440" lon="-97.5968640"><ele>246.0</ele></trkpt><trkpt lat="32.2353520" lon="-97.5968270"><ele>246.0</ele></trkpt><trkpt lat="32.2353630" lon="-97.5967930"><ele>245.0</ele></trkpt><trkpt lat="32.2353740" lon="-97.5967590"><ele>245.0</ele></trkpt><trkpt lat="32.2353850" lon="-97.5967280"><ele>244.0</ele></trkpt><trkpt lat="32.2353970" lon="-97.5966970"><ele>244.0</ele></trkpt><trkpt lat="32.2354070" lon="-97.5966680"><ele>244.0</ele></trkpt><trkpt lat="32.2354170" lon="-97.5966390"><ele>243.0</ele></trkpt><trkpt lat="32.2354240" lon="-97.5966120"><ele>243.0</ele></trkpt><trkpt lat="32.2354300" lon="-97.5965860"><ele>243.0</ele></trkpt><trkpt lat="32.2354350" lon="-97.5965610"><ele>243.0</ele></trkpt><trkpt lat="32.2354390" lon="-97.5965360"><ele>243.0</ele></trkpt><trkpt lat="32.2354450" lon="-97.5965130"><ele>242.0</ele></trkpt><trkpt lat="32.2354500" lon="-97.5964890"><ele>241.0</ele></trkpt><trkpt lat="32.2354640" lon="-97.5964690"><ele>241.0</ele></trkpt><trkpt lat="32.2354780" lon="-97.5964490"><ele>240.0</ele></trkpt><trkpt lat="32.2355010" lon="-97.5964360"><ele>240.0</ele></trkpt><trkpt lat="32.2355230" lon="-97.5964240"><ele>239.0</ele></trkpt><trkpt lat="32.2355500" lon="-97.5964210"><ele>239.0</ele></trkpt><trkpt lat="32.2355770" lon="-97.5964190"><ele>239.0</ele></trkpt><trkpt lat="32.2356040" lon="-97.5964230"><ele>239.0</ele></trkpt><trkpt lat="32.2356310" lon="-97.5964280"><ele>239.0</ele></trkpt><trkpt lat="32.2356550" lon="-97.5964330"><ele>238.0</ele></trkpt><trkpt lat="32.2356800" lon="-97.5964370"><ele>238.0</ele></trkpt><trkpt lat="32.2357010" lon="-97.5964420"><ele>237.0</ele></trkpt><trkpt lat="32.2357230" lon="-97.5964470"><ele>237.0</ele></trkpt><trkpt lat="32.2357420" lon="-97.5964530"><ele>237.0</ele></trkpt><trkpt lat="32.2357620" lon="-97.5964590"><ele>237.0</ele></trkpt><trkpt lat="32.2357790" lon="-97.5964640"><ele>237.0</ele></trkpt><trkpt lat="32.2357970" lon="-97.5964700"><ele>237.0</ele></trkpt><trkpt lat="32.2358140" lon="-97.5964760"><ele>237.0</ele></trkpt><trkpt lat="32.2358300" lon="-97.5964820"><ele>237.0</ele></trkpt><trkpt lat="32.2358460" lon="-97.5964890"><ele>236.0</ele></trkpt><trkpt lat="32.2358610" lon="-97.5964960"><ele>236.0</ele></trkpt><trkpt lat="32.2358760" lon="-97.5965070"><ele>236.0</ele></trkpt><trkpt lat="32.2358910" lon="-97.5965180"><ele>236.0</ele></trkpt><trkpt lat="32.2359050" lon="-97.5965320"><ele>236.0</ele></trkpt><trkpt lat="32.2359190" lon="-97.5965450"><ele>236.0</ele></trkpt><trkpt lat="32.2359310" lon="-97.5965600"><ele>236.0</ele></trkpt><trkpt lat="32.2359430" lon="-97.5965740"><ele>236.0</ele></trkpt><trkpt lat="32.2359520" lon="-97.5965870"><ele>236.0</ele></trkpt><trkpt lat="32.2359610" lon="-97.5966010"><ele>236.0</ele></trkpt><trkpt lat="32.2359730" lon="-97.5966140"><ele>236.0</ele></trkpt><trkpt lat="32.2359840" lon="-97.5966270"><ele>236.0</ele></trkpt><trkpt lat="32.2360010" lon="-97.5966400"><ele>236.0</ele></trkpt><trkpt lat="32.2360170" lon="-97.5966530"><ele>236.0</ele></trkpt><trkpt lat="32.2360380" lon="-97.5966680"><ele>237.0</ele></trkpt><trkpt lat="32.2360590" lon="-97.5966820"><ele>237.0</ele></trkpt><trkpt lat="32.2360810" lon="-97.5966970"><ele>237.0</ele></trkpt><trkpt lat="32.2361030" lon="-97.5967110"><ele>237.0</ele></trkpt><trkpt lat="32.2361230" lon="-97.5967240"><ele>237.0</ele></trkpt><trkpt lat="32.2361430" lon="-97.5967380"><ele>237.0</ele></trkpt><trkpt lat="32.2361610" lon="-97.5967480"><ele>237.0</ele></trkpt><trkpt lat="32.2361790" lon="-97.5967590"><ele>237.0</ele></trkpt><trkpt lat="32.2361940" lon="-97.5967690"><ele>237.0</ele></trkpt><trkpt lat="32.2362100" lon="-97.5967780"><ele>237.0</ele></trkpt><trkpt lat="32.2362250" lon="-97.5967870"><ele>238.0</ele></trkpt><trkpt lat="32.2362400" lon="-97.5967950"><ele>238.0</ele></trkpt><trkpt lat="32.2362560" lon="-97.5968020"><ele>238.0</ele></trkpt><trkpt lat="32.2362720" lon="-97.5968080"><ele>238.0</ele></trkpt><trkpt lat="32.2362910" lon="-97.5968160"><ele>238.0</ele></trkpt><trkpt lat="32.2363090" lon="-97.5968230"><ele>238.0</ele></trkpt><trkpt lat="32.2363250" lon="-97.5968330"><ele>238.0</ele></trkpt><trkpt lat="32.2363410" lon="-97.5968430"><ele>238.0</ele></trkpt><trkpt lat="32.2363540" lon="-97.5968550"><ele>238.0</ele></trkpt><trkpt lat="32.2363680" lon="-97.5968670"><ele>238.0</ele></trkpt><trkpt lat="32.2363810" lon="-97.5968810"><ele>239.0</ele></trkpt><trkpt lat="32.2363950" lon="-97.5968950"><ele>239.0</ele></trkpt><trkpt lat="32.2364090" lon="-97.5969100"><ele>239.0</ele></trkpt><trkpt lat="32.2364230" lon="-97.5969250"><ele>239.0</ele></trkpt><trkpt lat="32.2364390" lon="-97.5969430"><ele>239.0</ele></trkpt><trkpt lat="32.2364550" lon="-97.5969600"><ele>239.0</ele></trkpt><trkpt lat="32.2364720" lon="-97.5969760"><ele>239.0</ele></trkpt><trkpt lat="32.2364890" lon="-97.5969930"><ele>239.0</ele></trkpt><trkpt lat="32.2365050" lon="-97.5970080"><ele>239.0</ele></trkpt><trkpt lat="32.2365220" lon="-97.5970230"><ele>239.0</ele></trkpt><trkpt lat="32.2365380" lon="-97.5970370"><ele>240.0</ele></trkpt><trkpt lat="32.2365540" lon="-97.5970520"><ele>240.0</ele></trkpt><trkpt lat="32.2365700" lon="-97.5970640"><ele>240.0</ele></trkpt><trkpt lat="32.2365860" lon="-97.5970770"><ele>240.0</ele></trkpt><trkpt lat="32.2366040" lon="-97.5970900"><ele>240.0</ele></trkpt><trkpt lat="32.2366230" lon="-97.5971030"><ele>240.0</ele></trkpt><trkpt lat="32.2366420" lon="-97.5971130"><ele>240.0</ele></trkpt><trkpt lat="32.2366610" lon="-97.5971230"><ele>240.0</ele></trkpt><trkpt lat="32.2366800" lon="-97.5971320"><ele>240.0</ele></trkpt><trkpt lat="32.2367000" lon="-97.5971420"><ele>240.0</ele></trkpt><trkpt lat="32.2367190" lon="-97.5971510"><ele>241.0</ele></trkpt><trkpt lat="32.2367380" lon="-97.5971610"><ele>241.0</ele></trkpt><trkpt lat="32.2367560" lon="-97.5971720"><ele>241.0</ele></trkpt><trkpt lat="32.2367750" lon="-97.5971820"><ele>241.0</ele></trkpt><trkpt lat="32.2367920" lon="-97.5971930"><ele>241.0</ele></trkpt><trkpt lat="32.2368090" lon="-97.5972040"><ele>241.0</ele></trkpt><trkpt lat="32.2368280" lon="-97.5972140"><ele>241.0</ele></trkpt><trkpt lat="32.2368460" lon="-97.5972240"><ele>241.0</ele></trkpt><trkpt lat="32.2368660" lon="-97.5972320"><ele>241.0</ele></trkpt><trkpt lat="32.2368870" lon="-97.5972390"><ele>241.0</ele></trkpt><trkpt lat="32.2369100" lon="-97.5972430"><ele>242.0</ele></trkpt><trkpt lat="32.2369330" lon="-97.5972470"><ele>242.0</ele></trkpt><trkpt lat="32.2369580" lon="-97.5972480"><ele>242.0</ele></trkpt><trkpt lat="32.2369820" lon="-97.5972480"><ele>242.0</ele></trkpt><trkpt lat="32.2370060" lon="-97.5972470"><ele>242.0</ele></trkpt><trkpt lat="32.2370300" lon="-97.5972460"><ele>242.0</ele></trkpt><trkpt lat="32.2370550" lon="-97.5972460"><ele>242.0</ele></trkpt><trkpt lat="32.2370800" lon="-97.5972460"><ele>242.0</ele></trkpt><trkpt lat="32.2371040" lon="-97.5972490"><ele>242.0</ele></trkpt><trkpt lat="32.2371290" lon="-97.5972520"><ele>242.0</ele></trkpt><trkpt lat="32.2371530" lon="-97.5972590"><ele>243.0</ele></trkpt><trkpt lat="32.2371770" lon="-97.5972660"><ele>243.0</ele></trkpt><trkpt lat="32.2371980" lon="-97.5972770"><ele>243.0</ele></trkpt><trkpt lat="32.2372200" lon="-97.5972870"><ele>243.0</ele></trkpt><trkpt lat="32.2372370" lon="-97.5973000"><ele>243.0</ele></trkpt><trkpt lat="32.2372550" lon="-97.5973120"><ele>243.0</ele></trkpt><trkpt lat="32.2372670" lon="-97.5973250"><ele>243.0</ele></trkpt><trkpt lat="32.2372790" lon="-97.5973370"><ele>243.0</ele></trkpt><trkpt lat="32.2372910" lon="-97.5973490"><ele>243.0</ele></trkpt><trkpt lat="32.2373020" lon="-97.5973620"><ele>243.0</ele></trkpt><trkpt lat="32.2373190" lon="-97.5973760"><ele>244.0</ele></trkpt><trkpt lat="32.2373350" lon="-97.5973900"><ele>244.0</ele></trkpt><trkpt lat="32.2373550" lon="-97.5974040"><ele>244.0</ele></trkpt><trkpt lat="32.2373750" lon="-97.5974180"><ele>244.0</ele></trkpt><trkpt lat="32.2373950" lon="-97.5974310"><ele>244.0</ele></trkpt><trkpt lat="32.2374160" lon="-97.5974440"><ele>244.0</ele></trkpt><trkpt lat="32.2374350" lon="-97.5974560"><ele>244.0</ele></trkpt><trkpt lat="32.2374550" lon="-97.5974680"><ele>244.0</ele></trkpt><trkpt lat="32.2374720" lon="-97.5974770"><ele>244.0</ele></trkpt><trkpt lat="32.2374890" lon="-97.5974860"><ele>244.0</ele></trkpt><trkpt lat="32.2375030" lon="-97.5974970"><ele>245.0</ele></trkpt><trkpt lat="32.2375180" lon="-97.5975070"><ele>245.0</ele></trkpt><trkpt lat="32.2375330" lon="-97.5975210"><ele>245.0</ele></trkpt><trkpt lat="32.2375480" lon="-97.5975350"><ele>245.0</ele></trkpt><trkpt lat="32.2375640" lon="-97.5975520"><ele>245.0</ele></trkpt><trkpt lat="32.2375800" lon="-97.5975690"><ele>245.0</ele></trkpt><trkpt lat="32.2375970" lon="-97.5975850"><ele>245.0</ele></trkpt><trkpt lat="32.2376140" lon="-97.5976020"><ele>245.0</ele></trkpt><trkpt lat="32.2376340" lon="-97.5976160"><ele>245.0</ele></trkpt><trkpt lat="32.2376540" lon="-97.5976300"><ele>245.0</ele></trkpt><trkpt lat="32.2376730" lon="-97.5976420"><ele>245.0</ele></trkpt><trkpt lat="32.2376930" lon="-97.5976540"><ele>245.0</ele></trkpt><trkpt lat="32.2377100" lon="-97.5976630"><ele>245.0</ele></trkpt><trkpt lat="32.2377280" lon="-97.5976720"><ele>245.0</ele></trkpt><trkpt lat="32.2377450" lon="-97.5976790"><ele>245.0</ele></trkpt><trkpt lat="32.2377630" lon="-97.5976850"><ele>246.0</ele></trkpt><trkpt lat="32.2377820" lon="-97.5976890"><ele>246.0</ele></trkpt><trkpt lat="32.2378010" lon="-97.5976930"><ele>246.0</ele></trkpt><trkpt lat="32.2378240" lon="-97.5976960"><ele>246.0</ele></trkpt><trkpt lat="32.2378460" lon="-97.5976980"><ele>246.0</ele></trkpt><trkpt lat="32.2378690" lon="-97.5976990"><ele>246.0</ele></trkpt><trkpt lat="32.2378930" lon="-97.5977000"><ele>246.0</ele></trkpt><trkpt lat="32.2379180" lon="-97.5977010"><ele>246.0</ele></trkpt><trkpt lat="32.2379440" lon="-97.5977020"><ele>246.0</ele></trkpt><trkpt lat="32.2379680" lon="-97.5977020"><ele>246.0</ele></trkpt><trkpt lat="32.2379930" lon="-97.5977020"><ele>247.0</ele></trkpt><trkpt lat="32.2380170" lon="-97.5976980"><ele>247.0</ele></trkpt><trkpt lat="32.2380400" lon="-97.5976950"><ele>247.0</ele></trkpt><trkpt lat="32.2380630" lon="-97.5976840"><ele>247.0</ele></trkpt><trkpt lat="32.2380870" lon="-97.5976730"><ele>247.0</ele></trkpt><trkpt lat="32.2381100" lon="-97.5976540"><ele>247.0</ele></trkpt><trkpt lat="32.2381330" lon="-97.5976360"><ele>247.0</ele></trkpt><trkpt lat="32.2381550" lon="-97.5976160"><ele>247.0</ele></trkpt><trkpt lat="32.2381770" lon="-97.5975950"><ele>247.0</ele></trkpt><trkpt lat="32.2381960" lon="-97.5975750"><ele>247.0</ele></trkpt><trkpt lat="32.2382150" lon="-97.5975540"><ele>247.0</ele></trkpt><trkpt lat="32.2382330" lon="-97.5975330"><ele>247.0</ele></trkpt><trkpt lat="32.2382510" lon="-97.5975130"><ele>247.0</ele></trkpt><trkpt lat="32.2382680" lon="-97.5974920"><ele>247.0</ele></trkpt><trkpt lat="32.2382850" lon="-97.5974710"><ele>247.0</ele></trkpt><trkpt lat="32.2383020" lon="-97.5974510"><ele>248.0</ele></trkpt><trkpt lat="32.2383190" lon="-97.5974320"><ele>248.0</ele></trkpt><trkpt lat="32.2383360" lon="-97.5974140"><ele>248.0</ele></trkpt><trkpt lat="32.2383540" lon="-97.5973960"><ele>248.0</ele></trkpt><trkpt lat="32.2383700" lon="-97.5973790"><ele>248.0</ele></trkpt><trkpt lat="32.2383870" lon="-97.5973610"><ele>248.0</ele></trkpt><trkpt lat="32.2384030" lon="-97.5973450"><ele>248.0</ele></trkpt><trkpt lat="32.2384190" lon="-97.5973290"><ele>248.0</ele></trkpt><trkpt lat="32.2384370" lon="-97.5973140"><ele>248.0</ele></trkpt><trkpt lat="32.2384540" lon="-97.5973000"><ele>248.0</ele></trkpt><trkpt lat="32.2384730" lon="-97.5972870"><ele>248.0</ele></trkpt><trkpt lat="32.2384920" lon="-97.5972740"><ele>248.0</ele></trkpt><trkpt lat="32.2385110" lon="-97.5972640"><ele>248.0</ele></trkpt><trkpt lat="32.2385290" lon="-97.5972540"><ele>248.0</ele></trkpt><trkpt lat="32.2385470" lon="-97.5972480"><ele>248.0</ele></trkpt><trkpt lat="32.2385650" lon="-97.5972410"><ele>248.0</ele></trkpt><trkpt lat="32.2385850" lon="-97.5972350"><ele>248.0</ele></trkpt><trkpt lat="32.2386050" lon="-97.5972300"><ele>248.0</ele></trkpt><trkpt lat="32.2386260" lon="-97.5972250"><ele>248.0</ele></trkpt><trkpt lat="32.2386460" lon="-97.5972210"><ele>248.0</ele></trkpt><trkpt lat="32.2386660" lon="-97.5972200"><ele>248.0</ele></trkpt><trkpt lat="32.2386860" lon="-97.5972180"><ele>247.0</ele></trkpt><trkpt lat="32.2387060" lon="-97.5972200"><ele>247.0</ele></trkpt><trkpt lat="32.2387260" lon="-97.5972220"><ele>247.0</ele></trkpt><trkpt lat="32.2387480" lon="-97.5972250"><ele>247.0</ele></trkpt><trkpt lat="32.2387690" lon="-97.5972280"><ele>247.0</ele></trkpt><trkpt lat="32.2387900" lon="-97.5972310"><ele>247.0</ele></trkpt><trkpt lat="32.2388120" lon="-97.5972340"><ele>247.0</ele></trkpt><trkpt lat="32.2388330" lon="-97.5972360"><ele>247.0</ele></trkpt><trkpt lat="32.2388550" lon="-97.5972380"><ele>247.0</ele></trkpt><trkpt lat="32.2388740" lon="-97.5972390"><ele>248.0</ele></trkpt><trkpt lat="32.2388940" lon="-97.5972400"><ele>248.0</ele></trkpt><trkpt lat="32.2389160" lon="-97.5972390"><ele>248.0</ele></trkpt><trkpt lat="32.2389370" lon="-97.5972380"><ele>248.0</ele></trkpt><trkpt lat="32.2389610" lon="-97.5972370"><ele>248.0</ele></trkpt><trkpt lat="32.2389850" lon="-97.5972360"><ele>248.0</ele></trkpt><trkpt lat="32.2390100" lon="-97.5972390"><ele>248.0</ele></trkpt><trkpt lat="32.2390360" lon="-97.5972420"><ele>248.0</ele></trkpt><trkpt lat="32.2390620" lon="-97.5972500"><ele>248.0</ele></trkpt><trkpt lat="32.2390880" lon="-97.5972590"><ele>248.0</ele></trkpt><trkpt lat="32.2391120" lon="-97.5972690"><ele>248.0</ele></trkpt><trkpt lat="32.2391370" lon="-97.5972800"><ele>248.0</ele></trkpt><trkpt lat="32.2391590" lon="-97.5972900"><ele>248.0</ele></trkpt><trkpt lat="32.2391810" lon="-97.5973000"><ele>248.0</ele></trkpt><trkpt lat="32.2392010" lon="-97.5973090"><ele>248.0</ele></trkpt><trkpt lat="32.2392210" lon="-97.5973180"><ele>248.0</ele></trkpt><trkpt lat="32.2392370" lon="-97.5973270"><ele>247.0</ele></trkpt><trkpt lat="32.2392540" lon="-97.5973360"><ele>247.0</ele></trkpt><trkpt lat="32.2392680" lon="-97.5973460"><ele>247.0</ele></trkpt><trkpt lat="32.2392830" lon="-97.5973560"><ele>247.0</ele></trkpt><trkpt lat="32.2392980" lon="-97.5973660"><ele>247.0</ele></trkpt><trkpt lat="32.2393130" lon="-97.5973760"><ele>246.0</ele></trkpt><trkpt lat="32.2393300" lon="-97.5973870"><ele>246.0</ele></trkpt><trkpt lat="32.2393470" lon="-97.5973980"><ele>246.0</ele></trkpt><trkpt lat="32.2393670" lon="-97.5974100"><ele>246.0</ele></trkpt><trkpt lat="32.2393860" lon="-97.5974220"><ele>246.0</ele></trkpt><trkpt lat="32.2394060" lon="-97.5974340"><ele>246.0</ele></trkpt><trkpt lat="32.2394260" lon="-97.5974470"><ele>246.0</ele></trkpt><trkpt lat="32.2394440" lon="-97.5974590"><ele>246.0</ele></trkpt><trkpt lat="32.2394610" lon="-97.5974710"><ele>246.0</ele></trkpt><trkpt lat="32.2394810" lon="-97.5974810"><ele>246.0</ele></trkpt><trkpt lat="32.2395020" lon="-97.5974920"><ele>246.0</ele></trkpt><trkpt lat="32.2395270" lon="-97.5974980"><ele>246.0</ele></trkpt><trkpt lat="32.2395520" lon="-97.5975050"><ele>246.0</ele></trkpt><trkpt lat="32.2395790" lon="-97.5975090"><ele>246.0</ele></trkpt><trkpt lat="32.2396070" lon="-97.5975130"><ele>246.0</ele></trkpt><trkpt lat="32.2396340" lon="-97.5975140"><ele>246.0</ele></trkpt><trkpt lat="32.2396620" lon="-97.5975160"><ele>246.0</ele></trkpt><trkpt lat="32.2396890" lon="-97.5975150"><ele>246.0</ele></trkpt><trkpt lat="32.2397160" lon="-97.5975150"><ele>246.0</ele></trkpt><trkpt lat="32.2397410" lon="-97.5975120"><ele>246.0</ele></trkpt><trkpt lat="32.2397670" lon="-97.5975090"><ele>246.0</ele></trkpt><trkpt lat="32.2397910" lon="-97.5975040"><ele>246.0</ele></trkpt><trkpt lat="32.2398150" lon="-97.5974980"><ele>246.0</ele></trkpt><trkpt lat="32.2398370" lon="-97.5974880"><ele>246.0</ele></trkpt><trkpt lat="32.2398590" lon="-97.5974790"><ele>246.0</ele></trkpt><trkpt lat="32.2398800" lon="-97.5974670"><ele>246.0</ele></trkpt><trkpt lat="32.2399010" lon="-97.5974550"><ele>246.0</ele></trkpt><trkpt lat="32.2399230" lon="-97.5974400"><ele>246.0</ele></trkpt><trkpt lat="32.2399440" lon="-97.5974260"><ele>246.0</ele></trkpt><trkpt lat="32.2399640" lon="-97.5974090"><ele>246.0</ele></trkpt><trkpt lat="32.2399840" lon="-97.5973930"><ele>246.0</ele></trkpt><trkpt lat="32.2399990" lon="-97.5973720"><ele>246.0</ele></trkpt><trkpt lat="32.2400140" lon="-97.5973500"><ele>246.0</ele></trkpt><trkpt lat="32.2400230" lon="-97.5973260"><ele>246.0</ele></trkpt><trkpt lat="32.2400320" lon="-97.5973010"><ele>246.0</ele></trkpt><trkpt lat="32.2400340" lon="-97.5972780"><ele>246.0</ele></trkpt><trkpt lat="32.2400360" lon="-97.5972540"><ele>246.0</ele></trkpt><trkpt lat="32.2400300" lon="-97.5972320"><ele>246.0</ele></trkpt><trkpt lat="32.2400250" lon="-97.5972090"><ele>246.0</ele></trkpt><trkpt lat="32.2400150" lon="-97.5971890"><ele>246.0</ele></trkpt><trkpt lat="32.2400060" lon="-97.5971680"><ele>246.0</ele></trkpt><trkpt lat="32.2399930" lon="-97.5971470"><ele>246.0</ele></trkpt><trkpt lat="32.2399810" lon="-97.5971260"><ele>246.0</ele></trkpt><trkpt lat="32.2399680" lon="-97.5971040"><ele>246.0</ele></trkpt><trkpt lat="32.2399560" lon="-97.5970830"><ele>246.0</ele></trkpt><trkpt lat="32.2399460" lon="-97.5970630"><ele>245.0</ele></trkpt><trkpt lat="32.2399370" lon="-97.5970430"><ele>245.0</ele></trkpt><trkpt lat="32.2399270" lon="-97.5970210"><ele>245.0</ele></trkpt><trkpt lat="32.2399170" lon="-97.5970000"><ele>245.0</ele></trkpt><trkpt lat="32.2399050" lon="-97.5969790"><ele>245.0</ele></trkpt><trkpt lat="32.2398920" lon="-97.5969580"><ele>244.0</ele></trkpt><trkpt lat="32.2398790" lon="-97.5969380"><ele>244.0</ele></trkpt><trkpt lat="32.2398650" lon="-97.5969180"><ele>244.0</ele></trkpt><trkpt lat="32.2398520" lon="-97.5968990"><ele>244.0</ele></trkpt><trkpt lat="32.2398400" lon="-97.5968800"><ele>244.0</ele></trkpt><trkpt lat="32.2398270" lon="-97.5968600"><ele>244.0</ele></trkpt><trkpt lat="32.2398140" lon="-97.5968410"><ele>244.0</ele></trkpt><trkpt lat="32.2398020" lon="-97.5968170"><ele>244.0</ele></trkpt><trkpt lat="32.2397900" lon="-97.5967950"><ele>244.0</ele></trkpt><trkpt lat="32.2397760" lon="-97.5967690"><ele>244.0</ele></trkpt><trkpt lat="32.2397630" lon="-97.5967430"><ele>243.0</ele></trkpt><trkpt lat="32.2397480" lon="-97.5967170"><ele>243.0</ele></trkpt><trkpt lat="32.2397320" lon="-97.5966910"><ele>243.0</ele></trkpt><trkpt lat="32.2397160" lon="-97.5966660"><ele>243.0</ele></trkpt><trkpt lat="32.2396990" lon="-97.5966400"><ele>243.0</ele></trkpt><trkpt lat="32.2396810" lon="-97.5966160"><ele>243.0</ele></trkpt><trkpt lat="32.2396640" lon="-97.5965930"><ele>243.0</ele></trkpt><trkpt lat="32.2396450" lon="-97.5965710"><ele>243.0</ele></trkpt><trkpt lat="32.2396260" lon="-97.5965490"><ele>243.0</ele></trkpt><trkpt lat="32.2396080" lon="-97.5965280"><ele>243.0</ele></trkpt><trkpt lat="32.2395900" lon="-97.5965070"><ele>243.0</ele></trkpt><trkpt lat="32.2395740" lon="-97.5964870"><ele>243.0</ele></trkpt><trkpt lat="32.2395580" lon="-97.5964670"><ele>243.0</ele></trkpt><trkpt lat="32.2395480" lon="-97.5964480"><ele>243.0</ele></trkpt><trkpt lat="32.2395390" lon="-97.5964290"><ele>243.0</ele></trkpt><trkpt lat="32.2395390" lon="-97.5964100"><ele>242.0</ele></trkpt><trkpt lat="32.2395400" lon="-97.5963900"><ele>242.0</ele></trkpt><trkpt lat="32.2395480" lon="-97.5963680"><ele>242.0</ele></trkpt><trkpt lat="32.2395560" lon="-97.5963450"><ele>242.0</ele></trkpt><trkpt lat="32.2395680" lon="-97.5963200"><ele>242.0</ele></trkpt><trkpt lat="32.2395790" lon="-97.5962940"><ele>242.0</ele></trkpt><trkpt lat="32.2395920" lon="-97.5962680"><ele>242.0</ele></trkpt><trkpt lat="32.2396050" lon="-97.5962410"><ele>242.0</ele></trkpt><trkpt lat="32.2396200" lon="-97.5962150"><ele>242.0</ele></trkpt><trkpt lat="32.2396350" lon="-97.5961900"><ele>242.0</ele></trkpt><trkpt lat="32.2396490" lon="-97.5961640"><ele>241.0</ele></trkpt><trkpt lat="32.2396640" lon="-97.5961380"><ele>241.0</ele></trkpt><trkpt lat="32.2396750" lon="-97.5961110"><ele>241.0</ele></trkpt><trkpt lat="32.2396860" lon="-97.5960840"><ele>241.0</ele></trkpt><trkpt lat="32.2396910" lon="-97.5960560"><ele>241.0</ele></trkpt><trkpt lat="32.2396950" lon="-97.5960290"><ele>241.0</ele></trkpt><trkpt lat="32.2396950" lon="-97.5959980"><ele>241.0</ele></trkpt><trkpt lat="32.2396950" lon="-97.5959680"><ele>241.0</ele></trkpt><trkpt lat="32.2396910" lon="-97.5959370"><ele>241.0</ele></trkpt><trkpt lat="32.2396860" lon="-97.5959060"><ele>241.0</ele></trkpt><trkpt lat="32.2396800" lon="-97.5958750"><ele>240.0</ele></trkpt><trkpt lat="32.2396740" lon="-97.5958440"><ele>240.0</ele></trkpt><trkpt lat="32.2396660" lon="-97.5958140"><ele>240.0</ele></trkpt><trkpt lat="32.2396590" lon="-97.5957840"><ele>240.0</ele></trkpt><trkpt lat="32.2396510" lon="-97.5957580"><ele>240.0</ele></trkpt><trkpt lat="32.2396430" lon="-97.5957310"><ele>240.0</ele></trkpt><trkpt lat="32.2396300" lon="-97.5957090"><ele>240.0</ele></trkpt><trkpt lat="32.2396170" lon="-97.5956880"><ele>240.0</ele></trkpt><trkpt lat="32.2395990" lon="-97.5956700"><ele>240.0</ele></trkpt><trkpt lat="32.2395810" lon="-97.5956520"><ele>240.0</ele></trkpt><trkpt lat="32.2395610" lon="-97.5956360"><ele>239.0</ele></trkpt><trkpt lat="32.2395400" lon="-97.5956200"><ele>239.0</ele></trkpt><trkpt lat="32.2395180" lon="-97.5956040"><ele>239.0</ele></trkpt><trkpt lat="32.2394960" lon="-97.5955890"><ele>239.0</ele></trkpt><trkpt lat="32.2394750" lon="-97.5955740"><ele>239.0</ele></trkpt><trkpt lat="32.2394540" lon="-97.5955590"><ele>239.0</ele></trkpt><trkpt lat="32.2394340" lon="-97.5955440"><ele>239.0</ele></trkpt><trkpt lat="32.2394150" lon="-97.5955290"><ele>239.0</ele></trkpt><trkpt lat="32.2393950" lon="-97.5955130"><ele>239.0</ele></trkpt><trkpt lat="32.2393760" lon="-97.5954980"><ele>239.0</ele></trkpt><trkpt lat="32.2393580" lon="-97.5954840"><ele>239.0</ele></trkpt><trkpt lat="32.2393390" lon="-97.5954700"><ele>239.0</ele></trkpt><trkpt lat="32.2393180" lon="-97.5954550"><ele>239.0</ele></trkpt><trkpt lat="32.2392970" lon="-97.5954410"><ele>239.0</ele></trkpt><trkpt lat="32.2392740" lon="-97.5954270"><ele>239.0</ele></trkpt><trkpt lat="32.2392510" lon="-97.5954120"><ele>239.0</ele></trkpt><trkpt lat="32.2392290" lon="-97.5953980"><ele>239.0</ele></trkpt><trkpt lat="32.2392070" lon="-97.5953840"><ele>239.0</ele></trkpt><trkpt lat="32.2391870" lon="-97.5953720"><ele>239.0</ele></trkpt><trkpt lat="32.2391670" lon="-97.5953590"><ele>239.0</ele></trkpt><trkpt lat="32.2391480" lon="-97.5953470"><ele>239.0</ele></trkpt><trkpt lat="32.2391280" lon="-97.5953350"><ele>239.0</ele></trkpt><trkpt lat="32.2391070" lon="-97.5953220"><ele>239.0</ele></trkpt><trkpt lat="32.2390860" lon="-97.5953090"><ele>239.0</ele></trkpt><trkpt lat="32.2390650" lon="-97.5952960"><ele>239.0</ele></trkpt><trkpt lat="32.2390440" lon="-97.5952830"><ele>238.0</ele></trkpt><trkpt lat="32.2390250" lon="-97.5952690"><ele>238.0</ele></trkpt><trkpt lat="32.2390060" lon="-97.5952550"><ele>238.0</ele></trkpt><trkpt lat="32.2389860" lon="-97.5952410"><ele>238.0</ele></trkpt><trkpt lat="32.2389670" lon="-97.5952260"><ele>238.0</ele></trkpt><trkpt lat="32.2389480" lon="-97.5952100"><ele>238.0</ele></trkpt><trkpt lat="32.2389280" lon="-97.5951950"><ele>238.0</ele></trkpt><trkpt lat="32.2389090" lon="-97.5951790"><ele>238.0</ele></trkpt><trkpt lat="32.2388900" lon="-97.5951630"><ele>238.0</ele></trkpt><trkpt lat="32.2388700" lon="-97.5951460"><ele>238.0</ele></trkpt><trkpt lat="32.2388510" lon="-97.5951300"><ele>238.0</ele></trkpt><trkpt lat="32.2388320" lon="-97.5951120"><ele>238.0</ele></trkpt><trkpt lat="32.2388130" lon="-97.5950950"><ele>238.0</ele></trkpt><trkpt lat="32.2387940" lon="-97.5950770"><ele>238.0</ele></trkpt><trkpt lat="32.2387750" lon="-97.5950600"><ele>238.0</ele></trkpt><trkpt lat="32.2387580" lon="-97.5950440"><ele>237.0</ele></trkpt><trkpt lat="32.2387410" lon="-97.5950280"><ele>237.0</ele></trkpt><trkpt lat="32.2387260" lon="-97.5950130"><ele>237.0</ele></trkpt><trkpt lat="32.2387110" lon="-97.5949970"><ele>237.0</ele></trkpt><trkpt lat="32.2386950" lon="-97.5949820"><ele>237.0</ele></trkpt><trkpt lat="32.2386800" lon="-97.5949670"><ele>237.0</ele></trkpt><trkpt lat="32.2386620" lon="-97.5949520"><ele>237.0</ele></trkpt><trkpt lat="32.2386440" lon="-97.5949370"><ele>237.0</ele></trkpt><trkpt lat="32.2386250" lon="-97.5949230"><ele>237.0</ele></trkpt><trkpt lat="32.2386060" lon="-97.5949080"><ele>237.0</ele></trkpt><trkpt lat="32.2385880" lon="-97.5948930"><ele>237.0</ele></trkpt><trkpt lat="32.2385700" lon="-97.5948770"><ele>237.0</ele></trkpt><trkpt lat="32.2385530" lon="-97.5948620"><ele>237.0</ele></trkpt><trkpt lat="32.2385360" lon="-97.5948460"><ele>237.0</ele></trkpt><trkpt lat="32.2385190" lon="-97.5948300"><ele>237.0</ele></trkpt><trkpt lat="32.2385010" lon="-97.5948140"><ele>237.0</ele></trkpt><trkpt lat="32.2384830" lon="-97.5947960"><ele>237.0</ele></trkpt><trkpt lat="32.2384650" lon="-97.5947780"><ele>237.0</ele></trkpt><trkpt lat="32.2384480" lon="-97.5947590"><ele>237.0</ele></trkpt><trkpt lat="32.2384310" lon="-97.5947410"><ele>237.0</ele></trkpt><trkpt lat="32.2384150" lon="-97.5947220"><ele>237.0</ele></trkpt><trkpt lat="32.2383980" lon="-97.5947040"><ele>237.0</ele></trkpt><trkpt lat="32.2383820" lon="-97.5946870"><ele>237.0</ele></trkpt><trkpt lat="32.2383650" lon="-97.5946700"><ele>237.0</ele></trkpt><trkpt lat="32.2383460" lon="-97.5946540"><ele>237.0</ele></trkpt><trkpt lat="32.2383270" lon="-97.5946380"><ele>237.0</ele></trkpt><trkpt lat="32.2383060" lon="-97.5946230"><ele>237.0</ele></trkpt><trkpt lat="32.2382860" lon="-97.5946080"><ele>237.0</ele></trkpt><trkpt lat="32.2382670" lon="-97.5945920"><ele>237.0</ele></trkpt><trkpt lat="32.2382470" lon="-97.5945770"><ele>237.0</ele></trkpt><trkpt lat="32.2382280" lon="-97.5945610"><ele>236.0</ele></trkpt><trkpt lat="32.2382080" lon="-97.5945460"><ele>236.0</ele></trkpt><trkpt lat="32.2381880" lon="-97.5945310"><ele>236.0</ele></trkpt><trkpt lat="32.2381680" lon="-97.5945170"><ele>236.0</ele></trkpt><trkpt lat="32.2381480" lon="-97.5945020"><ele>236.0</ele></trkpt><trkpt lat="32.2381270" lon="-97.5944860"><ele>236.0</ele></trkpt><trkpt lat="32.2381090" lon="-97.5944700"><ele>236.0</ele></trkpt><trkpt lat="32.2380900" lon="-97.5944540"><ele>236.0</ele></trkpt><trkpt lat="32.2380700" lon="-97.5944370"><ele>236.0</ele></trkpt><trkpt lat="32.2380510" lon="-97.5944210"><ele>236.0</ele></trkpt><trkpt lat="32.2380280" lon="-97.5944040"><ele>235.0</ele></trkpt><trkpt lat="32.2380060" lon="-97.5943870"><ele>235.0</ele></trkpt><trkpt lat="32.2379850" lon="-97.5943720"><ele>235.0</ele></trkpt><trkpt lat="32.2379640" lon="-97.5943560"><ele>235.0</ele></trkpt><trkpt lat="32.2379450" lon="-97.5943410"><ele>235.0</ele></trkpt><trkpt lat="32.2379260" lon="-97.5943260"><ele>234.0</ele></trkpt><trkpt lat="32.2379070" lon="-97.5943100"><ele>234.0</ele></trkpt><trkpt lat="32.2378880" lon="-97.5942950"><ele>234.0</ele></trkpt><trkpt lat="32.2378690" lon="-97.5942790"><ele>234.0</ele></trkpt><trkpt lat="32.2378490" lon="-97.5942630"><ele>234.0</ele></trkpt><trkpt lat="32.2378310" lon="-97.5942470"><ele>234.0</ele></trkpt><trkpt lat="32.2378130" lon="-97.5942310"><ele>234.0</ele></trkpt><trkpt lat="32.2377950" lon="-97.5942150"><ele>234.0</ele></trkpt><trkpt lat="32.2377770" lon="-97.5941990"><ele>234.0</ele></trkpt><trkpt lat="32.2377600" lon="-97.5941830"><ele>234.0</ele></trkpt><trkpt lat="32.2377420" lon="-97.5941660"><ele>233.0</ele></trkpt><trkpt lat="32.2377250" lon="-97.5941490"><ele>233.0</ele></trkpt><trkpt lat="32.2377080" lon="-97.5941330"><ele>233.0</ele></trkpt><trkpt lat="32.2376910" lon="-97.5941160"><ele>233.0</ele></trkpt><trkpt lat="32.2376740" lon="-97.5940980"><ele>233.0</ele></trkpt><trkpt lat="32.2376560" lon="-97.5940820"><ele>233.0</ele></trkpt><trkpt lat="32.2376370" lon="-97.5940650"><ele>233.0</ele></trkpt><trkpt lat="32.2376180" lon="-97.5940490"><ele>233.0</ele></trkpt><trkpt lat="32.2375990" lon="-97.5940340"><ele>233.0</ele></trkpt><trkpt lat="32.2375780" lon="-97.5940190"><ele>233.0</ele></trkpt><trkpt lat="32.2375570" lon="-97.5940050"><ele>233.0</ele></trkpt><trkpt lat="32.2375290" lon="-97.5939910"><ele>233.0</ele></trkpt><trkpt lat="32.2375010" lon="-97.5939780"><ele>233.0</ele></trkpt><trkpt lat="32.2374390" lon="-97.5939580"><ele>233.0</ele></trkpt><trkpt lat="32.2374150" lon="-97.5939490"><ele>233.0</ele></trkpt><trkpt lat="32.2373910" lon="-97.5939410"><ele>232.0</ele></trkpt><trkpt lat="32.2373570" lon="-97.5939290"><ele>232.0</ele></trkpt><trkpt lat="32.2373300" lon="-97.5939140"><ele>232.0</ele></trkpt><trkpt lat="32.2373020" lon="-97.5939000"><ele>232.0</ele></trkpt><trkpt lat="32.2372800" lon="-97.5938840"><ele>232.0</ele></trkpt><trkpt lat="32.2372570" lon="-97.5938690"><ele>231.0</ele></trkpt><trkpt lat="32.2372360" lon="-97.5938520"><ele>231.0</ele></trkpt><trkpt lat="32.2372160" lon="-97.5938350"><ele>231.0</ele></trkpt><trkpt lat="32.2371960" lon="-97.5938180"><ele>231.0</ele></trkpt><trkpt lat="32.2371760" lon="-97.5938020"><ele>231.0</ele></trkpt><trkpt lat="32.2371550" lon="-97.5937860"><ele>231.0</ele></trkpt><trkpt lat="32.2371340" lon="-97.5937700"><ele>231.0</ele></trkpt><trkpt lat="32.2371140" lon="-97.5937560"><ele>231.0</ele></trkpt><trkpt lat="32.2370940" lon="-97.5937420"><ele>231.0</ele></trkpt><trkpt lat="32.2370760" lon="-97.5937300"><ele>231.0</ele></trkpt><trkpt lat="32.2370580" lon="-97.5937180"><ele>231.0</ele></trkpt><trkpt lat="32.2370400" lon="-97.5937090"><ele>231.0</ele></trkpt><trkpt lat="32.2370230" lon="-97.5937000"><ele>231.0</ele></trkpt><trkpt lat="32.2370040" lon="-97.5936910"><ele>231.0</ele></trkpt><trkpt lat="32.2369860" lon="-97.5936810"><ele>231.0</ele></trkpt><trkpt lat="32.2369670" lon="-97.5936720"><ele>231.0</ele></trkpt><trkpt lat="32.2369490" lon="-97.5936620"><ele>231.0</ele></trkpt><trkpt lat="32.2369300" lon="-97.5936530"><ele>231.0</ele></trkpt><trkpt lat="32.2369100" lon="-97.5936440"><ele>231.0</ele></trkpt><trkpt lat="32.2368910" lon="-97.5936360"><ele>231.0</ele></trkpt><trkpt lat="32.2368710" lon="-97.5936280"><ele>231.0</ele></trkpt><trkpt lat="32.2368520" lon="-97.5936210"><ele>231.0</ele></trkpt><trkpt lat="32.2368340" lon="-97.5936140"><ele>231.0</ele></trkpt><trkpt lat="32.2368170" lon="-97.5936050"><ele>231.0</ele></trkpt><trkpt lat="32.2368000" lon="-97.5935960"><ele>231.0</ele></trkpt><trkpt lat="32.2367820" lon="-97.5935880"><ele>231.0</ele></trkpt><trkpt lat="32.2367660" lon="-97.5935790"><ele>231.0</ele></trkpt><trkpt lat="32.2367470" lon="-97.5935700"><ele>231.0</ele></trkpt><trkpt lat="32.2367290" lon="-97.5935610"><ele>231.0</ele></trkpt><trkpt lat="32.2367080" lon="-97.5935500"><ele>231.0</ele></trkpt><trkpt lat="32.2366870" lon="-97.5935400"><ele>230.0</ele></trkpt><trkpt lat="32.2366630" lon="-97.5935270"><ele>230.0</ele></trkpt><trkpt lat="32.2366380" lon="-97.5935140"><ele>230.0</ele></trkpt><trkpt lat="32.2366110" lon="-97.5935020"><ele>230.0</ele></trkpt><trkpt lat="32.2365850" lon="-97.5934900"><ele>230.0</ele></trkpt><trkpt lat="32.2365600" lon="-97.5934790"><ele>230.0</ele></trkpt><trkpt lat="32.2365340" lon="-97.5934680"><ele>230.0</ele></trkpt><trkpt lat="32.2365100" lon="-97.5934580"><ele>230.0</ele></trkpt><trkpt lat="32.2364860" lon="-97.5934480"><ele>230.0</ele></trkpt><trkpt lat="32.2364640" lon="-97.5934380"><ele>230.0</ele></trkpt><trkpt lat="32.2364420" lon="-97.5934270"><ele>229.0</ele></trkpt><trkpt lat="32.2364200" lon="-97.5934160"><ele>229.0</ele></trkpt><trkpt lat="32.2363990" lon="-97.5934050"><ele>229.0</ele></trkpt><trkpt lat="32.2363780" lon="-97.5933940"><ele>229.0</ele></trkpt><trkpt lat="32.2363560" lon="-97.5933820"><ele>229.0</ele></trkpt><trkpt lat="32.2363350" lon="-97.5933720"><ele>229.0</ele></trkpt><trkpt lat="32.2363140" lon="-97.5933610"><ele>229.0</ele></trkpt><trkpt lat="32.2362910" lon="-97.5933530"><ele>229.0</ele></trkpt><trkpt lat="32.2362680" lon="-97.5933450"><ele>229.0</ele></trkpt><trkpt lat="32.2362440" lon="-97.5933380"><ele>229.0</ele></trkpt><trkpt lat="32.2362210" lon="-97.5933310"><ele>229.0</ele></trkpt><trkpt lat="32.2361970" lon="-97.5933220"><ele>229.0</ele></trkpt><trkpt lat="32.2361730" lon="-97.5933140"><ele>229.0</ele></trkpt><trkpt lat="32.2361510" lon="-97.5933030"><ele>229.0</ele></trkpt><trkpt lat="32.2361290" lon="-97.5932920"><ele>229.0</ele></trkpt><trkpt lat="32.2361090" lon="-97.5932780"><ele>228.0</ele></trkpt><trkpt lat="32.2360890" lon="-97.5932650"><ele>228.0</ele></trkpt><trkpt lat="32.2360700" lon="-97.5932510"><ele>228.0</ele></trkpt><trkpt lat="32.2360500" lon="-97.5932380"><ele>228.0</ele></trkpt><trkpt lat="32.2360320" lon="-97.5932270"><ele>228.0</ele></trkpt><trkpt lat="32.2360150" lon="-97.5932160"><ele>228.0</ele></trkpt><trkpt lat="32.2359960" lon="-97.5932060"><ele>228.0</ele></trkpt><trkpt lat="32.2359780" lon="-97.5931980"><ele>228.0</ele></trkpt><trkpt lat="32.2359560" lon="-97.5931900"><ele>228.0</ele></trkpt><trkpt lat="32.2359340" lon="-97.5931830"><ele>228.0</ele></trkpt><trkpt lat="32.2359100" lon="-97.5931730"><ele>228.0</ele></trkpt><trkpt lat="32.2358860" lon="-97.5931630"><ele>228.0</ele></trkpt><trkpt lat="32.2358630" lon="-97.5931510"><ele>228.0</ele></trkpt><trkpt lat="32.2358400" lon="-97.5931380"><ele>228.0</ele></trkpt><trkpt lat="32.2358180" lon="-97.5931250"><ele>228.0</ele></trkpt><trkpt lat="32.2357960" lon="-97.5931120"><ele>228.0</ele></trkpt><trkpt lat="32.2357740" lon="-97.5931010"><ele>228.0</ele></trkpt><trkpt lat="32.2357520" lon="-97.5930900"><ele>228.0</ele></trkpt><trkpt lat="32.2357290" lon="-97.5930810"><ele>228.0</ele></trkpt><trkpt lat="32.2357060" lon="-97.5930710"><ele>228.0</ele></trkpt><trkpt lat="32.2356820" lon="-97.5930630"><ele>228.0</ele></trkpt><trkpt lat="32.2356580" lon="-97.5930550"><ele>228.0</ele></trkpt><trkpt lat="32.2356340" lon="-97.5930480"><ele>228.0</ele></trkpt><trkpt lat="32.2356110" lon="-97.5930410"><ele>228.0</ele></trkpt><trkpt lat="32.2355880" lon="-97.5930370"><ele>228.0</ele></trkpt><trkpt lat="32.2355660" lon="-97.5930320"><ele>228.0</ele></trkpt><trkpt lat="32.2355430" lon="-97.5930310"><ele>228.0</ele></trkpt><trkpt lat="32.2355200" lon="-97.5930290"><ele>228.0</ele></trkpt><trkpt lat="32.2354970" lon="-97.5930290"><ele>228.0</ele></trkpt><trkpt lat="32.2354740" lon="-97.5930290"><ele>228.0</ele></trkpt><trkpt lat="32.2354490" lon="-97.5930280"><ele>227.0</ele></trkpt><trkpt lat="32.2354250" lon="-97.5930270"><ele>227.0</ele></trkpt><trkpt lat="32.2354000" lon="-97.5930230"><ele>227.0</ele></trkpt><trkpt lat="32.2353750" lon="-97.5930180"><ele>227.0</ele></trkpt><trkpt lat="32.2353500" lon="-97.5930100"><ele>227.0</ele></trkpt><trkpt lat="32.2353250" lon="-97.5930020"><ele>226.0</ele></trkpt><trkpt lat="32.2353020" lon="-97.5929910"><ele>226.0</ele></trkpt><trkpt lat="32.2352790" lon="-97.5929810"><ele>226.0</ele></trkpt><trkpt lat="32.2352570" lon="-97.5929710"><ele>226.0</ele></trkpt><trkpt lat="32.2352360" lon="-97.5929620"><ele>226.0</ele></trkpt><trkpt lat="32.2352160" lon="-97.5929530"><ele>226.0</ele></trkpt><trkpt lat="32.2351960" lon="-97.5929450"><ele>226.0</ele></trkpt><trkpt lat="32.2351750" lon="-97.5929340"><ele>226.0</ele></trkpt><trkpt lat="32.2351550" lon="-97.5929230"><ele>226.0</ele></trkpt><trkpt lat="32.2351340" lon="-97.5929100"><ele>226.0</ele></trkpt><trkpt lat="32.2351120" lon="-97.5928970"><ele>226.0</ele></trkpt><trkpt lat="32.2350900" lon="-97.5928830"><ele>226.0</ele></trkpt><trkpt lat="32.2350670" lon="-97.5928690"><ele>226.0</ele></trkpt><trkpt lat="32.2350440" lon="-97.5928540"><ele>226.0</ele></trkpt><trkpt lat="32.2350210" lon="-97.5928400"><ele>226.0</ele></trkpt><trkpt lat="32.2350000" lon="-97.5928270"><ele>226.0</ele></trkpt><trkpt lat="32.2349780" lon="-97.5928140"><ele>226.0</ele></trkpt><trkpt lat="32.2349560" lon="-97.5928020"><ele>226.0</ele></trkpt><trkpt lat="32.2349350" lon="-97.5927910"><ele>226.0</ele></trkpt><trkpt lat="32.2349170" lon="-97.5927790"><ele>226.0</ele></trkpt><trkpt lat="32.2348980" lon="-97.5927680"><ele>226.0</ele></trkpt><trkpt lat="32.2348790" lon="-97.5927550"><ele>226.0</ele></trkpt><trkpt lat="32.2348610" lon="-97.5927420"><ele>226.0</ele></trkpt><trkpt lat="32.2348410" lon="-97.5927280"><ele>226.0</ele></trkpt><trkpt lat="32.2348220" lon="-97.5927150"><ele>226.0</ele></trkpt><trkpt lat="32.2348010" lon="-97.5927030"><ele>225.0</ele></trkpt><trkpt lat="32.2347810" lon="-97.5926910"><ele>225.0</ele></trkpt><trkpt lat="32.2347630" lon="-97.5926780"><ele>225.0</ele></trkpt><trkpt lat="32.2347440" lon="-97.5926660"><ele>225.0</ele></trkpt><trkpt lat="32.2347260" lon="-97.5926540"><ele>225.0</ele></trkpt><trkpt lat="32.2347090" lon="-97.5926420"><ele>225.0</ele></trkpt><trkpt lat="32.2346900" lon="-97.5926300"><ele>225.0</ele></trkpt><trkpt lat="32.2346710" lon="-97.5926180"><ele>225.0</ele></trkpt><trkpt lat="32.2346500" lon="-97.5926050"><ele>225.0</ele></trkpt><trkpt lat="32.2346290" lon="-97.5925930"><ele>225.0</ele></trkpt><trkpt lat="32.2346070" lon="-97.5925810"><ele>225.0</ele></trkpt><trkpt lat="32.2345860" lon="-97.5925690"><ele>225.0</ele></trkpt><trkpt lat="32.2345650" lon="-97.5925560"><ele>225.0</ele></trkpt><trkpt lat="32.2345440" lon="-97.5925430"><ele>225.0</ele></trkpt><trkpt lat="32.2345230" lon="-97.5925280"><ele>225.0</ele></trkpt><trkpt lat="32.2345030" lon="-97.5925130"><ele>225.0</ele></trkpt><trkpt lat="32.2344850" lon="-97.5924960"><ele>225.0</ele></trkpt><trkpt lat="32.2344680" lon="-97.5924800"><ele>225.0</ele></trkpt><trkpt lat="32.2344520" lon="-97.5924640"><ele>225.0</ele></trkpt><trkpt lat="32.2344360" lon="-97.5924480"><ele>225.0</ele></trkpt><trkpt lat="32.2344180" lon="-97.5924330"><ele>225.0</ele></trkpt><trkpt lat="32.2344000" lon="-97.5924190"><ele>225.0</ele></trkpt><trkpt lat="32.2343790" lon="-97.5924050"><ele>225.0</ele></trkpt><trkpt lat="32.2343580" lon="-97.5923900"><ele>225.0</ele></trkpt><trkpt lat="32.2343350" lon="-97.5923750"><ele>225.0</ele></trkpt><trkpt lat="32.2343130" lon="-97.5923600"><ele>224.0</ele></trkpt><trkpt lat="32.2342930" lon="-97.5923450"><ele>224.0</ele></trkpt><trkpt lat="32.2342730" lon="-97.5923300"><ele>224.0</ele></trkpt><trkpt lat="32.2342540" lon="-97.5923120"><ele>224.0</ele></trkpt><trkpt lat="32.2342350" lon="-97.5922930"><ele>224.0</ele></trkpt><trkpt lat="32.2342130" lon="-97.5922720"><ele>224.0</ele></trkpt><trkpt lat="32.2341910" lon="-97.5922500"><ele>224.0</ele></trkpt><trkpt lat="32.2341680" lon="-97.5922290"><ele>224.0</ele></trkpt><trkpt lat="32.2341440" lon="-97.5922080"><ele>224.0</ele></trkpt><trkpt lat="32.2341210" lon="-97.5921890"><ele>224.0</ele></trkpt><trkpt lat="32.2340980" lon="-97.5921690"><ele>223.0</ele></trkpt><trkpt lat="32.2340780" lon="-97.5921520"><ele>223.0</ele></trkpt><trkpt lat="32.2340580" lon="-97.5921350"><ele>223.0</ele></trkpt><trkpt lat="32.2340410" lon="-97.5921170"><ele>223.0</ele></trkpt><trkpt lat="32.2340240" lon="-97.5920980"><ele>223.0</ele></trkpt><trkpt lat="32.2340070" lon="-97.5920790"><ele>223.0</ele></trkpt><trkpt lat="32.2339900" lon="-97.5920590"><ele>223.0</ele></trkpt><trkpt lat="32.2339730" lon="-97.5920410"><ele>223.0</ele></trkpt><trkpt lat="32.2339560" lon="-97.5920230"><ele>223.0</ele></trkpt><trkpt lat="32.2339400" lon="-97.5920060"><ele>223.0</ele></trkpt><trkpt lat="32.2339230" lon="-97.5919900"><ele>223.0</ele></trkpt><trkpt lat="32.2339060" lon="-97.5919760"><ele>223.0</ele></trkpt><trkpt lat="32.2338880" lon="-97.5919620"><ele>223.0</ele></trkpt><trkpt lat="32.2338700" lon="-97.5919470"><ele>223.0</ele></trkpt><trkpt lat="32.2338520" lon="-97.5919320"><ele>223.0</ele></trkpt><trkpt lat="32.2338350" lon="-97.5919160"><ele>223.0</ele></trkpt><trkpt lat="32.2338170" lon="-97.5919000"><ele>223.0</ele></trkpt><trkpt lat="32.2338010" lon="-97.5918830"><ele>223.0</ele></trkpt><trkpt lat="32.2337850" lon="-97.5918660"><ele>223.0</ele></trkpt><trkpt lat="32.2337690" lon="-97.5918490"><ele>223.0</ele></trkpt><trkpt lat="32.2337530" lon="-97.5918320"><ele>222.0</ele></trkpt><trkpt lat="32.2337370" lon="-97.5918150"><ele>222.0</ele></trkpt><trkpt lat="32.2337210" lon="-97.5917980"><ele>222.0</ele></trkpt><trkpt lat="32.2337030" lon="-97.5917820"><ele>222.0</ele></trkpt><trkpt lat="32.2336860" lon="-97.5917660"><ele>222.0</ele></trkpt><trkpt lat="32.2336660" lon="-97.5917500"><ele>221.0</ele></trkpt><trkpt lat="32.2336470" lon="-97.5917340"><ele>221.0</ele></trkpt><trkpt lat="32.2336260" lon="-97.5917180"><ele>221.0</ele></trkpt><trkpt lat="32.2336050" lon="-97.5917020"><ele>221.0</ele></trkpt><trkpt lat="32.2335840" lon="-97.5916850"><ele>221.0</ele></trkpt><trkpt lat="32.2335620" lon="-97.5916680"><ele>221.0</ele></trkpt><trkpt lat="32.2335420" lon="-97.5916510"><ele>221.0</ele></trkpt><trkpt lat="32.2335220" lon="-97.5916330"><ele>221.0</ele></trkpt><trkpt lat="32.2335040" lon="-97.5916150"><ele>221.0</ele></trkpt><trkpt lat="32.2334850" lon="-97.5915970"><ele>221.0</ele></trkpt><trkpt lat="32.2334680" lon="-97.5915800"><ele>221.0</ele></trkpt><trkpt lat="32.2334500" lon="-97.5915620"><ele>221.0</ele></trkpt><trkpt lat="32.2334310" lon="-97.5915450"><ele>221.0</ele></trkpt><trkpt lat="32.2334130" lon="-97.5915290"><ele>221.0</ele></trkpt><trkpt lat="32.2333920" lon="-97.5915140"><ele>221.0</ele></trkpt><trkpt lat="32.2333720" lon="-97.5914990"><ele>221.0</ele></trkpt><trkpt lat="32.2333500" lon="-97.5914850"><ele>221.0</ele></trkpt><trkpt lat="32.2333290" lon="-97.5914700"><ele>221.0</ele></trkpt><trkpt lat="32.2333080" lon="-97.5914540"><ele>221.0</ele></trkpt><trkpt lat="32.2332870" lon="-97.5914390"><ele>221.0</ele></trkpt><trkpt lat="32.2332660" lon="-97.5914220"><ele>221.0</ele></trkpt><trkpt lat="32.2332460" lon="-97.5914050"><ele>221.0</ele></trkpt><trkpt lat="32.2332260" lon="-97.5913880"><ele>221.0</ele></trkpt><trkpt lat="32.2332070" lon="-97.5913710"><ele>221.0</ele></trkpt><trkpt lat="32.2331900" lon="-97.5913520"><ele>221.0</ele></trkpt><trkpt lat="32.2331730" lon="-97.5913340"><ele>221.0</ele></trkpt><trkpt lat="32.2331570" lon="-97.5913160"><ele>221.0</ele></trkpt><trkpt lat="32.2331420" lon="-97.5912980"><ele>221.0</ele></trkpt><trkpt lat="32.2331280" lon="-97.5912790"><ele>221.0</ele></trkpt><trkpt lat="32.2331140" lon="-97.5912610"><ele>221.0</ele></trkpt><trkpt lat="32.2330990" lon="-97.5912450"><ele>220.0</ele></trkpt><trkpt lat="32.2330850" lon="-97.5912290"><ele>220.0</ele></trkpt><trkpt lat="32.2330700" lon="-97.5912150"><ele>220.0</ele></trkpt><trkpt lat="32.2330540" lon="-97.5912010"><ele>220.0</ele></trkpt><trkpt lat="32.2330370" lon="-97.5911870"><ele>220.0</ele></trkpt><trkpt lat="32.2330210" lon="-97.5911730"><ele>219.0</ele></trkpt><trkpt lat="32.2330010" lon="-97.5911560"><ele>219.0</ele></trkpt><trkpt lat="32.2329820" lon="-97.5911390"><ele>219.0</ele></trkpt><trkpt lat="32.2329610" lon="-97.5911210"><ele>219.0</ele></trkpt><trkpt lat="32.2329390" lon="-97.5911020"><ele>219.0</ele></trkpt><trkpt lat="32.2329170" lon="-97.5910840"><ele>219.0</ele></trkpt><trkpt lat="32.2328950" lon="-97.5910670"><ele>219.0</ele></trkpt><trkpt lat="32.2328740" lon="-97.5910510"><ele>219.0</ele></trkpt><trkpt lat="32.2328530" lon="-97.5910350"><ele>219.0</ele></trkpt><trkpt lat="32.2328340" lon="-97.5910220"><ele>219.0</ele></trkpt><trkpt lat="32.2328140" lon="-97.5910090"><ele>218.0</ele></trkpt><trkpt lat="32.2327960" lon="-97.5909960"><ele>218.0</ele></trkpt><trkpt lat="32.2327770" lon="-97.5909830"><ele>218.0</ele></trkpt><trkpt lat="32.2327580" lon="-97.5909710"><ele>218.0</ele></trkpt><trkpt lat="32.2327400" lon="-97.5909580"><ele>218.0</ele></trkpt><trkpt lat="32.2327210" lon="-97.5909450"><ele>218.0</ele></trkpt><trkpt lat="32.2327030" lon="-97.5909330"><ele>218.0</ele></trkpt><trkpt lat="32.2326840" lon="-97.5909190"><ele>218.0</ele></trkpt><trkpt lat="32.2326660" lon="-97.5909050"><ele>218.0</ele></trkpt><trkpt lat="32.2326460" lon="-97.5908910"><ele>218.0</ele></trkpt><trkpt lat="32.2326270" lon="-97.5908770"><ele>218.0</ele></trkpt><trkpt lat="32.2326070" lon="-97.5908620"><ele>218.0</ele></trkpt><trkpt lat="32.2325880" lon="-97.5908480"><ele>218.0</ele></trkpt><trkpt lat="32.2325700" lon="-97.5908320"><ele>218.0</ele></trkpt><trkpt lat="32.2325530" lon="-97.5908150"><ele>218.0</ele></trkpt><trkpt lat="32.2325350" lon="-97.5907980"><ele>218.0</ele></trkpt><trkpt lat="32.2325170" lon="-97.5907810"><ele>218.0</ele></trkpt><trkpt lat="32.2324970" lon="-97.5907620"><ele>218.0</ele></trkpt><trkpt lat="32.2324770" lon="-97.5907440"><ele>218.0</ele></trkpt><trkpt lat="32.2324560" lon="-97.5907260"><ele>218.0</ele></trkpt><trkpt lat="32.2324350" lon="-97.5907070"><ele>218.0</ele></trkpt><trkpt lat="32.2324120" lon="-97.5906880"><ele>218.0</ele></trkpt><trkpt lat="32.2323900" lon="-97.5906690"><ele>218.0</ele></trkpt><trkpt lat="32.2323680" lon="-97.5906480"><ele>218.0</ele></trkpt><trkpt lat="32.2323460" lon="-97.5906280"><ele>218.0</ele></trkpt><trkpt lat="32.2323270" lon="-97.5906050"><ele>218.0</ele></trkpt><trkpt lat="32.2323080" lon="-97.5905820"><ele>218.0</ele></trkpt><trkpt lat="32.2322900" lon="-97.5905600"><ele>218.0</ele></trkpt><trkpt lat="32.2322720" lon="-97.5905390"><ele>218.0</ele></trkpt><trkpt lat="32.2322530" lon="-97.5905200"><ele>218.0</ele></trkpt><trkpt lat="32.2322350" lon="-97.5905010"><ele>218.0</ele></trkpt><trkpt lat="32.2322160" lon="-97.5904830"><ele>218.0</ele></trkpt><trkpt lat="32.2321970" lon="-97.5904650"><ele>218.0</ele></trkpt><trkpt lat="32.2321780" lon="-97.5904470"><ele>218.0</ele></trkpt><trkpt lat="32.2321600" lon="-97.5904290"><ele>218.0</ele></trkpt><trkpt lat="32.2321430" lon="-97.5904120"><ele>218.0</ele></trkpt><trkpt lat="32.2321270" lon="-97.5903960"><ele>218.0</ele></trkpt><trkpt lat="32.2321100" lon="-97.5903800"><ele>218.0</ele></trkpt><trkpt lat="32.2320930" lon="-97.5903640"><ele>218.0</ele></trkpt><trkpt lat="32.2320750" lon="-97.5903480"><ele>218.0</ele></trkpt><trkpt lat="32.2320570" lon="-97.5903330"><ele>218.0</ele></trkpt><trkpt lat="32.2320380" lon="-97.5903180"><ele>218.0</ele></trkpt><trkpt lat="32.2320200" lon="-97.5903030"><ele>218.0</ele></trkpt><trkpt lat="32.2320000" lon="-97.5902900"><ele>218.0</ele></trkpt><trkpt lat="32.2319800" lon="-97.5902760"><ele>218.0</ele></trkpt><trkpt lat="32.2319590" lon="-97.5902650"><ele>218.0</ele></trkpt><trkpt lat="32.2319380" lon="-97.5902530"><ele>218.0</ele></trkpt><trkpt lat="32.2319160" lon="-97.5902410"><ele>218.0</ele></trkpt><trkpt lat="32.2318930" lon="-97.5902280"><ele>218.0</ele></trkpt><trkpt lat="32.2318700" lon="-97.5902150"><ele>218.0</ele></trkpt><trkpt lat="32.2318470" lon="-97.5902010"><ele>218.0</ele></trkpt><trkpt lat="32.2318260" lon="-97.5901860"><ele>218.0</ele></trkpt><trkpt lat="32.2318040" lon="-97.5901710"><ele>218.0</ele></trkpt><trkpt lat="32.2317830" lon="-97.5901560"><ele>218.0</ele></trkpt><trkpt lat="32.2317620" lon="-97.5901410"><ele>218.0</ele></trkpt><trkpt lat="32.2317410" lon="-97.5901240"><ele>218.0</ele></trkpt><trkpt lat="32.2317200" lon="-97.5901070"><ele>218.0</ele></trkpt><trkpt lat="32.2317020" lon="-97.5900880"><ele>218.0</ele></trkpt><trkpt lat="32.2316830" lon="-97.5900680"><ele>218.0</ele></trkpt><trkpt lat="32.2316660" lon="-97.5900490"><ele>219.0</ele></trkpt><trkpt lat="32.2316490" lon="-97.5900290"><ele>219.0</ele></trkpt><trkpt lat="32.2316330" lon="-97.5900120"><ele>219.0</ele></trkpt><trkpt lat="32.2316160" lon="-97.5899950"><ele>219.0</ele></trkpt><trkpt lat="32.2316020" lon="-97.5899770"><ele>219.0</ele></trkpt><trkpt lat="32.2315870" lon="-97.5899600"><ele>219.0</ele></trkpt><trkpt lat="32.2315720" lon="-97.5899420"><ele>219.0</ele></trkpt><trkpt lat="32.2315560" lon="-97.5899240"><ele>219.0</ele></trkpt><trkpt lat="32.2315380" lon="-97.5899060"><ele>219.0</ele></trkpt><trkpt lat="32.2315210" lon="-97.5898880"><ele>219.0</ele></trkpt><trkpt lat="32.2315010" lon="-97.5898710"><ele>219.0</ele></trkpt><trkpt lat="32.2314820" lon="-97.5898550"><ele>219.0</ele></trkpt><trkpt lat="32.2314610" lon="-97.5898390"><ele>219.0</ele></trkpt><trkpt lat="32.2314410" lon="-97.5898230"><ele>219.0</ele></trkpt><trkpt lat="32.2314210" lon="-97.5898070"><ele>219.0</ele></trkpt><trkpt lat="32.2314010" lon="-97.5897900"><ele>219.0</ele></trkpt><trkpt lat="32.2313830" lon="-97.5897720"><ele>219.0</ele></trkpt><trkpt lat="32.2313650" lon="-97.5897540"><ele>219.0</ele></trkpt><trkpt lat="32.2313480" lon="-97.5897360"><ele>219.0</ele></trkpt><trkpt lat="32.2313310" lon="-97.5897180"><ele>219.0</ele></trkpt><trkpt lat="32.2313150" lon="-97.5897010"><ele>219.0</ele></trkpt><trkpt lat="32.2312990" lon="-97.5896850"><ele>218.0</ele></trkpt><trkpt lat="32.2312830" lon="-97.5896690"><ele>218.0</ele></trkpt><trkpt lat="32.2312670" lon="-97.5896530"><ele>218.0</ele></trkpt><trkpt lat="32.2312510" lon="-97.5896360"><ele>218.0</ele></trkpt><trkpt lat="32.2312340" lon="-97.5896200"><ele>218.0</ele></trkpt><trkpt lat="32.2312180" lon="-97.5896030"><ele>218.0</ele></trkpt><trkpt lat="32.2312010" lon="-97.5895850"><ele>218.0</ele></trkpt><trkpt lat="32.2311830" lon="-97.5895700"><ele>218.0</ele></trkpt><trkpt lat="32.2311650" lon="-97.5895540"><ele>218.0</ele></trkpt><trkpt lat="32.2311460" lon="-97.5895380"><ele>218.0</ele></trkpt><trkpt lat="32.2311270" lon="-97.5895220"><ele>217.0</ele></trkpt><trkpt lat="32.2311080" lon="-97.5895050"><ele>217.0</ele></trkpt><trkpt lat="32.2310900" lon="-97.5894890"><ele>217.0</ele></trkpt><trkpt lat="32.2310720" lon="-97.5894720"><ele>217.0</ele></trkpt><trkpt lat="32.2310540" lon="-97.5894560"><ele>217.0</ele></trkpt><trkpt lat="32.2310350" lon="-97.5894390"><ele>217.0</ele></trkpt><trkpt lat="32.2310160" lon="-97.5894230"><ele>217.0</ele></trkpt><trkpt lat="32.2309960" lon="-97.5894060"><ele>217.0</ele></trkpt><trkpt lat="32.2309750" lon="-97.5893890"><ele>217.0</ele></trkpt><trkpt lat="32.2309540" lon="-97.5893710"><ele>217.0</ele></trkpt><trkpt lat="32.2309330" lon="-97.5893520"><ele>217.0</ele></trkpt><trkpt lat="32.2309130" lon="-97.5893340"><ele>217.0</ele></trkpt><trkpt lat="32.2308920" lon="-97.5893150"><ele>217.0</ele></trkpt><trkpt lat="32.2308720" lon="-97.5892970"><ele>217.0</ele></trkpt><trkpt lat="32.2308520" lon="-97.5892790"><ele>218.0</ele></trkpt><trkpt lat="32.2308320" lon="-97.5892610"><ele>218.0</ele></trkpt><trkpt lat="32.2308120" lon="-97.5892440"><ele>218.0</ele></trkpt><trkpt lat="32.2307920" lon="-97.5892290"><ele>218.0</ele></trkpt><trkpt lat="32.2307730" lon="-97.5892140"><ele>218.0</ele></trkpt><trkpt lat="32.2307520" lon="-97.5892000"><ele>218.0</ele></trkpt><trkpt lat="32.2307300" lon="-97.5891870"><ele>218.0</ele></trkpt><trkpt lat="32.2307080" lon="-97.5891760"><ele>218.0</ele></trkpt><trkpt lat="32.2306860" lon="-97.5891640"><ele>218.0</ele></trkpt><trkpt lat="32.2306620" lon="-97.5891550"><ele>218.0</ele></trkpt><trkpt lat="32.2306390" lon="-97.5891470"><ele>218.0</ele></trkpt><trkpt lat="32.2306150" lon="-97.5891390"><ele>218.0</ele></trkpt><trkpt lat="32.2305920" lon="-97.5891310"><ele>218.0</ele></trkpt><trkpt lat="32.2305680" lon="-97.5891240"><ele>218.0</ele></trkpt><trkpt lat="32.2305440" lon="-97.5891160"><ele>218.0</ele></trkpt><trkpt lat="32.2305200" lon="-97.5891080"><ele>218.0</ele></trkpt><trkpt lat="32.2304950" lon="-97.5891000"><ele>217.0</ele></trkpt><trkpt lat="32.2304700" lon="-97.5890920"><ele>217.0</ele></trkpt><trkpt lat="32.2304450" lon="-97.5890840"><ele>217.0</ele></trkpt><trkpt lat="32.2304190" lon="-97.5890780"><ele>217.0</ele></trkpt><trkpt lat="32.2303930" lon="-97.5890730"><ele>217.0</ele></trkpt><trkpt lat="32.2303660" lon="-97.5890690"><ele>217.0</ele></trkpt><trkpt lat="32.2303400" lon="-97.5890650"><ele>217.0</ele></trkpt><trkpt lat="32.2303140" lon="-97.5890630"><ele>217.0</ele></trkpt><trkpt lat="32.2302870" lon="-97.5890600"><ele>217.0</ele></trkpt><trkpt lat="32.2302610" lon="-97.5890590"><ele>217.0</ele></trkpt><trkpt lat="32.2302340" lon="-97.5890580"><ele>217.0</ele></trkpt><trkpt lat="32.2302080" lon="-97.5890590"><ele>217.0</ele></trkpt><trkpt lat="32.2301830" lon="-97.5890600"><ele>217.0</ele></trkpt><trkpt lat="32.2301580" lon="-97.5890610"><ele>217.0</ele></trkpt><trkpt lat="32.2301330" lon="-97.5890620"><ele>217.0</ele></trkpt><trkpt lat="32.2301110" lon="-97.5890630"><ele>217.0</ele></trkpt><trkpt lat="32.2300890" lon="-97.5890640"><ele>217.0</ele></trkpt><trkpt lat="32.2300690" lon="-97.5890690"><ele>217.0</ele></trkpt><trkpt lat="32.2300500" lon="-97.5890740"><ele>217.0</ele></trkpt><trkpt lat="32.2300330" lon="-97.5890830"><ele>217.0</ele></trkpt><trkpt lat="32.2300160" lon="-97.5890920"><ele>217.0</ele></trkpt><trkpt lat="32.2299980" lon="-97.5891020"><ele>217.0</ele></trkpt><trkpt lat="32.2299790" lon="-97.5891120"><ele>217.0</ele></trkpt><trkpt lat="32.2299600" lon="-97.5891220"><ele>217.0</ele></trkpt><trkpt lat="32.2299410" lon="-97.5891320"><ele>217.0</ele></trkpt><trkpt lat="32.2299220" lon="-97.5891440"><ele>217.0</ele></trkpt><trkpt lat="32.2299030" lon="-97.5891550"><ele>217.0</ele></trkpt><trkpt lat="32.2298850" lon="-97.5891700"><ele>217.0</ele></trkpt><trkpt lat="32.2298660" lon="-97.5891850"><ele>217.0</ele></trkpt><trkpt lat="32.2298500" lon="-97.5892020"><ele>217.0</ele></trkpt><trkpt lat="32.2298330" lon="-97.5892190"><ele>217.0</ele></trkpt><trkpt lat="32.2298200" lon="-97.5892380"><ele>217.0</ele></trkpt><trkpt lat="32.2298070" lon="-97.5892570"><ele>217.0</ele></trkpt><trkpt lat="32.2297940" lon="-97.5892780"><ele>217.0</ele></trkpt><trkpt lat="32.2297820" lon="-97.5893000"><ele>217.0</ele></trkpt><trkpt lat="32.2297680" lon="-97.5893230"><ele>217.0</ele></trkpt><trkpt lat="32.2297540" lon="-97.5893460"><ele>217.0</ele></trkpt><trkpt lat="32.2297400" lon="-97.5893690"><ele>217.0</ele></trkpt><trkpt lat="32.2297250" lon="-97.5893920"><ele>217.0</ele></trkpt><trkpt lat="32.2297110" lon="-97.5894140"><ele>217.0</ele></trkpt><trkpt lat="32.2296960" lon="-97.5894370"><ele>217.0</ele></trkpt><trkpt lat="32.2296820" lon="-97.5894580"><ele>217.0</ele></trkpt><trkpt lat="32.2296670" lon="-97.5894780"><ele>217.0</ele></trkpt><trkpt lat="32.2296530" lon="-97.5894980"><ele>217.0</ele></trkpt><trkpt lat="32.2296380" lon="-97.5895170"><ele>217.0</ele></trkpt><trkpt lat="32.2296220" lon="-97.5895370"><ele>217.0</ele></trkpt><trkpt lat="32.2296050" lon="-97.5895580"><ele>217.0</ele></trkpt><trkpt lat="32.2295860" lon="-97.5895780"><ele>217.0</ele></trkpt><trkpt lat="32.2295680" lon="-97.5895980"><ele>217.0</ele></trkpt><trkpt lat="32.2295490" lon="-97.5896170"><ele>217.0</ele></trkpt><trkpt lat="32.2295310" lon="-97.5896370"><ele>217.0</ele></trkpt><trkpt lat="32.2295140" lon="-97.5896540"><ele>217.0</ele></trkpt><trkpt lat="32.2294970" lon="-97.5896720"><ele>217.0</ele></trkpt><trkpt lat="32.2294840" lon="-97.5896880"><ele>217.0</ele></trkpt><trkpt lat="32.2294700" lon="-97.5897040"><ele>217.0</ele></trkpt><trkpt lat="32.2294590" lon="-97.5897180"><ele>216.0</ele></trkpt><trkpt lat="32.2294470" lon="-97.5897310"><ele>216.0</ele></trkpt><trkpt lat="32.2294340" lon="-97.5897430"><ele>216.0</ele></trkpt><trkpt lat="32.2294210" lon="-97.5897550"><ele>216.0</ele></trkpt><trkpt lat="32.2294070" lon="-97.5897670"><ele>216.0</ele></trkpt><trkpt lat="32.2293930" lon="-97.5897790"><ele>216.0</ele></trkpt><trkpt lat="32.2293770" lon="-97.5897930"><ele>216.0</ele></trkpt><trkpt lat="32.2293620" lon="-97.5898070"><ele>216.0</ele></trkpt><trkpt lat="32.2293460" lon="-97.5898250"><ele>216.0</ele></trkpt><trkpt lat="32.2293300" lon="-97.5898430"><ele>216.0</ele></trkpt><trkpt lat="32.2293140" lon="-97.5898630"><ele>216.0</ele></trkpt><trkpt lat="32.2292980" lon="-97.5898830"><ele>216.0</ele></trkpt><trkpt lat="32.2292780" lon="-97.5899010"><ele>216.0</ele></trkpt><trkpt lat="32.2292580" lon="-97.5899200"><ele>216.0</ele></trkpt><trkpt lat="32.2292360" lon="-97.5899380"><ele>216.0</ele></trkpt><trkpt lat="32.2292130" lon="-97.5899560"><ele>215.0</ele></trkpt><trkpt lat="32.2291910" lon="-97.5899750"><ele>215.0</ele></trkpt><trkpt lat="32.2291690" lon="-97.5899940"><ele>215.0</ele></trkpt><trkpt lat="32.2291470" lon="-97.5900140"><ele>215.0</ele></trkpt><trkpt lat="32.2291250" lon="-97.5900340"><ele>215.0</ele></trkpt><trkpt lat="32.2291040" lon="-97.5900540"><ele>215.0</ele></trkpt><trkpt lat="32.2290820" lon="-97.5900740"><ele>215.0</ele></trkpt><trkpt lat="32.2290610" lon="-97.5900940"><ele>215.0</ele></trkpt><trkpt lat="32.2290390" lon="-97.5901130"><ele>215.0</ele></trkpt><trkpt lat="32.2290200" lon="-97.5901340"><ele>215.0</ele></trkpt><trkpt lat="32.2290020" lon="-97.5901540"><ele>215.0</ele></trkpt><trkpt lat="32.2289860" lon="-97.5901770"><ele>215.0</ele></trkpt><trkpt lat="32.2289710" lon="-97.5902000"><ele>215.0</ele></trkpt><trkpt lat="32.2289590" lon="-97.5902240"><ele>215.0</ele></trkpt><trkpt lat="32.2289470" lon="-97.5902480"><ele>215.0</ele></trkpt><trkpt lat="32.2289330" lon="-97.5902710"><ele>215.0</ele></trkpt><trkpt lat="32.2289200" lon="-97.5902950"><ele>215.0</ele></trkpt><trkpt lat="32.2289080" lon="-97.5903180"><ele>215.0</ele></trkpt><trkpt lat="32.2288960" lon="-97.5903410"><ele>215.0</ele></trkpt><trkpt lat="32.2288880" lon="-97.5903650"><ele>215.0</ele></trkpt><trkpt lat="32.2288800" lon="-97.5903880"><ele>215.0</ele></trkpt><trkpt lat="32.2288790" lon="-97.5904140"><ele>215.0</ele></trkpt><trkpt lat="32.2288780" lon="-97.5904390"><ele>215.0</ele></trkpt><trkpt lat="32.2288820" lon="-97.5904640"><ele>215.0</ele></trkpt><trkpt lat="32.2288870" lon="-97.5904880"><ele>215.0</ele></trkpt><trkpt lat="32.2288960" lon="-97.5905130"><ele>214.0</ele></trkpt><trkpt lat="32.2289060" lon="-97.5905380"><ele>214.0</ele></trkpt><trkpt lat="32.2289200" lon="-97.5905630"><ele>214.0</ele></trkpt><trkpt lat="32.2289340" lon="-97.5905880"><ele>214.0</ele></trkpt><trkpt lat="32.2289520" lon="-97.5906140"><ele>214.0</ele></trkpt><trkpt lat="32.2289690" lon="-97.5906400"><ele>214.0</ele></trkpt><trkpt lat="32.2289870" lon="-97.5906650"><ele>214.0</ele></trkpt><trkpt lat="32.2290050" lon="-97.5906910"><ele>214.0</ele></trkpt><trkpt lat="32.2290200" lon="-97.5907160"><ele>214.0</ele></trkpt><trkpt lat="32.2290350" lon="-97.5907410"><ele>214.0</ele></trkpt><trkpt lat="32.2290480" lon="-97.5907650"><ele>214.0</ele></trkpt><trkpt lat="32.2290620" lon="-97.5907890"><ele>214.0</ele></trkpt><trkpt lat="32.2290750" lon="-97.5908100"><ele>214.0</ele></trkpt><trkpt lat="32.2290880" lon="-97.5908300"><ele>214.0</ele></trkpt><trkpt lat="32.2290980" lon="-97.5908480"><ele>214.0</ele></trkpt><trkpt lat="32.2291080" lon="-97.5908660"><ele>213.0</ele></trkpt><trkpt lat="32.2291140" lon="-97.5908810"><ele>213.0</ele></trkpt><trkpt lat="32.2291210" lon="-97.5908960"><ele>213.0</ele></trkpt><trkpt lat="32.2291300" lon="-97.5909120"><ele>213.0</ele></trkpt><trkpt lat="32.2291390" lon="-97.5909270"><ele>213.0</ele></trkpt><trkpt lat="32.2291520" lon="-97.5909450"><ele>212.0</ele></trkpt><trkpt lat="32.2291650" lon="-97.5909620"><ele>212.0</ele></trkpt><trkpt lat="32.2291800" lon="-97.5909800"><ele>212.0</ele></trkpt><trkpt lat="32.2291960" lon="-97.5909980"><ele>212.0</ele></trkpt><trkpt lat="32.2292110" lon="-97.5910160"><ele>212.0</ele></trkpt><trkpt lat="32.2292270" lon="-97.5910340"><ele>212.0</ele></trkpt><trkpt lat="32.2292430" lon="-97.5910560"><ele>212.0</ele></trkpt><trkpt lat="32.2292580" lon="-97.5910770"><ele>212.0</ele></trkpt><trkpt lat="32.2292740" lon="-97.5911020"><ele>212.0</ele></trkpt><trkpt lat="32.2292890" lon="-97.5911270"><ele>212.0</ele></trkpt><trkpt lat="32.2293050" lon="-97.5911500"><ele>212.0</ele></trkpt><trkpt lat="32.2293210" lon="-97.5911740"><ele>212.0</ele></trkpt><trkpt lat="32.2293350" lon="-97.5911980"><ele>212.0</ele></trkpt><trkpt lat="32.2293490" lon="-97.5912220"><ele>212.0</ele></trkpt><trkpt lat="32.2293610" lon="-97.5912450"><ele>212.0</ele></trkpt><trkpt lat="32.2293730" lon="-97.5912690"><ele>212.0</ele></trkpt><trkpt lat="32.2293840" lon="-97.5912930"><ele>212.0</ele></trkpt><trkpt lat="32.2293940" lon="-97.5913170"><ele>212.0</ele></trkpt><trkpt lat="32.2294060" lon="-97.5913440"><ele>212.0</ele></trkpt><trkpt lat="32.2294170" lon="-97.5913720"><ele>212.0</ele></trkpt><trkpt lat="32.2294260" lon="-97.5913990"><ele>212.0</ele></trkpt><trkpt lat="32.2294360" lon="-97.5914270"><ele>212.0</ele></trkpt><trkpt lat="32.2294430" lon="-97.5914550"><ele>212.0</ele></trkpt><trkpt lat="32.2294510" lon="-97.5914820"><ele>212.0</ele></trkpt><trkpt lat="32.2294570" lon="-97.5915090"><ele>212.0</ele></trkpt><trkpt lat="32.2294630" lon="-97.5915360"><ele>212.0</ele></trkpt><trkpt lat="32.2294690" lon="-97.5915650"><ele>212.0</ele></trkpt><trkpt lat="32.2294740" lon="-97.5915930"><ele>212.0</ele></trkpt><trkpt lat="32.2294760" lon="-97.5916200"><ele>212.0</ele></trkpt><trkpt lat="32.2294780" lon="-97.5916480"><ele>212.0</ele></trkpt><trkpt lat="32.2294780" lon="-97.5916760"><ele>212.0</ele></trkpt><trkpt lat="32.2294780" lon="-97.5917040"><ele>212.0</ele></trkpt><trkpt lat="32.2294760" lon="-97.5917340"><ele>212.0</ele></trkpt><trkpt lat="32.2294750" lon="-97.5917640"><ele>212.0</ele></trkpt><trkpt lat="32.2294720" lon="-97.5917950"><ele>212.0</ele></trkpt><trkpt lat="32.2294700" lon="-97.5918260"><ele>212.0</ele></trkpt><trkpt lat="32.2294650" lon="-97.5918550"><ele>212.0</ele></trkpt><trkpt lat="32.2294600" lon="-97.5918850"><ele>212.0</ele></trkpt><trkpt lat="32.2294510" lon="-97.5919110"><ele>212.0</ele></trkpt><trkpt lat="32.2294420" lon="-97.5919360"><ele>212.0</ele></trkpt><trkpt lat="32.2294300" lon="-97.5919580"><ele>212.0</ele></trkpt><trkpt lat="32.2294180" lon="-97.5919800"><ele>212.0</ele></trkpt><trkpt lat="32.2294080" lon="-97.5920020"><ele>212.0</ele></trkpt><trkpt lat="32.2293990" lon="-97.5920240"><ele>212.0</ele></trkpt><trkpt lat="32.2293930" lon="-97.5920460"><ele>212.0</ele></trkpt><trkpt lat="32.2293870" lon="-97.5920680"><ele>212.0</ele></trkpt><trkpt lat="32.2293830" lon="-97.5920900"><ele>212.0</ele></trkpt><trkpt lat="32.2293800" lon="-97.5921120"><ele>212.0</ele></trkpt><trkpt lat="32.2293780" lon="-97.5921370"><ele>212.0</ele></trkpt><trkpt lat="32.2293770" lon="-97.5921620"><ele>212.0</ele></trkpt><trkpt lat="32.2293750" lon="-97.5921900"><ele>212.0</ele></trkpt><trkpt lat="32.2293730" lon="-97.5922180"><ele>212.0</ele></trkpt><trkpt lat="32.2293710" lon="-97.5922450"><ele>212.0</ele></trkpt><trkpt lat="32.2293680" lon="-97.5922730"><ele>212.0</ele></trkpt><trkpt lat="32.2293630" lon="-97.5922990"><ele>212.0</ele></trkpt><trkpt lat="32.2293590" lon="-97.5923260"><ele>212.0</ele></trkpt><trkpt lat="32.2293540" lon="-97.5923530"><ele>212.0</ele></trkpt><trkpt lat="32.2293490" lon="-97.5923790"><ele>212.0</ele></trkpt><trkpt lat="32.2293440" lon="-97.5924070"><ele>212.0</ele></trkpt><trkpt lat="32.2293400" lon="-97.5924350"><ele>212.0</ele></trkpt><trkpt lat="32.2293350" lon="-97.5924610"><ele>212.0</ele></trkpt><trkpt lat="32.2293300" lon="-97.5924880"><ele>212.0</ele></trkpt><trkpt lat="32.2293260" lon="-97.5925150"><ele>212.0</ele></trkpt><trkpt lat="32.2293210" lon="-97.5925420"><ele>212.0</ele></trkpt><trkpt lat="32.2293190" lon="-97.5925700"><ele>212.0</ele></trkpt><trkpt lat="32.2293170" lon="-97.5925990"><ele>212.0</ele></trkpt><trkpt lat="32.2293160" lon="-97.5926270"><ele>212.0</ele></trkpt><trkpt lat="32.2293160" lon="-97.5926560"><ele>212.0</ele></trkpt><trkpt lat="32.2293160" lon="-97.5926840"><ele>212.0</ele></trkpt><trkpt lat="32.2293170" lon="-97.5927120"><ele>212.0</ele></trkpt><trkpt lat="32.2293190" lon="-97.5927410"><ele>212.0</ele></trkpt><trkpt lat="32.2293210" lon="-97.5927690"><ele>212.0</ele></trkpt><trkpt lat="32.2293230" lon="-97.5927970"><ele>212.0</ele></trkpt><trkpt lat="32.2293250" lon="-97.5928250"><ele>212.0</ele></trkpt><trkpt lat="32.2293260" lon="-97.5928510"><ele>213.0</ele></trkpt><trkpt lat="32.2293270" lon="-97.5928770"><ele>213.0</ele></trkpt><trkpt lat="32.2293250" lon="-97.5929030"><ele>213.0</ele></trkpt><trkpt lat="32.2293240" lon="-97.5929280"><ele>213.0</ele></trkpt><trkpt lat="32.2293220" lon="-97.5929540"><ele>213.0</ele></trkpt><trkpt lat="32.2293200" lon="-97.5929800"><ele>213.0</ele></trkpt><trkpt lat="32.2293170" lon="-97.5930040"><ele>213.0</ele></trkpt><trkpt lat="32.2293140" lon="-97.5930280"><ele>213.0</ele></trkpt><trkpt lat="32.2293100" lon="-97.5930520"><ele>213.0</ele></trkpt><trkpt lat="32.2293070" lon="-97.5930750"><ele>213.0</ele></trkpt><trkpt lat="32.2293030" lon="-97.5931000"><ele>213.0</ele></trkpt><trkpt lat="32.2292990" lon="-97.5931240"><ele>213.0</ele></trkpt><trkpt lat="32.2292950" lon="-97.5931510"><ele>213.0</ele></trkpt><trkpt lat="32.2292910" lon="-97.5931780"><ele>213.0</ele></trkpt><trkpt lat="32.2292870" lon="-97.5932050"><ele>213.0</ele></trkpt><trkpt lat="32.2292820" lon="-97.5932320"><ele>213.0</ele></trkpt><trkpt lat="32.2292770" lon="-97.5932580"><ele>213.0</ele></trkpt><trkpt lat="32.2292720" lon="-97.5932850"><ele>213.0</ele></trkpt><trkpt lat="32.2292710" lon="-97.5933140"><ele>213.0</ele></trkpt><trkpt lat="32.2292690" lon="-97.5933420"><ele>213.0</ele></trkpt><trkpt lat="32.2292690" lon="-97.5933710"><ele>213.0</ele></trkpt><trkpt lat="32.2292700" lon="-97.5933990"><ele>213.0</ele></trkpt><trkpt lat="32.2292720" lon="-97.5934280"><ele>213.0</ele></trkpt><trkpt lat="32.2292740" lon="-97.5934580"><ele>213.0</ele></trkpt><trkpt lat="32.2292770" lon="-97.5934860"><ele>213.0</ele></trkpt><trkpt lat="32.2292800" lon="-97.5935150"><ele>213.0</ele></trkpt><trkpt lat="32.2292830" lon="-97.5935440"><ele>213.0</ele></trkpt><trkpt lat="32.2292860" lon="-97.5935730"><ele>213.0</ele></trkpt><trkpt lat="32.2292880" lon="-97.5936010"><ele>213.0</ele></trkpt><trkpt lat="32.2292890" lon="-97.5936290"><ele>213.0</ele></trkpt><trkpt lat="32.2292870" lon="-97.5936550"><ele>213.0</ele></trkpt><trkpt lat="32.2292850" lon="-97.5936820"><ele>213.0</ele></trkpt><trkpt lat="32.2292790" lon="-97.5937050"><ele>213.0</ele></trkpt><trkpt lat="32.2292720" lon="-97.5937290"><ele>213.0</ele></trkpt><trkpt lat="32.2292610" lon="-97.5937470"><ele>213.0</ele></trkpt><trkpt lat="32.2292500" lon="-97.5937650"><ele>213.0</ele></trkpt><trkpt lat="32.2292360" lon="-97.5937820"><ele>213.0</ele></trkpt><trkpt lat="32.2292220" lon="-97.5937990"><ele>213.0</ele></trkpt><trkpt lat="32.2292080" lon="-97.5938210"><ele>213.0</ele></trkpt><trkpt lat="32.2291940" lon="-97.5938420"><ele>213.0</ele></trkpt><trkpt lat="32.2291800" lon="-97.5938690"><ele>213.0</ele></trkpt><trkpt lat="32.2291670" lon="-97.5938970"><ele>213.0</ele></trkpt><trkpt lat="32.2291580" lon="-97.5939270"><ele>213.0</ele></trkpt><trkpt lat="32.2291490" lon="-97.5939570"><ele>213.0</ele></trkpt><trkpt lat="32.2291430" lon="-97.5939850"><ele>213.0</ele></trkpt><trkpt lat="32.2291380" lon="-97.5940130"><ele>213.0</ele></trkpt><trkpt lat="32.2291320" lon="-97.5940380"><ele>213.0</ele></trkpt><trkpt lat="32.2291260" lon="-97.5940620"><ele>213.0</ele></trkpt><trkpt lat="32.2291210" lon="-97.5940840"><ele>213.0</ele></trkpt><trkpt lat="32.2291160" lon="-97.5941070"><ele>213.0</ele></trkpt><trkpt lat="32.2291100" lon="-97.5941280"><ele>213.0</ele></trkpt><trkpt lat="32.2291040" lon="-97.5941500"><ele>213.0</ele></trkpt><trkpt lat="32.2290980" lon="-97.5941730"><ele>213.0</ele></trkpt><trkpt lat="32.2290920" lon="-97.5941960"><ele>213.0</ele></trkpt><trkpt lat="32.2290860" lon="-97.5942220"><ele>213.0</ele></trkpt><trkpt lat="32.2290790" lon="-97.5942480"><ele>213.0</ele></trkpt><trkpt lat="32.2290720" lon="-97.5942750"><ele>213.0</ele></trkpt><trkpt lat="32.2290650" lon="-97.5943030"><ele>213.0</ele></trkpt><trkpt lat="32.2290580" lon="-97.5943300"><ele>213.0</ele></trkpt><trkpt lat="32.2290520" lon="-97.5943570"><ele>213.0</ele></trkpt><trkpt lat="32.2290460" lon="-97.5943850"><ele>213.0</ele></trkpt><trkpt lat="32.2290410" lon="-97.5944120"><ele>213.0</ele></trkpt><trkpt lat="32.2290350" lon="-97.5944380"><ele>213.0</ele></trkpt><trkpt lat="32.2290290" lon="-97.5944650"><ele>213.0</ele></trkpt><trkpt lat="32.2290220" lon="-97.5944880"><ele>213.0</ele></trkpt><trkpt lat="32.2290150" lon="-97.5945130"><ele>213.0</ele></trkpt><trkpt lat="32.2290010" lon="-97.5945320"><ele>213.0</ele></trkpt><trkpt lat="32.2289880" lon="-97.5945520"><ele>213.0</ele></trkpt><trkpt lat="32.2289700" lon="-97.5945710"><ele>213.0</ele></trkpt><trkpt lat="32.2289530" lon="-97.5945890"><ele>213.0</ele></trkpt><trkpt lat="32.2289330" lon="-97.5946050"><ele>213.0</ele></trkpt><trkpt lat="32.2289130" lon="-97.5946200"><ele>213.0</ele></trkpt><trkpt lat="32.2288920" lon="-97.5946340"><ele>213.0</ele></trkpt><trkpt lat="32.2288710" lon="-97.5946480"><ele>213.0</ele></trkpt><trkpt lat="32.2288500" lon="-97.5946630"><ele>213.0</ele></trkpt><trkpt lat="32.2288280" lon="-97.5946790"><ele>213.0</ele></trkpt><trkpt lat="32.2288090" lon="-97.5946950"><ele>213.0</ele></trkpt><trkpt lat="32.2287900" lon="-97.5947110"><ele>213.0</ele></trkpt><trkpt lat="32.2287710" lon="-97.5947260"><ele>213.0</ele></trkpt><trkpt lat="32.2287530" lon="-97.5947400"><ele>213.0</ele></trkpt><trkpt lat="32.2287340" lon="-97.5947540"><ele>213.0</ele></trkpt><trkpt lat="32.2287160" lon="-97.5947690"><ele>213.0</ele></trkpt><trkpt lat="32.2286990" lon="-97.5947830"><ele>213.0</ele></trkpt><trkpt lat="32.2286810" lon="-97.5947970"><ele>213.0</ele></trkpt><trkpt lat="32.2286640" lon="-97.5948130"><ele>213.0</ele></trkpt><trkpt lat="32.2286470" lon="-97.5948300"><ele>213.0</ele></trkpt><trkpt lat="32.2286320" lon="-97.5948490"><ele>213.0</ele></trkpt><trkpt lat="32.2286180" lon="-97.5948690"><ele>213.0</ele></trkpt><trkpt lat="32.2286030" lon="-97.5948930"><ele>213.0</ele></trkpt><trkpt lat="32.2285880" lon="-97.5949180"><ele>213.0</ele></trkpt><trkpt lat="32.2285720" lon="-97.5949450"><ele>213.0</ele></trkpt><trkpt lat="32.2285570" lon="-97.5949730"><ele>212.0</ele></trkpt><trkpt lat="32.2285410" lon="-97.5950010"><ele>212.0</ele></trkpt><trkpt lat="32.2285250" lon="-97.5950290"><ele>212.0</ele></trkpt><trkpt lat="32.2285080" lon="-97.5950540"><ele>212.0</ele></trkpt><trkpt lat="32.2284910" lon="-97.5950790"><ele>212.0</ele></trkpt><trkpt lat="32.2284730" lon="-97.5951030"><ele>212.0</ele></trkpt><trkpt lat="32.2284550" lon="-97.5951270"><ele>212.0</ele></trkpt><trkpt lat="32.2284370" lon="-97.5951500"><ele>212.0</ele></trkpt><trkpt lat="32.2284190" lon="-97.5951730"><ele>212.0</ele></trkpt><trkpt lat="32.2284010" lon="-97.5951930"><ele>212.0</ele></trkpt><trkpt lat="32.2283830" lon="-97.5952140"><ele>212.0</ele></trkpt><trkpt lat="32.2283650" lon="-97.5952330"><ele>212.0</ele></trkpt><trkpt lat="32.2283470" lon="-97.5952530"><ele>212.0</ele></trkpt><trkpt lat="32.2283250" lon="-97.5952710"><ele>212.0</ele></trkpt><trkpt lat="32.2283030" lon="-97.5952900"><ele>212.0</ele></trkpt><trkpt lat="32.2282780" lon="-97.5953070"><ele>212.0</ele></trkpt><trkpt lat="32.2282540" lon="-97.5953250"><ele>212.0</ele></trkpt><trkpt lat="32.2282320" lon="-97.5953420"><ele>212.0</ele></trkpt><trkpt lat="32.2282110" lon="-97.5953600"><ele>212.0</ele></trkpt><trkpt lat="32.2281930" lon="-97.5953770"><ele>212.0</ele></trkpt><trkpt lat="32.2281760" lon="-97.5953950"><ele>212.0</ele></trkpt><trkpt lat="32.2281600" lon="-97.5954140"><ele>212.0</ele></trkpt><trkpt lat="32.2281440" lon="-97.5954320"><ele>212.0</ele></trkpt><trkpt lat="32.2281280" lon="-97.5954490"><ele>212.0</ele></trkpt><trkpt lat="32.2281130" lon="-97.5954670"><ele>212.0</ele></trkpt><trkpt lat="32.2280960" lon="-97.5954820"><ele>211.0</ele></trkpt><trkpt lat="32.2280800" lon="-97.5954980"><ele>211.0</ele></trkpt><trkpt lat="32.2280630" lon="-97.5955100"><ele>211.0</ele></trkpt><trkpt lat="32.2280460" lon="-97.5955220"><ele>211.0</ele></trkpt><trkpt lat="32.2280290" lon="-97.5955350"><ele>211.0</ele></trkpt><trkpt lat="32.2280130" lon="-97.5955490"><ele>211.0</ele></trkpt><trkpt lat="32.2279950" lon="-97.5955630"><ele>211.0</ele></trkpt><trkpt lat="32.2279770" lon="-97.5955770"><ele>211.0</ele></trkpt><trkpt lat="32.2279580" lon="-97.5955910"><ele>211.0</ele></trkpt><trkpt lat="32.2279400" lon="-97.5956060"><ele>211.0</ele></trkpt><trkpt lat="32.2279220" lon="-97.5956210"><ele>211.0</ele></trkpt><trkpt lat="32.2279050" lon="-97.5956360"><ele>211.0</ele></trkpt><trkpt lat="32.2278870" lon="-97.5956500"><ele>211.0</ele></trkpt><trkpt lat="32.2278690" lon="-97.5956640"><ele>211.0</ele></trkpt><trkpt lat="32.2278520" lon="-97.5956780"><ele>211.0</ele></trkpt><trkpt lat="32.2278350" lon="-97.5956920"><ele>211.0</ele></trkpt><trkpt lat="32.2278170" lon="-97.5957050"><ele>211.0</ele></trkpt><trkpt lat="32.2278000" lon="-97.5957180"><ele>211.0</ele></trkpt><trkpt lat="32.2277800" lon="-97.5957270"><ele>211.0</ele></trkpt><trkpt lat="32.2277610" lon="-97.5957370"><ele>211.0</ele></trkpt><trkpt lat="32.2277400" lon="-97.5957430"><ele>210.0</ele></trkpt><trkpt lat="32.2277200" lon="-97.5957490"><ele>210.0</ele></trkpt><trkpt lat="32.2276990" lon="-97.5957500"><ele>210.0</ele></trkpt><trkpt lat="32.2276770" lon="-97.5957520"><ele>210.0</ele></trkpt><trkpt lat="32.2276540" lon="-97.5957490"><ele>210.0</ele></trkpt><trkpt lat="32.2276300" lon="-97.5957460"><ele>210.0</ele></trkpt><trkpt lat="32.2276040" lon="-97.5957410"><ele>210.0</ele></trkpt><trkpt lat="32.2275790" lon="-97.5957360"><ele>210.0</ele></trkpt><trkpt lat="32.2275550" lon="-97.5957290"><ele>210.0</ele></trkpt><trkpt lat="32.2275320" lon="-97.5957220"><ele>210.0</ele></trkpt><trkpt lat="32.2275090" lon="-97.5957120"><ele>210.0</ele></trkpt><trkpt lat="32.2274870" lon="-97.5957020"><ele>210.0</ele></trkpt><trkpt lat="32.2274660" lon="-97.5956900"><ele>210.0</ele></trkpt><trkpt lat="32.2274450" lon="-97.5956780"><ele>210.0</ele></trkpt><trkpt lat="32.2274250" lon="-97.5956660"><ele>210.0</ele></trkpt><trkpt lat="32.2274040" lon="-97.5956540"><ele>209.0</ele></trkpt><trkpt lat="32.2273830" lon="-97.5956420"><ele>209.0</ele></trkpt><trkpt lat="32.2273610" lon="-97.5956300"><ele>209.0</ele></trkpt><trkpt lat="32.2273380" lon="-97.5956200"><ele>209.0</ele></trkpt><trkpt lat="32.2273150" lon="-97.5956100"><ele>209.0</ele></trkpt><trkpt lat="32.2272900" lon="-97.5956020"><ele>209.0</ele></trkpt><trkpt lat="32.2272650" lon="-97.5955940"><ele>209.0</ele></trkpt><trkpt lat="32.2272420" lon="-97.5955870"><ele>209.0</ele></trkpt><trkpt lat="32.2272190" lon="-97.5955800"><ele>209.0</ele></trkpt><trkpt lat="32.2272000" lon="-97.5955720"><ele>209.0</ele></trkpt><trkpt lat="32.2271820" lon="-97.5955630"><ele>208.0</ele></trkpt><trkpt lat="32.2271650" lon="-97.5955510"><ele>208.0</ele></trkpt><trkpt lat="32.2271480" lon="-97.5955400"><ele>208.0</ele></trkpt><trkpt lat="32.2271310" lon="-97.5955260"><ele>208.0</ele></trkpt><trkpt lat="32.2271140" lon="-97.5955130"><ele>208.0</ele></trkpt><trkpt lat="32.2270990" lon="-97.5954990"><ele>208.0</ele></trkpt><trkpt lat="32.2270840" lon="-97.5954840"><ele>208.0</ele></trkpt><trkpt lat="32.2270680" lon="-97.5954710"><ele>208.0</ele></trkpt><trkpt lat="32.2270530" lon="-97.5954580"><ele>208.0</ele></trkpt><trkpt lat="32.2270370" lon="-97.5954460"><ele>208.0</ele></trkpt><trkpt lat="32.2270220" lon="-97.5954350"><ele>208.0</ele></trkpt><trkpt lat="32.2270070" lon="-97.5954230"><ele>208.0</ele></trkpt><trkpt lat="32.2269920" lon="-97.5954120"><ele>208.0</ele></trkpt><trkpt lat="32.2269790" lon="-97.5953990"><ele>208.0</ele></trkpt><trkpt lat="32.2269660" lon="-97.5953870"><ele>209.0</ele></trkpt><trkpt lat="32.2269560" lon="-97.5953740"><ele>209.0</ele></trkpt><trkpt lat="32.2269460" lon="-97.5953620"><ele>209.0</ele></trkpt><trkpt lat="32.2269440" lon="-97.5953540"><ele>209.0</ele></trkpt><trkpt lat="32.2269420" lon="-97.5953470"><ele>209.0</ele></trkpt><trkpt lat="32.2269430" lon="-97.5953410"><ele>209.0</ele></trkpt><trkpt lat="32.2269430" lon="-97.5953360"><ele>209.0</ele></trkpt><trkpt lat="32.2269380" lon="-97.5953310"><ele>209.0</ele></trkpt><trkpt lat="32.2269320" lon="-97.5953260"><ele>209.0</ele></trkpt><trkpt lat="32.2269180" lon="-97.5953180"><ele>209.0</ele></trkpt><trkpt lat="32.2269040" lon="-97.5953100"><ele>209.0</ele></trkpt><trkpt lat="32.2268840" lon="-97.5952980"><ele>208.0</ele></trkpt><trkpt lat="32.2268640" lon="-97.5952870"><ele>208.0</ele></trkpt><trkpt lat="32.2268420" lon="-97.5952730"><ele>208.0</ele></trkpt><trkpt lat="32.2268190" lon="-97.5952590"><ele>208.0</ele></trkpt><trkpt lat="32.2267980" lon="-97.5952430"><ele>208.0</ele></trkpt><trkpt lat="32.2267770" lon="-97.5952280"><ele>208.0</ele></trkpt><trkpt lat="32.2267580" lon="-97.5952110"><ele>208.0</ele></trkpt><trkpt lat="32.2267380" lon="-97.5951950"><ele>208.0</ele></trkpt><trkpt lat="32.2267190" lon="-97.5951780"><ele>208.0</ele></trkpt><trkpt lat="32.2266990" lon="-97.5951620"><ele>208.0</ele></trkpt><trkpt lat="32.2266790" lon="-97.5951460"><ele>208.0</ele></trkpt><trkpt lat="32.2266580" lon="-97.5951290"><ele>208.0</ele></trkpt><trkpt lat="32.2266370" lon="-97.5951140"><ele>208.0</ele></trkpt><trkpt lat="32.2266160" lon="-97.5950980"><ele>208.0</ele></trkpt><trkpt lat="32.2265940" lon="-97.5950820"><ele>208.0</ele></trkpt><trkpt lat="32.2265720" lon="-97.5950670"><ele>208.0</ele></trkpt><trkpt lat="32.2265490" lon="-97.5950510"><ele>208.0</ele></trkpt><trkpt lat="32.2265270" lon="-97.5950340"><ele>208.0</ele></trkpt><trkpt lat="32.2265060" lon="-97.5950170"><ele>208.0</ele></trkpt><trkpt lat="32.2264840" lon="-97.5949990"><ele>208.0</ele></trkpt><trkpt lat="32.2264630" lon="-97.5949820"><ele>208.0</ele></trkpt><trkpt lat="32.2264420" lon="-97.5949640"><ele>208.0</ele></trkpt><trkpt lat="32.2264180" lon="-97.5949500"><ele>208.0</ele></trkpt><trkpt lat="32.2263950" lon="-97.5949370"><ele>208.0</ele></trkpt><trkpt lat="32.2263700" lon="-97.5949270"><ele>208.0</ele></trkpt><trkpt lat="32.2263450" lon="-97.5949170"><ele>207.0</ele></trkpt><trkpt lat="32.2263180" lon="-97.5949100"><ele>207.0</ele></trkpt><trkpt lat="32.2262910" lon="-97.5949020"><ele>207.0</ele></trkpt><trkpt lat="32.2262640" lon="-97.5948970"><ele>207.0</ele></trkpt><trkpt lat="32.2262360" lon="-97.5948910"><ele>207.0</ele></trkpt><trkpt lat="32.2262100" lon="-97.5948860"><ele>206.0</ele></trkpt><trkpt lat="32.2261840" lon="-97.5948810"><ele>206.0</ele></trkpt><trkpt lat="32.2261610" lon="-97.5948730"><ele>206.0</ele></trkpt><trkpt lat="32.2261380" lon="-97.5948660"><ele>206.0</ele></trkpt><trkpt lat="32.2261160" lon="-97.5948560"><ele>206.0</ele></trkpt><trkpt lat="32.2260950" lon="-97.5948470"><ele>206.0</ele></trkpt><trkpt lat="32.2260730" lon="-97.5948360"><ele>206.0</ele></trkpt><trkpt lat="32.2260510" lon="-97.5948250"><ele>206.0</ele></trkpt><trkpt lat="32.2260300" lon="-97.5948120"><ele>206.0</ele></trkpt><trkpt lat="32.2260090" lon="-97.5948000"><ele>206.0</ele></trkpt><trkpt lat="32.2259900" lon="-97.5947870"><ele>205.0</ele></trkpt><trkpt lat="32.2259720" lon="-97.5947740"><ele>205.0</ele></trkpt><trkpt lat="32.2259540" lon="-97.5947600"><ele>205.0</ele></trkpt><trkpt lat="32.2259370" lon="-97.5947470"><ele>205.0</ele></trkpt><trkpt lat="32.2259200" lon="-97.5947300"><ele>205.0</ele></trkpt><trkpt lat="32.2259030" lon="-97.5947140"><ele>205.0</ele></trkpt><trkpt lat="32.2258860" lon="-97.5946970"><ele>205.0</ele></trkpt><trkpt lat="32.2258700" lon="-97.5946790"><ele>205.0</ele></trkpt><trkpt lat="32.2258560" lon="-97.5946590"><ele>205.0</ele></trkpt><trkpt lat="32.2258410" lon="-97.5946390"><ele>206.0</ele></trkpt><trkpt lat="32.2258280" lon="-97.5946180"><ele>206.0</ele></trkpt><trkpt lat="32.2258140" lon="-97.5945970"><ele>206.0</ele></trkpt><trkpt lat="32.2258020" lon="-97.5945730"><ele>206.0</ele></trkpt><trkpt lat="32.2257900" lon="-97.5945500"><ele>206.0</ele></trkpt><trkpt lat="32.2257810" lon="-97.5945260"><ele>206.0</ele></trkpt><trkpt lat="32.2257710" lon="-97.5945020"><ele>206.0</ele></trkpt><trkpt lat="32.2257630" lon="-97.5944780"><ele>206.0</ele></trkpt><trkpt lat="32.2257560" lon="-97.5944540"><ele>206.0</ele></trkpt><trkpt lat="32.2257470" lon="-97.5944320"><ele>206.0</ele></trkpt><trkpt lat="32.2257370" lon="-97.5944100"><ele>206.0</ele></trkpt><trkpt lat="32.2257240" lon="-97.5943960"><ele>205.0</ele></trkpt><trkpt lat="32.2257110" lon="-97.5943810"><ele>205.0</ele></trkpt><trkpt lat="32.2256920" lon="-97.5943730"><ele>205.0</ele></trkpt><trkpt lat="32.2256740" lon="-97.5943650"><ele>205.0</ele></trkpt><trkpt lat="32.2256530" lon="-97.5943620"><ele>205.0</ele></trkpt><trkpt lat="32.2256320" lon="-97.5943590"><ele>205.0</ele></trkpt><trkpt lat="32.2256080" lon="-97.5943610"><ele>205.0</ele></trkpt><trkpt lat="32.2255850" lon="-97.5943620"><ele>205.0</ele></trkpt><trkpt lat="32.2255590" lon="-97.5943640"><ele>205.0</ele></trkpt><trkpt lat="32.2255330" lon="-97.5943660"><ele>205.0</ele></trkpt><trkpt lat="32.2255060" lon="-97.5943700"><ele>205.0</ele></trkpt><trkpt lat="32.2254800" lon="-97.5943740"><ele>205.0</ele></trkpt><trkpt lat="32.2254550" lon="-97.5943820"><ele>205.0</ele></trkpt><trkpt lat="32.2254300" lon="-97.5943900"><ele>205.0</ele></trkpt><trkpt lat="32.2254070" lon="-97.5944030"><ele>205.0</ele></trkpt><trkpt lat="32.2253840" lon="-97.5944160"><ele>205.0</ele></trkpt><trkpt lat="32.2253630" lon="-97.5944320"><ele>205.0</ele></trkpt><trkpt lat="32.2253420" lon="-97.5944490"><ele>205.0</ele></trkpt><trkpt lat="32.2253230" lon="-97.5944660"><ele>205.0</ele></trkpt><trkpt lat="32.2253040" lon="-97.5944830"><ele>205.0</ele></trkpt><trkpt lat="32.2252870" lon="-97.5945020"><ele>204.0</ele></trkpt><trkpt lat="32.2252700" lon="-97.5945210"><ele>204.0</ele></trkpt><trkpt lat="32.2252520" lon="-97.5945390"><ele>204.0</ele></trkpt><trkpt lat="32.2252340" lon="-97.5945570"><ele>204.0</ele></trkpt><trkpt lat="32.2252160" lon="-97.5945710"><ele>204.0</ele></trkpt><trkpt lat="32.2251990" lon="-97.5945840"><ele>204.0</ele></trkpt><trkpt lat="32.2251810" lon="-97.5945990"><ele>204.0</ele></trkpt><trkpt lat="32.2251640" lon="-97.5946130"><ele>204.0</ele></trkpt><trkpt lat="32.2251470" lon="-97.5946300"><ele>204.0</ele></trkpt><trkpt lat="32.2251310" lon="-97.5946470"><ele>204.0</ele></trkpt><trkpt lat="32.2251180" lon="-97.5946650"><ele>204.0</ele></trkpt><trkpt lat="32.2251050" lon="-97.5946830"><ele>204.0</ele></trkpt><trkpt lat="32.2250940" lon="-97.5947010"><ele>204.0</ele></trkpt><trkpt lat="32.2250830" lon="-97.5947200"><ele>204.0</ele></trkpt><trkpt lat="32.2250700" lon="-97.5947390"><ele>204.0</ele></trkpt><trkpt lat="32.2250580" lon="-97.5947580"><ele>204.0</ele></trkpt><trkpt lat="32.2250410" lon="-97.5947790"><ele>204.0</ele></trkpt><trkpt lat="32.2250250" lon="-97.5948000"><ele>204.0</ele></trkpt><trkpt lat="32.2250050" lon="-97.5948160"><ele>204.0</ele></trkpt><trkpt lat="32.2249850" lon="-97.5948320"><ele>204.0</ele></trkpt><trkpt lat="32.2249660" lon="-97.5948410"><ele>203.0</ele></trkpt><trkpt lat="32.2249470" lon="-97.5948500"><ele>203.0</ele></trkpt><trkpt lat="32.2249300" lon="-97.5948510"><ele>203.0</ele></trkpt><trkpt lat="32.2249120" lon="-97.5948520"><ele>203.0</ele></trkpt><trkpt lat="32.2248970" lon="-97.5948480"><ele>203.0</ele></trkpt><trkpt lat="32.2248810" lon="-97.5948450"><ele>203.0</ele></trkpt><trkpt lat="32.2248670" lon="-97.5948350"><ele>203.0</ele></trkpt><trkpt lat="32.2248530" lon="-97.5948250"><ele>203.0</ele></trkpt><trkpt lat="32.2248350" lon="-97.5948090"><ele>203.0</ele></trkpt><trkpt lat="32.2248170" lon="-97.5947930"><ele>203.0</ele></trkpt><trkpt lat="32.2247970" lon="-97.5947790"><ele>203.0</ele></trkpt><trkpt lat="32.2247770" lon="-97.5947650"><ele>203.0</ele></trkpt><trkpt lat="32.2247570" lon="-97.5947570"><ele>203.0</ele></trkpt><trkpt lat="32.2247370" lon="-97.5947490"><ele>203.0</ele></trkpt><trkpt lat="32.2247160" lon="-97.5947470"><ele>203.0</ele></trkpt><trkpt lat="32.2246950" lon="-97.5947440"><ele>203.0</ele></trkpt><trkpt lat="32.2246730" lon="-97.5947440"><ele>203.0</ele></trkpt><trkpt lat="32.2246520" lon="-97.5947440"><ele>203.0</ele></trkpt><trkpt lat="32.2246330" lon="-97.5947470"><ele>203.0</ele></trkpt><trkpt lat="32.2246140" lon="-97.5947500"><ele>203.0</ele></trkpt><trkpt lat="32.2245960" lon="-97.5947550"><ele>203.0</ele></trkpt><trkpt lat="32.2245770" lon="-97.5947600"><ele>203.0</ele></trkpt><trkpt lat="32.2245570" lon="-97.5947660"><ele>203.0</ele></trkpt><trkpt lat="32.2245360" lon="-97.5947720"><ele>203.0</ele></trkpt><trkpt lat="32.2245160" lon="-97.5947790"><ele>204.0</ele></trkpt><trkpt lat="32.2244960" lon="-97.5947870"><ele>204.0</ele></trkpt><trkpt lat="32.2244750" lon="-97.5947930"><ele>204.0</ele></trkpt><trkpt lat="32.2244540" lon="-97.5947990"><ele>204.0</ele></trkpt><trkpt lat="32.2244340" lon="-97.5948070"><ele>204.0</ele></trkpt><trkpt lat="32.2244140" lon="-97.5948150"><ele>204.0</ele></trkpt><trkpt lat="32.2243940" lon="-97.5948240"><ele>203.0</ele></trkpt><trkpt lat="32.2243730" lon="-97.5948320"><ele>203.0</ele></trkpt><trkpt lat="32.2243490" lon="-97.5948450"><ele>203.0</ele></trkpt><trkpt lat="32.2243250" lon="-97.5948580"><ele>203.0</ele></trkpt><trkpt lat="32.2243030" lon="-97.5948750"><ele>203.0</ele></trkpt><trkpt lat="32.2242800" lon="-97.5948930"><ele>203.0</ele></trkpt><trkpt lat="32.2242620" lon="-97.5949130"><ele>203.0</ele></trkpt><trkpt lat="32.2242440" lon="-97.5949330"><ele>203.0</ele></trkpt><trkpt lat="32.2242270" lon="-97.5949520"><ele>203.0</ele></trkpt><trkpt lat="32.2242110" lon="-97.5949710"><ele>203.0</ele></trkpt><trkpt lat="32.2241940" lon="-97.5949890"><ele>203.0</ele></trkpt><trkpt lat="32.2241770" lon="-97.5950060"><ele>203.0</ele></trkpt><trkpt lat="32.2241570" lon="-97.5950230"><ele>203.0</ele></trkpt><trkpt lat="32.2241370" lon="-97.5950390"><ele>203.0</ele></trkpt><trkpt lat="32.2241170" lon="-97.5950560"><ele>203.0</ele></trkpt><trkpt lat="32.2240970" lon="-97.5950720"><ele>202.0</ele></trkpt><trkpt lat="32.2240770" lon="-97.5950870"><ele>202.0</ele></trkpt><trkpt lat="32.2240580" lon="-97.5951020"><ele>202.0</ele></trkpt><trkpt lat="32.2240450" lon="-97.5951180"><ele>202.0</ele></trkpt><trkpt lat="32.2240320" lon="-97.5951340"><ele>202.0</ele></trkpt><trkpt lat="32.2240260" lon="-97.5951540"><ele>202.0</ele></trkpt><trkpt lat="32.2240200" lon="-97.5951730"><ele>202.0</ele></trkpt><trkpt lat="32.2240140" lon="-97.5951930"><ele>202.0</ele></trkpt><trkpt lat="32.2240090" lon="-97.5952130"><ele>202.0</ele></trkpt><trkpt lat="32.2239980" lon="-97.5952320"><ele>202.0</ele></trkpt><trkpt lat="32.2239860" lon="-97.5952500"><ele>202.0</ele></trkpt><trkpt lat="32.2239730" lon="-97.5952650"><ele>202.0</ele></trkpt><trkpt lat="32.2239600" lon="-97.5952800"><ele>202.0</ele></trkpt><trkpt lat="32.2239560" lon="-97.5952950"><ele>202.0</ele></trkpt><trkpt lat="32.2239510" lon="-97.5953100"><ele>202.0</ele></trkpt><trkpt lat="32.2239570" lon="-97.5953250"><ele>202.0</ele></trkpt><trkpt lat="32.2239630" lon="-97.5953410"><ele>202.0</ele></trkpt><trkpt lat="32.2239750" lon="-97.5953590"><ele>202.0</ele></trkpt><trkpt lat="32.2239870" lon="-97.5953770"><ele>202.0</ele></trkpt><trkpt lat="32.2240000" lon="-97.5953940"><ele>203.0</ele></trkpt><trkpt lat="32.2240130" lon="-97.5954120"><ele>203.0</ele></trkpt><trkpt lat="32.2240240" lon="-97.5954290"><ele>203.0</ele></trkpt><trkpt lat="32.2240350" lon="-97.5954450"><ele>203.0</ele></trkpt><trkpt lat="32.2240440" lon="-97.5954610"><ele>203.0</ele></trkpt><trkpt lat="32.2240530" lon="-97.5954760"><ele>203.0</ele></trkpt><trkpt lat="32.2240650" lon="-97.5954900"><ele>203.0</ele></trkpt><trkpt lat="32.2240780" lon="-97.5955040"><ele>203.0</ele></trkpt><trkpt lat="32.2240920" lon="-97.5955150"><ele>203.0</ele></trkpt><trkpt lat="32.2241060" lon="-97.5955270"><ele>203.0</ele></trkpt><trkpt lat="32.2241210" lon="-97.5955350"><ele>204.0</ele></trkpt><trkpt lat="32.2241360" lon="-97.5955430"><ele>204.0</ele></trkpt><trkpt lat="32.2241510" lon="-97.5955480"><ele>204.0</ele></trkpt><trkpt lat="32.2241670" lon="-97.5955530"><ele>204.0</ele></trkpt><trkpt lat="32.2241830" lon="-97.5955590"><ele>204.0</ele></trkpt><trkpt lat="32.2241990" lon="-97.5955650"><ele>204.0</ele></trkpt><trkpt lat="32.2242150" lon="-97.5955730"><ele>204.0</ele></trkpt><trkpt lat="32.2242320" lon="-97.5955810"><ele>204.0</ele></trkpt><trkpt lat="32.2242490" lon="-97.5955910"><ele>204.0</ele></trkpt><trkpt lat="32.2242670" lon="-97.5956010"><ele>204.0</ele></trkpt><trkpt lat="32.2242850" lon="-97.5956120"><ele>205.0</ele></trkpt><trkpt lat="32.2243020" lon="-97.5956220"><ele>205.0</ele></trkpt><trkpt lat="32.2243200" lon="-97.5956340"><ele>205.0</ele></trkpt><trkpt lat="32.2243380" lon="-97.5956460"><ele>205.0</ele></trkpt><trkpt lat="32.2243570" lon="-97.5956570"><ele>205.0</ele></trkpt><trkpt lat="32.2243760" lon="-97.5956670"><ele>205.0</ele></trkpt><trkpt lat="32.2243960" lon="-97.5956760"><ele>205.0</ele></trkpt><trkpt lat="32.2244170" lon="-97.5956840"><ele>205.0</ele></trkpt><trkpt lat="32.2244370" lon="-97.5956910"><ele>205.0</ele></trkpt><trkpt lat="32.2244570" lon="-97.5956970"><ele>205.0</ele></trkpt><trkpt lat="32.2244780" lon="-97.5957020"><ele>206.0</ele></trkpt><trkpt lat="32.2244990" lon="-97.5957070"><ele>206.0</ele></trkpt><trkpt lat="32.2245210" lon="-97.5957070"><ele>206.0</ele></trkpt><trkpt lat="32.2245440" lon="-97.5957080"><ele>206.0</ele></trkpt><trkpt lat="32.2245650" lon="-97.5957080"><ele>206.0</ele></trkpt><trkpt lat="32.2245870" lon="-97.5957080"><ele>206.0</ele></trkpt><trkpt lat="32.2246080" lon="-97.5957110"><ele>206.0</ele></trkpt><trkpt lat="32.2246290" lon="-97.5957150"><ele>206.0</ele></trkpt><trkpt lat="32.2246510" lon="-97.5957200"><ele>206.0</ele></trkpt><trkpt lat="32.2246730" lon="-97.5957250"><ele>206.0</ele></trkpt><trkpt lat="32.2246980" lon="-97.5957320"><ele>207.0</ele></trkpt><trkpt lat="32.2247220" lon="-97.5957380"><ele>207.0</ele></trkpt><trkpt lat="32.2247470" lon="-97.5957470"><ele>207.0</ele></trkpt><trkpt lat="32.2247730" lon="-97.5957560"><ele>207.0</ele></trkpt><trkpt lat="32.2247990" lon="-97.5957660"><ele>207.0</ele></trkpt><trkpt lat="32.2248240" lon="-97.5957760"><ele>207.0</ele></trkpt><trkpt lat="32.2248500" lon="-97.5957830"><ele>207.0</ele></trkpt><trkpt lat="32.2248760" lon="-97.5957910"><ele>207.0</ele></trkpt><trkpt lat="32.2249010" lon="-97.5957970"><ele>207.0</ele></trkpt><trkpt lat="32.2249260" lon="-97.5958030"><ele>207.0</ele></trkpt><trkpt lat="32.2249480" lon="-97.5958070"><ele>208.0</ele></trkpt><trkpt lat="32.2249710" lon="-97.5958100"><ele>208.0</ele></trkpt><trkpt lat="32.2249930" lon="-97.5958140"><ele>208.0</ele></trkpt><trkpt lat="32.2250150" lon="-97.5958170"><ele>208.0</ele></trkpt><trkpt lat="32.2250350" lon="-97.5958220"><ele>208.0</ele></trkpt><trkpt lat="32.2250550" lon="-97.5958280"><ele>209.0</ele></trkpt><trkpt lat="32.2250740" lon="-97.5958370"><ele>208.0</ele></trkpt><trkpt lat="32.2250930" lon="-97.5958470"><ele>208.0</ele></trkpt><trkpt lat="32.2251110" lon="-97.5958590"><ele>208.0</ele></trkpt><trkpt lat="32.2251290" lon="-97.5958710"><ele>208.0</ele></trkpt><trkpt lat="32.2251490" lon="-97.5958820"><ele>208.0</ele></trkpt><trkpt lat="32.2251680" lon="-97.5958940"><ele>208.0</ele></trkpt><trkpt lat="32.2251890" lon="-97.5959050"><ele>208.0</ele></trkpt><trkpt lat="32.2252100" lon="-97.5959150"><ele>208.0</ele></trkpt><trkpt lat="32.2252300" lon="-97.5959230"><ele>208.0</ele></trkpt><trkpt lat="32.2252510" lon="-97.5959310"><ele>208.0</ele></trkpt><trkpt lat="32.2252700" lon="-97.5959380"><ele>208.0</ele></trkpt><trkpt lat="32.2252900" lon="-97.5959450"><ele>208.0</ele></trkpt><trkpt lat="32.2253110" lon="-97.5959540"><ele>208.0</ele></trkpt><trkpt lat="32.2253330" lon="-97.5959630"><ele>208.0</ele></trkpt><trkpt lat="32.2253590" lon="-97.5959760"><ele>208.0</ele></trkpt><trkpt lat="32.2253840" lon="-97.5959890"><ele>208.0</ele></trkpt><trkpt lat="32.2254110" lon="-97.5960070"><ele>208.0</ele></trkpt><trkpt lat="32.2254380" lon="-97.5960240"><ele>208.0</ele></trkpt><trkpt lat="32.2254640" lon="-97.5960430"><ele>208.0</ele></trkpt><trkpt lat="32.2254900" lon="-97.5960620"><ele>209.0</ele></trkpt><trkpt lat="32.2255130" lon="-97.5960780"><ele>209.0</ele></trkpt><trkpt lat="32.2255360" lon="-97.5960950"><ele>209.0</ele></trkpt><trkpt lat="32.2255560" lon="-97.5961120"><ele>209.0</ele></trkpt><trkpt lat="32.2255760" lon="-97.5961290"><ele>209.0</ele></trkpt><trkpt lat="32.2255940" lon="-97.5961450"><ele>210.0</ele></trkpt><trkpt lat="32.2256120" lon="-97.5961600"><ele>210.0</ele></trkpt><trkpt lat="32.2256310" lon="-97.5961740"><ele>210.0</ele></trkpt><trkpt lat="32.2256490" lon="-97.5961880"><ele>210.0</ele></trkpt><trkpt lat="32.2256650" lon="-97.5962030"><ele>210.0</ele></trkpt><trkpt lat="32.2256820" lon="-97.5962190"><ele>210.0</ele></trkpt><trkpt lat="32.2256980" lon="-97.5962340"><ele>210.0</ele></trkpt><trkpt lat="32.2257130" lon="-97.5962500"><ele>210.0</ele></trkpt><trkpt lat="32.2257290" lon="-97.5962640"><ele>210.0</ele></trkpt><trkpt lat="32.2257440" lon="-97.5962780"><ele>210.0</ele></trkpt><trkpt lat="32.2257610" lon="-97.5962920"><ele>210.0</ele></trkpt><trkpt lat="32.2257780" lon="-97.5963060"><ele>210.0</ele></trkpt><trkpt lat="32.2257950" lon="-97.5963190"><ele>210.0</ele></trkpt><trkpt lat="32.2258120" lon="-97.5963330"><ele>210.0</ele></trkpt><trkpt lat="32.2258280" lon="-97.5963480"><ele>210.0</ele></trkpt><trkpt lat="32.2258430" lon="-97.5963640"><ele>210.0</ele></trkpt><trkpt lat="32.2258600" lon="-97.5963790"><ele>210.0</ele></trkpt><trkpt lat="32.2258770" lon="-97.5963950"><ele>210.0</ele></trkpt><trkpt lat="32.2258950" lon="-97.5964100"><ele>210.0</ele></trkpt><trkpt lat="32.2259140" lon="-97.5964250"><ele>210.0</ele></trkpt><trkpt lat="32.2259360" lon="-97.5964380"><ele>210.0</ele></trkpt><trkpt lat="32.2259580" lon="-97.5964500"><ele>210.0</ele></trkpt><trkpt lat="32.2259810" lon="-97.5964630"><ele>210.0</ele></trkpt><trkpt lat="32.2260040" lon="-97.5964760"><ele>210.0</ele></trkpt><trkpt lat="32.2260270" lon="-97.5964880"><ele>210.0</ele></trkpt><trkpt lat="32.2260490" lon="-97.5965000"><ele>210.0</ele></trkpt><trkpt lat="32.2260690" lon="-97.5965120"><ele>210.0</ele></trkpt><trkpt lat="32.2260890" lon="-97.5965230"><ele>210.0</ele></trkpt><trkpt lat="32.2261070" lon="-97.5965360"><ele>210.0</ele></trkpt><trkpt lat="32.2261250" lon="-97.5965490"><ele>210.0</ele></trkpt><trkpt lat="32.2261400" lon="-97.5965620"><ele>210.0</ele></trkpt><trkpt lat="32.2261540" lon="-97.5965760"><ele>210.0</ele></trkpt><trkpt lat="32.2261670" lon="-97.5965930"><ele>210.0</ele></trkpt><trkpt lat="32.2261800" lon="-97.5966090"><ele>210.0</ele></trkpt><trkpt lat="32.2261920" lon="-97.5966270"><ele>210.0</ele></trkpt><trkpt lat="32.2262040" lon="-97.5966440"><ele>211.0</ele></trkpt><trkpt lat="32.2262170" lon="-97.5966640"><ele>211.0</ele></trkpt><trkpt lat="32.2262300" lon="-97.5966830"><ele>211.0</ele></trkpt><trkpt lat="32.2262440" lon="-97.5967030"><ele>211.0</ele></trkpt><trkpt lat="32.2262580" lon="-97.5967250"><ele>211.0</ele></trkpt><trkpt lat="32.2262730" lon="-97.5967450"><ele>212.0</ele></trkpt><trkpt lat="32.2262890" lon="-97.5967670"><ele>212.0</ele></trkpt><trkpt lat="32.2263050" lon="-97.5967860"><ele>212.0</ele></trkpt><trkpt lat="32.2263210" lon="-97.5968060"><ele>212.0</ele></trkpt><trkpt lat="32.2263400" lon="-97.5968230"><ele>212.0</ele></trkpt><trkpt lat="32.2263580" lon="-97.5968410"><ele>212.0</ele></trkpt><trkpt lat="32.2263790" lon="-97.5968580"><ele>211.0</ele></trkpt><trkpt lat="32.2263990" lon="-97.5968740"><ele>211.0</ele></trkpt><trkpt lat="32.2264200" lon="-97.5968900"><ele>211.0</ele></trkpt><trkpt lat="32.2264400" lon="-97.5969070"><ele>211.0</ele></trkpt><trkpt lat="32.2264600" lon="-97.5969250"><ele>211.0</ele></trkpt><trkpt lat="32.2264790" lon="-97.5969420"><ele>211.0</ele></trkpt><trkpt lat="32.2264950" lon="-97.5969580"><ele>211.0</ele></trkpt><trkpt lat="32.2265100" lon="-97.5969740"><ele>211.0</ele></trkpt><trkpt lat="32.2265240" lon="-97.5969910"><ele>211.0</ele></trkpt><trkpt lat="32.2265370" lon="-97.5970080"><ele>211.0</ele></trkpt><trkpt lat="32.2265490" lon="-97.5970280"><ele>211.0</ele></trkpt><trkpt lat="32.2265610" lon="-97.5970470"><ele>211.0</ele></trkpt><trkpt lat="32.2265740" lon="-97.5970700"><ele>211.0</ele></trkpt><trkpt lat="32.2265860" lon="-97.5970920"><ele>211.0</ele></trkpt><trkpt lat="32.2265970" lon="-97.5971150"><ele>211.0</ele></trkpt><trkpt lat="32.2266090" lon="-97.5971390"><ele>210.0</ele></trkpt><trkpt lat="32.2266170" lon="-97.5971600"><ele>210.0</ele></trkpt><trkpt lat="32.2266260" lon="-97.5971810"><ele>210.0</ele></trkpt><trkpt lat="32.2266340" lon="-97.5972020"><ele>210.0</ele></trkpt><trkpt lat="32.2266420" lon="-97.5972230"><ele>210.0</ele></trkpt><trkpt lat="32.2266510" lon="-97.5972440"><ele>210.0</ele></trkpt><trkpt lat="32.2266590" lon="-97.5972650"><ele>210.0</ele></trkpt><trkpt lat="32.2266700" lon="-97.5972880"><ele>210.0</ele></trkpt><trkpt lat="32.2266800" lon="-97.5973100"><ele>210.0</ele></trkpt><trkpt lat="32.2266920" lon="-97.5973310"><ele>211.0</ele></trkpt><trkpt lat="32.2267050" lon="-97.5973520"><ele>211.0</ele></trkpt><trkpt lat="32.2267190" lon="-97.5973710"><ele>211.0</ele></trkpt><trkpt lat="32.2267320" lon="-97.5973900"><ele>211.0</ele></trkpt><trkpt lat="32.2267480" lon="-97.5974090"><ele>211.0</ele></trkpt><trkpt lat="32.2267630" lon="-97.5974280"><ele>211.0</ele></trkpt><trkpt lat="32.2267790" lon="-97.5974490"><ele>211.0</ele></trkpt><trkpt lat="32.2267960" lon="-97.5974690"><ele>211.0</ele></trkpt><trkpt lat="32.2268130" lon="-97.5974910"><ele>211.0</ele></trkpt><trkpt lat="32.2268310" lon="-97.5975130"><ele>211.0</ele></trkpt><trkpt lat="32.2268500" lon="-97.5975340"><ele>212.0</ele></trkpt><trkpt lat="32.2268680" lon="-97.5975560"><ele>212.0</ele></trkpt><trkpt lat="32.2268860" lon="-97.5975770"><ele>212.0</ele></trkpt><trkpt lat="32.2269040" lon="-97.5975980"><ele>212.0</ele></trkpt><trkpt lat="32.2269200" lon="-97.5976190"><ele>212.0</ele></trkpt><trkpt lat="32.2269370" lon="-97.5976410"><ele>213.0</ele></trkpt><trkpt lat="32.2269530" lon="-97.5976630"><ele>213.0</ele></trkpt><trkpt lat="32.2269690" lon="-97.5976860"><ele>213.0</ele></trkpt><trkpt lat="32.2269850" lon="-97.5977090"><ele>213.0</ele></trkpt><trkpt lat="32.2270010" lon="-97.5977320"><ele>213.0</ele></trkpt><trkpt lat="32.2270160" lon="-97.5977540"><ele>213.0</ele></trkpt><trkpt lat="32.2270320" lon="-97.5977770"><ele>213.0</ele></trkpt><trkpt lat="32.2270460" lon="-97.5977990"><ele>213.0</ele></trkpt><trkpt lat="32.2270590" lon="-97.5978210"><ele>213.0</ele></trkpt><trkpt lat="32.2270720" lon="-97.5978420"><ele>213.0</ele></trkpt><trkpt lat="32.2270840" lon="-97.5978640"><ele>213.0</ele></trkpt><trkpt lat="32.2270930" lon="-97.5978860"><ele>213.0</ele></trkpt><trkpt lat="32.2271030" lon="-97.5979080"><ele>213.0</ele></trkpt><trkpt lat="32.2271090" lon="-97.5979290"><ele>213.0</ele></trkpt><trkpt lat="32.2271150" lon="-97.5979510"><ele>213.0</ele></trkpt><trkpt lat="32.2271170" lon="-97.5979740"><ele>213.0</ele></trkpt><trkpt lat="32.2271200" lon="-97.5979970"><ele>212.0</ele></trkpt><trkpt lat="32.2271210" lon="-97.5980210"><ele>212.0</ele></trkpt><trkpt lat="32.2271230" lon="-97.5980460"><ele>212.0</ele></trkpt><trkpt lat="32.2271240" lon="-97.5980710"><ele>212.0</ele></trkpt><trkpt lat="32.2271250" lon="-97.5980960"><ele>212.0</ele></trkpt><trkpt lat="32.2271260" lon="-97.5981210"><ele>212.0</ele></trkpt><trkpt lat="32.2271270" lon="-97.5981460"><ele>212.0</ele></trkpt><trkpt lat="32.2271290" lon="-97.5981700"><ele>212.0</ele></trkpt><trkpt lat="32.2271300" lon="-97.5981950"><ele>212.0</ele></trkpt><trkpt lat="32.2271320" lon="-97.5982190"><ele>213.0</ele></trkpt><trkpt lat="32.2271350" lon="-97.5982440"><ele>213.0</ele></trkpt><trkpt lat="32.2271370" lon="-97.5982680"><ele>213.0</ele></trkpt><trkpt lat="32.2271390" lon="-97.5982930"><ele>213.0</ele></trkpt><trkpt lat="32.2271420" lon="-97.5983180"><ele>213.0</ele></trkpt><trkpt lat="32.2271440" lon="-97.5983420"><ele>213.0</ele></trkpt><trkpt lat="32.2271460" lon="-97.5983670"><ele>213.0</ele></trkpt><trkpt lat="32.2271480" lon="-97.5983910"><ele>213.0</ele></trkpt><trkpt lat="32.2271490" lon="-97.5984140"><ele>213.0</ele></trkpt><trkpt lat="32.2271500" lon="-97.5984370"><ele>213.0</ele></trkpt><trkpt lat="32.2271530" lon="-97.5984610"><ele>214.0</ele></trkpt><trkpt lat="32.2271560" lon="-97.5984840"><ele>214.0</ele></trkpt><trkpt lat="32.2271590" lon="-97.5985090"><ele>214.0</ele></trkpt><trkpt lat="32.2271620" lon="-97.5985330"><ele>214.0</ele></trkpt><trkpt lat="32.2271650" lon="-97.5985570"><ele>214.0</ele></trkpt><trkpt lat="32.2271670" lon="-97.5985810"><ele>215.0</ele></trkpt><trkpt lat="32.2271680" lon="-97.5986060"><ele>215.0</ele></trkpt><trkpt lat="32.2271690" lon="-97.5986310"><ele>215.0</ele></trkpt><trkpt lat="32.2271700" lon="-97.5986570"><ele>215.0</ele></trkpt><trkpt lat="32.2271700" lon="-97.5986830"><ele>215.0</ele></trkpt><trkpt lat="32.2271690" lon="-97.5987090"><ele>215.0</ele></trkpt><trkpt lat="32.2271690" lon="-97.5987350"><ele>215.0</ele></trkpt><trkpt lat="32.2271660" lon="-97.5987620"><ele>215.0</ele></trkpt><trkpt lat="32.2271640" lon="-97.5987890"><ele>215.0</ele></trkpt><trkpt lat="32.2271610" lon="-97.5988140"><ele>215.0</ele></trkpt><trkpt lat="32.2271570" lon="-97.5988390"><ele>215.0</ele></trkpt><trkpt lat="32.2271530" lon="-97.5988630"><ele>215.0</ele></trkpt><trkpt lat="32.2271480" lon="-97.5988860"><ele>215.0</ele></trkpt><trkpt lat="32.2271430" lon="-97.5989080"><ele>215.0</ele></trkpt><trkpt lat="32.2271370" lon="-97.5989300"><ele>215.0</ele></trkpt><trkpt lat="32.2271310" lon="-97.5989530"><ele>215.0</ele></trkpt><trkpt lat="32.2271250" lon="-97.5989750"><ele>215.0</ele></trkpt><trkpt lat="32.2271200" lon="-97.5990000"><ele>215.0</ele></trkpt><trkpt lat="32.2271160" lon="-97.5990240"><ele>215.0</ele></trkpt><trkpt lat="32.2271100" lon="-97.5990500"><ele>215.0</ele></trkpt><trkpt lat="32.2271050" lon="-97.5990760"><ele>216.0</ele></trkpt><trkpt lat="32.2270980" lon="-97.5991020"><ele>216.0</ele></trkpt><trkpt lat="32.2270920" lon="-97.5991280"><ele>216.0</ele></trkpt><trkpt lat="32.2270860" lon="-97.5991550"><ele>216.0</ele></trkpt><trkpt lat="32.2270810" lon="-97.5991820"><ele>216.0</ele></trkpt><trkpt lat="32.2270770" lon="-97.5992090"><ele>216.0</ele></trkpt><trkpt lat="32.2270730" lon="-97.5992360"><ele>216.0</ele></trkpt><trkpt lat="32.2270740" lon="-97.5992600"><ele>216.0</ele></trkpt><trkpt lat="32.2270740" lon="-97.5992850"><ele>216.0</ele></trkpt><trkpt lat="32.2270800" lon="-97.5993060"><ele>216.0</ele></trkpt><trkpt lat="32.2270870" lon="-97.5993270"><ele>216.0</ele></trkpt><trkpt lat="32.2271000" lon="-97.5993440"><ele>216.0</ele></trkpt><trkpt lat="32.2271120" lon="-97.5993610"><ele>216.0</ele></trkpt><trkpt lat="32.2271310" lon="-97.5993750"><ele>216.0</ele></trkpt><trkpt lat="32.2271500" lon="-97.5993890"><ele>216.0</ele></trkpt><trkpt lat="32.2271730" lon="-97.5994020"><ele>217.0</ele></trkpt><trkpt lat="32.2271960" lon="-97.5994150"><ele>217.0</ele></trkpt><trkpt lat="32.2272200" lon="-97.5994270"><ele>217.0</ele></trkpt><trkpt lat="32.2272450" lon="-97.5994400"><ele>217.0</ele></trkpt><trkpt lat="32.2272680" lon="-97.5994510"><ele>217.0</ele></trkpt><trkpt lat="32.2272910" lon="-97.5994630"><ele>217.0</ele></trkpt><trkpt lat="32.2273120" lon="-97.5994720"><ele>217.0</ele></trkpt><trkpt lat="32.2273330" lon="-97.5994810"><ele>217.0</ele></trkpt><trkpt lat="32.2273540" lon="-97.5994910"><ele>217.0</ele></trkpt><trkpt lat="32.2273760" lon="-97.5995000"><ele>217.0</ele></trkpt><trkpt lat="32.2273990" lon="-97.5995100"><ele>218.0</ele></trkpt><trkpt lat="32.2274220" lon="-97.5995200"><ele>218.0</ele></trkpt><trkpt lat="32.2274470" lon="-97.5995310"><ele>218.0</ele></trkpt><trkpt lat="32.2274720" lon="-97.5995410"><ele>218.0</ele></trkpt><trkpt lat="32.2274970" lon="-97.5995490"><ele>218.0</ele></trkpt><trkpt lat="32.2275230" lon="-97.5995580"><ele>218.0</ele></trkpt><trkpt lat="32.2275500" lon="-97.5995670"><ele>218.0</ele></trkpt><trkpt lat="32.2275760" lon="-97.5995760"><ele>218.0</ele></trkpt><trkpt lat="32.2276010" lon="-97.5995870"><ele>218.0</ele></trkpt><trkpt lat="32.2276260" lon="-97.5995980"><ele>218.0</ele></trkpt><trkpt lat="32.2276500" lon="-97.5996100"><ele>218.0</ele></trkpt><trkpt lat="32.2276730" lon="-97.5996220"><ele>218.0</ele></trkpt><trkpt lat="32.2276940" lon="-97.5996340"><ele>218.0</ele></trkpt><trkpt lat="32.2277160" lon="-97.5996450"><ele>218.0</ele></trkpt><trkpt lat="32.2277350" lon="-97.5996550"><ele>218.0</ele></trkpt><trkpt lat="32.2277550" lon="-97.5996650"><ele>218.0</ele></trkpt><trkpt lat="32.2277740" lon="-97.5996740"><ele>218.0</ele></trkpt><trkpt lat="32.2277940" lon="-97.5996830"><ele>218.0</ele></trkpt><trkpt lat="32.2278130" lon="-97.5996910"><ele>218.0</ele></trkpt><trkpt lat="32.2278330" lon="-97.5996990"><ele>218.0</ele></trkpt><trkpt lat="32.2278530" lon="-97.5997050"><ele>218.0</ele></trkpt><trkpt lat="32.2278720" lon="-97.5997110"><ele>218.0</ele></trkpt><trkpt lat="32.2278920" lon="-97.5997180"><ele>218.0</ele></trkpt><trkpt lat="32.2279110" lon="-97.5997250"><ele>218.0</ele></trkpt><trkpt lat="32.2279310" lon="-97.5997340"><ele>218.0</ele></trkpt><trkpt lat="32.2279500" lon="-97.5997430"><ele>218.0</ele></trkpt><trkpt lat="32.2279690" lon="-97.5997540"><ele>217.0</ele></trkpt><trkpt lat="32.2279870" lon="-97.5997640"><ele>217.0</ele></trkpt><trkpt lat="32.2280060" lon="-97.5997750"><ele>217.0</ele></trkpt><trkpt lat="32.2280260" lon="-97.5997860"><ele>217.0</ele></trkpt><trkpt lat="32.2280460" lon="-97.5997970"><ele>217.0</ele></trkpt><trkpt lat="32.2280670" lon="-97.5998070"><ele>217.0</ele></trkpt><trkpt lat="32.2280890" lon="-97.5998180"><ele>217.0</ele></trkpt><trkpt lat="32.2281110" lon="-97.5998290"><ele>217.0</ele></trkpt><trkpt lat="32.2281330" lon="-97.5998420"><ele>217.0</ele></trkpt><trkpt lat="32.2281560" lon="-97.5998550"><ele>217.0</ele></trkpt><trkpt lat="32.2281780" lon="-97.5998690"><ele>217.0</ele></trkpt><trkpt lat="32.2282000" lon="-97.5998830"><ele>217.0</ele></trkpt><trkpt lat="32.2282220" lon="-97.5998940"><ele>217.0</ele></trkpt><trkpt lat="32.2282430" lon="-97.5999060"><ele>217.0</ele></trkpt><trkpt lat="32.2282630" lon="-97.5999150"><ele>217.0</ele></trkpt><trkpt lat="32.2282830" lon="-97.5999240"><ele>217.0</ele></trkpt><trkpt lat="32.2283020" lon="-97.5999320"><ele>217.0</ele></trkpt><trkpt lat="32.2283210" lon="-97.5999390"><ele>217.0</ele></trkpt><trkpt lat="32.2283410" lon="-97.5999480"><ele>217.0</ele></trkpt><trkpt lat="32.2283600" lon="-97.5999560"><ele>217.0</ele></trkpt><trkpt lat="32.2283810" lon="-97.5999650"><ele>217.0</ele></trkpt><trkpt lat="32.2284010" lon="-97.5999740"><ele>217.0</ele></trkpt><trkpt lat="32.2284230" lon="-97.5999850"><ele>217.0</ele></trkpt><trkpt lat="32.2284440" lon="-97.5999960"><ele>217.0</ele></trkpt><trkpt lat="32.2284660" lon="-97.6000080"><ele>217.0</ele></trkpt><trkpt lat="32.2284870" lon="-97.6000200"><ele>217.0</ele></trkpt><trkpt lat="32.2285080" lon="-97.6000310"><ele>217.0</ele></trkpt><trkpt lat="32.2285300" lon="-97.6000430"><ele>217.0</ele></trkpt><trkpt lat="32.2285510" lon="-97.6000540"><ele>217.0</ele></trkpt><trkpt lat="32.2285720" lon="-97.6000650"><ele>217.0</ele></trkpt><trkpt lat="32.2285940" lon="-97.6000760"><ele>217.0</ele></trkpt><trkpt lat="32.2286150" lon="-97.6000860"><ele>217.0</ele></trkpt><trkpt lat="32.2286360" lon="-97.6000960"><ele>217.0</ele></trkpt><trkpt lat="32.2286560" lon="-97.6001060"><ele>217.0</ele></trkpt><trkpt lat="32.2286760" lon="-97.6001150"><ele>217.0</ele></trkpt><trkpt lat="32.2286970" lon="-97.6001240"><ele>217.0</ele></trkpt><trkpt lat="32.2287170" lon="-97.6001340"><ele>217.0</ele></trkpt><trkpt lat="32.2287380" lon="-97.6001430"><ele>217.0</ele></trkpt><trkpt lat="32.2287590" lon="-97.6001530"><ele>217.0</ele></trkpt><trkpt lat="32.2287810" lon="-97.6001620"><ele>217.0</ele></trkpt><trkpt lat="32.2288020" lon="-97.6001720"><ele>217.0</ele></trkpt><trkpt lat="32.2288240" lon="-97.6001830"><ele>217.0</ele></trkpt><trkpt lat="32.2288440" lon="-97.6001940"><ele>217.0</ele></trkpt><trkpt lat="32.2288650" lon="-97.6002050"><ele>217.0</ele></trkpt><trkpt lat="32.2288850" lon="-97.6002160"><ele>217.0</ele></trkpt><trkpt lat="32.2289050" lon="-97.6002270"><ele>217.0</ele></trkpt><trkpt lat="32.2289250" lon="-97.6002400"><ele>217.0</ele></trkpt><trkpt lat="32.2289450" lon="-97.6002520"><ele>217.0</ele></trkpt><trkpt lat="32.2289630" lon="-97.6002680"><ele>217.0</ele></trkpt><trkpt lat="32.2289820" lon="-97.6002840"><ele>217.0</ele></trkpt><trkpt lat="32.2290000" lon="-97.6003000"><ele>217.0</ele></trkpt><trkpt lat="32.2290180" lon="-97.6003170"><ele>217.0</ele></trkpt><trkpt lat="32.2290360" lon="-97.6003320"><ele>217.0</ele></trkpt><trkpt lat="32.2290530" lon="-97.6003470"><ele>217.0</ele></trkpt><trkpt lat="32.2290710" lon="-97.6003600"><ele>217.0</ele></trkpt><trkpt lat="32.2290900" lon="-97.6003740"><ele>217.0</ele></trkpt><trkpt lat="32.2291100" lon="-97.6003850"><ele>217.0</ele></trkpt><trkpt lat="32.2291300" lon="-97.6003960"><ele>217.0</ele></trkpt><trkpt lat="32.2291500" lon="-97.6004060"><ele>217.0</ele></trkpt><trkpt lat="32.2291710" lon="-97.6004160"><ele>217.0</ele></trkpt><trkpt lat="32.2291940" lon="-97.6004270"><ele>216.0</ele></trkpt><trkpt lat="32.2292160" lon="-97.6004370"><ele>216.0</ele></trkpt><trkpt lat="32.2292390" lon="-97.6004470"><ele>216.0</ele></trkpt><trkpt lat="32.2292610" lon="-97.6004570"><ele>216.0</ele></trkpt><trkpt lat="32.2292830" lon="-97.6004670"><ele>216.0</ele></trkpt><trkpt lat="32.2293060" lon="-97.6004780"><ele>216.0</ele></trkpt><trkpt lat="32.2293280" lon="-97.6004870"><ele>216.0</ele></trkpt><trkpt lat="32.2293500" lon="-97.6004970"><ele>216.0</ele></trkpt><trkpt lat="32.2293720" lon="-97.6005070"><ele>216.0</ele></trkpt><trkpt lat="32.2293940" lon="-97.6005170"><ele>216.0</ele></trkpt><trkpt lat="32.2294160" lon="-97.6005270"><ele>216.0</ele></trkpt><trkpt lat="32.2294380" lon="-97.6005370"><ele>216.0</ele></trkpt><trkpt lat="32.2294600" lon="-97.6005490"><ele>216.0</ele></trkpt><trkpt lat="32.2294810" lon="-97.6005600"><ele>216.0</ele></trkpt><trkpt lat="32.2295000" lon="-97.6005750"><ele>216.0</ele></trkpt><trkpt lat="32.2295190" lon="-97.6005900"><ele>216.0</ele></trkpt><trkpt lat="32.2295300" lon="-97.6006100"><ele>216.0</ele></trkpt><trkpt lat="32.2295410" lon="-97.6006290"><ele>216.0</ele></trkpt><trkpt lat="32.2295420" lon="-97.6006520"><ele>216.0</ele></trkpt><trkpt lat="32.2295430" lon="-97.6006750"><ele>216.0</ele></trkpt><trkpt lat="32.2295360" lon="-97.6007000"><ele>216.0</ele></trkpt><trkpt lat="32.2295300" lon="-97.6007250"><ele>216.0</ele></trkpt><trkpt lat="32.2295180" lon="-97.6007500"><ele>216.0</ele></trkpt><trkpt lat="32.2295070" lon="-97.6007750"><ele>216.0</ele></trkpt><trkpt lat="32.2294930" lon="-97.6008000"><ele>217.0</ele></trkpt><trkpt lat="32.2294790" lon="-97.6008250"><ele>217.0</ele></trkpt><trkpt lat="32.2294640" lon="-97.6008500"><ele>217.0</ele></trkpt><trkpt lat="32.2294500" lon="-97.6008750"><ele>217.0</ele></trkpt><trkpt lat="32.2294370" lon="-97.6009020"><ele>217.0</ele></trkpt><trkpt lat="32.2294250" lon="-97.6009300"><ele>217.0</ele></trkpt><trkpt lat="32.2294140" lon="-97.6009580"><ele>217.0</ele></trkpt><trkpt lat="32.2294040" lon="-97.6009860"><ele>217.0</ele></trkpt><trkpt lat="32.2293930" lon="-97.6010130"><ele>217.0</ele></trkpt><trkpt lat="32.2293830" lon="-97.6010410"><ele>217.0</ele></trkpt><trkpt lat="32.2293740" lon="-97.6010680"><ele>218.0</ele></trkpt><trkpt lat="32.2293650" lon="-97.6010960"><ele>218.0</ele></trkpt><trkpt lat="32.2293560" lon="-97.6011240"><ele>218.0</ele></trkpt><trkpt lat="32.2293470" lon="-97.6011520"><ele>218.0</ele></trkpt><trkpt lat="32.2293370" lon="-97.6011790"><ele>218.0</ele></trkpt><trkpt lat="32.2293260" lon="-97.6012070"><ele>218.0</ele></trkpt><trkpt lat="32.2293140" lon="-97.6012330"><ele>218.0</ele></trkpt><trkpt lat="32.2293030" lon="-97.6012590"><ele>218.0</ele></trkpt><trkpt lat="32.2292900" lon="-97.6012860"><ele>218.0</ele></trkpt><trkpt lat="32.2292780" lon="-97.6013120"><ele>218.0</ele></trkpt><trkpt lat="32.2292650" lon="-97.6013380"><ele>218.0</ele></trkpt><trkpt lat="32.2292530" lon="-97.6013650"><ele>218.0</ele></trkpt><trkpt lat="32.2292420" lon="-97.6013910"><ele>218.0</ele></trkpt><trkpt lat="32.2292300" lon="-97.6014180"><ele>218.0</ele></trkpt><trkpt lat="32.2292210" lon="-97.6014450"><ele>218.0</ele></trkpt><trkpt lat="32.2292110" lon="-97.6014710"><ele>218.0</ele></trkpt><trkpt lat="32.2292020" lon="-97.6014980"><ele>218.0</ele></trkpt><trkpt lat="32.2291940" lon="-97.6015260"><ele>218.0</ele></trkpt><trkpt lat="32.2291850" lon="-97.6015520"><ele>218.0</ele></trkpt><trkpt lat="32.2291750" lon="-97.6015780"><ele>218.0</ele></trkpt><trkpt lat="32.2291650" lon="-97.6016030"><ele>218.0</ele></trkpt><trkpt lat="32.2291540" lon="-97.6016270"><ele>218.0</ele></trkpt><trkpt lat="32.2291420" lon="-97.6016510"><ele>218.0</ele></trkpt><trkpt lat="32.2291300" lon="-97.6016750"><ele>218.0</ele></trkpt><trkpt lat="32.2291150" lon="-97.6016980"><ele>218.0</ele></trkpt></trkseg></trk></gpx>