<?xml version="1.0"?>
<gpx xmlns="http://www.topografix.com/GPX/1/1" xmlns:gpxx="http://www.garmin.com/xmlschemas/GpxExtensions/v3" creator="CALTOPO" version="1.1"><metadata><name><![CDATA[Sangre de Cristo Trail Festival]]></name></metadata><wpt lat="37.928898660393045" lon="-105.50593614578248"><name>Music Pass</name></wpt><wpt lat="37.98058713637049" lon="-105.4994559288025"><name>Colony Creek</name></wpt><wpt lat="38.05190986660188" lon="-105.5356550216675"><name>Horn Creek</name></wpt><wpt lat="37.934991500488344" lon="-105.45591831207275"><name>Music Meadows</name></wpt><wpt lat="38.08266" lon="-105.56452"><name>Venable</name></wpt><trk><name>SdC 100-Mile</name><extensions><gpxx:TrackExtension><gpxx:DisplayColor>Magenta</gpxx:DisplayColor></gpxx:TrackExtension></extensions><trkseg><trkpt lat="37.934843912452635" lon="-105.45614716093397"><ele>2795.3</ele></trkpt><trkpt lat="37.93478706350636" lon="-105.45548276505308"><ele>2796.2</ele></trkpt><trkpt lat="37.93478706350636" lon="-105.45548276505308"><ele>2796.2</ele></trkpt><trkpt lat="37.934791291507516" lon="-105.45537668096262"><ele>2796.3</ele></trkpt><trkpt lat="37.934745684544275" lon="-105.45536415653604"><ele>2796.4</ele></trkpt><trkpt lat="37.934745684544275" lon="-105.45536415653604"><ele>2796.4</ele></trkpt><trkpt lat="37.93453182392867" lon="-105.45545912245132"><ele>2796.8</ele></trkpt><trkpt lat="37.934132989462945" lon="-105.45583328950222"><ele>2797.6</ele></trkpt><trkpt lat="37.934132989462945" lon="-105.45583328950222"><ele>2797.6</ele></trkpt><trkpt lat="37.93453182392867" lon="-105.45545912245132"><ele>2798.4</ele></trkpt><trkpt lat="37.934271836513624" lon="-105.45562343413906"><ele>2800.2</ele></trkpt><trkpt lat="37.932687029196885" lon="-105.45713405576687"><ele>2811.4</ele></trkpt><trkpt lat="37.93264953167848" lon="-105.45715084289303"><ele>2811.6</ele></trkpt><trkpt lat="37.93241418449965" lon="-105.45725455393425"><ele>2812.5</ele></trkpt><trkpt lat="37.932067627028246" lon="-105.4572631672241"><ele>2813.9</ele></trkpt><trkpt lat="37.931528279635494" lon="-105.45725103830573"><ele>2816.0</ele></trkpt><trkpt lat="37.93121987814169" lon="-105.45717778139654"><ele>2817.5</ele></trkpt><trkpt lat="37.93102864772897" lon="-105.45713827452109"><ele>2818.6</ele></trkpt><trkpt lat="37.93083024357659" lon="-105.45716679505742"><ele>2819.8</ele></trkpt><trkpt lat="37.93083024357659" lon="-105.45716679505742"><ele>2819.8</ele></trkpt><trkpt lat="37.93018377526943" lon="-105.45731453934579"><ele>2823.6</ele></trkpt><trkpt lat="37.93015355545792" lon="-105.45730223464598"><ele>2823.8</ele></trkpt><trkpt lat="37.92991900536128" lon="-105.45725393869925"><ele>2825.2</ele></trkpt><trkpt lat="37.92952434571284" lon="-105.4573126057501"><ele>2827.5</ele></trkpt><trkpt lat="37.92923836648744" lon="-105.4571925470363"><ele>2831.2</ele></trkpt><trkpt lat="37.92913530029544" lon="-105.45712961728587"><ele>2832.7</ele></trkpt><trkpt lat="37.92899175619078" lon="-105.45704199024512"><ele>2834.8</ele></trkpt><trkpt lat="37.9288533411367" lon="-105.45703460742523"><ele>2836.6</ele></trkpt><trkpt lat="37.92863241074868" lon="-105.45718947086135"><ele>2839.8</ele></trkpt><trkpt lat="37.92845053738769" lon="-105.457458811951"><ele>2843.5</ele></trkpt><trkpt lat="37.928221982735295" lon="-105.45739122399279"><ele>2846.5</ele></trkpt><trkpt lat="37.92800458723349" lon="-105.45726527660122"><ele>2849.6</ele></trkpt><trkpt lat="37.92779474668455" lon="-105.45727037426256"><ele>2852.6</ele></trkpt><trkpt lat="37.92706746117506" lon="-105.4571199932528"><ele>2863.1</ele></trkpt><trkpt lat="37.92687144826923" lon="-105.45717567201942"><ele>2865.9</ele></trkpt><trkpt lat="37.92687144826923" lon="-105.45717567201942"><ele>2865.9</ele></trkpt><trkpt lat="37.926749126953496" lon="-105.45719140445703"><ele>2867.7</ele></trkpt><trkpt lat="37.926620181454844" lon="-105.45721429998774"><ele>2869.5</ele></trkpt><trkpt lat="37.926556350139165" lon="-105.45727459301678"><ele>2870.7</ele></trkpt><trkpt lat="37.92646758959155" lon="-105.45752639990921"><ele>2873.8</ele></trkpt><trkpt lat="37.92629745365128" lon="-105.45769580925831"><ele>2876.9</ele></trkpt><trkpt lat="37.92616313397885" lon="-105.45833934505809"><ele>2882.0</ele></trkpt><trkpt lat="37.92627106819162" lon="-105.45853547318391"><ele>2883.8</ele></trkpt><trkpt lat="37.92650874536109" lon="-105.45871674777925"><ele>2886.5</ele></trkpt><trkpt lat="37.926808797618506" lon="-105.45931247103123"><ele>2892.0</ele></trkpt><trkpt lat="37.92665142100695" lon="-105.45953593316875"><ele>2894.3</ele></trkpt><trkpt lat="37.9265737555278" lon="-105.45967721748971"><ele>2895.7</ele></trkpt><trkpt lat="37.92650798257513" lon="-105.45982865318803"><ele>2897.8</ele></trkpt><trkpt lat="37.926124578615976" lon="-105.46013007438789"><ele>2904.8</ele></trkpt><trkpt lat="37.925599019092296" lon="-105.46077070979415"><ele>2916.1</ele></trkpt><trkpt lat="37.92545384705603" lon="-105.46099285357099"><ele>2919.6</ele></trkpt><trkpt lat="37.92533218269605" lon="-105.46172849883787"><ele>2926.6</ele></trkpt><trkpt lat="37.92524023231626" lon="-105.46218698074166"><ele>2930.6</ele></trkpt><trkpt lat="37.9252163779191" lon="-105.46226652183684"><ele>2931.3</ele></trkpt><trkpt lat="37.92519911121882" lon="-105.46230075526951"><ele>2931.6</ele></trkpt><trkpt lat="37.92496750166491" lon="-105.46246519879332"><ele>2934.4</ele></trkpt><trkpt lat="37.92492072901697" lon="-105.46264084838303"><ele>2935.9</ele></trkpt><trkpt lat="37.92486320802147" lon="-105.46285407125251"><ele>2937.8</ele></trkpt><trkpt lat="37.92458291885473" lon="-105.46331510198698"><ele>2942.6</ele></trkpt><trkpt lat="37.924386362782705" lon="-105.46365422830267"><ele>2945.8</ele></trkpt><trkpt lat="37.924196949160994" lon="-105.46397749034467"><ele>2948.9</ele></trkpt><trkpt lat="37.92417396156605" lon="-105.46402754410568"><ele>2949.4</ele></trkpt><trkpt lat="37.92400444972337" lon="-105.46442155817155"><ele>2952.8</ele></trkpt><trkpt lat="37.92395618617561" lon="-105.46470206138174"><ele>2955.0</ele></trkpt><trkpt lat="37.92384946548595" lon="-105.46503969355531"><ele>2957.8</ele></trkpt><trkpt lat="37.92376673788181" lon="-105.4652458412224"><ele>2959.6</ele></trkpt><trkpt lat="37.92372010392223" lon="-105.4653620766902"><ele>2960.5</ele></trkpt><trkpt lat="37.92368983518861" lon="-105.46547053382992"><ele>2961.3</ele></trkpt><trkpt lat="37.92353259726541" lon="-105.46617335191554"><ele>2966.4</ele></trkpt><trkpt lat="37.92352784718923" lon="-105.46625095941502"><ele>2966.9</ele></trkpt><trkpt lat="37.923641120903696" lon="-105.46642072032697"><ele>2968.5</ele></trkpt><trkpt lat="37.92378001729186" lon="-105.46664282015844"><ele>2970.4</ele></trkpt><trkpt lat="37.92384464606559" lon="-105.46700971993941"><ele>2973.0</ele></trkpt><trkpt lat="37.923966622474374" lon="-105.46730846047252"><ele>2975.3</ele></trkpt><trkpt lat="37.923990268839006" lon="-105.46739846056252"><ele>2976.4</ele></trkpt><trkpt lat="37.92395982674495" lon="-105.46765286023098"><ele>2979.5</ele></trkpt><trkpt lat="37.92383594337127" lon="-105.46772875386156"><ele>2981.5</ele></trkpt><trkpt lat="37.92362895100049" lon="-105.46772646870303"><ele>2984.6</ele></trkpt><trkpt lat="37.92358803793557" lon="-105.46772479877949"><ele>2985.3</ele></trkpt><trkpt lat="37.923486448715074" lon="-105.4677951113498"><ele>2987.0</ele></trkpt><trkpt lat="37.92340427586436" lon="-105.46835835898337"><ele>2993.8</ele></trkpt><trkpt lat="37.923431666814594" lon="-105.46861403306715"><ele>2996.9</ele></trkpt><trkpt lat="37.923515607941845" lon="-105.46875"><ele>2998.9</ele></trkpt><trkpt lat="37.923515607941845" lon="-105.46875"><ele>2998.9</ele></trkpt><trkpt lat="37.92372565145646" lon="-105.46894177753553"><ele>3002.8</ele></trkpt><trkpt lat="37.92439000335204" lon="-105.47007380991757"><ele>3020.3</ele></trkpt><trkpt lat="37.924412054800584" lon="-105.47010347303316"><ele>3020.8</ele></trkpt><trkpt lat="37.924875689973476" lon="-105.47055338559245"><ele>3030.0</ele></trkpt><trkpt lat="37.9250441269814" lon="-105.47074103226447"><ele>3033.6</ele></trkpt><trkpt lat="37.925553806688356" lon="-105.47124754644285"><ele>3050.3</ele></trkpt><trkpt lat="37.92581343129011" lon="-105.4715999442562"><ele>3060.1</ele></trkpt><trkpt lat="37.9258021975333" lon="-105.4718388751592"><ele>3065.0</ele></trkpt><trkpt lat="37.9259810361679" lon="-105.47191955883362"><ele>3069.8</ele></trkpt><trkpt lat="37.92610003077703" lon="-105.47209661467474"><ele>3074.6</ele></trkpt><trkpt lat="37.92629634414443" lon="-105.47217672705953"><ele>3079.0</ele></trkpt><trkpt lat="37.92646228476195" lon="-105.47235879267129"><ele>3081.8</ele></trkpt><trkpt lat="37.926640846019836" lon="-105.47292305104806"><ele>3088.0</ele></trkpt><trkpt lat="37.92664490265424" lon="-105.47299222103909"><ele>3088.7</ele></trkpt><trkpt lat="37.926670906720915" lon="-105.47343382792602"><ele>3093.1</ele></trkpt><trkpt lat="37.9267397308174" lon="-105.47353481435513"><ele>3094.5</ele></trkpt><trkpt lat="37.92687692387728" lon="-105.4737169678576"><ele>3097.0</ele></trkpt><trkpt lat="37.92705172746586" lon="-105.4739900882479"><ele>3100.6</ele></trkpt><trkpt lat="37.92711812787738" lon="-105.47406009320072"><ele>3101.7</ele></trkpt><trkpt lat="37.92740850838267" lon="-105.47426703188422"><ele>3106.1</ele></trkpt><trkpt lat="37.927836888073074" lon="-105.47493513313826"><ele>3115.3</ele></trkpt><trkpt lat="37.92817069222953" lon="-105.47524459633834"><ele>3120.8</ele></trkpt><trkpt lat="37.9282946904928" lon="-105.47524903481934"><ele>3122.5</ele></trkpt><trkpt lat="37.929140706591994" lon="-105.47411884814228"><ele>3132.7</ele></trkpt><trkpt lat="37.92928511709033" lon="-105.47406035687285"><ele>3133.6</ele></trkpt><trkpt lat="37.92944581578982" lon="-105.47416125541126"><ele>3134.7</ele></trkpt><trkpt lat="37.929556922115154" lon="-105.47432815987503"><ele>3135.7</ele></trkpt><trkpt lat="37.92960384599678" lon="-105.47445819418476"><ele>3136.4</ele></trkpt><trkpt lat="37.92966075073358" lon="-105.4746159580144"><ele>3137.2</ele></trkpt><trkpt lat="37.929632644922656" lon="-105.47495235971799"><ele>3138.8</ele></trkpt><trkpt lat="37.92975144482385" lon="-105.47510063135063"><ele>3140.2</ele></trkpt><trkpt lat="37.92980585434686" lon="-105.47519080722206"><ele>3141.1</ele></trkpt><trkpt lat="37.929757821481324" lon="-105.4755023358539"><ele>3143.3</ele></trkpt><trkpt lat="37.92985125337562" lon="-105.47580771213583"><ele>3145.6</ele></trkpt><trkpt lat="37.92985378324516" lon="-105.4758381223225"><ele>3145.8</ele></trkpt><trkpt lat="37.92985402583539" lon="-105.47602563715844"><ele>3147.1</ele></trkpt><trkpt lat="37.92975376675891" lon="-105.47638247345279"><ele>3149.8</ele></trkpt><trkpt lat="37.929761772236496" lon="-105.47662698541605"><ele>3151.5</ele></trkpt><trkpt lat="37.92978239240605" lon="-105.47687303546678"><ele>3153.3</ele></trkpt><trkpt lat="37.929745068166376" lon="-105.47781970633532"><ele>3156.2</ele></trkpt><trkpt lat="37.92972867599798" lon="-105.47832107890702"><ele>3157.4</ele></trkpt><trkpt lat="37.92982817264802" lon="-105.47939057704683"><ele>3159.8</ele></trkpt><trkpt lat="37.92975210328305" lon="-105.47983227182446"><ele>3160.6</ele></trkpt><trkpt lat="37.92970344661406" lon="-105.47996191062597"><ele>3160.9</ele></trkpt><trkpt lat="37.92967897965658" lon="-105.47999355128262"><ele>3161.0</ele></trkpt><trkpt lat="37.92946283176167" lon="-105.48030661800193"><ele>3161.7</ele></trkpt><trkpt lat="37.92912861173624" lon="-105.48092695065351"><ele>3163.1</ele></trkpt><trkpt lat="37.92898395864768" lon="-105.4814610185704"><ele>3164.1</ele></trkpt><trkpt lat="37.92895453591836" lon="-105.48224750861469"><ele>3169.9</ele></trkpt><trkpt lat="37.928482316707814" lon="-105.4832259959213"><ele>3178.7</ele></trkpt><trkpt lat="37.92820548659966" lon="-105.48384030805906"><ele>3186.3</ele></trkpt><trkpt lat="37.92818843597207" lon="-105.48387555223492"><ele>3186.8</ele></trkpt><trkpt lat="37.92805719465765" lon="-105.48399455626019"><ele>3189.5</ele></trkpt><trkpt lat="37.9278722715909" lon="-105.48489754544443"><ele>3201.7</ele></trkpt><trkpt lat="37.927320656063664" lon="-105.48547885461947"><ele>3213.3</ele></trkpt><trkpt lat="37.92700012505836" lon="-105.48567080793643"><ele>3218.4</ele></trkpt><trkpt lat="37.92690055909683" lon="-105.4857407689439"><ele>3220.0</ele></trkpt><trkpt lat="37.9268676014813" lon="-105.48585370850996"><ele>3221.3</ele></trkpt><trkpt lat="37.9268676014813" lon="-105.48585370850996"><ele>3221.3</ele></trkpt><trkpt lat="37.926850716174" lon="-105.48613513457263"><ele>3224.5</ele></trkpt><trkpt lat="37.9268676014813" lon="-105.48627681440182"><ele>3226.1</ele></trkpt><trkpt lat="37.9268676014813" lon="-105.48627681440182"><ele>3226.1</ele></trkpt><trkpt lat="37.92698889659629" lon="-105.48706813843532"><ele>3235.2</ele></trkpt><trkpt lat="37.9268676014813" lon="-105.48755030688625"><ele>3240.6</ele></trkpt><trkpt lat="37.9268676014813" lon="-105.48755030688625"><ele>3240.6</ele></trkpt><trkpt lat="37.92668591973541" lon="-105.48786403278591"><ele>3244.3</ele></trkpt><trkpt lat="37.926532114349016" lon="-105.4879008589946"><ele>3246.2</ele></trkpt><trkpt lat="37.92643815298807" lon="-105.48783173294892"><ele>3247.5</ele></trkpt><trkpt lat="37.926071010238616" lon="-105.48748641033798"><ele>3253.0</ele></trkpt><trkpt lat="37.92596241725615" lon="-105.48739188387626"><ele>3254.6</ele></trkpt><trkpt lat="37.92580198950077" lon="-105.48732724025693"><ele>3256.7</ele></trkpt><trkpt lat="37.92577172076715" lon="-105.48732671291265"><ele>3257.0</ele></trkpt><trkpt lat="37.92561822742955" lon="-105.48743292883918"><ele>3259.1</ele></trkpt><trkpt lat="37.92534681431757" lon="-105.48762070734728"><ele>3262.3</ele></trkpt><trkpt lat="37.92517172026858" lon="-105.48765929137024"><ele>3264.0</ele></trkpt><trkpt lat="37.9245698821493" lon="-105.48768631776444"><ele>3269.9</ele></trkpt><trkpt lat="37.9245698821493" lon="-105.48768631776444"><ele>3269.9</ele></trkpt><trkpt lat="37.92449818026944" lon="-105.48858249541843"><ele>3276.8</ele></trkpt><trkpt lat="37.92440591784085" lon="-105.48879488332614"><ele>3278.7</ele></trkpt><trkpt lat="37.92437519837008" lon="-105.48942475212006"><ele>3283.9</ele></trkpt><trkpt lat="37.924499844529706" lon="-105.48987818030787"><ele>3287.9</ele></trkpt><trkpt lat="37.92456703903801" lon="-105.49062410878817"><ele>3294.1</ele></trkpt><trkpt lat="37.92478751885138" lon="-105.49169053075303"><ele>3303.7</ele></trkpt><trkpt lat="37.92493373105031" lon="-105.49202873421623"><ele>3307.1</ele></trkpt><trkpt lat="37.925015869228936" lon="-105.49256179138992"><ele>3311.9</ele></trkpt><trkpt lat="37.92501781086592" lon="-105.49377762756669"><ele>3324.4</ele></trkpt><trkpt lat="37.92457154640957" lon="-105.49625065250065"><ele>3356.7</ele></trkpt><trkpt lat="37.92456346781285" lon="-105.496499119546"><ele>3360.3</ele></trkpt><trkpt lat="37.92470090797329" lon="-105.49724548747986"><ele>3371.6</ele></trkpt><trkpt lat="37.924705380672755" lon="-105.49784898905993"><ele>3380.5</ele></trkpt><trkpt lat="37.92456898067499" lon="-105.49852253953816"><ele>3386.9</ele></trkpt><trkpt lat="37.92456572149863" lon="-105.49929461550555"><ele>3393.8</ele></trkpt><trkpt lat="37.92436961616376" lon="-105.49972000655595"><ele>3398.2</ele></trkpt><trkpt lat="37.924339590134764" lon="-105.49993612981895"><ele>3400.2</ele></trkpt><trkpt lat="37.92458815434016" lon="-105.50062598402442"><ele>3414.9</ele></trkpt><trkpt lat="37.92491958483804" lon="-105.50109624328374"><ele>3427.6</ele></trkpt><trkpt lat="37.92499839449613" lon="-105.50169372434998"><ele>3439.7</ele></trkpt><trkpt lat="37.925148351280654" lon="-105.50180314828752"><ele>3444.1</ele></trkpt><trkpt lat="37.92512335270455" lon="-105.50205842686312"><ele>3449.0</ele></trkpt><trkpt lat="37.925290818893984" lon="-105.50235242129773"><ele>3453.9</ele></trkpt><trkpt lat="37.92525642418179" lon="-105.50257012659357"><ele>3456.9</ele></trkpt><trkpt lat="37.92517054141756" lon="-105.50266087375462"><ele>3458.9</ele></trkpt><trkpt lat="37.92518680262726" lon="-105.50296673343549"><ele>3463.0</ele></trkpt><trkpt lat="37.925440914366874" lon="-105.50341844775438"><ele>3470.5</ele></trkpt><trkpt lat="37.9268676014813" lon="-105.50421240850929"><ele>3478.5</ele></trkpt><trkpt lat="37.9268676014813" lon="-105.50421240850929"><ele>3478.5</ele></trkpt><trkpt lat="37.926920347528444" lon="-105.50425217905686"><ele>3478.3</ele></trkpt><trkpt lat="37.926920347528444" lon="-105.50425217905686"><ele>3478.3</ele></trkpt><trkpt lat="37.927088843771045" lon="-105.50437926902771"><ele>3477.8</ele></trkpt><trkpt lat="37.927466314168896" lon="-105.50492581742581"><ele>3476.5</ele></trkpt><trkpt lat="37.92762008171896" lon="-105.50511240940928"><ele>3476.2</ele></trkpt><trkpt lat="37.92791611111104" lon="-105.50537208252052"><ele>3475.8</ele></trkpt><trkpt lat="37.92822995355714" lon="-105.50564744412401"><ele>3475.4</ele></trkpt><trkpt lat="37.92876285498092" lon="-105.50563984157735"><ele>3474.8</ele></trkpt><trkpt lat="37.92881546240508" lon="-105.505738059449"><ele>3474.7</ele></trkpt><trkpt lat="37.92881546240508" lon="-105.505738059449"><ele>3474.7</ele></trkpt><trkpt lat="37.928864678464336" lon="-105.50586771446777"><ele>3474.6</ele></trkpt><trkpt lat="37.928864678464336" lon="-105.50586771446777"><ele>3474.6</ele></trkpt><trkpt lat="37.92881546240508" lon="-105.505738059449"><ele>3474.4</ele></trkpt><trkpt lat="37.92881546240508" lon="-105.505738059449"><ele>3474.4</ele></trkpt><trkpt lat="37.92876285498092" lon="-105.50563984157735"><ele>3474.3</ele></trkpt><trkpt lat="37.92822995355714" lon="-105.50564744412401"><ele>3473.7</ele></trkpt><trkpt lat="37.92791611111104" lon="-105.50537208252052"><ele>3473.3</ele></trkpt><trkpt lat="37.92762008171896" lon="-105.50511240940928"><ele>3472.9</ele></trkpt><trkpt lat="37.927466314168896" lon="-105.50492581742581"><ele>3472.6</ele></trkpt><trkpt lat="37.927088843771045" lon="-105.50437926902771"><ele>3472.1</ele></trkpt><trkpt lat="37.926920347528444" lon="-105.50425217905686"><ele>3472.0</ele></trkpt><trkpt lat="37.926920347528444" lon="-105.50425217905686"><ele>3472.0</ele></trkpt><trkpt lat="37.9268676014813" lon="-105.50421240850929"><ele>3471.9</ele></trkpt><trkpt lat="37.9268676014813" lon="-105.50421240850929"><ele>3471.9</ele></trkpt><trkpt lat="37.925440914366874" lon="-105.50341844775438"><ele>3463.4</ele></trkpt><trkpt lat="37.92518680262726" lon="-105.50296673343549"><ele>3453.3</ele></trkpt><trkpt lat="37.92517054141756" lon="-105.50266087375462"><ele>3447.7</ele></trkpt><trkpt lat="37.92525642418179" lon="-105.50257012659357"><ele>3445.1</ele></trkpt><trkpt lat="37.925290818893984" lon="-105.50235242129773"><ele>3441.0</ele></trkpt><trkpt lat="37.92512335270455" lon="-105.50205842686312"><ele>3434.4</ele></trkpt><trkpt lat="37.925148351280654" lon="-105.50180314828752"><ele>3429.7</ele></trkpt><trkpt lat="37.92499839449613" lon="-105.50169372434998"><ele>3426.0</ele></trkpt><trkpt lat="37.92491958483804" lon="-105.50109624328374"><ele>3417.0</ele></trkpt><trkpt lat="37.92458815434016" lon="-105.50062598402442"><ele>3407.7</ele></trkpt><trkpt lat="37.924339590134764" lon="-105.49993612981895"><ele>3396.5</ele></trkpt><trkpt lat="37.92436961616376" lon="-105.49972000655595"><ele>3393.2</ele></trkpt><trkpt lat="37.92456572149863" lon="-105.49929461550555"><ele>3388.6</ele></trkpt><trkpt lat="37.92456898067499" lon="-105.49852253953816"><ele>3382.2</ele></trkpt><trkpt lat="37.924705380672755" lon="-105.49784898905993"><ele>3376.4</ele></trkpt><trkpt lat="37.92470090797329" lon="-105.49724548747986"><ele>3369.1</ele></trkpt><trkpt lat="37.92456346781285" lon="-105.496499119546"><ele>3356.4</ele></trkpt><trkpt lat="37.92457154640957" lon="-105.49625065250065"><ele>3352.3</ele></trkpt><trkpt lat="37.92501781086592" lon="-105.49377762756669"><ele>3319.8</ele></trkpt><trkpt lat="37.925015869228936" lon="-105.49256179138992"><ele>3307.9</ele></trkpt><trkpt lat="37.92493373105031" lon="-105.49202873421623"><ele>3303.1</ele></trkpt><trkpt lat="37.92478751885138" lon="-105.49169053075303"><ele>3299.7</ele></trkpt><trkpt lat="37.92456703903801" lon="-105.49062410878817"><ele>3290.0</ele></trkpt><trkpt lat="37.924499844529706" lon="-105.48987818030787"><ele>3284.3</ele></trkpt><trkpt lat="37.92437519837008" lon="-105.48942475212006"><ele>3280.6</ele></trkpt><trkpt lat="37.92440591784085" lon="-105.48879488332614"><ele>3275.8</ele></trkpt><trkpt lat="37.92449818026944" lon="-105.48858249541843"><ele>3273.9</ele></trkpt><trkpt lat="37.9245698821493" lon="-105.48768631776444"><ele>3266.1</ele></trkpt><trkpt lat="37.9245698821493" lon="-105.48768631776444"><ele>3266.1</ele></trkpt><trkpt lat="37.92517172026858" lon="-105.48765929137024"><ele>3259.2</ele></trkpt><trkpt lat="37.92534681431757" lon="-105.48762070734728"><ele>3257.2</ele></trkpt><trkpt lat="37.92561822742955" lon="-105.48743292883918"><ele>3253.7</ele></trkpt><trkpt lat="37.92577172076715" lon="-105.48732671291265"><ele>3251.7</ele></trkpt><trkpt lat="37.92580198950077" lon="-105.48732724025693"><ele>3251.4</ele></trkpt><trkpt lat="37.92596241725615" lon="-105.48739188387626"><ele>3249.4</ele></trkpt><trkpt lat="37.926071010238616" lon="-105.48748641033798"><ele>3247.8</ele></trkpt><trkpt lat="37.92643815298807" lon="-105.48783173294892"><ele>3242.3</ele></trkpt><trkpt lat="37.926532114349016" lon="-105.4879008589946"><ele>3241.0</ele></trkpt><trkpt lat="37.92668591973541" lon="-105.48786403278591"><ele>3239.1</ele></trkpt><trkpt lat="37.9268676014813" lon="-105.48755030688625"><ele>3235.4</ele></trkpt><trkpt lat="37.9268676014813" lon="-105.48755030688625"><ele>3235.4</ele></trkpt><trkpt lat="37.92698889659629" lon="-105.48706813843532"><ele>3230.7</ele></trkpt><trkpt lat="37.9268676014813" lon="-105.48627681440182"><ele>3219.9</ele></trkpt><trkpt lat="37.9268676014813" lon="-105.48627681440182"><ele>3219.9</ele></trkpt><trkpt lat="37.926850716174" lon="-105.48613513457263"><ele>3217.8</ele></trkpt><trkpt lat="37.9268676014813" lon="-105.48585370850996"><ele>3213.6</ele></trkpt><trkpt lat="37.9268676014813" lon="-105.48585370850996"><ele>3213.6</ele></trkpt><trkpt lat="37.92690055909683" lon="-105.4857407689439"><ele>3211.9</ele></trkpt><trkpt lat="37.92700012505836" lon="-105.48567080793643"><ele>3209.8</ele></trkpt><trkpt lat="37.927320656063664" lon="-105.48547885461947"><ele>3203.2</ele></trkpt><trkpt lat="37.9278722715909" lon="-105.48489754544443"><ele>3192.2</ele></trkpt><trkpt lat="37.92805719465765" lon="-105.48399455626019"><ele>3183.3</ele></trkpt><trkpt lat="37.92818843597207" lon="-105.48387555223492"><ele>3181.4</ele></trkpt><trkpt lat="37.92820548659966" lon="-105.48384030805906"><ele>3181.0</ele></trkpt><trkpt lat="37.928482316707814" lon="-105.4832259959213"><ele>3174.3</ele></trkpt><trkpt lat="37.92895453591836" lon="-105.48224750861469"><ele>3168.1</ele></trkpt><trkpt lat="37.92898395864768" lon="-105.4814610185704"><ele>3164.0</ele></trkpt><trkpt lat="37.92912861173624" lon="-105.48092695065351"><ele>3161.3</ele></trkpt><trkpt lat="37.92946283176167" lon="-105.48030661800193"><ele>3160.8</ele></trkpt><trkpt lat="37.92967897965658" lon="-105.47999355128262"><ele>3160.5</ele></trkpt><trkpt lat="37.92970344661406" lon="-105.47996191062597"><ele>3160.5</ele></trkpt><trkpt lat="37.92975210328305" lon="-105.47983227182446"><ele>3160.4</ele></trkpt><trkpt lat="37.92982817264802" lon="-105.47939057704683"><ele>3160.1</ele></trkpt><trkpt lat="37.92972867599798" lon="-105.47832107890702"><ele>3156.8</ele></trkpt><trkpt lat="37.929745068166376" lon="-105.47781970633532"><ele>3154.7</ele></trkpt><trkpt lat="37.92978239240605" lon="-105.47687303546678"><ele>3150.9</ele></trkpt><trkpt lat="37.929761772236496" lon="-105.47662698541605"><ele>3149.7</ele></trkpt><trkpt lat="37.92975376675891" lon="-105.47638247345279"><ele>3148.1</ele></trkpt><trkpt lat="37.92985402583539" lon="-105.47602563715844"><ele>3145.7</ele></trkpt><trkpt lat="37.92985378324516" lon="-105.4758381223225"><ele>3144.4</ele></trkpt><trkpt lat="37.92985125337562" lon="-105.47580771213583"><ele>3144.2</ele></trkpt><trkpt lat="37.929757821481324" lon="-105.4755023358539"><ele>3142.1</ele></trkpt><trkpt lat="37.92980585434686" lon="-105.47519080722206"><ele>3140.0</ele></trkpt><trkpt lat="37.92975144482385" lon="-105.47510063135063"><ele>3139.3</ele></trkpt><trkpt lat="37.929632644922656" lon="-105.47495235971799"><ele>3137.9</ele></trkpt><trkpt lat="37.92966075073358" lon="-105.4746159580144"><ele>3135.7</ele></trkpt><trkpt lat="37.92960384599678" lon="-105.47445819418476"><ele>3134.6</ele></trkpt><trkpt lat="37.929556922115154" lon="-105.47432815987503"><ele>3133.5</ele></trkpt><trkpt lat="37.92944581578982" lon="-105.47416125541126"><ele>3131.8</ele></trkpt><trkpt lat="37.92928511709033" lon="-105.47406035687285"><ele>3130.1</ele></trkpt><trkpt lat="37.929140706591994" lon="-105.47411884814228"><ele>3128.6</ele></trkpt><trkpt lat="37.9282946904928" lon="-105.47524903481934"><ele>3115.9</ele></trkpt><trkpt lat="37.92817069222953" lon="-105.47524459633834"><ele>3113.6</ele></trkpt><trkpt lat="37.927836888073074" lon="-105.47493513313826"><ele>3106.2</ele></trkpt><trkpt lat="37.92740850838267" lon="-105.47426703188422"><ele>3094.0</ele></trkpt><trkpt lat="37.92711812787738" lon="-105.47406009320072"><ele>3088.0</ele></trkpt><trkpt lat="37.92705172746586" lon="-105.4739900882479"><ele>3086.5</ele></trkpt><trkpt lat="37.92687692387728" lon="-105.4737169678576"><ele>3081.9</ele></trkpt><trkpt lat="37.9267397308174" lon="-105.47353481435513"><ele>3078.9</ele></trkpt><trkpt lat="37.926670906720915" lon="-105.47343382792602"><ele>3077.4</ele></trkpt><trkpt lat="37.92664490265424" lon="-105.47299222103909"><ele>3072.2</ele></trkpt><trkpt lat="37.926640846019836" lon="-105.47292305104806"><ele>3071.3</ele></trkpt><trkpt lat="37.92646228476195" lon="-105.47235879267129"><ele>3064.2</ele></trkpt><trkpt lat="37.92629634414443" lon="-105.47217672705953"><ele>3060.9</ele></trkpt><trkpt lat="37.92610003077703" lon="-105.47209661467474"><ele>3057.9</ele></trkpt><trkpt lat="37.9259810361679" lon="-105.47191955883362"><ele>3054.8</ele></trkpt><trkpt lat="37.9258021975333" lon="-105.4718388751592"><ele>3050.7</ele></trkpt><trkpt lat="37.92581343129011" lon="-105.4715999442562"><ele>3046.7</ele></trkpt><trkpt lat="37.925553806688356" lon="-105.47124754644285"><ele>3038.7</ele></trkpt><trkpt lat="37.9250441269814" lon="-105.47074103226447"><ele>3024.9</ele></trkpt><trkpt lat="37.924875689973476" lon="-105.47055338559245"><ele>3020.1</ele></trkpt><trkpt lat="37.924412054800584" lon="-105.47010347303316"><ele>3011.9</ele></trkpt><trkpt lat="37.92439000335204" lon="-105.47007380991757"><ele>3011.5</ele></trkpt><trkpt lat="37.92372565145646" lon="-105.46894177753553"><ele>2996.5</ele></trkpt><trkpt lat="37.923515607941845" lon="-105.46875"><ele>2993.0</ele></trkpt><trkpt lat="37.923515607941845" lon="-105.46875"><ele>2993.0</ele></trkpt><trkpt lat="37.923431666814594" lon="-105.46861403306715"><ele>2991.2</ele></trkpt><trkpt lat="37.92340427586436" lon="-105.46835835898337"><ele>2988.4</ele></trkpt><trkpt lat="37.923486448715074" lon="-105.4677951113498"><ele>2982.4</ele></trkpt><trkpt lat="37.92358803793557" lon="-105.46772479877949"><ele>2980.8</ele></trkpt><trkpt lat="37.92362895100049" lon="-105.46772646870303"><ele>2980.3</ele></trkpt><trkpt lat="37.92383594337127" lon="-105.46772875386156"><ele>2977.5</ele></trkpt><trkpt lat="37.92395982674495" lon="-105.46765286023098"><ele>2975.6</ele></trkpt><trkpt lat="37.923990268839006" lon="-105.46739846056252"><ele>2972.9</ele></trkpt><trkpt lat="37.923966622474374" lon="-105.46730846047252"><ele>2971.9</ele></trkpt><trkpt lat="37.92384464606559" lon="-105.46700971993941"><ele>2968.4</ele></trkpt><trkpt lat="37.92378001729186" lon="-105.46664282015844"><ele>2965.5</ele></trkpt><trkpt lat="37.923641120903696" lon="-105.46642072032697"><ele>2963.3</ele></trkpt><trkpt lat="37.92352784718923" lon="-105.46625095941502"><ele>2961.6</ele></trkpt><trkpt lat="37.92353259726541" lon="-105.46617335191554"><ele>2961.1</ele></trkpt><trkpt lat="37.92368983518861" lon="-105.46547053382992"><ele>2955.5</ele></trkpt><trkpt lat="37.92372010392223" lon="-105.4653620766902"><ele>2954.6</ele></trkpt><trkpt lat="37.92376673788181" lon="-105.4652458412224"><ele>2953.6</ele></trkpt><trkpt lat="37.92384946548595" lon="-105.46503969355531"><ele>2951.9</ele></trkpt><trkpt lat="37.92395618617561" lon="-105.46470206138174"><ele>2948.9</ele></trkpt><trkpt lat="37.92400444972337" lon="-105.46442155817155"><ele>2946.5</ele></trkpt><trkpt lat="37.92417396156605" lon="-105.46402754410568"><ele>2942.7</ele></trkpt><trkpt lat="37.924196949160994" lon="-105.46397749034467"><ele>2942.3</ele></trkpt><trkpt lat="37.924386362782705" lon="-105.46365422830267"><ele>2938.9</ele></trkpt><trkpt lat="37.92458291885473" lon="-105.46331510198698"><ele>2935.4</ele></trkpt><trkpt lat="37.92486320802147" lon="-105.46285407125251"><ele>2930.4</ele></trkpt><trkpt lat="37.92492072901697" lon="-105.46264084838303"><ele>2928.3</ele></trkpt><trkpt lat="37.92496750166491" lon="-105.46246519879332"><ele>2926.5</ele></trkpt><trkpt lat="37.92519911121882" lon="-105.46230075526951"><ele>2923.3</ele></trkpt><trkpt lat="37.9252163779191" lon="-105.46226652183684"><ele>2923.0</ele></trkpt><trkpt lat="37.92524023231626" lon="-105.46218698074166"><ele>2922.2</ele></trkpt><trkpt lat="37.92533218269605" lon="-105.46172849883787"><ele>2917.7</ele></trkpt><trkpt lat="37.92545384705603" lon="-105.46099285357099"><ele>2910.6</ele></trkpt><trkpt lat="37.925599019092296" lon="-105.46077070979415"><ele>2907.9</ele></trkpt><trkpt lat="37.926124578615976" lon="-105.46013007438789"><ele>2899.7</ele></trkpt><trkpt lat="37.92650798257513" lon="-105.45982865318803"><ele>2894.7</ele></trkpt><trkpt lat="37.9265737555278" lon="-105.45967721748971"><ele>2893.1</ele></trkpt><trkpt lat="37.92665142100695" lon="-105.45953593316875"><ele>2891.6</ele></trkpt><trkpt lat="37.926808797618506" lon="-105.45931247103123"><ele>2888.9</ele></trkpt><trkpt lat="37.92650874536109" lon="-105.45871674777925"><ele>2882.2</ele></trkpt><trkpt lat="37.92627106819162" lon="-105.45853547318391"><ele>2878.9</ele></trkpt><trkpt lat="37.92616313397885" lon="-105.45833934505809"><ele>2876.6</ele></trkpt><trkpt lat="37.92629745365128" lon="-105.45769580925831"><ele>2870.3</ele></trkpt><trkpt lat="37.92646758959155" lon="-105.45752639990921"><ele>2867.8</ele></trkpt><trkpt lat="37.926556350139165" lon="-105.45727459301678"><ele>2864.7</ele></trkpt><trkpt lat="37.926620181454844" lon="-105.45721429998774"><ele>2863.6</ele></trkpt><trkpt lat="37.926749126953496" lon="-105.45719140445703"><ele>2861.8</ele></trkpt><trkpt lat="37.92687144826923" lon="-105.45717567201942"><ele>2860.0</ele></trkpt><trkpt lat="37.92687144826923" lon="-105.45717567201942"><ele>2860.0</ele></trkpt><trkpt lat="37.92706746117506" lon="-105.4571199932528"><ele>2857.1</ele></trkpt><trkpt lat="37.92779474668455" lon="-105.45727037426256"><ele>2846.6</ele></trkpt><trkpt lat="37.92800458723349" lon="-105.45726527660122"><ele>2843.6</ele></trkpt><trkpt lat="37.928221982735295" lon="-105.45739122399279"><ele>2840.3</ele></trkpt><trkpt lat="37.92845053738769" lon="-105.457458811951"><ele>2837.6</ele></trkpt><trkpt lat="37.92863241074868" lon="-105.45718947086135"><ele>2834.4</ele></trkpt><trkpt lat="37.9288533411367" lon="-105.45703460742523"><ele>2831.5</ele></trkpt><trkpt lat="37.92899175619078" lon="-105.45704199024512"><ele>2829.9</ele></trkpt><trkpt lat="37.92913530029544" lon="-105.45712961728587"><ele>2828.1</ele></trkpt><trkpt lat="37.92923836648744" lon="-105.4571925470363"><ele>2826.8</ele></trkpt><trkpt lat="37.92952434571284" lon="-105.4573126057501"><ele>2823.4</ele></trkpt><trkpt lat="37.92991900536128" lon="-105.45725393869925"><ele>2820.0</ele></trkpt><trkpt lat="37.93015355545792" lon="-105.45730223464598"><ele>2819.2</ele></trkpt><trkpt lat="37.93018377526943" lon="-105.45731453934579"><ele>2819.0</ele></trkpt><trkpt lat="37.93083024357659" lon="-105.45716679505742"><ele>2816.6</ele></trkpt><trkpt lat="37.93083024357659" lon="-105.45716679505742"><ele>2816.6</ele></trkpt><trkpt lat="37.93102864772897" lon="-105.45713827452109"><ele>2815.8</ele></trkpt><trkpt lat="37.93121987814169" lon="-105.45717778139654"><ele>2815.1</ele></trkpt><trkpt lat="37.931528279635494" lon="-105.45725103830573"><ele>2814.0</ele></trkpt><trkpt lat="37.932067627028246" lon="-105.4572631672241"><ele>2811.7</ele></trkpt><trkpt lat="37.93241418449965" lon="-105.45725455393425"><ele>2810.1</ele></trkpt><trkpt lat="37.93264953167848" lon="-105.45715084289303"><ele>2809.1</ele></trkpt><trkpt lat="37.932687029196885" lon="-105.45713405576687"><ele>2808.9</ele></trkpt><trkpt lat="37.934271836513624" lon="-105.45562343413906"><ele>2797.7</ele></trkpt><trkpt lat="37.93453182392867" lon="-105.45545912245132"><ele>2795.8</ele></trkpt><trkpt lat="37.93404217975795" lon="-105.45591848274009"><ele>2793.5</ele></trkpt><trkpt lat="37.93404217975795" lon="-105.45591848274009"><ele>2793.5</ele></trkpt><trkpt lat="37.93453182392867" lon="-105.45545912245132"><ele>2792.6</ele></trkpt><trkpt lat="37.934745684544275" lon="-105.45536415653604"><ele>2792.2</ele></trkpt><trkpt lat="37.934745684544275" lon="-105.45536415653604"><ele>2792.2</ele></trkpt><trkpt lat="37.934791291507516" lon="-105.45537668096262"><ele>2792.1</ele></trkpt><trkpt lat="37.93521681566064" lon="-105.4555323913947"><ele>2791.4</ele></trkpt><trkpt lat="37.93521681566064" lon="-105.4555323913947"><ele>2791.4</ele></trkpt><trkpt lat="37.934791291507516" lon="-105.45537668096262"><ele>2792.0</ele></trkpt><trkpt lat="37.934745684544275" lon="-105.45536415653604"><ele>2792.1</ele></trkpt><trkpt lat="37.934745684544275" lon="-105.45536415653604"><ele>2792.1</ele></trkpt><trkpt lat="37.93453182392867" lon="-105.45545912245132"><ele>2793.0</ele></trkpt><trkpt lat="37.93410102226593" lon="-105.45586327956794"><ele>2795.1</ele></trkpt><trkpt lat="37.93410102226593" lon="-105.45586327956794"><ele>2795.1</ele></trkpt><trkpt lat="37.93453182392867" lon="-105.45545912245132"><ele>2797.2</ele></trkpt><trkpt lat="37.934271836513624" lon="-105.45562343413906"><ele>2798.3</ele></trkpt><trkpt lat="37.932687029196885" lon="-105.45713405576687"><ele>2809.2</ele></trkpt><trkpt lat="37.93264953167848" lon="-105.45715084289303"><ele>2809.4</ele></trkpt><trkpt lat="37.93241418449965" lon="-105.45725455393425"><ele>2810.5</ele></trkpt><trkpt lat="37.932067627028246" lon="-105.4572631672241"><ele>2812.1</ele></trkpt><trkpt lat="37.931528279635494" lon="-105.45725103830573"><ele>2814.5</ele></trkpt><trkpt lat="37.93121987814169" lon="-105.45717778139654"><ele>2815.9</ele></trkpt><trkpt lat="37.93102864772897" lon="-105.45713827452109"><ele>2816.7</ele></trkpt><trkpt lat="37.93083024357659" lon="-105.45716679505742"><ele>2817.1</ele></trkpt><trkpt lat="37.93083024357659" lon="-105.45716679505742"><ele>2817.1</ele></trkpt><trkpt lat="37.93018377526943" lon="-105.45731453934579"><ele>2818.5</ele></trkpt><trkpt lat="37.93037618397756" lon="-105.45753681495869"><ele>2819.1</ele></trkpt><trkpt lat="37.93126704461355" lon="-105.45752552100208"><ele>2821.2</ele></trkpt><trkpt lat="37.933391441913265" lon="-105.45863399867306"><ele>2832.8</ele></trkpt><trkpt lat="37.933475204854105" lon="-105.45876157204282"><ele>2834.0</ele></trkpt><trkpt lat="37.93348289842997" lon="-105.45923130395786"><ele>2837.3</ele></trkpt><trkpt lat="37.933356994100606" lon="-105.45971830639799"><ele>2840.9</ele></trkpt><trkpt lat="37.93355162077655" lon="-105.45995433690746"><ele>2843.3</ele></trkpt><trkpt lat="37.93415116520208" lon="-105.46031337046962"><ele>2848.8</ele></trkpt><trkpt lat="37.934425534752194" lon="-105.46088716498873"><ele>2853.1</ele></trkpt><trkpt lat="37.93453334878154" lon="-105.46136955316643"><ele>2856.4</ele></trkpt><trkpt lat="37.93455369170512" lon="-105.46226089683121"><ele>2860.6</ele></trkpt><trkpt lat="37.934865662740876" lon="-105.46297342684062"><ele>2863.6</ele></trkpt><trkpt lat="37.934897303438014" lon="-105.46341925248176"><ele>2865.2</ele></trkpt><trkpt lat="37.93475136808681" lon="-105.4641409231253"><ele>2867.6</ele></trkpt><trkpt lat="37.93476006667934" lon="-105.46435177294552"><ele>2868.0</ele></trkpt><trkpt lat="37.934827991943735" lon="-105.46526750628313"><ele>2869.8</ele></trkpt><trkpt lat="37.93512786812374" lon="-105.46662427521802"><ele>2870.6</ele></trkpt><trkpt lat="37.93521090329389" lon="-105.46853374490094"><ele>2867.4</ele></trkpt><trkpt lat="37.9351665785933" lon="-105.46875"><ele>2868.5</ele></trkpt><trkpt lat="37.9351665785933" lon="-105.46875"><ele>2868.5</ele></trkpt><trkpt lat="37.93489643704434" lon="-105.4700686243655"><ele>2875.7</ele></trkpt><trkpt lat="37.93490801206388" lon="-105.47033229650417"><ele>2877.1</ele></trkpt><trkpt lat="37.93483513102765" lon="-105.47067507028444"><ele>2878.9</ele></trkpt><trkpt lat="37.934939687416765" lon="-105.47076608111765"><ele>2879.8</ele></trkpt><trkpt lat="37.935212566769756" lon="-105.47050886894637"><ele>2880.4</ele></trkpt><trkpt lat="37.936091540484476" lon="-105.46993696407759"><ele>2882.1</ele></trkpt><trkpt lat="37.93669940228932" lon="-105.46961506434162"><ele>2883.7</ele></trkpt><trkpt lat="37.93692095648079" lon="-105.46906847199816"><ele>2885.5</ele></trkpt><trkpt lat="37.93707361504695" lon="-105.46906341828218"><ele>2886.1</ele></trkpt><trkpt lat="37.93715918008664" lon="-105.46913623573779"><ele>2886.5</ele></trkpt><trkpt lat="37.93753134815518" lon="-105.46909044467638"><ele>2887.9</ele></trkpt><trkpt lat="37.93758402489083" lon="-105.46904258818321"><ele>2888.1</ele></trkpt><trkpt lat="37.937613620898894" lon="-105.46875"><ele>2889.0</ele></trkpt><trkpt lat="37.937613620898894" lon="-105.46875"><ele>2889.0</ele></trkpt><trkpt lat="37.93765763369776" lon="-105.46851915504259"><ele>2889.7</ele></trkpt><trkpt lat="37.93774742781531" lon="-105.46834378930082"><ele>2889.7</ele></trkpt><trkpt lat="37.93774742781531" lon="-105.46834378930082"><ele>2889.7</ele></trkpt><trkpt lat="37.937891629302456" lon="-105.46806216728092"><ele>2889.5</ele></trkpt><trkpt lat="37.93824567241524" lon="-105.46787166416073"><ele>2889.2</ele></trkpt><trkpt lat="37.938686077649905" lon="-105.46790198645667"><ele>2888.8</ele></trkpt><trkpt lat="37.939317643985795" lon="-105.46812351499851"><ele>2888.3</ele></trkpt><trkpt lat="37.940292371529864" lon="-105.46854372049684"><ele>2881.6</ele></trkpt><trkpt lat="37.9404864783696" lon="-105.46869594721157"><ele>2880.1</ele></trkpt><trkpt lat="37.94069850223061" lon="-105.46875"><ele>2878.7</ele></trkpt><trkpt lat="37.94069850223061" lon="-105.46875"><ele>2878.7</ele></trkpt><trkpt lat="37.94160925526546" lon="-105.46916967815406"><ele>2873.8</ele></trkpt><trkpt lat="37.94196548169032" lon="-105.4694317682599"><ele>2871.9</ele></trkpt><trkpt lat="37.942655546927384" lon="-105.46980354597542"><ele>2868.5</ele></trkpt><trkpt lat="37.943104685410326" lon="-105.46986638783514"><ele>2867.2</ele></trkpt><trkpt lat="37.944802678397224" lon="-105.47076274127055"><ele>2860.8</ele></trkpt><trkpt lat="37.946061894969574" lon="-105.47162995893464"><ele>2853.0</ele></trkpt><trkpt lat="37.94629446968863" lon="-105.47172782524345"><ele>2852.5</ele></trkpt><trkpt lat="37.94762660195297" lon="-105.47184080875488"><ele>2849.4</ele></trkpt><trkpt lat="37.94818816367963" lon="-105.47213950534262"><ele>2847.7</ele></trkpt><trkpt lat="37.94858223418037" lon="-105.47246285527535"><ele>2846.3</ele></trkpt><trkpt lat="37.948934891063274" lon="-105.47264434959747"><ele>2845.1</ele></trkpt><trkpt lat="37.94980516618546" lon="-105.47328217250092"><ele>2842.0</ele></trkpt><trkpt lat="37.95015744185515" lon="-105.47344103496447"><ele>2840.8</ele></trkpt><trkpt lat="37.95051689126449" lon="-105.47349961412462"><ele>2839.7</ele></trkpt><trkpt lat="37.950714740924916" lon="-105.47362529784405"><ele>2839.0</ele></trkpt><trkpt lat="37.95076204601976" lon="-105.4737159571144"><ele>2838.7</ele></trkpt><trkpt lat="37.95070777511974" lon="-105.47397259799604"><ele>2838.0</ele></trkpt><trkpt lat="37.95080408344104" lon="-105.47399856970169"><ele>2837.7</ele></trkpt><trkpt lat="37.95110191493197" lon="-105.473853374244"><ele>2837.7</ele></trkpt><trkpt lat="37.95121821961937" lon="-105.47389468287906"><ele>2837.7</ele></trkpt><trkpt lat="37.951485242151094" lon="-105.47414824758575"><ele>2837.7</ele></trkpt><trkpt lat="37.95195198575358" lon="-105.47421385800293"><ele>2837.7</ele></trkpt><trkpt lat="37.95218618929275" lon="-105.47418889704046"><ele>2837.7</ele></trkpt><trkpt lat="37.9534970082726" lon="-105.47455351166289"><ele>2836.3</ele></trkpt><trkpt lat="37.95524819783136" lon="-105.47534096850504"><ele>2834.9</ele></trkpt><trkpt lat="37.95541721391016" lon="-105.47549411807225"><ele>2834.9</ele></trkpt><trkpt lat="37.95566226469819" lon="-105.47555445504665"><ele>2834.9</ele></trkpt><trkpt lat="37.95592395024485" lon="-105.47571274622055"><ele>2834.9</ele></trkpt><trkpt lat="37.956042438244324" lon="-105.47590026105651"><ele>2834.9</ele></trkpt><trkpt lat="37.956252278793265" lon="-105.47590162336256"><ele>2834.7</ele></trkpt><trkpt lat="37.95695045347515" lon="-105.47641437778157"><ele>2834.0</ele></trkpt><trkpt lat="37.95726880116839" lon="-105.47648838176183"><ele>2833.8</ele></trkpt><trkpt lat="37.95747711686445" lon="-105.47655249803687"><ele>2833.6</ele></trkpt><trkpt lat="37.95873654137129" lon="-105.47698096526221"><ele>2826.1</ele></trkpt><trkpt lat="37.959336744256014" lon="-105.47732466189497"><ele>2821.6</ele></trkpt><trkpt lat="37.95982861327518" lon="-105.47752979881886"><ele>2818.8</ele></trkpt><trkpt lat="37.95994516055281" lon="-105.4775310732342"><ele>2818.3</ele></trkpt><trkpt lat="37.960751183919804" lon="-105.47753428124521"><ele>2814.5</ele></trkpt><trkpt lat="37.96118133105331" lon="-105.4778344719751"><ele>2812.3</ele></trkpt><trkpt lat="37.96150667920747" lon="-105.47842667959856"><ele>2811.0</ele></trkpt><trkpt lat="37.9615233139661" lon="-105.47849519040925"><ele>2810.9</ele></trkpt><trkpt lat="37.9615233139661" lon="-105.47849519040925"><ele>2810.9</ele></trkpt><trkpt lat="37.96191747570327" lon="-105.47994855123761"><ele>2808.2</ele></trkpt><trkpt lat="37.962115439876555" lon="-105.48012666176729"><ele>2809.3</ele></trkpt><trkpt lat="37.962357569285366" lon="-105.47964515249672"><ele>2811.3</ele></trkpt><trkpt lat="37.96251964703984" lon="-105.47945108980265"><ele>2812.3</ele></trkpt><trkpt lat="37.96262228358323" lon="-105.47891877970002"><ele>2814.3</ele></trkpt><trkpt lat="37.96286382412223" lon="-105.47832740703835"><ele>2816.7</ele></trkpt><trkpt lat="37.963015302220185" lon="-105.47835078596798"><ele>2816.9</ele></trkpt><trkpt lat="37.963578712067715" lon="-105.47862720226001"><ele>2817.8</ele></trkpt><trkpt lat="37.96365935259185" lon="-105.47888041540385"><ele>2818.2</ele></trkpt><trkpt lat="37.96433153015664" lon="-105.47951705178268"><ele>2820.2</ele></trkpt><trkpt lat="37.96433153015664" lon="-105.47951705178268"><ele>2820.2</ele></trkpt><trkpt lat="37.96459309226907" lon="-105.4799719741126"><ele>2825.2</ele></trkpt><trkpt lat="37.964857321615334" lon="-105.48083484118641"><ele>2833.3</ele></trkpt><trkpt lat="37.9648549314967" lon="-105.48141544723576"><ele>2838.5</ele></trkpt><trkpt lat="37.964640721444624" lon="-105.48309894989582"><ele>2849.1</ele></trkpt><trkpt lat="37.964393049731754" lon="-105.48386329148047"><ele>2854.0</ele></trkpt><trkpt lat="37.96417395552421" lon="-105.48482420064451"><ele>2858.3</ele></trkpt><trkpt lat="37.964148460925514" lon="-105.48532680368618"><ele>2860.5</ele></trkpt><trkpt lat="37.964023308771864" lon="-105.48602259051478"><ele>2863.5</ele></trkpt><trkpt lat="37.96392011799807" lon="-105.48629342574655"><ele>2865.1</ele></trkpt><trkpt lat="37.963734173696714" lon="-105.48656096507659"><ele>2868.9</ele></trkpt><trkpt lat="37.962688410198595" lon="-105.48750996504903"><ele>2886.5</ele></trkpt><trkpt lat="37.96253842159486" lon="-105.48768697694479"><ele>2888.8</ele></trkpt><trkpt lat="37.96248324103002" lon="-105.48786438434875"><ele>2889.8</ele></trkpt><trkpt lat="37.962358435270374" lon="-105.48793364223052"><ele>2890.8</ele></trkpt><trkpt lat="37.96240661867633" lon="-105.48802403782872"><ele>2891.3</ele></trkpt><trkpt lat="37.9626284840359" lon="-105.48801511692136"><ele>2892.9</ele></trkpt><trkpt lat="37.96287660606098" lon="-105.48813904282655"><ele>2894.7</ele></trkpt><trkpt lat="37.96287660606098" lon="-105.48813904282655"><ele>2894.7</ele></trkpt><trkpt lat="37.9634217609445" lon="-105.4883238330504"><ele>2898.5</ele></trkpt><trkpt lat="37.96355834410028" lon="-105.48843321304258"><ele>2899.6</ele></trkpt><trkpt lat="37.963517331050205" lon="-105.48864300817426"><ele>2900.8</ele></trkpt><trkpt lat="37.963595165782905" lon="-105.48885882381977"><ele>2902.6</ele></trkpt><trkpt lat="37.96419324967024" lon="-105.49015969426125"><ele>2915.9</ele></trkpt><trkpt lat="37.964649069540116" lon="-105.49054636945262"><ele>2922.0</ele></trkpt><trkpt lat="37.964752430332894" lon="-105.4906869854081"><ele>2923.2</ele></trkpt><trkpt lat="37.964752430332894" lon="-105.4906869854081"><ele>2923.2</ele></trkpt><trkpt lat="37.9652001477611" lon="-105.49129607723357"><ele>2927.9</ele></trkpt><trkpt lat="37.96534913182223" lon="-105.49185343618937"><ele>2931.2</ele></trkpt><trkpt lat="37.96578610785829" lon="-105.49291537572788"><ele>2937.5</ele></trkpt><trkpt lat="37.965820781898096" lon="-105.49347436066186"><ele>2940.1</ele></trkpt><trkpt lat="37.965911156093746" lon="-105.49354238807364"><ele>2940.7</ele></trkpt><trkpt lat="37.96613880623318" lon="-105.49346869171087"><ele>2942.1</ele></trkpt><trkpt lat="37.96658828709279" lon="-105.49280239221646"><ele>2946.2</ele></trkpt><trkpt lat="37.9669168071662" lon="-105.49277940879503"><ele>2947.7</ele></trkpt><trkpt lat="37.96705238577937" lon="-105.49268923292361"><ele>2948.4</ele></trkpt><trkpt lat="37.96707098713738" lon="-105.4925527386465"><ele>2948.9</ele></trkpt><trkpt lat="37.966781401750026" lon="-105.49215419820888"><ele>2950.8</ele></trkpt><trkpt lat="37.96666290036126" lon="-105.49169703466579"><ele>2952.5</ele></trkpt><trkpt lat="37.966674954872595" lon="-105.49155948570011"><ele>2953.0</ele></trkpt><trkpt lat="37.96682314222751" lon="-105.49122558888183"><ele>2954.4</ele></trkpt><trkpt lat="37.967090073447004" lon="-105.49102620879965"><ele>2956.9</ele></trkpt><trkpt lat="37.96725083490427" lon="-105.49098380153067"><ele>2958.2</ele></trkpt><trkpt lat="37.96774226407776" lon="-105.49140000800158"><ele>2963.0</ele></trkpt><trkpt lat="37.96812288180937" lon="-105.49226454499892"><ele>2969.1</ele></trkpt><trkpt lat="37.96863838536615" lon="-105.49275673299111"><ele>2973.5</ele></trkpt><trkpt lat="37.969097842373074" lon="-105.49280533655534"><ele>2976.7</ele></trkpt><trkpt lat="37.96932594282472" lon="-105.492705185088"><ele>2978.3</ele></trkpt><trkpt lat="37.96953471449093" lon="-105.49250373957405"><ele>2980.1</ele></trkpt><trkpt lat="37.97000373197237" lon="-105.49246550711395"><ele>2981.9</ele></trkpt><trkpt lat="37.97086410539954" lon="-105.49271318314287"><ele>2983.9</ele></trkpt><trkpt lat="37.971314313686555" lon="-105.49294512673418"><ele>2985.0</ele></trkpt><trkpt lat="37.9716287008846" lon="-105.493186254905"><ele>2985.2</ele></trkpt><trkpt lat="37.971843984758095" lon="-105.49348394074957"><ele>2984.7</ele></trkpt><trkpt lat="37.97227521065369" lon="-105.49381700260606"><ele>2983.8</ele></trkpt><trkpt lat="37.972398838673726" lon="-105.49415494239713"><ele>2983.3</ele></trkpt><trkpt lat="37.97263279318403" lon="-105.49443179814274"><ele>2982.7</ele></trkpt><trkpt lat="37.972843400738476" lon="-105.49480265300578"><ele>2982.5</ele></trkpt><trkpt lat="37.97306838364408" lon="-105.49482989912677"><ele>2982.5</ele></trkpt><trkpt lat="37.97349458682662" lon="-105.49541560283748"><ele>2982.5</ele></trkpt><trkpt lat="37.973790026272646" lon="-105.49607680467055"><ele>2982.5</ele></trkpt><trkpt lat="37.97377374575446" lon="-105.49663504253348"><ele>2983.8</ele></trkpt><trkpt lat="37.97387180989699" lon="-105.49707713281931"><ele>2986.0</ele></trkpt><trkpt lat="37.97448291819887" lon="-105.49681390013421"><ele>2989.9</ele></trkpt><trkpt lat="37.9750110997762" lon="-105.497435243529"><ele>2994.1</ele></trkpt><trkpt lat="37.97508761821168" lon="-105.49741867612961"><ele>2994.5</ele></trkpt><trkpt lat="37.97529005086763" lon="-105.49715271883241"><ele>2995.9</ele></trkpt><trkpt lat="37.975598930401006" lon="-105.49644660484505"><ele>2999.0</ele></trkpt><trkpt lat="37.97625773715724" lon="-105.49565150151088"><ele>3004.5</ele></trkpt><trkpt lat="37.97679336620565" lon="-105.49532736056173"><ele>3009.8</ele></trkpt><trkpt lat="37.97703282838062" lon="-105.49531123261592"><ele>3011.9</ele></trkpt><trkpt lat="37.97733360229431" lon="-105.49545620834684"><ele>3014.8</ele></trkpt><trkpt lat="37.978480443562795" lon="-105.49494011408073"><ele>3024.1</ele></trkpt><trkpt lat="37.979103987409424" lon="-105.494545748452"><ele>3028.8</ele></trkpt><trkpt lat="37.97931494135787" lon="-105.49427478138416"><ele>3030.9</ele></trkpt><trkpt lat="37.97954744101336" lon="-105.4941169296638"><ele>3031.7</ele></trkpt><trkpt lat="37.979665180335324" lon="-105.49411231540138"><ele>3031.5</ele></trkpt><trkpt lat="37.979776095695414" lon="-105.49421716902185"><ele>3031.2</ele></trkpt><trkpt lat="37.979858364271365" lon="-105.49448026987089"><ele>3030.9</ele></trkpt><trkpt lat="37.98030503933954" lon="-105.49462814599534"><ele>3030.2</ele></trkpt><trkpt lat="37.98079792336785" lon="-105.49470390778984"><ele>3029.4</ele></trkpt><trkpt lat="37.98142132865688" lon="-105.4951066230363"><ele>3024.8</ele></trkpt><trkpt lat="37.98189675442739" lon="-105.4952329659361"><ele>3020.8</ele></trkpt><trkpt lat="37.982296112074614" lon="-105.4957283619393"><ele>3016.2</ele></trkpt><trkpt lat="37.98235274749427" lon="-105.4958953542938"><ele>3015.0</ele></trkpt><trkpt lat="37.98170149212732" lon="-105.49674675162956"><ele>3014.2</ele></trkpt><trkpt lat="37.98165975164984" lon="-105.49704272360522"><ele>3014.4</ele></trkpt><trkpt lat="37.98114119982583" lon="-105.4978358933437"><ele>3015.0</ele></trkpt><trkpt lat="37.981001845518016" lon="-105.49815001475157"><ele>3013.7</ele></trkpt><trkpt lat="37.98085300001449" lon="-105.4982537257928"><ele>3012.6</ele></trkpt><trkpt lat="37.98084773482563" lon="-105.49850720260876"><ele>3011.3</ele></trkpt><trkpt lat="37.98051394956336" lon="-105.49926583129708"><ele>3006.8</ele></trkpt><trkpt lat="37.98053213524857" lon="-105.49949250144563"><ele>3005.7</ele></trkpt><trkpt lat="37.98058322836417" lon="-105.49966336099149"><ele>3004.7</ele></trkpt><trkpt lat="37.98066303754269" lon="-105.49989200868107"><ele>3003.2</ele></trkpt><trkpt lat="37.9812857500437" lon="-105.49990501650657"><ele>2996.1</ele></trkpt><trkpt lat="37.981692000931616" lon="-105.50010118857774"><ele>2991.2</ele></trkpt><trkpt lat="37.98214723193169" lon="-105.50022735569611"><ele>2985.9</ele></trkpt><trkpt lat="37.98221616433849" lon="-105.50038169178794"><ele>2984.3</ele></trkpt><trkpt lat="37.98219493038604" lon="-105.50046945066477"><ele>2983.5</ele></trkpt><trkpt lat="37.98200527966885" lon="-105.50088135049073"><ele>2984.4</ele></trkpt><trkpt lat="37.981850684024856" lon="-105.50106688778564"><ele>2985.8</ele></trkpt><trkpt lat="37.98196586003119" lon="-105.50115363591927"><ele>2986.8</ele></trkpt><trkpt lat="37.9821224647604" lon="-105.50114590153653"><ele>2987.8</ele></trkpt><trkpt lat="37.98222233015176" lon="-105.50138834806803"><ele>2989.3</ele></trkpt><trkpt lat="37.982741055172774" lon="-105.50212597087597"><ele>2994.6</ele></trkpt><trkpt lat="37.982834720111455" lon="-105.50219254809099"><ele>2995.3</ele></trkpt><trkpt lat="37.983161612133046" lon="-105.50222994558932"><ele>2996.3</ele></trkpt><trkpt lat="37.98337045307807" lon="-105.50220498462686"><ele>2997.0</ele></trkpt><trkpt lat="37.983576765346854" lon="-105.50196464747246"><ele>2997.9</ele></trkpt><trkpt lat="37.984302737900464" lon="-105.50142890963204"><ele>3000.5</ele></trkpt><trkpt lat="37.985191411717764" lon="-105.50108767393924"><ele>3007.8</ele></trkpt><trkpt lat="37.985651145839896" lon="-105.50015445034977"><ele>3015.0</ele></trkpt><trkpt lat="37.985755860747304" lon="-105.50007600788851"><ele>3016.0</ele></trkpt><trkpt lat="37.98587786071552" lon="-105.50007376667533"><ele>3016.4</ele></trkpt><trkpt lat="37.986157920267765" lon="-105.49982257501789"><ele>3016.6</ele></trkpt><trkpt lat="37.98651127679126" lon="-105.49972554367086"><ele>3016.9</ele></trkpt><trkpt lat="37.986681945117034" lon="-105.49996772653023"><ele>3017.1</ele></trkpt><trkpt lat="37.98697786951467" lon="-105.49991248721717"><ele>3017.4</ele></trkpt><trkpt lat="37.98705747085679" lon="-105.50025952369703"><ele>3017.6</ele></trkpt><trkpt lat="37.986956600922824" lon="-105.50098800587082"><ele>3015.1</ele></trkpt><trkpt lat="37.9866526055449" lon="-105.50237492132024"><ele>3006.0</ele></trkpt><trkpt lat="37.986636013272104" lon="-105.50291114255958"><ele>3002.9</ele></trkpt><trkpt lat="37.98706869402252" lon="-105.50488459668148"><ele>2993.2</ele></trkpt><trkpt lat="37.98727168090887" lon="-105.50537107177732"><ele>2988.0</ele></trkpt><trkpt lat="37.98763265810045" lon="-105.50516865946554"><ele>2982.3</ele></trkpt><trkpt lat="37.98815571304652" lon="-105.50441899562993"><ele>2971.1</ele></trkpt><trkpt lat="37.98851447331647" lon="-105.5041743518306"><ele>2965.8</ele></trkpt><trkpt lat="37.98862414165814" lon="-105.50418116336085"><ele>2966.2</ele></trkpt><trkpt lat="37.98873834776127" lon="-105.50423618294712"><ele>2966.7</ele></trkpt><trkpt lat="37.98905280423811" lon="-105.5048710615117"><ele>2968.9</ele></trkpt><trkpt lat="37.9894054679736" lon="-105.50603956853956"><ele>2972.6</ele></trkpt><trkpt lat="37.98966179953657" lon="-105.50631853366228"><ele>2972.7</ele></trkpt><trkpt lat="37.990265356449164" lon="-105.5062654476717"><ele>2972.7</ele></trkpt><trkpt lat="37.99045337911454" lon="-105.5063510971714"><ele>2972.7</ele></trkpt><trkpt lat="37.99060056192685" lon="-105.5065057848261"><ele>2972.7</ele></trkpt><trkpt lat="37.990793434108284" lon="-105.50657337278432"><ele>2972.7</ele></trkpt><trkpt lat="37.99122746579531" lon="-105.5060128937082"><ele>2973.9</ele></trkpt><trkpt lat="37.991754261796615" lon="-105.50550427015271"><ele>2975.9</ele></trkpt><trkpt lat="37.99233752002058" lon="-105.50517982158607"><ele>2977.9</ele></trkpt><trkpt lat="37.99268710084942" lon="-105.50540521731928"><ele>2978.6</ele></trkpt><trkpt lat="37.992795556812084" lon="-105.50569222444223"><ele>2978.8</ele></trkpt><trkpt lat="37.99296428533144" lon="-105.50582296187766"><ele>2978.9</ele></trkpt><trkpt lat="37.99314402918012" lon="-105.5061737337128"><ele>2979.1</ele></trkpt><trkpt lat="37.99325809672564" lon="-105.50626188809782"><ele>2979.2</ele></trkpt><trkpt lat="37.99333690136156" lon="-105.50623530115718"><ele>2979.3</ele></trkpt><trkpt lat="37.99369250944608" lon="-105.50561400170776"><ele>2979.7</ele></trkpt><trkpt lat="37.99382164513077" lon="-105.50552751724626"><ele>2979.7</ele></trkpt><trkpt lat="37.99402418170492" lon="-105.50556504658067"><ele>2979.3</ele></trkpt><trkpt lat="37.99436350927125" lon="-105.50540165774541"><ele>2978.8</ele></trkpt><trkpt lat="37.99443490107548" lon="-105.50543527594309"><ele>2978.6</ele></trkpt><trkpt lat="37.99459801801197" lon="-105.50576785440067"><ele>2978.1</ele></trkpt><trkpt lat="37.99500849490673" lon="-105.5062498031248"><ele>2977.3</ele></trkpt><trkpt lat="37.99509180266469" lon="-105.50628052092895"><ele>2977.1</ele></trkpt><trkpt lat="37.995497637879794" lon="-105.50618388509014"><ele>2980.4</ele></trkpt><trkpt lat="37.9961626797281" lon="-105.50648658070533"><ele>2987.8</ele></trkpt><trkpt lat="37.9961626797281" lon="-105.50648658070533"><ele>2987.8</ele></trkpt><trkpt lat="37.996471136469125" lon="-105.506600383661"><ele>2991.2</ele></trkpt><trkpt lat="37.996623200899094" lon="-105.50672800920441"><ele>2993.1</ele></trkpt><trkpt lat="37.996878165029855" lon="-105.50677493936483"><ele>2995.8</ele></trkpt><trkpt lat="37.997838954631774" lon="-105.50682676810676"><ele>3002.0</ele></trkpt><trkpt lat="37.998445204214825" lon="-105.5066983552913"><ele>3005.7</ele></trkpt><trkpt lat="37.99866184063065" lon="-105.50678722955595"><ele>3007.0</ele></trkpt><trkpt lat="37.999590188435924" lon="-105.50772780094432"><ele>3003.8</ele></trkpt><trkpt lat="38.000763459687825" lon="-105.50936926312545"><ele>2999.3</ele></trkpt><trkpt lat="38.00114306679397" lon="-105.5097929029519"><ele>2998.5</ele></trkpt><trkpt lat="38.00114306679397" lon="-105.5097929029519"><ele>2998.5</ele></trkpt><trkpt lat="38.002487929875315" lon="-105.51093624062516"><ele>2996.2</ele></trkpt><trkpt lat="38.003173743224316" lon="-105.5111549710373"><ele>2996.6</ele></trkpt><trkpt lat="38.00348448508656" lon="-105.5113044652482"><ele>3001.1</ele></trkpt><trkpt lat="38.003654172648325" lon="-105.51145365329775"><ele>3003.9</ele></trkpt><trkpt lat="38.003832827579714" lon="-105.51149104871915"><ele>3006.4</ele></trkpt><trkpt lat="38.003961867682285" lon="-105.51142863554216"><ele>3008.3</ele></trkpt><trkpt lat="38.00405067580225" lon="-105.51130267201746"><ele>3010.1</ele></trkpt><trkpt lat="38.00418594805358" lon="-105.51089980742513"><ele>3014.9</ele></trkpt><trkpt lat="38.00432513270943" lon="-105.5101503244532"><ele>3020.2</ele></trkpt><trkpt lat="38.004484052503045" lon="-105.50979281547723"><ele>3021.5</ele></trkpt><trkpt lat="38.00474421009111" lon="-105.50974037441262"><ele>3022.5</ele></trkpt><trkpt lat="38.004889557649626" lon="-105.50976849751899"><ele>3023.1</ele></trkpt><trkpt lat="38.00532515022555" lon="-105.50995232553784"><ele>3024.9</ele></trkpt><trkpt lat="38.00580661834102" lon="-105.51000389185576"><ele>3026.2</ele></trkpt><trkpt lat="38.00601823441478" lon="-105.51014700041576"><ele>3025.8</ele></trkpt><trkpt lat="38.00636830806037" lon="-105.51026093617332"><ele>3025.2</ele></trkpt><trkpt lat="38.007107994873174" lon="-105.5101515490986"><ele>3024.0</ele></trkpt><trkpt lat="38.00746166931583" lon="-105.50997918026151"><ele>3023.4</ele></trkpt><trkpt lat="38.007910210911966" lon="-105.50992503344082"><ele>3020.5</ele></trkpt><trkpt lat="38.008018096331774" lon="-105.50979316537591"><ele>3019.4</ele></trkpt><trkpt lat="38.008201667736074" lon="-105.50925795160798"><ele>3016.1</ele></trkpt><trkpt lat="38.00838153447417" lon="-105.50902413181527"><ele>3014.3</ele></trkpt><trkpt lat="38.0085128250749" lon="-105.50898887952329"><ele>3013.3</ele></trkpt><trkpt lat="38.0086912030219" lon="-105.50910163437283"><ele>3011.9</ele></trkpt><trkpt lat="38.009372549997614" lon="-105.5092479794956"><ele>3010.0</ele></trkpt><trkpt lat="38.01016503695972" lon="-105.50851804711242"><ele>3008.6</ele></trkpt><trkpt lat="38.010291272595346" lon="-105.50855207475902"><ele>3008.4</ele></trkpt><trkpt lat="38.01031211567067" lon="-105.50869387119897"><ele>3008.2</ele></trkpt><trkpt lat="38.010121308049186" lon="-105.51035628356355"><ele>3001.6</ele></trkpt><trkpt lat="38.01009901080582" lon="-105.51109754391649"><ele>2998.5</ele></trkpt><trkpt lat="38.010170992124095" lon="-105.51154410210646"><ele>2993.6</ele></trkpt><trkpt lat="38.01025903853699" lon="-105.51177730957647"><ele>2990.4</ele></trkpt><trkpt lat="38.01036041482364" lon="-105.51184982607785"><ele>2988.5</ele></trkpt><trkpt lat="38.010370143900325" lon="-105.51198567424024"><ele>2986.7</ele></trkpt><trkpt lat="38.010370143900325" lon="-105.51198567424024"><ele>2986.7</ele></trkpt><trkpt lat="38.0104152577328" lon="-105.51210892605016"><ele>2985.0</ele></trkpt><trkpt lat="38.01030543342227" lon="-105.5124812619827"><ele>2980.0</ele></trkpt><trkpt lat="38.01032634574369" lon="-105.5126953125"><ele>2977.2</ele></trkpt><trkpt lat="38.01032634574369" lon="-105.5126953125"><ele>2977.2</ele></trkpt><trkpt lat="38.01037866117031" lon="-105.51286432634089"><ele>2974.9</ele></trkpt><trkpt lat="38.01046971978844" lon="-105.51290146016709"><ele>2973.4</ele></trkpt><trkpt lat="38.010611085696354" lon="-105.5126953125"><ele>2970.0</ele></trkpt><trkpt lat="38.010611085696354" lon="-105.5126953125"><ele>2970.0</ele></trkpt><trkpt lat="38.010812107117204" lon="-105.51222482998782"><ele>2969.6</ele></trkpt><trkpt lat="38.010956000507676" lon="-105.51206908133801"><ele>2969.5</ele></trkpt><trkpt lat="38.01108455588757" lon="-105.51224691734197"><ele>2969.3</ele></trkpt><trkpt lat="38.01107863534624" lon="-105.5126953125"><ele>2969.0</ele></trkpt><trkpt lat="38.01107863534624" lon="-105.5126953125"><ele>2969.0</ele></trkpt><trkpt lat="38.011068490792965" lon="-105.51278808114746"><ele>2969.0</ele></trkpt><trkpt lat="38.01112980821224" lon="-105.51281137218638"><ele>2968.9</ele></trkpt><trkpt lat="38.01127349386442" lon="-105.5126953125"><ele>2968.8</ele></trkpt><trkpt lat="38.01127349386442" lon="-105.5126953125"><ele>2968.8</ele></trkpt><trkpt lat="38.0113739699518" lon="-105.5126576546546"><ele>2968.7</ele></trkpt><trkpt lat="38.0115468774571" lon="-105.5126953125"><ele>2968.6</ele></trkpt><trkpt lat="38.0115468774571" lon="-105.5126953125"><ele>2968.6</ele></trkpt><trkpt lat="38.01186243192311" lon="-105.51301013703358"><ele>2973.3</ele></trkpt><trkpt lat="38.011911942882776" lon="-105.51329934142434"><ele>2977.5</ele></trkpt><trkpt lat="38.011984443546794" lon="-105.51330980041918"><ele>2978.8</ele></trkpt><trkpt lat="38.01224865203156" lon="-105.51322502982659"><ele>2983.7</ele></trkpt><trkpt lat="38.01223580688048" lon="-105.5130300882254"><ele>2986.4</ele></trkpt><trkpt lat="38.01229400822538" lon="-105.51296381862788"><ele>2987.9</ele></trkpt><trkpt lat="38.012595297995325" lon="-105.51323557671213"><ele>2994.5</ele></trkpt><trkpt lat="38.012701867739274" lon="-105.51324687066875"><ele>2996.4</ele></trkpt><trkpt lat="38.01297158128879" lon="-105.51309565469722"><ele>3001.7</ele></trkpt><trkpt lat="38.01331327615659" lon="-105.5126953125"><ele>3002.7</ele></trkpt><trkpt lat="38.01331327615659" lon="-105.5126953125"><ele>3002.7</ele></trkpt><trkpt lat="38.01401955172738" lon="-105.51183058165046"><ele>3003.5</ele></trkpt><trkpt lat="38.01401955172738" lon="-105.51183058165046"><ele>3003.5</ele></trkpt><trkpt lat="38.01419155903341" lon="-105.51165646331998"><ele>3003.7</ele></trkpt><trkpt lat="38.01446030313756" lon="-105.51119958311895"><ele>3007.2</ele></trkpt><trkpt lat="38.01475563774312" lon="-105.51089700823569"><ele>3010.9</ele></trkpt><trkpt lat="38.014573451260766" lon="-105.5126953125"><ele>3022.1</ele></trkpt><trkpt lat="38.014573451260766" lon="-105.5126953125"><ele>3022.1</ele></trkpt><trkpt lat="38.01446785096218" lon="-105.51330716369779"><ele>3022.1</ele></trkpt><trkpt lat="38.01440123621644" lon="-105.5142375308391"><ele>3022.1</ele></trkpt><trkpt lat="38.014341996180086" lon="-105.51434532879846"><ele>3022.1</ele></trkpt><trkpt lat="38.01435250239452" lon="-105.51470324096094"><ele>3022.1</ele></trkpt><trkpt lat="38.01435250239452" lon="-105.51470324096094"><ele>3022.1</ele></trkpt><trkpt lat="38.01438267826233" lon="-105.51573123350467"><ele>3021.4</ele></trkpt><trkpt lat="38.01455129250959" lon="-105.51688479911137"><ele>3020.6</ele></trkpt><trkpt lat="38.01450531310089" lon="-105.5177796144593"><ele>3023.8</ele></trkpt><trkpt lat="38.0145468261363" lon="-105.51854044041544"><ele>3026.5</ele></trkpt><trkpt lat="38.01481096537497" lon="-105.51914394199551"><ele>3029.0</ele></trkpt><trkpt lat="38.01520130562622" lon="-105.51951993846525"><ele>3028.4</ele></trkpt><trkpt lat="38.01565431359564" lon="-105.51985137434356"><ele>3027.7</ele></trkpt><trkpt lat="38.01597783136286" lon="-105.51997965083902"><ele>3027.2</ele></trkpt><trkpt lat="38.01624719868189" lon="-105.52027070093476"><ele>3026.7</ele></trkpt><trkpt lat="38.01656541912265" lon="-105.52091507169632"><ele>3023.4</ele></trkpt><trkpt lat="38.01665204599055" lon="-105.52164865153146"><ele>3019.1</ele></trkpt><trkpt lat="38.016530207482106" lon="-105.52201317826318"><ele>3016.8</ele></trkpt><trkpt lat="38.015740594233044" lon="-105.52326298420049"><ele>3016.0</ele></trkpt><trkpt lat="38.015599609178665" lon="-105.52365220822252"><ele>3016.9</ele></trkpt><trkpt lat="38.01509961773213" lon="-105.52464111057861"><ele>3020.9</ele></trkpt><trkpt lat="38.015005027563035" lon="-105.52510218525843"><ele>3024.3</ele></trkpt><trkpt lat="38.01492404425208" lon="-105.52520387481324"><ele>3025.3</ele></trkpt><trkpt lat="38.015027740282996" lon="-105.52531685832467"><ele>3026.6</ele></trkpt><trkpt lat="38.014973659080894" lon="-105.52631960346804"><ele>3033.7</ele></trkpt><trkpt lat="38.0149492844546" lon="-105.52655510663323"><ele>3035.4</ele></trkpt><trkpt lat="38.01483360884883" lon="-105.52679544378763"><ele>3037.6</ele></trkpt><trkpt lat="38.01488900572678" lon="-105.52684431102399"><ele>3038.2</ele></trkpt><trkpt lat="38.01547261183597" lon="-105.52660085374929"><ele>3044.2</ele></trkpt><trkpt lat="38.01582600929423" lon="-105.52651546792171"><ele>3047.7</ele></trkpt><trkpt lat="38.01612442535113" lon="-105.52632122944622"><ele>3050.9</ele></trkpt><trkpt lat="38.016440533785925" lon="-105.52628027237402"><ele>3054.0</ele></trkpt><trkpt lat="38.01670623106179" lon="-105.52640639554701"><ele>3056.8</ele></trkpt><trkpt lat="38.016848531792014" lon="-105.52665974052692"><ele>3059.1</ele></trkpt><trkpt lat="38.01691701618238" lon="-105.52705248017747"><ele>3062.2</ele></trkpt><trkpt lat="38.016996406833094" lon="-105.52719314926347"><ele>3063.5</ele></trkpt><trkpt lat="38.01723624069156" lon="-105.52709871069246"><ele>3065.9</ele></trkpt><trkpt lat="38.01743414603803" lon="-105.52710459937022"><ele>3067.8</ele></trkpt><trkpt lat="38.0183937584563" lon="-105.52752757342601"><ele>3072.7</ele></trkpt><trkpt lat="38.01868213382907" lon="-105.52793169492388"><ele>3073.7</ele></trkpt><trkpt lat="38.01882602721954" lon="-105.52863583137021"><ele>3075.0</ele></trkpt><trkpt lat="38.019109901595975" lon="-105.52933478226447"><ele>3075.4</ele></trkpt><trkpt lat="38.01921886033029" lon="-105.53056740556741"><ele>3075.4</ele></trkpt><trkpt lat="38.01944200587928" lon="-105.53131557526089"><ele>3076.7</ele></trkpt><trkpt lat="38.01953888116959" lon="-105.53188730434825"><ele>3080.8</ele></trkpt><trkpt lat="38.01973543621716" lon="-105.53227679204242"><ele>3084.0</ele></trkpt><trkpt lat="38.02034639453483" lon="-105.5321468456234"><ele>3089.6</ele></trkpt><trkpt lat="38.02061493090069" lon="-105.53230711433837"><ele>3092.5</ele></trkpt><trkpt lat="38.02164496660005" lon="-105.53266772993335"><ele>3103.7</ele></trkpt><trkpt lat="38.02200109927916" lon="-105.5326052396365"><ele>3107.5</ele></trkpt><trkpt lat="38.02212297241064" lon="-105.53267651900464"><ele>3108.9</ele></trkpt><trkpt lat="38.02243205236655" lon="-105.53301454668642"><ele>3110.8</ele></trkpt><trkpt lat="38.02272541345834" lon="-105.53345694458976"><ele>3110.8</ele></trkpt><trkpt lat="38.02292092981445" lon="-105.53429674035142"><ele>3110.8</ele></trkpt><trkpt lat="38.02297040615106" lon="-105.5349480544793"><ele>3110.7</ele></trkpt><trkpt lat="38.023083485028174" lon="-105.53551393883426"><ele>3107.3</ele></trkpt><trkpt lat="38.02314836862147" lon="-105.53560424654175"><ele>3106.6</ele></trkpt><trkpt lat="38.02377057942998" lon="-105.53583539911665"><ele>3101.8</ele></trkpt><trkpt lat="38.02407034578578" lon="-105.53628654214592"><ele>3098.4</ele></trkpt><trkpt lat="38.02448990789014" lon="-105.53642444267444"><ele>3098.0</ele></trkpt><trkpt lat="38.02476478027391" lon="-105.53662250439594"><ele>3098.0</ele></trkpt><trkpt lat="38.02508528583589" lon="-105.53626043860419"><ele>3098.0</ele></trkpt><trkpt lat="38.02508528583589" lon="-105.53626043860419"><ele>3098.0</ele></trkpt><trkpt lat="38.02521217930945" lon="-105.53604356827013"><ele>3098.0</ele></trkpt><trkpt lat="38.025174128578904" lon="-105.53550739097614"><ele>3098.0</ele></trkpt><trkpt lat="38.02530818902354" lon="-105.53521647271647"><ele>3097.9</ele></trkpt><trkpt lat="38.025420367701386" lon="-105.53450003157035"><ele>3097.4</ele></trkpt><trkpt lat="38.025402536831294" lon="-105.53259236364705"><ele>3095.4</ele></trkpt><trkpt lat="38.02531822970767" lon="-105.53186880335318"><ele>3093.6</ele></trkpt><trkpt lat="38.02528786529395" lon="-105.5317513374154"><ele>3093.3</ele></trkpt><trkpt lat="38.02513867457702" lon="-105.53163193788194"><ele>3092.7</ele></trkpt><trkpt lat="38.02513427744983" lon="-105.53152879813037"><ele>3092.4</ele></trkpt><trkpt lat="38.025332944503376" lon="-105.53137362707675"><ele>3091.7</ele></trkpt><trkpt lat="38.025681183127375" lon="-105.5313633878087"><ele>3090.3</ele></trkpt><trkpt lat="38.02581372015787" lon="-105.53144908125377"><ele>3089.4</ele></trkpt><trkpt lat="38.026263161953274" lon="-105.5314066739848"><ele>3086.7</ele></trkpt><trkpt lat="38.0264785173163" lon="-105.531533807901"><ele>3085.3</ele></trkpt><trkpt lat="38.02673697837498" lon="-105.53182622030278"><ele>3083.2</ele></trkpt><trkpt lat="38.02688876582056" lon="-105.53214636222448"><ele>3081.4</ele></trkpt><trkpt lat="38.02695946608604" lon="-105.53245450706389"><ele>3079.9</ele></trkpt><trkpt lat="38.027072302601816" lon="-105.53248720240907"><ele>3079.6</ele></trkpt><trkpt lat="38.02712046326258" lon="-105.5327291215963"><ele>3079.3</ele></trkpt><trkpt lat="38.02753355085683" lon="-105.53306253501566"><ele>3078.6</ele></trkpt><trkpt lat="38.02749660806385" lon="-105.53313478118166"><ele>3078.5</ele></trkpt><trkpt lat="38.02755865256715" lon="-105.53349306767275"><ele>3078.1</ele></trkpt><trkpt lat="38.02789702362227" lon="-105.53408487978801"><ele>3077.2</ele></trkpt><trkpt lat="38.028167602748" lon="-105.53504605262418"><ele>3072.4</ele></trkpt><trkpt lat="38.028182733020294" lon="-105.53535529609748"><ele>3070.6</ele></trkpt><trkpt lat="38.028572588548855" lon="-105.53628227944634"><ele>3064.5</ele></trkpt><trkpt lat="38.028563725048386" lon="-105.53648425230456"><ele>3063.1</ele></trkpt><trkpt lat="38.02865315638322" lon="-105.5366828853157"><ele>3061.5</ele></trkpt><trkpt lat="38.02889416742535" lon="-105.53702957023269"><ele>3058.3</ele></trkpt><trkpt lat="38.029122298693345" lon="-105.5371396533506"><ele>3056.1</ele></trkpt><trkpt lat="38.029328513571514" lon="-105.53738460476741"><ele>3053.6</ele></trkpt><trkpt lat="38.029440311395824" lon="-105.53739897489898"><ele>3052.6</ele></trkpt><trkpt lat="38.02967297828321" lon="-105.53725399916806"><ele>3050.3</ele></trkpt><trkpt lat="38.02998572828228" lon="-105.53692045391264"><ele>3046.3</ele></trkpt><trkpt lat="38.0307856938229" lon="-105.535804373695"><ele>3031.1</ele></trkpt><trkpt lat="38.0307856938229" lon="-105.535804373695"><ele>3031.1</ele></trkpt><trkpt lat="38.0309582081831" lon="-105.5356223520286"><ele>3028.2</ele></trkpt><trkpt lat="38.03130638611248" lon="-105.53546977375102"><ele>3023.5</ele></trkpt><trkpt lat="38.031572338541395" lon="-105.53554439296627"><ele>3021.9</ele></trkpt><trkpt lat="38.031936677796" lon="-105.53541216138872"><ele>3019.7</ele></trkpt><trkpt lat="38.03247865320123" lon="-105.53548269368582"><ele>3016.7</ele></trkpt><trkpt lat="38.03270210861222" lon="-105.53541572096259"><ele>3015.4</ele></trkpt><trkpt lat="38.03369386719489" lon="-105.53678220182127"><ele>2999.9</ele></trkpt><trkpt lat="38.033971862752665" lon="-105.53686139135358"><ele>2996.5</ele></trkpt><trkpt lat="38.03423874956226" lon="-105.53708511716324"><ele>2992.7</ele></trkpt><trkpt lat="38.034722620331436" lon="-105.53772944397944"><ele>2984.7</ele></trkpt><trkpt lat="38.03496701279116" lon="-105.53890854183823"><ele>2974.0</ele></trkpt><trkpt lat="38.03494593731566" lon="-105.53930369848338"><ele>2970.5</ele></trkpt><trkpt lat="38.03468078084067" lon="-105.540386116558"><ele>2960.3</ele></trkpt><trkpt lat="38.03472781133525" lon="-105.54052164403727"><ele>2959.0</ele></trkpt><trkpt lat="38.034861808447125" lon="-105.54050371433183"><ele>2957.5</ele></trkpt><trkpt lat="38.03540312632521" lon="-105.53998964155214"><ele>2949.9</ele></trkpt><trkpt lat="38.03576431637082" lon="-105.53943817127411"><ele>2945.2</ele></trkpt><trkpt lat="38.03657850801625" lon="-105.53853236958706"><ele>2936.3</ele></trkpt><trkpt lat="38.03703251321012" lon="-105.53789445879289"><ele>2932.5</ele></trkpt><trkpt lat="38.03810224067013" lon="-105.53580538443819"><ele>2923.1</ele></trkpt><trkpt lat="38.0383863616124" lon="-105.53539067210943"><ele>2920.6</ele></trkpt><trkpt lat="38.03853350926728" lon="-105.53525408994159"><ele>2919.6</ele></trkpt><trkpt lat="38.03883572950953" lon="-105.53521396783115"><ele>2917.8</ele></trkpt><trkpt lat="38.039399022637106" lon="-105.53529144349457"><ele>2915.2</ele></trkpt><trkpt lat="38.04018819364413" lon="-105.5351389531077"><ele>2912.2</ele></trkpt><trkpt lat="38.04049183276076" lon="-105.53520337700026"><ele>2911.1</ele></trkpt><trkpt lat="38.04096078804562" lon="-105.53511539839666"><ele>2909.3</ele></trkpt><trkpt lat="38.04164468549523" lon="-105.53624844152188"><ele>2902.5</ele></trkpt><trkpt lat="38.04160848689527" lon="-105.53681322724292"><ele>2899.9</ele></trkpt><trkpt lat="38.04167008680724" lon="-105.53692212383619"><ele>2899.2</ele></trkpt><trkpt lat="38.04181155896461" lon="-105.5370026317292"><ele>2898.3</ele></trkpt><trkpt lat="38.04213748479096" lon="-105.53693504377098"><ele>2895.5</ele></trkpt><trkpt lat="38.04233515821633" lon="-105.53705497064873"><ele>2893.6</ele></trkpt><trkpt lat="38.04252314176791" lon="-105.53701445303008"><ele>2891.9</ele></trkpt><trkpt lat="38.04346568963439" lon="-105.53661806591494"><ele>2883.2</ele></trkpt><trkpt lat="38.04437788743188" lon="-105.53601214734027"><ele>2876.9</ele></trkpt><trkpt lat="38.044826563195166" lon="-105.53587323606855"><ele>2874.1</ele></trkpt><trkpt lat="38.04472295075897" lon="-105.53714395999552"><ele>2868.9</ele></trkpt><trkpt lat="38.04449243558278" lon="-105.53795237877269"><ele>2865.9</ele></trkpt><trkpt lat="38.044512265217364" lon="-105.53810566017597"><ele>2865.3</ele></trkpt><trkpt lat="38.04465996657932" lon="-105.5383826038123"><ele>2864.1</ele></trkpt><trkpt lat="38.04455759998404" lon="-105.53906560254217"><ele>2859.8</ele></trkpt><trkpt lat="38.044648788617764" lon="-105.53915670126608"><ele>2858.6</ele></trkpt><trkpt lat="38.04471384919894" lon="-105.53941826402765"><ele>2856.3</ele></trkpt><trkpt lat="38.04483372678043" lon="-105.53946106680482"><ele>2855.0</ele></trkpt><trkpt lat="38.04500129238366" lon="-105.53948730218262"><ele>2853.3</ele></trkpt><trkpt lat="38.04508684012657" lon="-105.53942076891296"><ele>2852.2</ele></trkpt><trkpt lat="38.045305000713675" lon="-105.53940780503281"><ele>2849.9</ele></trkpt><trkpt lat="38.045384353858694" lon="-105.5393351633586"><ele>2848.9</ele></trkpt><trkpt lat="38.045384353858694" lon="-105.5393351633586"><ele>2848.9</ele></trkpt><trkpt lat="38.04548325978477" lon="-105.53923703337766"><ele>2847.6</ele></trkpt><trkpt lat="38.04573782661197" lon="-105.53865308748121"><ele>2842.0</ele></trkpt><trkpt lat="38.04607780275532" lon="-105.53838831670863"><ele>2837.8</ele></trkpt><trkpt lat="38.046494398115016" lon="-105.53783117747962"><ele>2831.4</ele></trkpt><trkpt lat="38.04663186448557" lon="-105.53771120929548"><ele>2829.7</ele></trkpt><trkpt lat="38.04663186448557" lon="-105.53771120929548"><ele>2829.7</ele></trkpt><trkpt lat="38.046949960610036" lon="-105.53743360383986"><ele>2825.6</ele></trkpt><trkpt lat="38.046949960610036" lon="-105.53743360383986"><ele>2825.6</ele></trkpt><trkpt lat="38.04727640553677" lon="-105.53713758791883"><ele>2821.5</ele></trkpt><trkpt lat="38.04745047719811" lon="-105.53706195796039"><ele>2819.5</ele></trkpt><trkpt lat="38.04757502668304" lon="-105.5370555858837"><ele>2818.3</ele></trkpt><trkpt lat="38.04773086061764" lon="-105.53716290044414"><ele>2816.4</ele></trkpt><trkpt lat="38.04808104573517" lon="-105.53719840829216"><ele>2812.8</ele></trkpt><trkpt lat="38.04832921032433" lon="-105.53738328640672"><ele>2809.8</ele></trkpt><trkpt lat="38.04874701691825" lon="-105.53718860847768"><ele>2805.2</ele></trkpt><trkpt lat="38.0488903232303" lon="-105.53687844215187"><ele>2802.6</ele></trkpt><trkpt lat="38.04893956855319" lon="-105.53687149878556"><ele>2802.2</ele></trkpt><trkpt lat="38.04910924516464" lon="-105.53712537110975"><ele>2799.8</ele></trkpt><trkpt lat="38.04929224535255" lon="-105.53699489734646"><ele>2797.9</ele></trkpt><trkpt lat="38.04943562087798" lon="-105.53666640580703"><ele>2795.2</ele></trkpt><trkpt lat="38.04988658068295" lon="-105.53619003814316"><ele>2789.9</ele></trkpt><trkpt lat="38.050507909233204" lon="-105.53645085383367"><ele>2784.9</ele></trkpt><trkpt lat="38.05076856683822" lon="-105.53643446221571"><ele>2783.0</ele></trkpt><trkpt lat="38.05115706156392" lon="-105.53631646893366"><ele>2780.1</ele></trkpt><trkpt lat="38.05149226198376" lon="-105.53650666443635"><ele>2777.5</ele></trkpt><trkpt lat="38.0516189570836" lon="-105.53651373963874"><ele>2776.6</ele></trkpt><trkpt lat="38.05182337881393" lon="-105.53623710361991"><ele>2775.8</ele></trkpt><trkpt lat="38.051850752707395" lon="-105.53587697142385"><ele>2775.8</ele></trkpt><trkpt lat="38.051850752707395" lon="-105.53587697142385"><ele>2775.8</ele></trkpt><trkpt lat="38.05186317650986" lon="-105.53584862666894"><ele>2775.8</ele></trkpt><trkpt lat="38.05197823264837" lon="-105.53590438833054"><ele>2775.8</ele></trkpt><trkpt lat="38.05197823264837" lon="-105.53590438833054"><ele>2775.8</ele></trkpt><trkpt lat="38.05186317650986" lon="-105.53584862666894"><ele>2775.8</ele></trkpt><trkpt lat="38.051850752707395" lon="-105.53587697142385"><ele>2775.8</ele></trkpt><trkpt lat="38.051850752707395" lon="-105.53587697142385"><ele>2775.8</ele></trkpt><trkpt lat="38.05182337881393" lon="-105.53623710361991"><ele>2775.8</ele></trkpt><trkpt lat="38.0516189570836" lon="-105.53651373963874"><ele>2775.8</ele></trkpt><trkpt lat="38.05149226198376" lon="-105.53650666443635"><ele>2775.8</ele></trkpt><trkpt lat="38.05115706156392" lon="-105.53631646893366"><ele>2775.8</ele></trkpt><trkpt lat="38.05076856683822" lon="-105.53643446221571"><ele>2778.3</ele></trkpt><trkpt lat="38.050507909233204" lon="-105.53645085383367"><ele>2780.0</ele></trkpt><trkpt lat="38.04988658068295" lon="-105.53619003814316"><ele>2784.4</ele></trkpt><trkpt lat="38.04943562087798" lon="-105.53666640580703"><ele>2788.3</ele></trkpt><trkpt lat="38.04929224535255" lon="-105.53699489734646"><ele>2791.4</ele></trkpt><trkpt lat="38.04910924516464" lon="-105.53712537110975"><ele>2793.6</ele></trkpt><trkpt lat="38.04893956855319" lon="-105.53687149878556"><ele>2796.3</ele></trkpt><trkpt lat="38.0488903232303" lon="-105.53687844215187"><ele>2796.9</ele></trkpt><trkpt lat="38.04874701691825" lon="-105.53718860847768"><ele>2799.8</ele></trkpt><trkpt lat="38.04832921032433" lon="-105.53738328640672"><ele>2804.5</ele></trkpt><trkpt lat="38.04808104573517" lon="-105.53719840829216"><ele>2807.6</ele></trkpt><trkpt lat="38.04773086061764" lon="-105.53716290044414"><ele>2811.5</ele></trkpt><trkpt lat="38.04757502668304" lon="-105.5370555858837"><ele>2813.5</ele></trkpt><trkpt lat="38.04745047719811" lon="-105.53706195796039"><ele>2814.9</ele></trkpt><trkpt lat="38.04727640553677" lon="-105.53713758791883"><ele>2817.0</ele></trkpt><trkpt lat="38.046949960610036" lon="-105.53743360383986"><ele>2821.5</ele></trkpt><trkpt lat="38.046949960610036" lon="-105.53743360383986"><ele>2821.5</ele></trkpt><trkpt lat="38.046494398115016" lon="-105.53783117747962"><ele>2827.6</ele></trkpt><trkpt lat="38.04648189260393" lon="-105.53784790188772"><ele>2827.8</ele></trkpt><trkpt lat="38.04648189260393" lon="-105.53784790188772"><ele>2827.8</ele></trkpt><trkpt lat="38.04607780275532" lon="-105.53838831670863"><ele>2833.1</ele></trkpt><trkpt lat="38.04573782661197" lon="-105.53865308748121"><ele>2836.7</ele></trkpt><trkpt lat="38.04548325978477" lon="-105.53923703337766"><ele>2841.5</ele></trkpt><trkpt lat="38.045384353858694" lon="-105.5393351633586"><ele>2842.6</ele></trkpt><trkpt lat="38.045384353858694" lon="-105.5393351633586"><ele>2842.6</ele></trkpt><trkpt lat="38.04554870103956" lon="-105.53934689676878"><ele>2844.1</ele></trkpt><trkpt lat="38.04597308290498" lon="-105.53917902550715"><ele>2845.3</ele></trkpt><trkpt lat="38.0464167753046" lon="-105.53936592510811"><ele>2846.0</ele></trkpt><trkpt lat="38.0464167753046" lon="-105.53936592510811"><ele>2846.0</ele></trkpt><trkpt lat="38.047161718959096" lon="-105.53953691649004"><ele>2847.2</ele></trkpt><trkpt lat="38.0473846898764" lon="-105.53951424068612"><ele>2847.2</ele></trkpt><trkpt lat="38.0475304532636" lon="-105.53956877687347"><ele>2846.7</ele></trkpt><trkpt lat="38.04761814662142" lon="-105.5397200807357"><ele>2846.3</ele></trkpt><trkpt lat="38.04769528493814" lon="-105.53966233653733"><ele>2846.0</ele></trkpt><trkpt lat="38.04773058376411" lon="-105.53950707759302"><ele>2845.7</ele></trkpt><trkpt lat="38.04796466342958" lon="-105.5395768188737"><ele>2845.0</ele></trkpt><trkpt lat="38.048110738277" lon="-105.5395584497147"><ele>2844.5</ele></trkpt><trkpt lat="38.048554915170314" lon="-105.53990671666453"><ele>2843.0</ele></trkpt><trkpt lat="38.04870140529804" lon="-105.5398008962462"><ele>2842.5</ele></trkpt><trkpt lat="38.04890648455552" lon="-105.53949143304612"><ele>2840.7</ele></trkpt><trkpt lat="38.04883851701221" lon="-105.53923338591308"><ele>2838.6</ele></trkpt><trkpt lat="38.048861312120614" lon="-105.539179939263"><ele>2838.2</ele></trkpt><trkpt lat="38.048861312120614" lon="-105.539179939263"><ele>2838.2</ele></trkpt><trkpt lat="38.048935623390285" lon="-105.53900570502132"><ele>2836.7</ele></trkpt><trkpt lat="38.04946233724429" lon="-105.53894154480092"><ele>2831.5</ele></trkpt><trkpt lat="38.049853462078595" lon="-105.5391193477131"><ele>2827.5</ele></trkpt><trkpt lat="38.05005338493895" lon="-105.53910137406231"><ele>2825.5</ele></trkpt><trkpt lat="38.050226799073144" lon="-105.53899085149085"><ele>2823.7</ele></trkpt><trkpt lat="38.05074773360957" lon="-105.53894466492123"><ele>2819.3</ele></trkpt><trkpt lat="38.051100998722696" lon="-105.53948339104589"><ele>2814.8</ele></trkpt><trkpt lat="38.05138778438026" lon="-105.53971858659358"><ele>2812.0</ele></trkpt><trkpt lat="38.05138778438026" lon="-105.53971858659358"><ele>2812.0</ele></trkpt><trkpt lat="38.051639617278795" lon="-105.53998344525688"><ele>2809.3</ele></trkpt><trkpt lat="38.051642662667696" lon="-105.54027928539648"><ele>2808.3</ele></trkpt><trkpt lat="38.05234514391097" lon="-105.54043511563043"><ele>2805.2</ele></trkpt><trkpt lat="38.052582165145274" lon="-105.54069927116802"><ele>2803.8</ele></trkpt><trkpt lat="38.05267736815529" lon="-105.54088951061607"><ele>2803.0</ele></trkpt><trkpt lat="38.05267664141475" lon="-105.54104498928717"><ele>2802.5</ele></trkpt><trkpt lat="38.052895182675464" lon="-105.54115349037224"><ele>2801.5</ele></trkpt><trkpt lat="38.052895182675464" lon="-105.54115349037224"><ele>2801.5</ele></trkpt><trkpt lat="38.05380371216359" lon="-105.54196788571788"><ele>2805.0</ele></trkpt><trkpt lat="38.05385465321439" lon="-105.54231654817592"><ele>2806.0</ele></trkpt><trkpt lat="38.05395196723262" lon="-105.54251127005033"><ele>2806.7</ele></trkpt><trkpt lat="38.05426595375019" lon="-105.54287562100062"><ele>2808.4</ele></trkpt><trkpt lat="38.054909499796786" lon="-105.54398638383013"><ele>2815.4</ele></trkpt><trkpt lat="38.05555712943305" lon="-105.54479831823582"><ele>2822.5</ele></trkpt><trkpt lat="38.056094121474615" lon="-105.54518582838895"><ele>2828.9</ele></trkpt><trkpt lat="38.0566349894657" lon="-105.54575566782599"><ele>2836.2</ele></trkpt><trkpt lat="38.0568834655151" lon="-105.54591668361199"><ele>2839.0</ele></trkpt><trkpt lat="38.05806687595871" lon="-105.54623555111836"><ele>2847.2</ele></trkpt><trkpt lat="38.05815806459243" lon="-105.54636119089244"><ele>2848.2</ele></trkpt><trkpt lat="38.05827787296054" lon="-105.54700881361038"><ele>2851.7</ele></trkpt><trkpt lat="38.058285669476554" lon="-105.54711515482029"><ele>2852.2</ele></trkpt><trkpt lat="38.058285669476554" lon="-105.54711515482029"><ele>2852.2</ele></trkpt><trkpt lat="38.058326391542884" lon="-105.54767058673309"><ele>2854.7</ele></trkpt><trkpt lat="38.058433464648296" lon="-105.54793316023785"><ele>2856.0</ele></trkpt><trkpt lat="38.0587191774984" lon="-105.54851662273538"><ele>2859.0</ele></trkpt><trkpt lat="38.05917674718157" lon="-105.54866801448833"><ele>2861.7</ele></trkpt><trkpt lat="38.05917674718157" lon="-105.54866801448833"><ele>2861.7</ele></trkpt><trkpt lat="38.05917470538673" lon="-105.54934569583007"><ele>2865.7</ele></trkpt><trkpt lat="38.05899963013132" lon="-105.55006850905288"><ele>2870.1</ele></trkpt><trkpt lat="38.05842052174544" lon="-105.55149787571662"><ele>2877.6</ele></trkpt><trkpt lat="38.058276869366466" lon="-105.55250290601853"><ele>2880.7</ele></trkpt><trkpt lat="38.0581586529062" lon="-105.55272997167529"><ele>2881.6</ele></trkpt><trkpt lat="38.05799883920201" lon="-105.55344373215468"><ele>2885.2</ele></trkpt><trkpt lat="38.05798932236167" lon="-105.55385717006811"><ele>2888.0</ele></trkpt><trkpt lat="38.05812117385864" lon="-105.55417507077664"><ele>2890.5</ele></trkpt><trkpt lat="38.05824195121412" lon="-105.55428242928242"><ele>2891.8</ele></trkpt><trkpt lat="38.05868709709481" lon="-105.55399889384265"><ele>2896.2</ele></trkpt><trkpt lat="38.05890982576528" lon="-105.55400350810507"><ele>2898.1</ele></trkpt><trkpt lat="38.05945899936247" lon="-105.55377486041549"><ele>2900.2</ele></trkpt><trkpt lat="38.060398674873504" lon="-105.5535151433589"><ele>2903.8</ele></trkpt><trkpt lat="38.060921166711076" lon="-105.55367400582244"><ele>2905.5</ele></trkpt><trkpt lat="38.06172978667906" lon="-105.55421585206741"><ele>2907.6</ele></trkpt><trkpt lat="38.06212333776253" lon="-105.55439101618683"><ele>2908.5</ele></trkpt><trkpt lat="38.06212333776253" lon="-105.55439101618683"><ele>2908.5</ele></trkpt><trkpt lat="38.06230827214448" lon="-105.55447332791083"><ele>2909.0</ele></trkpt><trkpt lat="38.06303743514737" lon="-105.5531746107918"><ele>2909.3</ele></trkpt><trkpt lat="38.06330030758068" lon="-105.55320089011495"><ele>2909.3</ele></trkpt><trkpt lat="38.064050234598845" lon="-105.55399331278238"><ele>2902.0</ele></trkpt><trkpt lat="38.06442876259721" lon="-105.55450255157287"><ele>2895.4</ele></trkpt><trkpt lat="38.064888789355514" lon="-105.5549391926345"><ele>2888.5</ele></trkpt><trkpt lat="38.0650143770412" lon="-105.5552893052893"><ele>2885.6</ele></trkpt><trkpt lat="38.065193639706365" lon="-105.55550727425728"><ele>2883.7</ele></trkpt><trkpt lat="38.06529853259017" lon="-105.55593143483769"><ele>2881.1</ele></trkpt><trkpt lat="38.0653923513325" lon="-105.55593499441156"><ele>2880.4</ele></trkpt><trkpt lat="38.0653923513325" lon="-105.55593499441156"><ele>2880.4</ele></trkpt><trkpt lat="38.06562417572833" lon="-105.55594369559213"><ele>2878.7</ele></trkpt><trkpt lat="38.06596620491753" lon="-105.55531136585824"><ele>2874.2</ele></trkpt><trkpt lat="38.06621224593925" lon="-105.55520150246713"><ele>2872.6</ele></trkpt><trkpt lat="38.066487308248355" lon="-105.55555420789796"><ele>2872.0</ele></trkpt><trkpt lat="38.06681408310175" lon="-105.55581124428781"><ele>2871.4</ele></trkpt><trkpt lat="38.06681408310175" lon="-105.55581124428781"><ele>2871.4</ele></trkpt><trkpt lat="38.06717299237229" lon="-105.5558176163645"><ele>2870.8</ele></trkpt><trkpt lat="38.0678705063893" lon="-105.55545119998246"><ele>2868.2</ele></trkpt><trkpt lat="38.067997695035" lon="-105.55553865124178"><ele>2867.0</ele></trkpt><trkpt lat="38.06885833705122" lon="-105.5553002037377"><ele>2859.7</ele></trkpt><trkpt lat="38.06917656809294" lon="-105.5553328990829"><ele>2857.1</ele></trkpt><trkpt lat="38.06940123229034" lon="-105.55521134622697"><ele>2855.1</ele></trkpt><trkpt lat="38.06940123229034" lon="-105.55521134622697"><ele>2855.1</ele></trkpt><trkpt lat="38.06980123487366" lon="-105.55507454433236"><ele>2850.2</ele></trkpt><trkpt lat="38.070630780182654" lon="-105.55525718123374"><ele>2839.5</ele></trkpt><trkpt lat="38.07098757944302" lon="-105.5556782656392"><ele>2833.4</ele></trkpt><trkpt lat="38.0711210635289" lon="-105.55595186942843"><ele>2830.3</ele></trkpt><trkpt lat="38.07107813692859" lon="-105.556640625"><ele>2824.5</ele></trkpt><trkpt lat="38.07107813692859" lon="-105.556640625"><ele>2824.5</ele></trkpt><trkpt lat="38.07120044833768" lon="-105.55743766192985"><ele>2817.8</ele></trkpt><trkpt lat="38.07135959844887" lon="-105.55774259875822"><ele>2814.8</ele></trkpt><trkpt lat="38.0715268081071" lon="-105.55780421014796"><ele>2812.9</ele></trkpt><trkpt lat="38.07151757248882" lon="-105.55823184241153"><ele>2810.1</ele></trkpt><trkpt lat="38.07198969591149" lon="-105.55826343912281"><ele>2807.4</ele></trkpt><trkpt lat="38.07261484695683" lon="-105.55898062734"><ele>2802.7</ele></trkpt><trkpt lat="38.072778908894975" lon="-105.55929009054009"><ele>2801.1</ele></trkpt><trkpt lat="38.073085898079256" lon="-105.55953912887507"><ele>2799.7</ele></trkpt><trkpt lat="38.073167289127205" lon="-105.5597499786953"><ele>2799.0</ele></trkpt><trkpt lat="38.07335594479042" lon="-105.5599913265929"><ele>2798.0</ele></trkpt><trkpt lat="38.07382063129201" lon="-105.56045943252974"><ele>2795.8</ele></trkpt><trkpt lat="38.0738573316328" lon="-105.56077706956613"><ele>2794.9</ele></trkpt><trkpt lat="38.07357295379655" lon="-105.56169710755225"><ele>2796.6</ele></trkpt><trkpt lat="38.07357295379655" lon="-105.56169710755225"><ele>2796.6</ele></trkpt><trkpt lat="38.07355227950704" lon="-105.56176399438118"><ele>2796.8</ele></trkpt><trkpt lat="38.073549685232244" lon="-105.56202283253064"><ele>2797.7</ele></trkpt><trkpt lat="38.073877601566544" lon="-105.56230852129289"><ele>2799.5</ele></trkpt><trkpt lat="38.07419790802811" lon="-105.56296089010932"><ele>2802.1</ele></trkpt><trkpt lat="38.074233709020305" lon="-105.5637935227779"><ele>2807.8</ele></trkpt><trkpt lat="38.074121013723136" lon="-105.56419456810082"><ele>2810.8</ele></trkpt><trkpt lat="38.07415076140747" lon="-105.56443349900381"><ele>2812.5</ele></trkpt><trkpt lat="38.07466024238721" lon="-105.56556390540766"><ele>2821.7</ele></trkpt><trkpt lat="38.07466024238721" lon="-105.56556390540766"><ele>2821.7</ele></trkpt><trkpt lat="38.07480355012698" lon="-105.56592570752727"><ele>2824.6</ele></trkpt><trkpt lat="38.0748135121422" lon="-105.56617158179658"><ele>2826.4</ele></trkpt><trkpt lat="38.07514125552485" lon="-105.56691430226587"><ele>2832.4</ele></trkpt><trkpt lat="38.07536747628712" lon="-105.5672077693562"><ele>2835.0</ele></trkpt><trkpt lat="38.07597235739872" lon="-105.56760266232922"><ele>2836.0</ele></trkpt><trkpt lat="38.07620892066985" lon="-105.56808544601513"><ele>2836.7</ele></trkpt><trkpt lat="38.076819301644015" lon="-105.56856396700147"><ele>2837.7</ele></trkpt><trkpt lat="38.07720270086864" lon="-105.56897736096955"><ele>2836.9</ele></trkpt><trkpt lat="38.07776209569546" lon="-105.56994749865844"><ele>2835.4</ele></trkpt><trkpt lat="38.07826936289405" lon="-105.57049132244445"><ele>2834.3</ele></trkpt><trkpt lat="38.07837586367941" lon="-105.57079873521258"><ele>2833.9</ele></trkpt><trkpt lat="38.07837586367941" lon="-105.57079873521258"><ele>2833.9</ele></trkpt><trkpt lat="38.07839703580437" lon="-105.5708598482036"><ele>2833.8</ele></trkpt><trkpt lat="38.07831388064956" lon="-105.57130769533113"><ele>2833.2</ele></trkpt><trkpt lat="38.07842771742764" lon="-105.57140485851423"><ele>2833.0</ele></trkpt><trkpt lat="38.0785008759769" lon="-105.57139505869975"><ele>2832.9</ele></trkpt><trkpt lat="38.07866950383869" lon="-105.57113824203668"><ele>2832.4</ele></trkpt><trkpt lat="38.07898745815777" lon="-105.57086824176668"><ele>2831.9</ele></trkpt><trkpt lat="38.07904460138396" lon="-105.57092449182294"><ele>2831.9</ele></trkpt><trkpt lat="38.079141661851686" lon="-105.57090287070756"><ele>2831.9</ele></trkpt><trkpt lat="38.07953830917294" lon="-105.57120987296769"><ele>2831.9</ele></trkpt><trkpt lat="38.079774422769766" lon="-105.57128607421576"><ele>2831.9</ele></trkpt><trkpt lat="38.08021524194322" lon="-105.57161373079342"><ele>2831.9</ele></trkpt><trkpt lat="38.08030825534227" lon="-105.57142916029635"><ele>2831.9</ele></trkpt><trkpt lat="38.08054402303579" lon="-105.57024057024057"><ele>2830.2</ele></trkpt><trkpt lat="38.08035747738274" lon="-105.56968044272732"><ele>2829.0</ele></trkpt><trkpt lat="38.080368615469204" lon="-105.56924722940347"><ele>2828.2</ele></trkpt><trkpt lat="38.08051558978402" lon="-105.56884772216803"><ele>2827.8</ele></trkpt><trkpt lat="38.08075073485159" lon="-105.56843555866993"><ele>2828.5</ele></trkpt><trkpt lat="38.08103406424972" lon="-105.56818080743862"><ele>2829.0</ele></trkpt><trkpt lat="38.08107263246836" lon="-105.56798129552035"><ele>2829.3</ele></trkpt><trkpt lat="38.081189962869836" lon="-105.5678251576689"><ele>2829.6</ele></trkpt><trkpt lat="38.08143513913329" lon="-105.567679566703"><ele>2830.0</ele></trkpt><trkpt lat="38.08182673626627" lon="-105.56836300488644"><ele>2830.7</ele></trkpt><trkpt lat="38.082201487908236" lon="-105.56864188211844"><ele>2830.7</ele></trkpt><trkpt lat="38.08249069766257" lon="-105.56872028063434"><ele>2830.7</ele></trkpt><trkpt lat="38.082551507463805" lon="-105.5688764184858"><ele>2830.7</ele></trkpt><trkpt lat="38.08239349883352" lon="-105.56992504258129"><ele>2830.9</ele></trkpt><trkpt lat="38.08240155838055" lon="-105.57021095107032"><ele>2831.4</ele></trkpt><trkpt lat="38.08252386978964" lon="-105.57041446201602"><ele>2831.9</ele></trkpt><trkpt lat="38.082838607207975" lon="-105.56988395367301"><ele>2833.2</ele></trkpt><trkpt lat="38.083562167743935" lon="-105.56958503735848"><ele>2834.7</ele></trkpt><trkpt lat="38.08380993828219" lon="-105.56957031566407"><ele>2833.3</ele></trkpt><trkpt lat="38.08398008811852" lon="-105.56933657031313"><ele>2832.0</ele></trkpt><trkpt lat="38.084190570280356" lon="-105.56930268844332"><ele>2830.9</ele></trkpt><trkpt lat="38.08450925099638" lon="-105.56936728811729"><ele>2829.1</ele></trkpt><trkpt lat="38.08477521604854" lon="-105.56946247375934"><ele>2827.7</ele></trkpt><trkpt lat="38.084843420764145" lon="-105.56952552581903"><ele>2827.2</ele></trkpt><trkpt lat="38.084843420764145" lon="-105.56952552581903"><ele>2827.2</ele></trkpt><trkpt lat="38.08498808494319" lon="-105.56965926106551"><ele>2826.3</ele></trkpt><trkpt lat="38.08531814587799" lon="-105.56955093576187"><ele>2824.6</ele></trkpt><trkpt lat="38.08531814587799" lon="-105.56955093576187"><ele>2824.6</ele></trkpt><trkpt lat="38.08530507073302" lon="-105.56935124806219"><ele>2824.0</ele></trkpt><trkpt lat="38.08506736598098" lon="-105.56921194128225"><ele>2823.0</ele></trkpt><trkpt lat="38.08509590300375" lon="-105.56911016383673"><ele>2822.7</ele></trkpt><trkpt lat="38.08486739927965" lon="-105.5685628244222"><ele>2820.9</ele></trkpt><trkpt lat="38.08456096354067" lon="-105.56809924485705"><ele>2819.1</ele></trkpt><trkpt lat="38.08453024732707" lon="-105.56793045074295"><ele>2818.6</ele></trkpt><trkpt lat="38.084670268985434" lon="-105.56787160791067"><ele>2818.0</ele></trkpt><trkpt lat="38.08465404612037" lon="-105.56769635382916"><ele>2816.3</ele></trkpt><trkpt lat="38.08456476847704" lon="-105.56731424895487"><ele>2810.9</ele></trkpt><trkpt lat="38.08443557359216" lon="-105.56720680255836"><ele>2808.3</ele></trkpt><trkpt lat="38.08458995023773" lon="-105.56703001038939"><ele>2804.8</ele></trkpt><trkpt lat="38.0844516580959" lon="-105.56685589888716"><ele>2801.5</ele></trkpt><trkpt lat="38.084550344309164" lon="-105.56667106471794"><ele>2798.5</ele></trkpt><trkpt lat="38.08458590316904" lon="-105.56631444815038"><ele>2793.6</ele></trkpt><trkpt lat="38.08437092426423" lon="-105.5664365283506"><ele>2789.6</ele></trkpt><trkpt lat="38.084262310626066" lon="-105.56641789551946"><ele>2787.8</ele></trkpt><trkpt lat="38.08414885434163" lon="-105.56587859810516"><ele>2780.2</ele></trkpt><trkpt lat="38.08408230254551" lon="-105.5658202386718"><ele>2778.8</ele></trkpt><trkpt lat="38.08388870046502" lon="-105.5658587787494"><ele>2775.5</ele></trkpt><trkpt lat="38.083730968557376" lon="-105.56578446715166"><ele>2772.6</ele></trkpt><trkpt lat="38.0836927093239" lon="-105.56552163402473"><ele>2769.0</ele></trkpt><trkpt lat="38.0836927093239" lon="-105.56552163402473"><ele>2769.0</ele></trkpt><trkpt lat="38.08367271844061" lon="-105.56538430073586"><ele>2767.1</ele></trkpt><trkpt lat="38.08360537106689" lon="-105.56530766003422"><ele>2765.5</ele></trkpt><trkpt lat="38.08349267576972" lon="-105.56528300668926"><ele>2763.6</ele></trkpt><trkpt lat="38.08331716443214" lon="-105.56501994978558"><ele>2758.9</ele></trkpt><trkpt lat="38.08309267318639" lon="-105.56482975428288"><ele>2756.6</ele></trkpt><trkpt lat="38.08280619606818" lon="-105.56466333321802"><ele>2758.6</ele></trkpt><trkpt lat="38.08267565216041" lon="-105.5646866682023"><ele>2759.5</ele></trkpt><trkpt lat="38.08267565216041" lon="-105.5646866682023"><ele>2759.5</ele></trkpt><trkpt lat="38.08280619606818" lon="-105.56466333321802"><ele>2760.3</ele></trkpt><trkpt lat="38.08309267318639" lon="-105.56482975428288"><ele>2762.3</ele></trkpt><trkpt lat="38.08331716443214" lon="-105.56501994978558"><ele>2764.0</ele></trkpt><trkpt lat="38.08349267576972" lon="-105.56528300668926"><ele>2765.7</ele></trkpt><trkpt lat="38.08360537106689" lon="-105.56530766003422"><ele>2766.4</ele></trkpt><trkpt lat="38.08367271844061" lon="-105.56538430073586"><ele>2767.0</ele></trkpt><trkpt lat="38.083730968557376" lon="-105.56578446715166"><ele>2769.1</ele></trkpt><trkpt lat="38.08388870046502" lon="-105.5658587787494"><ele>2770.3</ele></trkpt><trkpt lat="38.08408230254551" lon="-105.5658202386718"><ele>2771.6</ele></trkpt><trkpt lat="38.08414885434163" lon="-105.56587859810516"><ele>2772.2</ele></trkpt><trkpt lat="38.084262310626066" lon="-105.56641789551946"><ele>2775.2</ele></trkpt><trkpt lat="38.08437092426423" lon="-105.5664365283506"><ele>2775.9</ele></trkpt><trkpt lat="38.08458590316904" lon="-105.56631444815038"><ele>2777.5</ele></trkpt><trkpt lat="38.084550344309164" lon="-105.56667106471794"><ele>2779.5</ele></trkpt><trkpt lat="38.0844516580959" lon="-105.56685589888716"><ele>2782.0</ele></trkpt><trkpt lat="38.08458995023773" lon="-105.56703001038939"><ele>2785.4</ele></trkpt><trkpt lat="38.08443557359216" lon="-105.56720680255836"><ele>2789.0</ele></trkpt><trkpt lat="38.08456476847704" lon="-105.56731424895487"><ele>2791.7</ele></trkpt><trkpt lat="38.08465404612037" lon="-105.56769635382916"><ele>2797.1</ele></trkpt><trkpt lat="38.084670268985434" lon="-105.56787160791067"><ele>2799.5</ele></trkpt><trkpt lat="38.08453024732707" lon="-105.56793045074295"><ele>2802.1</ele></trkpt><trkpt lat="38.08456096354067" lon="-105.56809924485705"><ele>2804.5</ele></trkpt><trkpt lat="38.08486739927965" lon="-105.5685628244222"><ele>2812.5</ele></trkpt><trkpt lat="38.08509590300375" lon="-105.56911016383673"><ele>2815.8</ele></trkpt><trkpt lat="38.08506736598098" lon="-105.56921194128225"><ele>2816.3</ele></trkpt><trkpt lat="38.08530507073302" lon="-105.56935124806219"><ele>2818.1</ele></trkpt><trkpt lat="38.08531814587799" lon="-105.56955093576187"><ele>2819.1</ele></trkpt><trkpt lat="38.08531814587799" lon="-105.56955093576187"><ele>2819.1</ele></trkpt><trkpt lat="38.08498808494319" lon="-105.56965926106551"><ele>2821.4</ele></trkpt><trkpt lat="38.08477521604854" lon="-105.56946247375934"><ele>2823.1</ele></trkpt><trkpt lat="38.08469782583746" lon="-105.56943477674851"><ele>2823.7</ele></trkpt><trkpt lat="38.08469782583746" lon="-105.56943477674851"><ele>2823.7</ele></trkpt><trkpt lat="38.08450925099638" lon="-105.56936728811729"><ele>2824.9</ele></trkpt><trkpt lat="38.084190570280356" lon="-105.56930268844332"><ele>2826.5</ele></trkpt><trkpt lat="38.08398008811852" lon="-105.56933657031313"><ele>2827.6</ele></trkpt><trkpt lat="38.08380993828219" lon="-105.56957031566407"><ele>2828.8</ele></trkpt><trkpt lat="38.083562167743935" lon="-105.56958503735848"><ele>2830.0</ele></trkpt><trkpt lat="38.082838607207975" lon="-105.56988395367301"><ele>2833.4</ele></trkpt><trkpt lat="38.08252386978964" lon="-105.57041446201602"><ele>2832.9</ele></trkpt><trkpt lat="38.08240155838055" lon="-105.57021095107032"><ele>2832.8</ele></trkpt><trkpt lat="38.08239349883352" lon="-105.56992504258129"><ele>2832.6</ele></trkpt><trkpt lat="38.082551507463805" lon="-105.5688764184858"><ele>2831.9</ele></trkpt><trkpt lat="38.08249069766257" lon="-105.56872028063434"><ele>2831.8</ele></trkpt><trkpt lat="38.082201487908236" lon="-105.56864188211844"><ele>2831.6</ele></trkpt><trkpt lat="38.08182673626627" lon="-105.56836300488644"><ele>2831.3</ele></trkpt><trkpt lat="38.08143513913329" lon="-105.567679566703"><ele>2830.9</ele></trkpt><trkpt lat="38.081189962869836" lon="-105.5678251576689"><ele>2830.7</ele></trkpt><trkpt lat="38.08107263246836" lon="-105.56798129552035"><ele>2830.7</ele></trkpt><trkpt lat="38.08103406424972" lon="-105.56818080743862"><ele>2830.7</ele></trkpt><trkpt lat="38.08075073485159" lon="-105.56843555866993"><ele>2830.7</ele></trkpt><trkpt lat="38.08051558978402" lon="-105.56884772216803"><ele>2830.7</ele></trkpt><trkpt lat="38.080368615469204" lon="-105.56924722940347"><ele>2830.7</ele></trkpt><trkpt lat="38.08035747738274" lon="-105.56968044272732"><ele>2830.7</ele></trkpt><trkpt lat="38.08054402303579" lon="-105.57024057024057"><ele>2830.3</ele></trkpt><trkpt lat="38.08030825534227" lon="-105.57142916029635"><ele>2829.6</ele></trkpt><trkpt lat="38.08021524194322" lon="-105.57161373079342"><ele>2829.4</ele></trkpt><trkpt lat="38.079774422769766" lon="-105.57128607421576"><ele>2829.5</ele></trkpt><trkpt lat="38.07953830917294" lon="-105.57120987296769"><ele>2830.1</ele></trkpt><trkpt lat="38.079141661851686" lon="-105.57090287070756"><ele>2831.2</ele></trkpt><trkpt lat="38.07904460138396" lon="-105.57092449182294"><ele>2831.4</ele></trkpt><trkpt lat="38.07898745815777" lon="-105.57086824176668"><ele>2831.5</ele></trkpt><trkpt lat="38.07866950383869" lon="-105.57113824203668"><ele>2832.4</ele></trkpt><trkpt lat="38.0785008759769" lon="-105.57139505869975"><ele>2833.0</ele></trkpt><trkpt lat="38.07842771742764" lon="-105.57140485851423"><ele>2833.2</ele></trkpt><trkpt lat="38.07831388064956" lon="-105.57130769533113"><ele>2833.4</ele></trkpt><trkpt lat="38.0783874149947" lon="-105.5709116628143"><ele>2833.1</ele></trkpt><trkpt lat="38.0783874149947" lon="-105.5709116628143"><ele>2833.1</ele></trkpt><trkpt lat="38.07839703580437" lon="-105.5708598482036"><ele>2833.1</ele></trkpt><trkpt lat="38.07826936289405" lon="-105.57049132244445"><ele>2832.8</ele></trkpt><trkpt lat="38.07776209569546" lon="-105.56994749865844"><ele>2832.3</ele></trkpt><trkpt lat="38.07720270086864" lon="-105.56897736096955"><ele>2833.4</ele></trkpt><trkpt lat="38.076819301644015" lon="-105.56856396700147"><ele>2835.0</ele></trkpt><trkpt lat="38.07620892066985" lon="-105.56808544601513"><ele>2837.4</ele></trkpt><trkpt lat="38.07597235739872" lon="-105.56760266232922"><ele>2837.4</ele></trkpt><trkpt lat="38.07536747628712" lon="-105.5672077693562"><ele>2836.8</ele></trkpt><trkpt lat="38.07514125552485" lon="-105.56691430226587"><ele>2836.6</ele></trkpt><trkpt lat="38.0748135121422" lon="-105.56617158179658"><ele>2835.2</ele></trkpt><trkpt lat="38.07480355012698" lon="-105.56592570752727"><ele>2834.0</ele></trkpt><trkpt lat="38.07466024238721" lon="-105.56556390540766"><ele>2832.1</ele></trkpt><trkpt lat="38.07466024238721" lon="-105.56556390540766"><ele>2832.1</ele></trkpt><trkpt lat="38.07415076140747" lon="-105.56443349900381"><ele>2826.0</ele></trkpt><trkpt lat="38.074121013723136" lon="-105.56419456810082"><ele>2824.8</ele></trkpt><trkpt lat="38.074233709020305" lon="-105.5637935227779"><ele>2821.3</ele></trkpt><trkpt lat="38.07419790802811" lon="-105.56296089010932"><ele>2814.4</ele></trkpt><trkpt lat="38.073877601566544" lon="-105.56230852129289"><ele>2808.0</ele></trkpt><trkpt lat="38.073549685232244" lon="-105.56202283253064"><ele>2805.0</ele></trkpt><trkpt lat="38.07355227950704" lon="-105.56176399438118"><ele>2803.8</ele></trkpt><trkpt lat="38.0738573316328" lon="-105.56077706956613"><ele>2798.8</ele></trkpt><trkpt lat="38.07382063129201" lon="-105.56045943252974"><ele>2797.3</ele></trkpt><trkpt lat="38.07335594479042" lon="-105.5599913265929"><ele>2795.8</ele></trkpt><trkpt lat="38.073167289127205" lon="-105.5597499786953"><ele>2796.2</ele></trkpt><trkpt lat="38.073085898079256" lon="-105.55953912887507"><ele>2796.5</ele></trkpt><trkpt lat="38.072778908894975" lon="-105.55929009054009"><ele>2797.1</ele></trkpt><trkpt lat="38.07261484695683" lon="-105.55898062734"><ele>2797.6</ele></trkpt><trkpt lat="38.07198969591149" lon="-105.55826343912281"><ele>2800.5</ele></trkpt><trkpt lat="38.07151757248882" lon="-105.55823184241153"><ele>2803.5</ele></trkpt><trkpt lat="38.0715268081071" lon="-105.55780421014796"><ele>2805.6</ele></trkpt><trkpt lat="38.07135959844887" lon="-105.55774259875822"><ele>2806.7</ele></trkpt><trkpt lat="38.07120044833768" lon="-105.55743766192985"><ele>2808.5</ele></trkpt><trkpt lat="38.07107813692859" lon="-105.556640625"><ele>2813.6</ele></trkpt><trkpt lat="38.07107813692859" lon="-105.556640625"><ele>2813.6</ele></trkpt><trkpt lat="38.0711210635289" lon="-105.55595186942843"><ele>2818.1</ele></trkpt><trkpt lat="38.07098757944302" lon="-105.5556782656392"><ele>2820.2</ele></trkpt><trkpt lat="38.070630780182654" lon="-105.55525718123374"><ele>2824.2</ele></trkpt><trkpt lat="38.06980123487366" lon="-105.55507454433236"><ele>2834.0</ele></trkpt><trkpt lat="38.06940123229034" lon="-105.55521134622697"><ele>2838.9</ele></trkpt><trkpt lat="38.06940123229034" lon="-105.55521134622697"><ele>2838.9</ele></trkpt><trkpt lat="38.06917656809294" lon="-105.5553328990829"><ele>2841.9</ele></trkpt><trkpt lat="38.06885833705122" lon="-105.5553002037377"><ele>2845.7</ele></trkpt><trkpt lat="38.067997695035" lon="-105.55553865124178"><ele>2855.8</ele></trkpt><trkpt lat="38.0678705063893" lon="-105.55545119998246"><ele>2857.5</ele></trkpt><trkpt lat="38.06717299237229" lon="-105.5558176163645"><ele>2866.1</ele></trkpt><trkpt lat="38.06681408310175" lon="-105.55581124428781"><ele>2867.8</ele></trkpt><trkpt lat="38.06681408310175" lon="-105.55581124428781"><ele>2867.8</ele></trkpt><trkpt lat="38.066487308248355" lon="-105.55555420789796"><ele>2868.7</ele></trkpt><trkpt lat="38.06621224593925" lon="-105.55520150246713"><ele>2869.6</ele></trkpt><trkpt lat="38.06596620491753" lon="-105.55531136585824"><ele>2870.2</ele></trkpt><trkpt lat="38.06562417572833" lon="-105.55594369559213"><ele>2871.5</ele></trkpt><trkpt lat="38.0653923513325" lon="-105.55593499441156"><ele>2871.9</ele></trkpt><trkpt lat="38.0653923513325" lon="-105.55593499441156"><ele>2871.9</ele></trkpt><trkpt lat="38.06529853259017" lon="-105.55593143483769"><ele>2872.0</ele></trkpt><trkpt lat="38.065193639706365" lon="-105.55550727425728"><ele>2872.5</ele></trkpt><trkpt lat="38.0650143770412" lon="-105.5552893052893"><ele>2872.9</ele></trkpt><trkpt lat="38.064888789355514" lon="-105.5549391926345"><ele>2873.3</ele></trkpt><trkpt lat="38.06442876259721" lon="-105.55450255157287"><ele>2874.2</ele></trkpt><trkpt lat="38.064050234598845" lon="-105.55399331278238"><ele>2882.9</ele></trkpt><trkpt lat="38.06330030758068" lon="-105.55320089011495"><ele>2900.2</ele></trkpt><trkpt lat="38.06303743514737" lon="-105.5531746107918"><ele>2904.8</ele></trkpt><trkpt lat="38.06230827214448" lon="-105.55447332791083"><ele>2909.9</ele></trkpt><trkpt lat="38.06172978667906" lon="-105.55421585206741"><ele>2912.3</ele></trkpt><trkpt lat="38.060921166711076" lon="-105.55367400582244"><ele>2908.3</ele></trkpt><trkpt lat="38.060398674873504" lon="-105.5535151433589"><ele>2905.9</ele></trkpt><trkpt lat="38.05945899936247" lon="-105.55377486041549"><ele>2903.4</ele></trkpt><trkpt lat="38.05890982576528" lon="-105.55400350810507"><ele>2902.9</ele></trkpt><trkpt lat="38.05868709709481" lon="-105.55399889384265"><ele>2902.7</ele></trkpt><trkpt lat="38.05824195121412" lon="-105.55428242928242"><ele>2901.6</ele></trkpt><trkpt lat="38.05812117385864" lon="-105.55417507077664"><ele>2900.2</ele></trkpt><trkpt lat="38.05798932236167" lon="-105.55385717006811"><ele>2897.4</ele></trkpt><trkpt lat="38.05799883920201" lon="-105.55344373215468"><ele>2894.3</ele></trkpt><trkpt lat="38.0581586529062" lon="-105.55272997167529"><ele>2888.6</ele></trkpt><trkpt lat="38.058276869366466" lon="-105.55250290601853"><ele>2886.5</ele></trkpt><trkpt lat="38.05842052174544" lon="-105.55149787571662"><ele>2882.0</ele></trkpt><trkpt lat="38.05899963013132" lon="-105.55006850905288"><ele>2877.3</ele></trkpt><trkpt lat="38.05917470538673" lon="-105.54934569583007"><ele>2872.8</ele></trkpt><trkpt lat="38.05917674718157" lon="-105.54866801448833"><ele>2868.4</ele></trkpt><trkpt lat="38.05917674718157" lon="-105.54866801448833"><ele>2868.4</ele></trkpt><trkpt lat="38.0587191774984" lon="-105.54851662273538"><ele>2864.6</ele></trkpt><trkpt lat="38.058433464648296" lon="-105.54793316023785"><ele>2861.7</ele></trkpt><trkpt lat="38.058326391542884" lon="-105.54767058673309"><ele>2860.9</ele></trkpt><trkpt lat="38.05827787296054" lon="-105.54700881361038"><ele>2858.9</ele></trkpt><trkpt lat="38.05815806459243" lon="-105.54636119089244"><ele>2857.0</ele></trkpt><trkpt lat="38.05806687595871" lon="-105.54623555111836"><ele>2856.5</ele></trkpt><trkpt lat="38.0568834655151" lon="-105.54591668361199"><ele>2848.6</ele></trkpt><trkpt lat="38.0566349894657" lon="-105.54575566782599"><ele>2846.7</ele></trkpt><trkpt lat="38.056094121474615" lon="-105.54518582838895"><ele>2841.1</ele></trkpt><trkpt lat="38.05555712943305" lon="-105.54479831823582"><ele>2834.2</ele></trkpt><trkpt lat="38.054909499796786" lon="-105.54398638383013"><ele>2824.0</ele></trkpt><trkpt lat="38.05426595375019" lon="-105.54287562100062"><ele>2814.1</ele></trkpt><trkpt lat="38.05395196723262" lon="-105.54251127005033"><ele>2810.2</ele></trkpt><trkpt lat="38.05385465321439" lon="-105.54231654817592"><ele>2808.6</ele></trkpt><trkpt lat="38.05380371216359" lon="-105.54196788571788"><ele>2806.5</ele></trkpt><trkpt lat="38.052895182675464" lon="-105.54115349037224"><ele>2803.9</ele></trkpt><trkpt lat="38.052895182675464" lon="-105.54115349037224"><ele>2803.9</ele></trkpt><trkpt lat="38.05267664141475" lon="-105.54104498928717"><ele>2803.4</ele></trkpt><trkpt lat="38.05267736815529" lon="-105.54088951061607"><ele>2803.1</ele></trkpt><trkpt lat="38.052582165145274" lon="-105.54069927116802"><ele>2802.7</ele></trkpt><trkpt lat="38.05234514391097" lon="-105.54043511563043"><ele>2802.8</ele></trkpt><trkpt lat="38.051642662667696" lon="-105.54027928539648"><ele>2805.2</ele></trkpt><trkpt lat="38.051639617278795" lon="-105.53998344525688"><ele>2806.0</ele></trkpt><trkpt lat="38.05138778438026" lon="-105.53971858659358"><ele>2807.1</ele></trkpt><trkpt lat="38.05138778438026" lon="-105.53971858659358"><ele>2807.1</ele></trkpt><trkpt lat="38.051100998722696" lon="-105.53948339104589"><ele>2808.3</ele></trkpt><trkpt lat="38.05074773360957" lon="-105.53894466492123"><ele>2811.9</ele></trkpt><trkpt lat="38.050226799073144" lon="-105.53899085149085"><ele>2815.4</ele></trkpt><trkpt lat="38.05005338493895" lon="-105.53910137406231"><ele>2816.7</ele></trkpt><trkpt lat="38.049853462078595" lon="-105.5391193477131"><ele>2818.0</ele></trkpt><trkpt lat="38.04946233724429" lon="-105.53894154480092"><ele>2820.9</ele></trkpt><trkpt lat="38.048935623390285" lon="-105.53900570502132"><ele>2826.4</ele></trkpt><trkpt lat="38.04883851701221" lon="-105.53923338591308"><ele>2828.6</ele></trkpt><trkpt lat="38.048866195733744" lon="-105.53933847158177"><ele>2829.5</ele></trkpt><trkpt lat="38.048866195733744" lon="-105.53933847158177"><ele>2829.5</ele></trkpt><trkpt lat="38.04890648455552" lon="-105.53949143304612"><ele>2830.8</ele></trkpt><trkpt lat="38.04870140529804" lon="-105.5398008962462"><ele>2834.2</ele></trkpt><trkpt lat="38.048554915170314" lon="-105.53990671666453"><ele>2836.0</ele></trkpt><trkpt lat="38.048110738277" lon="-105.5395584497147"><ele>2840.8</ele></trkpt><trkpt lat="38.04796466342958" lon="-105.5395768188737"><ele>2841.3</ele></trkpt><trkpt lat="38.04773058376411" lon="-105.53950707759302"><ele>2842.2</ele></trkpt><trkpt lat="38.04769528493814" lon="-105.53966233653733"><ele>2842.7</ele></trkpt><trkpt lat="38.04761814662142" lon="-105.5397200807357"><ele>2843.0</ele></trkpt><trkpt lat="38.0475304532636" lon="-105.53956877687347"><ele>2843.6</ele></trkpt><trkpt lat="38.0473846898764" lon="-105.53951424068612"><ele>2844.2</ele></trkpt><trkpt lat="38.047161718959096" lon="-105.53953691649004"><ele>2845.0</ele></trkpt><trkpt lat="38.0464167753046" lon="-105.53936592510811"><ele>2847.3</ele></trkpt><trkpt lat="38.0464167753046" lon="-105.53936592510811"><ele>2847.3</ele></trkpt><trkpt lat="38.04597308290498" lon="-105.53917902550715"><ele>2846.5</ele></trkpt><trkpt lat="38.04554870103956" lon="-105.53934689676878"><ele>2845.8</ele></trkpt><trkpt lat="38.045384353858694" lon="-105.5393351633586"><ele>2845.6</ele></trkpt><trkpt lat="38.045384353858694" lon="-105.5393351633586"><ele>2845.6</ele></trkpt><trkpt lat="38.04548325978477" lon="-105.53923703337766"><ele>2845.4</ele></trkpt><trkpt lat="38.04573782661197" lon="-105.53865308748121"><ele>2843.7</ele></trkpt><trkpt lat="38.04607780275532" lon="-105.53838831670863"><ele>2839.5</ele></trkpt><trkpt lat="38.04640235020134" lon="-105.53795427895558"><ele>2834.6</ele></trkpt><trkpt lat="38.04640235020134" lon="-105.53795427895558"><ele>2834.6</ele></trkpt><trkpt lat="38.046494398115016" lon="-105.53783117747962"><ele>2833.2</ele></trkpt><trkpt lat="38.046949960610036" lon="-105.53743360383986"><ele>2827.3</ele></trkpt><trkpt lat="38.046949960610036" lon="-105.53743360383986"><ele>2827.3</ele></trkpt><trkpt lat="38.04727640553677" lon="-105.53713758791883"><ele>2823.3</ele></trkpt><trkpt lat="38.04745047719811" lon="-105.53706195796039"><ele>2821.5</ele></trkpt><trkpt lat="38.04757502668304" lon="-105.5370555858837"><ele>2820.3</ele></trkpt><trkpt lat="38.04773086061764" lon="-105.53716290044414"><ele>2818.5</ele></trkpt><trkpt lat="38.04808104573517" lon="-105.53719840829216"><ele>2815.1</ele></trkpt><trkpt lat="38.04832921032433" lon="-105.53738328640672"><ele>2812.3</ele></trkpt><trkpt lat="38.04874701691825" lon="-105.53718860847768"><ele>2808.0</ele></trkpt><trkpt lat="38.0488903232303" lon="-105.53687844215187"><ele>2805.7</ele></trkpt><trkpt lat="38.04893956855319" lon="-105.53687149878556"><ele>2805.4</ele></trkpt><trkpt lat="38.04910924516464" lon="-105.53712537110975"><ele>2803.7</ele></trkpt><trkpt lat="38.04929224535255" lon="-105.53699489734646"><ele>2802.3</ele></trkpt><trkpt lat="38.04943562087798" lon="-105.53666640580703"><ele>2800.4</ele></trkpt><trkpt lat="38.04988658068295" lon="-105.53619003814316"><ele>2796.6</ele></trkpt><trkpt lat="38.050507909233204" lon="-105.53645085383367"><ele>2790.5</ele></trkpt><trkpt lat="38.05076856683822" lon="-105.53643446221571"><ele>2787.8</ele></trkpt><trkpt lat="38.05115706156392" lon="-105.53631646893366"><ele>2783.7</ele></trkpt><trkpt lat="38.05149226198376" lon="-105.53650666443635"><ele>2779.9</ele></trkpt><trkpt lat="38.0516189570836" lon="-105.53651373963874"><ele>2778.6</ele></trkpt><trkpt lat="38.05182337881393" lon="-105.53623710361991"><ele>2775.8</ele></trkpt><trkpt lat="38.051850752707395" lon="-105.53587697142385"><ele>2776.0</ele></trkpt><trkpt lat="38.051850752707395" lon="-105.53587697142385"><ele>2776.0</ele></trkpt><trkpt lat="38.051987174881205" lon="-105.53595278653358"><ele>2776.1</ele></trkpt><trkpt lat="38.051987174881205" lon="-105.53595278653358"><ele>2776.1</ele></trkpt><trkpt lat="38.051850752707395" lon="-105.53587697142385"><ele>2776.2</ele></trkpt><trkpt lat="38.051850752707395" lon="-105.53587697142385"><ele>2776.2</ele></trkpt><trkpt lat="38.05182337881393" lon="-105.53623710361991"><ele>2776.4</ele></trkpt><trkpt lat="38.0516189570836" lon="-105.53651373963874"><ele>2776.6</ele></trkpt><trkpt lat="38.05149226198376" lon="-105.53650666443635"><ele>2776.7</ele></trkpt><trkpt lat="38.05115706156392" lon="-105.53631646893366"><ele>2776.9</ele></trkpt><trkpt lat="38.05076856683822" lon="-105.53643446221571"><ele>2778.4</ele></trkpt><trkpt lat="38.050507909233204" lon="-105.53645085383367"><ele>2780.1</ele></trkpt><trkpt lat="38.04988658068295" lon="-105.53619003814316"><ele>2784.3</ele></trkpt><trkpt lat="38.04943562087798" lon="-105.53666640580703"><ele>2788.2</ele></trkpt><trkpt lat="38.04929224535255" lon="-105.53699489734646"><ele>2791.0</ele></trkpt><trkpt lat="38.04910924516464" lon="-105.53712537110975"><ele>2793.0</ele></trkpt><trkpt lat="38.04893956855319" lon="-105.53687149878556"><ele>2795.5</ele></trkpt><trkpt lat="38.0488903232303" lon="-105.53687844215187"><ele>2796.0</ele></trkpt><trkpt lat="38.04874701691825" lon="-105.53718860847768"><ele>2798.8</ele></trkpt><trkpt lat="38.04832921032433" lon="-105.53738328640672"><ele>2803.1</ele></trkpt><trkpt lat="38.04808104573517" lon="-105.53719840829216"><ele>2805.9</ele></trkpt><trkpt lat="38.04773086061764" lon="-105.53716290044414"><ele>2809.3</ele></trkpt><trkpt lat="38.04757502668304" lon="-105.5370555858837"><ele>2811.0</ele></trkpt><trkpt lat="38.04745047719811" lon="-105.53706195796039"><ele>2812.2</ele></trkpt><trkpt lat="38.04727640553677" lon="-105.53713758791883"><ele>2814.0</ele></trkpt><trkpt lat="38.046949960610036" lon="-105.53743360383986"><ele>2817.9</ele></trkpt><trkpt lat="38.046949960610036" lon="-105.53743360383986"><ele>2817.9</ele></trkpt><trkpt lat="38.046494398115016" lon="-105.53783117747962"><ele>2823.3</ele></trkpt><trkpt lat="38.04607780275532" lon="-105.53838831670863"><ele>2829.5</ele></trkpt><trkpt lat="38.04573782661197" lon="-105.53865308748121"><ele>2833.7</ele></trkpt><trkpt lat="38.04548325978477" lon="-105.53923703337766"><ele>2839.3</ele></trkpt><trkpt lat="38.045384353858694" lon="-105.5393351633586"><ele>2840.6</ele></trkpt><trkpt lat="38.045384353858694" lon="-105.5393351633586"><ele>2840.6</ele></trkpt><trkpt lat="38.045305000713675" lon="-105.53940780503281"><ele>2841.6</ele></trkpt><trkpt lat="38.04508684012657" lon="-105.53942076891296"><ele>2843.9</ele></trkpt><trkpt lat="38.04500129238366" lon="-105.53948730218262"><ele>2844.9</ele></trkpt><trkpt lat="38.04483372678043" lon="-105.53946106680482"><ele>2846.5</ele></trkpt><trkpt lat="38.04471384919894" lon="-105.53941826402765"><ele>2847.7</ele></trkpt><trkpt lat="38.044648788617764" lon="-105.53915670126608"><ele>2849.8</ele></trkpt><trkpt lat="38.04455759998404" lon="-105.53906560254217"><ele>2850.9</ele></trkpt><trkpt lat="38.04465996657932" lon="-105.5383826038123"><ele>2856.3</ele></trkpt><trkpt lat="38.044512265217364" lon="-105.53810566017597"><ele>2858.8</ele></trkpt><trkpt lat="38.04449243558278" lon="-105.53795237877269"><ele>2860.0</ele></trkpt><trkpt lat="38.04472295075897" lon="-105.53714395999552"><ele>2863.9</ele></trkpt><trkpt lat="38.044826563195166" lon="-105.53587323606855"><ele>2868.4</ele></trkpt><trkpt lat="38.04437788743188" lon="-105.53601214734027"><ele>2870.9</ele></trkpt><trkpt lat="38.04346568963439" lon="-105.53661806591494"><ele>2879.2</ele></trkpt><trkpt lat="38.04252314176791" lon="-105.53701445303008"><ele>2887.0</ele></trkpt><trkpt lat="38.04233515821633" lon="-105.53705497064873"><ele>2888.4</ele></trkpt><trkpt lat="38.04213748479096" lon="-105.53693504377098"><ele>2890.0</ele></trkpt><trkpt lat="38.04181155896461" lon="-105.5370026317292"><ele>2892.5</ele></trkpt><trkpt lat="38.04167008680724" lon="-105.53692212383619"><ele>2893.7</ele></trkpt><trkpt lat="38.04160848689527" lon="-105.53681322724292"><ele>2894.4</ele></trkpt><trkpt lat="38.04164468549523" lon="-105.53624844152188"><ele>2897.8</ele></trkpt><trkpt lat="38.04096078804562" lon="-105.53511539839666"><ele>2904.6</ele></trkpt><trkpt lat="38.04049183276076" lon="-105.53520337700026"><ele>2907.4</ele></trkpt><trkpt lat="38.04039073214869" lon="-105.53518192622329"><ele>2908.0</ele></trkpt><trkpt lat="38.04039073214869" lon="-105.53518192622329"><ele>2908.0</ele></trkpt><trkpt lat="38.04018819364413" lon="-105.5351389531077"><ele>2909.2</ele></trkpt><trkpt lat="38.039399022637106" lon="-105.53529144349457"><ele>2912.5</ele></trkpt><trkpt lat="38.03883572950953" lon="-105.53521396783115"><ele>2914.8</ele></trkpt><trkpt lat="38.03853350926728" lon="-105.53525408994159"><ele>2916.0</ele></trkpt><trkpt lat="38.0383863616124" lon="-105.53539067210943"><ele>2916.8</ele></trkpt><trkpt lat="38.03810224067013" lon="-105.53580538443819"><ele>2918.8</ele></trkpt><trkpt lat="38.03703251321012" lon="-105.53789445879289"><ele>2927.7</ele></trkpt><trkpt lat="38.03657850801625" lon="-105.53853236958706"><ele>2930.7</ele></trkpt><trkpt lat="38.03576431637082" lon="-105.53943817127411"><ele>2938.2</ele></trkpt><trkpt lat="38.03540312632521" lon="-105.53998964155214"><ele>2943.6</ele></trkpt><trkpt lat="38.034861808447125" lon="-105.54050371433183"><ele>2950.2</ele></trkpt><trkpt lat="38.03472781133525" lon="-105.54052164403727"><ele>2951.5</ele></trkpt><trkpt lat="38.03468078084067" lon="-105.540386116558"><ele>2952.6</ele></trkpt><trkpt lat="38.03494593731566" lon="-105.53930369848338"><ele>2961.3</ele></trkpt><trkpt lat="38.03496701279116" lon="-105.53890854183823"><ele>2964.3</ele></trkpt><trkpt lat="38.034722620331436" lon="-105.53772944397944"><ele>2974.5</ele></trkpt><trkpt lat="38.03423874956226" lon="-105.53708511716324"><ele>2982.5</ele></trkpt><trkpt lat="38.033971862752665" lon="-105.53686139135358"><ele>2986.1</ele></trkpt><trkpt lat="38.03369386719489" lon="-105.53678220182127"><ele>2989.3</ele></trkpt><trkpt lat="38.03270210861222" lon="-105.53541572096259"><ele>3010.5</ele></trkpt><trkpt lat="38.03247865320123" lon="-105.53548269368582"><ele>3013.8</ele></trkpt><trkpt lat="38.031936677796" lon="-105.53541216138872"><ele>3017.1</ele></trkpt><trkpt lat="38.031572338541395" lon="-105.53554439296627"><ele>3018.8</ele></trkpt><trkpt lat="38.03130638611248" lon="-105.53546977375102"><ele>3019.9</ele></trkpt><trkpt lat="38.0309582081831" lon="-105.5356223520286"><ele>3021.6</ele></trkpt><trkpt lat="38.0307856938229" lon="-105.535804373695"><ele>3022.5</ele></trkpt><trkpt lat="38.0307856938229" lon="-105.535804373695"><ele>3022.5</ele></trkpt><trkpt lat="38.02998572828228" lon="-105.53692045391264"><ele>3035.4</ele></trkpt><trkpt lat="38.02967297828321" lon="-105.53725399916806"><ele>3040.3</ele></trkpt><trkpt lat="38.029440311395824" lon="-105.53739897489898"><ele>3043.4</ele></trkpt><trkpt lat="38.029328513571514" lon="-105.53738460476741"><ele>3044.8</ele></trkpt><trkpt lat="38.029122298693345" lon="-105.5371396533506"><ele>3047.8</ele></trkpt><trkpt lat="38.02889416742535" lon="-105.53702957023269"><ele>3050.2</ele></trkpt><trkpt lat="38.02865315638322" lon="-105.5366828853157"><ele>3053.7</ele></trkpt><trkpt lat="38.028563725048386" lon="-105.53648425230456"><ele>3055.5</ele></trkpt><trkpt lat="38.028572588548855" lon="-105.53628227944634"><ele>3057.1</ele></trkpt><trkpt lat="38.028182733020294" lon="-105.53535529609748"><ele>3064.5</ele></trkpt><trkpt lat="38.028167602748" lon="-105.53504605262418"><ele>3066.1</ele></trkpt><trkpt lat="38.02789702362227" lon="-105.53408487978801"><ele>3071.4</ele></trkpt><trkpt lat="38.02755865256715" lon="-105.53349306767275"><ele>3075.3</ele></trkpt><trkpt lat="38.02749660806385" lon="-105.53313478118166"><ele>3075.8</ele></trkpt><trkpt lat="38.02753355085683" lon="-105.53306253501566"><ele>3075.9</ele></trkpt><trkpt lat="38.02712046326258" lon="-105.5327291215963"><ele>3076.6</ele></trkpt><trkpt lat="38.027072302601816" lon="-105.53248720240907"><ele>3076.9</ele></trkpt><trkpt lat="38.02695946608604" lon="-105.53245450706389"><ele>3077.1</ele></trkpt><trkpt lat="38.02688876582056" lon="-105.53214636222448"><ele>3077.5</ele></trkpt><trkpt lat="38.02673697837498" lon="-105.53182622030278"><ele>3077.9</ele></trkpt><trkpt lat="38.0264785173163" lon="-105.531533807901"><ele>3079.2</ele></trkpt><trkpt lat="38.026263161953274" lon="-105.5314066739848"><ele>3080.8</ele></trkpt><trkpt lat="38.02581372015787" lon="-105.53144908125377"><ele>3083.8</ele></trkpt><trkpt lat="38.025681183127375" lon="-105.5313633878087"><ele>3084.8</ele></trkpt><trkpt lat="38.025332944503376" lon="-105.53137362707675"><ele>3087.2</ele></trkpt><trkpt lat="38.02513427744983" lon="-105.53152879813037"><ele>3088.8</ele></trkpt><trkpt lat="38.02513867457702" lon="-105.53163193788194"><ele>3089.4</ele></trkpt><trkpt lat="38.02528786529395" lon="-105.5317513374154"><ele>3090.6</ele></trkpt><trkpt lat="38.02531822970767" lon="-105.53186880335318"><ele>3091.1</ele></trkpt><trkpt lat="38.025402536831294" lon="-105.53259236364705"><ele>3092.9</ele></trkpt><trkpt lat="38.025420367701386" lon="-105.53450003157035"><ele>3096.8</ele></trkpt><trkpt lat="38.02530818902354" lon="-105.53521647271647"><ele>3097.2</ele></trkpt><trkpt lat="38.025174128578904" lon="-105.53550739097614"><ele>3097.5</ele></trkpt><trkpt lat="38.02521217930945" lon="-105.53604356827013"><ele>3097.8</ele></trkpt><trkpt lat="38.02508528583589" lon="-105.53626043860419"><ele>3098.0</ele></trkpt><trkpt lat="38.02508528583589" lon="-105.53626043860419"><ele>3098.0</ele></trkpt><trkpt lat="38.02476478027391" lon="-105.53662250439594"><ele>3098.0</ele></trkpt><trkpt lat="38.02448990789014" lon="-105.53642444267444"><ele>3098.0</ele></trkpt><trkpt lat="38.02407034578578" lon="-105.53628654214592"><ele>3098.0</ele></trkpt><trkpt lat="38.02377057942998" lon="-105.53583539911665"><ele>3098.0</ele></trkpt><trkpt lat="38.02314836862147" lon="-105.53560424654175"><ele>3100.8</ele></trkpt><trkpt lat="38.023083485028174" lon="-105.53551393883426"><ele>3101.5</ele></trkpt><trkpt lat="38.02297040615106" lon="-105.5349480544793"><ele>3104.9</ele></trkpt><trkpt lat="38.02292092981445" lon="-105.53429674035142"><ele>3108.7</ele></trkpt><trkpt lat="38.02272541345834" lon="-105.53345694458976"><ele>3110.8</ele></trkpt><trkpt lat="38.02243205236655" lon="-105.53301454668642"><ele>3110.8</ele></trkpt><trkpt lat="38.02212297241064" lon="-105.53267651900464"><ele>3110.8</ele></trkpt><trkpt lat="38.02200109927916" lon="-105.5326052396365"><ele>3110.8</ele></trkpt><trkpt lat="38.02164496660005" lon="-105.53266772993335"><ele>3110.8</ele></trkpt><trkpt lat="38.02061493090069" lon="-105.53230711433837"><ele>3101.5</ele></trkpt><trkpt lat="38.02034639453483" lon="-105.5321468456234"><ele>3098.6</ele></trkpt><trkpt lat="38.01973543621716" lon="-105.53227679204242"><ele>3092.6</ele></trkpt><trkpt lat="38.01953888116959" lon="-105.53188730434825"><ele>3089.3</ele></trkpt><trkpt lat="38.01944200587928" lon="-105.53131557526089"><ele>3085.2</ele></trkpt><trkpt lat="38.01921886033029" lon="-105.53056740556741"><ele>3079.6</ele></trkpt><trkpt lat="38.019109901595975" lon="-105.52933478226447"><ele>3076.0</ele></trkpt><trkpt lat="38.01882602721954" lon="-105.52863583137021"><ele>3075.1</ele></trkpt><trkpt lat="38.01868213382907" lon="-105.52793169492388"><ele>3074.2</ele></trkpt><trkpt lat="38.0183937584563" lon="-105.52752757342601"><ele>3072.6</ele></trkpt><trkpt lat="38.01743414603803" lon="-105.52710459937022"><ele>3068.6</ele></trkpt><trkpt lat="38.01723624069156" lon="-105.52709871069246"><ele>3067.8</ele></trkpt><trkpt lat="38.016996406833094" lon="-105.52719314926347"><ele>3066.8</ele></trkpt><trkpt lat="38.01691701618238" lon="-105.52705248017747"><ele>3065.7</ele></trkpt><trkpt lat="38.016848531792014" lon="-105.52665974052692"><ele>3063.2</ele></trkpt><trkpt lat="38.01670623106179" lon="-105.52640639554701"><ele>3061.2</ele></trkpt><trkpt lat="38.016440533785925" lon="-105.52628027237402"><ele>3058.9</ele></trkpt><trkpt lat="38.01612442535113" lon="-105.52632122944622"><ele>3056.3</ele></trkpt><trkpt lat="38.01582600929423" lon="-105.52651546792171"><ele>3053.6</ele></trkpt><trkpt lat="38.01547261183597" lon="-105.52660085374929"><ele>3050.5</ele></trkpt><trkpt lat="38.01488900572678" lon="-105.52684431102399"><ele>3045.0</ele></trkpt><trkpt lat="38.01483360884883" lon="-105.52679544378763"><ele>3044.4</ele></trkpt><trkpt lat="38.0149492844546" lon="-105.52655510663323"><ele>3042.5</ele></trkpt><trkpt lat="38.014973659080894" lon="-105.52631960346804"><ele>3040.8</ele></trkpt><trkpt lat="38.015027740282996" lon="-105.52531685832467"><ele>3033.5</ele></trkpt><trkpt lat="38.01492404425208" lon="-105.52520387481324"><ele>3032.2</ele></trkpt><trkpt lat="38.015005027563035" lon="-105.52510218525843"><ele>3031.1</ele></trkpt><trkpt lat="38.01509961773213" lon="-105.52464111057861"><ele>3027.4</ele></trkpt><trkpt lat="38.015599609178665" lon="-105.52365220822252"><ele>3018.4</ele></trkpt><trkpt lat="38.015740594233044" lon="-105.52326298420049"><ele>3017.4</ele></trkpt><trkpt lat="38.016530207482106" lon="-105.52201317826318"><ele>3015.4</ele></trkpt><trkpt lat="38.01665204599055" lon="-105.52164865153146"><ele>3015.8</ele></trkpt><trkpt lat="38.01656541912265" lon="-105.52091507169632"><ele>3019.3</ele></trkpt><trkpt lat="38.01624719868189" lon="-105.52027070093476"><ele>3022.9</ele></trkpt><trkpt lat="38.01597783136286" lon="-105.51997965083902"><ele>3025.0</ele></trkpt><trkpt lat="38.01565431359564" lon="-105.51985137434356"><ele>3026.5</ele></trkpt><trkpt lat="38.01520130562622" lon="-105.51951993846525"><ele>3027.3</ele></trkpt><trkpt lat="38.01481096537497" lon="-105.51914394199551"><ele>3028.0</ele></trkpt><trkpt lat="38.0145468261363" lon="-105.51854044041544"><ele>3028.8</ele></trkpt><trkpt lat="38.01450531310089" lon="-105.5177796144593"><ele>3028.2</ele></trkpt><trkpt lat="38.01455129250959" lon="-105.51688479911137"><ele>3026.4</ele></trkpt><trkpt lat="38.01438267826233" lon="-105.51573123350467"><ele>3024.4</ele></trkpt><trkpt lat="38.014354381337824" lon="-105.51476725037793"><ele>3023.3</ele></trkpt><trkpt lat="38.014354381337824" lon="-105.51476725037793"><ele>3023.3</ele></trkpt><trkpt lat="38.014341996180086" lon="-105.51434532879846"><ele>3022.8</ele></trkpt><trkpt lat="38.01440123621644" lon="-105.5142375308391"><ele>3022.7</ele></trkpt><trkpt lat="38.01446785096218" lon="-105.51330716369779"><ele>3022.1</ele></trkpt><trkpt lat="38.014573451260766" lon="-105.5126953125"><ele>3022.1</ele></trkpt><trkpt lat="38.014573451260766" lon="-105.5126953125"><ele>3022.1</ele></trkpt><trkpt lat="38.01475563774312" lon="-105.51089700823569"><ele>3021.2</ele></trkpt><trkpt lat="38.01446030313756" lon="-105.51119958311895"><ele>3020.3</ele></trkpt><trkpt lat="38.01419155903341" lon="-105.51165646331998"><ele>3019.1</ele></trkpt><trkpt lat="38.01401955172738" lon="-105.51183058165046"><ele>3018.6</ele></trkpt><trkpt lat="38.01401955172738" lon="-105.51183058165046"><ele>3018.6</ele></trkpt><trkpt lat="38.01331327615659" lon="-105.5126953125"><ele>3012.9</ele></trkpt><trkpt lat="38.01331327615659" lon="-105.5126953125"><ele>3012.9</ele></trkpt><trkpt lat="38.01297158128879" lon="-105.51309565469722"><ele>3009.4</ele></trkpt><trkpt lat="38.012701867739274" lon="-105.51324687066875"><ele>3007.2</ele></trkpt><trkpt lat="38.012595297995325" lon="-105.51323557671213"><ele>3006.4</ele></trkpt><trkpt lat="38.01229400822538" lon="-105.51296381862788"><ele>3003.5</ele></trkpt><trkpt lat="38.01223580688048" lon="-105.5130300882254"><ele>3002.1</ele></trkpt><trkpt lat="38.01224865203156" lon="-105.51322502982659"><ele>2999.3</ele></trkpt><trkpt lat="38.011984443546794" lon="-105.51330980041918"><ele>2994.4</ele></trkpt><trkpt lat="38.011911942882776" lon="-105.51329934142434"><ele>2993.1</ele></trkpt><trkpt lat="38.01186243192311" lon="-105.51301013703358"><ele>2988.9</ele></trkpt><trkpt lat="38.0115468774571" lon="-105.5126953125"><ele>2981.7</ele></trkpt><trkpt lat="38.0115468774571" lon="-105.5126953125"><ele>2981.7</ele></trkpt><trkpt lat="38.0113739699518" lon="-105.5126576546546"><ele>2978.5</ele></trkpt><trkpt lat="38.01127349386442" lon="-105.5126953125"><ele>2976.7</ele></trkpt><trkpt lat="38.01127349386442" lon="-105.5126953125"><ele>2976.7</ele></trkpt><trkpt lat="38.01112980821224" lon="-105.51281137218638"><ele>2973.6</ele></trkpt><trkpt lat="38.011068490792965" lon="-105.51278808114746"><ele>2972.4</ele></trkpt><trkpt lat="38.01107863534624" lon="-105.5126953125"><ele>2971.1</ele></trkpt><trkpt lat="38.01107863534624" lon="-105.5126953125"><ele>2971.1</ele></trkpt><trkpt lat="38.01108455588757" lon="-105.51224691734197"><ele>2969.7</ele></trkpt><trkpt lat="38.010956000507676" lon="-105.51206908133801"><ele>2969.6</ele></trkpt><trkpt lat="38.010812107117204" lon="-105.51222482998782"><ele>2969.4</ele></trkpt><trkpt lat="38.010611085696354" lon="-105.5126953125"><ele>2969.0</ele></trkpt><trkpt lat="38.010611085696354" lon="-105.5126953125"><ele>2969.0</ele></trkpt><trkpt lat="38.01046971978844" lon="-105.51290146016709"><ele>2968.8</ele></trkpt><trkpt lat="38.01037866117031" lon="-105.51286432634089"><ele>2968.7</ele></trkpt><trkpt lat="38.01032634574369" lon="-105.5126953125"><ele>2968.6</ele></trkpt><trkpt lat="38.01032634574369" lon="-105.5126953125"><ele>2968.6</ele></trkpt><trkpt lat="38.01030543342227" lon="-105.5124812619827"><ele>2968.5</ele></trkpt><trkpt lat="38.0104152577328" lon="-105.51210892605016"><ele>2972.6</ele></trkpt><trkpt lat="38.010370143900325" lon="-105.51198567424024"><ele>2974.1</ele></trkpt><trkpt lat="38.010370143900325" lon="-105.51198567424024"><ele>2974.1</ele></trkpt><trkpt lat="38.01036041482364" lon="-105.51184982607785"><ele>2975.7</ele></trkpt><trkpt lat="38.01025903853699" lon="-105.51177730957647"><ele>2977.3</ele></trkpt><trkpt lat="38.010170992124095" lon="-105.51154410210646"><ele>2980.2</ele></trkpt><trkpt lat="38.01009901080582" lon="-105.51109754391649"><ele>2985.3</ele></trkpt><trkpt lat="38.010121308049186" lon="-105.51035628356355"><ele>2993.7</ele></trkpt><trkpt lat="38.01031211567067" lon="-105.50869387119897"><ele>3004.3</ele></trkpt><trkpt lat="38.010291272595346" lon="-105.50855207475902"><ele>3005.1</ele></trkpt><trkpt lat="38.01016503695972" lon="-105.50851804711242"><ele>3006.1</ele></trkpt><trkpt lat="38.009372549997614" lon="-105.5092479794956"><ele>3009.8</ele></trkpt><trkpt lat="38.0086912030219" lon="-105.50910163437283"><ele>3010.4</ele></trkpt><trkpt lat="38.0085128250749" lon="-105.50898887952329"><ele>3010.6</ele></trkpt><trkpt lat="38.00838153447417" lon="-105.50902413181527"><ele>3010.7</ele></trkpt><trkpt lat="38.008201667736074" lon="-105.50925795160798"><ele>3011.4</ele></trkpt><trkpt lat="38.008018096331774" lon="-105.50979316537591"><ele>3014.2</ele></trkpt><trkpt lat="38.007910210911966" lon="-105.50992503344082"><ele>3015.1</ele></trkpt><trkpt lat="38.00746166931583" lon="-105.50997918026151"><ele>3017.8</ele></trkpt><trkpt lat="38.007107994873174" lon="-105.5101515490986"><ele>3020.0</ele></trkpt><trkpt lat="38.00636830806037" lon="-105.51026093617332"><ele>3023.0</ele></trkpt><trkpt lat="38.00601823441478" lon="-105.51014700041576"><ele>3023.8</ele></trkpt><trkpt lat="38.00580661834102" lon="-105.51000389185576"><ele>3024.4</ele></trkpt><trkpt lat="38.00532515022555" lon="-105.50995232553784"><ele>3025.5</ele></trkpt><trkpt lat="38.004889557649626" lon="-105.50976849751899"><ele>3026.1</ele></trkpt><trkpt lat="38.00474421009111" lon="-105.50974037441262"><ele>3025.5</ele></trkpt><trkpt lat="38.004484052503045" lon="-105.50979281547723"><ele>3024.4</ele></trkpt><trkpt lat="38.00432513270943" lon="-105.5101503244532"><ele>3023.0</ele></trkpt><trkpt lat="38.00418594805358" lon="-105.51089980742513"><ele>3020.5</ele></trkpt><trkpt lat="38.00405067580225" lon="-105.51130267201746"><ele>3018.9</ele></trkpt><trkpt lat="38.003961867682285" lon="-105.51142863554216"><ele>3017.3</ele></trkpt><trkpt lat="38.003832827579714" lon="-105.51149104871915"><ele>3015.7</ele></trkpt><trkpt lat="38.003654172648325" lon="-105.51145365329775"><ele>3013.6</ele></trkpt><trkpt lat="38.00348448508656" lon="-105.5113044652482"><ele>3011.1</ele></trkpt><trkpt lat="38.003173743224316" lon="-105.5111549710373"><ele>3007.2</ele></trkpt><trkpt lat="38.002487929875315" lon="-105.51093624062516"><ele>2998.8</ele></trkpt><trkpt lat="38.00114306679397" lon="-105.5097929029519"><ele>2998.9</ele></trkpt><trkpt lat="38.00114306679397" lon="-105.5097929029519"><ele>2998.9</ele></trkpt><trkpt lat="38.000763459687825" lon="-105.50936926312545"><ele>2999.6</ele></trkpt><trkpt lat="37.999590188435924" lon="-105.50772780094432"><ele>3000.7</ele></trkpt><trkpt lat="37.99866184063065" lon="-105.50678722955595"><ele>3004.5</ele></trkpt><trkpt lat="37.998445204214825" lon="-105.5066983552913"><ele>3005.3</ele></trkpt><trkpt lat="37.997838954631774" lon="-105.50682676810676"><ele>3006.5</ele></trkpt><trkpt lat="37.996878165029855" lon="-105.50677493936483"><ele>3006.5</ele></trkpt><trkpt lat="37.996623200899094" lon="-105.50672800920441"><ele>3006.5</ele></trkpt><trkpt lat="37.996471136469125" lon="-105.506600383661"><ele>3006.5</ele></trkpt><trkpt lat="37.9961626797281" lon="-105.50648658070533"><ele>3005.6</ele></trkpt><trkpt lat="37.9961626797281" lon="-105.50648658070533"><ele>3005.6</ele></trkpt><trkpt lat="37.995497637879794" lon="-105.50618388509014"><ele>2995.5</ele></trkpt><trkpt lat="37.99509180266469" lon="-105.50628052092895"><ele>2989.6</ele></trkpt><trkpt lat="37.99500849490673" lon="-105.5062498031248"><ele>2988.4</ele></trkpt><trkpt lat="37.99459801801197" lon="-105.50576785440067"><ele>2980.4</ele></trkpt><trkpt lat="37.99443490107548" lon="-105.50543527594309"><ele>2979.7</ele></trkpt><trkpt lat="37.99436350927125" lon="-105.50540165774541"><ele>2979.7</ele></trkpt><trkpt lat="37.99402418170492" lon="-105.50556504658067"><ele>2979.7</ele></trkpt><trkpt lat="37.99382164513077" lon="-105.50552751724626"><ele>2979.7</ele></trkpt><trkpt lat="37.99369250944608" lon="-105.50561400170776"><ele>2979.7</ele></trkpt><trkpt lat="37.99333690136156" lon="-105.50623530115718"><ele>2979.7</ele></trkpt><trkpt lat="37.99325809672564" lon="-105.50626188809782"><ele>2979.7</ele></trkpt><trkpt lat="37.99314402918012" lon="-105.5061737337128"><ele>2979.6</ele></trkpt><trkpt lat="37.99296428533144" lon="-105.50582296187766"><ele>2979.4</ele></trkpt><trkpt lat="37.992795556812084" lon="-105.50569222444223"><ele>2979.3</ele></trkpt><trkpt lat="37.99268710084942" lon="-105.50540521731928"><ele>2979.1</ele></trkpt><trkpt lat="37.99233752002058" lon="-105.50517982158607"><ele>2978.9</ele></trkpt><trkpt lat="37.991754261796615" lon="-105.50550427015271"><ele>2978.3</ele></trkpt><trkpt lat="37.99122746579531" lon="-105.5060128937082"><ele>2976.3</ele></trkpt><trkpt lat="37.990793434108284" lon="-105.50657337278432"><ele>2974.4</ele></trkpt><trkpt lat="37.99060056192685" lon="-105.5065057848261"><ele>2973.8</ele></trkpt><trkpt lat="37.99045337911454" lon="-105.5063510971714"><ele>2973.2</ele></trkpt><trkpt lat="37.990265356449164" lon="-105.5062654476717"><ele>2972.7</ele></trkpt><trkpt lat="37.98966179953657" lon="-105.50631853366228"><ele>2972.7</ele></trkpt><trkpt lat="37.9894054679736" lon="-105.50603956853956"><ele>2972.7</ele></trkpt><trkpt lat="37.98905280423811" lon="-105.5048710615117"><ele>2972.0</ele></trkpt><trkpt lat="37.98873834776127" lon="-105.50423618294712"><ele>2970.3</ele></trkpt><trkpt lat="37.98862414165814" lon="-105.50418116336085"><ele>2969.9</ele></trkpt><trkpt lat="37.98851447331647" lon="-105.5041743518306"><ele>2969.6</ele></trkpt><trkpt lat="37.98815571304652" lon="-105.50441899562993"><ele>2968.4</ele></trkpt><trkpt lat="37.98763265810045" lon="-105.50516865946554"><ele>2970.3</ele></trkpt><trkpt lat="37.98727168090887" lon="-105.50537107177732"><ele>2973.5</ele></trkpt><trkpt lat="37.98706869402252" lon="-105.50488459668148"><ele>2977.0</ele></trkpt><trkpt lat="37.986636013272104" lon="-105.50291114255958"><ele>2992.4</ele></trkpt><trkpt lat="37.9866526055449" lon="-105.50237492132024"><ele>2996.9</ele></trkpt><trkpt lat="37.986956600922824" lon="-105.50098800587082"><ele>3006.6</ele></trkpt><trkpt lat="37.98705747085679" lon="-105.50025952369703"><ele>3011.0</ele></trkpt><trkpt lat="37.98697786951467" lon="-105.49991248721717"><ele>3013.2</ele></trkpt><trkpt lat="37.986681945117034" lon="-105.49996772653023"><ele>3015.2</ele></trkpt><trkpt lat="37.98651127679126" lon="-105.49972554367086"><ele>3015.5</ele></trkpt><trkpt lat="37.986157920267765" lon="-105.49982257501789"><ele>3016.1</ele></trkpt><trkpt lat="37.98587786071552" lon="-105.50007376667533"><ele>3016.6</ele></trkpt><trkpt lat="37.985755860747304" lon="-105.50007600788851"><ele>3016.7</ele></trkpt><trkpt lat="37.985651145839896" lon="-105.50015445034977"><ele>3016.9</ele></trkpt><trkpt lat="37.985191411717764" lon="-105.50108767393924"><ele>3016.6</ele></trkpt><trkpt lat="37.984302737900464" lon="-105.50142890963204"><ele>3012.1</ele></trkpt><trkpt lat="37.983576765346854" lon="-105.50196464747246"><ele>3007.3</ele></trkpt><trkpt lat="37.98337045307807" lon="-105.50220498462686"><ele>3005.2</ele></trkpt><trkpt lat="37.983161612133046" lon="-105.50222994558932"><ele>3003.6</ele></trkpt><trkpt lat="37.982834720111455" lon="-105.50219254809099"><ele>3001.2</ele></trkpt><trkpt lat="37.982741055172774" lon="-105.50212597087597"><ele>3000.4</ele></trkpt><trkpt lat="37.98222233015176" lon="-105.50138834806803"><ele>2994.4</ele></trkpt><trkpt lat="37.9821224647604" lon="-105.50114590153653"><ele>2992.3</ele></trkpt><trkpt lat="37.98196586003119" lon="-105.50115363591927"><ele>2990.7</ele></trkpt><trkpt lat="37.981850684024856" lon="-105.50106688778564"><ele>2989.4</ele></trkpt><trkpt lat="37.98200527966885" lon="-105.50088135049073"><ele>2987.4</ele></trkpt><trkpt lat="37.98219493038604" lon="-105.50046945066477"><ele>2983.7</ele></trkpt><trkpt lat="37.98221616433849" lon="-105.50038169178794"><ele>2983.0</ele></trkpt><trkpt lat="37.98214723193169" lon="-105.50022735569611"><ele>2981.6</ele></trkpt><trkpt lat="37.981692000931616" lon="-105.50010118857774"><ele>2977.1</ele></trkpt><trkpt lat="37.9812857500437" lon="-105.49990501650657"><ele>2982.4</ele></trkpt><trkpt lat="37.98066303754269" lon="-105.49989200868107"><ele>2990.5</ele></trkpt><trkpt lat="37.98058322836417" lon="-105.49966336099149"><ele>2993.1</ele></trkpt><trkpt lat="37.98053213524857" lon="-105.49949250144563"><ele>2995.0</ele></trkpt><trkpt lat="37.98051394956336" lon="-105.49926583129708"><ele>2997.3</ele></trkpt><trkpt lat="37.98084773482563" lon="-105.49850720260876"><ele>3002.6</ele></trkpt><trkpt lat="37.98085300001449" lon="-105.4982537257928"><ele>3003.8</ele></trkpt><trkpt lat="37.981001845518016" lon="-105.49815001475157"><ele>3004.8</ele></trkpt><trkpt lat="37.98114119982583" lon="-105.4978358933437"><ele>3006.5</ele></trkpt><trkpt lat="37.98165975164984" lon="-105.49704272360522"><ele>3011.6</ele></trkpt><trkpt lat="37.98170149212732" lon="-105.49674675162956"><ele>3013.6</ele></trkpt><trkpt lat="37.98235274749427" lon="-105.4958953542938"><ele>3021.3</ele></trkpt><trkpt lat="37.982296112074614" lon="-105.4957283619393"><ele>3022.5</ele></trkpt><trkpt lat="37.98189675442739" lon="-105.4952329659361"><ele>3026.4</ele></trkpt><trkpt lat="37.98142132865688" lon="-105.4951066230363"><ele>3026.8</ele></trkpt><trkpt lat="37.98079792336785" lon="-105.49470390778984"><ele>3027.3</ele></trkpt><trkpt lat="37.98030503933954" lon="-105.49462814599534"><ele>3027.7</ele></trkpt><trkpt lat="37.979858364271365" lon="-105.49448026987089"><ele>3028.7</ele></trkpt><trkpt lat="37.979776095695414" lon="-105.49421716902185"><ele>3029.2</ele></trkpt><trkpt lat="37.979665180335324" lon="-105.49411231540138"><ele>3029.5</ele></trkpt><trkpt lat="37.97954744101336" lon="-105.4941169296638"><ele>3029.8</ele></trkpt><trkpt lat="37.97931494135787" lon="-105.49427478138416"><ele>3030.4</ele></trkpt><trkpt lat="37.979103987409424" lon="-105.494545748452"><ele>3031.1</ele></trkpt><trkpt lat="37.978840129737975" lon="-105.49471262748875"><ele>3031.7</ele></trkpt><trkpt lat="37.978840129737975" lon="-105.49471262748875"><ele>3031.7</ele></trkpt><trkpt lat="37.978480443562795" lon="-105.49494011408073"><ele>3030.8</ele></trkpt><trkpt lat="37.97733360229431" lon="-105.49545620834684"><ele>3027.3</ele></trkpt><trkpt lat="37.97703282838062" lon="-105.49531123261592"><ele>3026.2</ele></trkpt><trkpt lat="37.97679336620565" lon="-105.49532736056173"><ele>3023.7</ele></trkpt><trkpt lat="37.97625773715724" lon="-105.49565150151088"><ele>3017.5</ele></trkpt><trkpt lat="37.975598930401006" lon="-105.49644660484505"><ele>3008.0</ele></trkpt><trkpt lat="37.97529005086763" lon="-105.49715271883241"><ele>3003.6</ele></trkpt><trkpt lat="37.97508761821168" lon="-105.49741867612961"><ele>3001.6</ele></trkpt><trkpt lat="37.9750110997762" lon="-105.497435243529"><ele>3001.1</ele></trkpt><trkpt lat="37.97448291819887" lon="-105.49681390013421"><ele>2996.2</ele></trkpt><trkpt lat="37.97387180989699" lon="-105.49707713281931"><ele>2993.0</ele></trkpt><trkpt lat="37.97377374575446" lon="-105.49663504253348"><ele>2991.3</ele></trkpt><trkpt lat="37.973790026272646" lon="-105.49607680467055"><ele>2989.3</ele></trkpt><trkpt lat="37.97349458682662" lon="-105.49541560283748"><ele>2986.6</ele></trkpt><trkpt lat="37.97306838364408" lon="-105.49482989912677"><ele>2984.7</ele></trkpt><trkpt lat="37.972843400738476" lon="-105.49480265300578"><ele>2984.0</ele></trkpt><trkpt lat="37.97263279318403" lon="-105.49443179814274"><ele>2982.8</ele></trkpt><trkpt lat="37.972398838673726" lon="-105.49415494239713"><ele>2981.8</ele></trkpt><trkpt lat="37.97227521065369" lon="-105.49381700260606"><ele>2981.6</ele></trkpt><trkpt lat="37.971843984758095" lon="-105.49348394074957"><ele>2983.1</ele></trkpt><trkpt lat="37.9716287008846" lon="-105.493186254905"><ele>2984.0</ele></trkpt><trkpt lat="37.971314313686555" lon="-105.49294512673418"><ele>2985.1</ele></trkpt><trkpt lat="37.97086410539954" lon="-105.49271318314287"><ele>2986.5</ele></trkpt><trkpt lat="37.97000373197237" lon="-105.49246550711395"><ele>2985.6</ele></trkpt><trkpt lat="37.96953471449093" lon="-105.49250373957405"><ele>2984.9</ele></trkpt><trkpt lat="37.96932594282472" lon="-105.492705185088"><ele>2984.5</ele></trkpt><trkpt lat="37.969097842373074" lon="-105.49280533655534"><ele>2984.2</ele></trkpt><trkpt lat="37.96863838536615" lon="-105.49275673299111"><ele>2982.4</ele></trkpt><trkpt lat="37.96812288180937" lon="-105.49226454499892"><ele>2979.5</ele></trkpt><trkpt lat="37.96774226407776" lon="-105.49140000800158"><ele>2975.9</ele></trkpt><trkpt lat="37.96725083490427" lon="-105.49098380153067"><ele>2970.4</ele></trkpt><trkpt lat="37.967090073447004" lon="-105.49102620879965"><ele>2968.6</ele></trkpt><trkpt lat="37.96682314222751" lon="-105.49122558888183"><ele>2965.4</ele></trkpt><trkpt lat="37.966674954872595" lon="-105.49155948570011"><ele>2962.2</ele></trkpt><trkpt lat="37.96666290036126" lon="-105.49169703466579"><ele>2961.0</ele></trkpt><trkpt lat="37.966781401750026" lon="-105.49215419820888"><ele>2957.1</ele></trkpt><trkpt lat="37.96707098713738" lon="-105.4925527386465"><ele>2954.5</ele></trkpt><trkpt lat="37.96705238577937" lon="-105.49268923292361"><ele>2953.9</ele></trkpt><trkpt lat="37.9669168071662" lon="-105.49277940879503"><ele>2953.0</ele></trkpt><trkpt lat="37.96658828709279" lon="-105.49280239221646"><ele>2951.0</ele></trkpt><trkpt lat="37.96613880623318" lon="-105.49346869171087"><ele>2946.8</ele></trkpt><trkpt lat="37.965911156093746" lon="-105.49354238807364"><ele>2945.6</ele></trkpt><trkpt lat="37.965820781898096" lon="-105.49347436066186"><ele>2945.1</ele></trkpt><trkpt lat="37.96578610785829" lon="-105.49291537572788"><ele>2943.2</ele></trkpt><trkpt lat="37.96534913182223" lon="-105.49185343618937"><ele>2939.0</ele></trkpt><trkpt lat="37.9652001477611" lon="-105.49129607723357"><ele>2936.7</ele></trkpt><trkpt lat="37.964649069540116" lon="-105.49054636945262"><ele>2931.4</ele></trkpt><trkpt lat="37.96419324967024" lon="-105.49015969426125"><ele>2927.9</ele></trkpt><trkpt lat="37.963595165782905" lon="-105.48885882381977"><ele>2916.3</ele></trkpt><trkpt lat="37.963517331050205" lon="-105.48864300817426"><ele>2914.3</ele></trkpt><trkpt lat="37.96355834410028" lon="-105.48843321304258"><ele>2912.5</ele></trkpt><trkpt lat="37.9634217609445" lon="-105.4883238330504"><ele>2910.8</ele></trkpt><trkpt lat="37.96287660606098" lon="-105.48813904282655"><ele>2905.4</ele></trkpt><trkpt lat="37.96287660606098" lon="-105.48813904282655"><ele>2905.4</ele></trkpt><trkpt lat="37.9626284840359" lon="-105.48801511692136"><ele>2903.4</ele></trkpt><trkpt lat="37.96240661867633" lon="-105.48802403782872"><ele>2901.8</ele></trkpt><trkpt lat="37.962358435270374" lon="-105.48793364223052"><ele>2901.1</ele></trkpt><trkpt lat="37.96248324103002" lon="-105.48786438434875"><ele>2900.1</ele></trkpt><trkpt lat="37.96253842159486" lon="-105.48768697694479"><ele>2899.0</ele></trkpt><trkpt lat="37.962688410198595" lon="-105.48750996504903"><ele>2897.4</ele></trkpt><trkpt lat="37.963734173696714" lon="-105.48656096507659"><ele>2884.4</ele></trkpt><trkpt lat="37.96392011799807" lon="-105.48629342574655"><ele>2880.7</ele></trkpt><trkpt lat="37.964023308771864" lon="-105.48602259051478"><ele>2877.7</ele></trkpt><trkpt lat="37.964148460925514" lon="-105.48532680368618"><ele>2870.3</ele></trkpt><trkpt lat="37.96417395552421" lon="-105.48482420064451"><ele>2867.8</ele></trkpt><trkpt lat="37.964393049731754" lon="-105.48386329148047"><ele>2863.1</ele></trkpt><trkpt lat="37.964640721444624" lon="-105.48309894989582"><ele>2859.1</ele></trkpt><trkpt lat="37.9648549314967" lon="-105.48141544723576"><ele>2849.2</ele></trkpt><trkpt lat="37.964857321615334" lon="-105.48083484118641"><ele>2845.8</ele></trkpt><trkpt lat="37.96459309226907" lon="-105.4799719741126"><ele>2836.7</ele></trkpt><trkpt lat="37.96433153015664" lon="-105.47951705178268"><ele>2830.5</ele></trkpt><trkpt lat="37.96433153015664" lon="-105.47951705178268"><ele>2830.5</ele></trkpt><trkpt lat="37.96365935259185" lon="-105.47888041540385"><ele>2820.4</ele></trkpt><trkpt lat="37.963578712067715" lon="-105.47862720226001"><ele>2820.1</ele></trkpt><trkpt lat="37.963015302220185" lon="-105.47835078596798"><ele>2819.2</ele></trkpt><trkpt lat="37.96286382412223" lon="-105.47832740703835"><ele>2819.0</ele></trkpt><trkpt lat="37.96262228358323" lon="-105.47891877970002"><ele>2818.3</ele></trkpt><trkpt lat="37.96251964703984" lon="-105.47945108980265"><ele>2817.5</ele></trkpt><trkpt lat="37.962357569285366" lon="-105.47964515249672"><ele>2817.0</ele></trkpt><trkpt lat="37.962115439876555" lon="-105.48012666176729"><ele>2816.0</ele></trkpt><trkpt lat="37.96191747570327" lon="-105.47994855123761"><ele>2815.4</ele></trkpt><trkpt lat="37.9615233139661" lon="-105.47849519040925"><ele>2811.9</ele></trkpt><trkpt lat="37.9615233139661" lon="-105.47849519040925"><ele>2811.9</ele></trkpt><trkpt lat="37.96150667920747" lon="-105.47842667959856"><ele>2811.7</ele></trkpt><trkpt lat="37.96118133105331" lon="-105.4778344719751"><ele>2809.4</ele></trkpt><trkpt lat="37.960751183919804" lon="-105.47753428124521"><ele>2807.4</ele></trkpt><trkpt lat="37.95994516055281" lon="-105.4775310732342"><ele>2809.8</ele></trkpt><trkpt lat="37.95982861327518" lon="-105.47752979881886"><ele>2810.5</ele></trkpt><trkpt lat="37.959336744256014" lon="-105.47732466189497"><ele>2813.2</ele></trkpt><trkpt lat="37.95873654137129" lon="-105.47698096526221"><ele>2816.8</ele></trkpt><trkpt lat="37.95747711686445" lon="-105.47655249803687"><ele>2826.5</ele></trkpt><trkpt lat="37.95726880116839" lon="-105.47648838176183"><ele>2828.1</ele></trkpt><trkpt lat="37.95695045347515" lon="-105.47641437778157"><ele>2830.5</ele></trkpt><trkpt lat="37.956252278793265" lon="-105.47590162336256"><ele>2833.2</ele></trkpt><trkpt lat="37.956042438244324" lon="-105.47590026105651"><ele>2833.8</ele></trkpt><trkpt lat="37.95592395024485" lon="-105.47571274622055"><ele>2834.4</ele></trkpt><trkpt lat="37.95566226469819" lon="-105.47555445504665"><ele>2835.3</ele></trkpt><trkpt lat="37.95541721391016" lon="-105.47549411807225"><ele>2836.1</ele></trkpt><trkpt lat="37.95524819783136" lon="-105.47534096850504"><ele>2836.0</ele></trkpt><trkpt lat="37.9534970082726" lon="-105.47455351166289"><ele>2835.1</ele></trkpt><trkpt lat="37.95218618929275" lon="-105.47418889704046"><ele>2835.9</ele></trkpt><trkpt lat="37.95195198575358" lon="-105.47421385800293"><ele>2836.1</ele></trkpt><trkpt lat="37.951485242151094" lon="-105.47414824758575"><ele>2836.5</ele></trkpt><trkpt lat="37.95121821961937" lon="-105.47389468287906"><ele>2836.8</ele></trkpt><trkpt lat="37.95110191493197" lon="-105.473853374244"><ele>2836.9</ele></trkpt><trkpt lat="37.95080408344104" lon="-105.47399856970169"><ele>2837.1</ele></trkpt><trkpt lat="37.95070777511974" lon="-105.47397259799604"><ele>2837.2</ele></trkpt><trkpt lat="37.95076204601976" lon="-105.4737159571144"><ele>2837.4</ele></trkpt><trkpt lat="37.950714740924916" lon="-105.47362529784405"><ele>2837.5</ele></trkpt><trkpt lat="37.95051689126449" lon="-105.47349961412462"><ele>2837.7</ele></trkpt><trkpt lat="37.95015744185515" lon="-105.47344103496447"><ele>2838.5</ele></trkpt><trkpt lat="37.94980516618546" lon="-105.47328217250092"><ele>2839.3</ele></trkpt><trkpt lat="37.948934891063274" lon="-105.47264434959747"><ele>2841.6</ele></trkpt><trkpt lat="37.94858223418037" lon="-105.47246285527535"><ele>2842.3</ele></trkpt><trkpt lat="37.94818816367963" lon="-105.47213950534262"><ele>2843.0</ele></trkpt><trkpt lat="37.94762660195297" lon="-105.47184080875488"><ele>2843.9</ele></trkpt><trkpt lat="37.94629446968863" lon="-105.47172782524345"><ele>2847.8</ele></trkpt><trkpt lat="37.946061894969574" lon="-105.47162995893464"><ele>2848.8</ele></trkpt><trkpt lat="37.944802678397224" lon="-105.47076274127055"><ele>2854.3</ele></trkpt><trkpt lat="37.943104685410326" lon="-105.46986638783514"><ele>2862.1</ele></trkpt><trkpt lat="37.942655546927384" lon="-105.46980354597542"><ele>2864.5</ele></trkpt><trkpt lat="37.94196548169032" lon="-105.4694317682599"><ele>2868.4</ele></trkpt><trkpt lat="37.94160925526546" lon="-105.46916967815406"><ele>2870.0</ele></trkpt><trkpt lat="37.94069850223061" lon="-105.46875"><ele>2874.0</ele></trkpt><trkpt lat="37.94069850223061" lon="-105.46875"><ele>2874.0</ele></trkpt><trkpt lat="37.9404864783696" lon="-105.46869594721157"><ele>2874.8</ele></trkpt><trkpt lat="37.940292371529864" lon="-105.46854372049684"><ele>2875.8</ele></trkpt><trkpt lat="37.939317643985795" lon="-105.46812351499851"><ele>2881.3</ele></trkpt><trkpt lat="37.938686077649905" lon="-105.46790198645667"><ele>2884.8</ele></trkpt><trkpt lat="37.93824567241524" lon="-105.46787166416073"><ele>2886.2</ele></trkpt><trkpt lat="37.937891629302456" lon="-105.46806216728092"><ele>2887.1</ele></trkpt><trkpt lat="37.93765763369776" lon="-105.46851915504259"><ele>2888.1</ele></trkpt><trkpt lat="37.937613620898894" lon="-105.46875"><ele>2888.5</ele></trkpt><trkpt lat="37.937613620898894" lon="-105.46875"><ele>2888.5</ele></trkpt><trkpt lat="37.93758402489083" lon="-105.46904258818321"><ele>2889.0</ele></trkpt><trkpt lat="37.93753134815518" lon="-105.46909044467638"><ele>2889.2</ele></trkpt><trkpt lat="37.93715918008664" lon="-105.46913623573779"><ele>2889.6</ele></trkpt><trkpt lat="37.93707361504695" lon="-105.46906341828218"><ele>2889.3</ele></trkpt><trkpt lat="37.93692095648079" lon="-105.46906847199816"><ele>2889.0</ele></trkpt><trkpt lat="37.93669940228932" lon="-105.46961506434162"><ele>2887.9</ele></trkpt><trkpt lat="37.936091540484476" lon="-105.46993696407759"><ele>2886.4</ele></trkpt><trkpt lat="37.935212566769756" lon="-105.47050886894637"><ele>2883.1</ele></trkpt><trkpt lat="37.934939687416765" lon="-105.47076608111765"><ele>2881.7</ele></trkpt><trkpt lat="37.93483513102765" lon="-105.47067507028444"><ele>2881.2</ele></trkpt><trkpt lat="37.93490801206388" lon="-105.47033229650417"><ele>2880.1</ele></trkpt><trkpt lat="37.93489643704434" lon="-105.4700686243655"><ele>2879.2</ele></trkpt><trkpt lat="37.9351665785933" lon="-105.46875"><ele>2872.4</ele></trkpt><trkpt lat="37.9351665785933" lon="-105.46875"><ele>2872.4</ele></trkpt><trkpt lat="37.93521090329389" lon="-105.46853374490094"><ele>2871.2</ele></trkpt><trkpt lat="37.93512786812374" lon="-105.46662427521802"><ele>2867.9</ele></trkpt><trkpt lat="37.934827991943735" lon="-105.46526750628313"><ele>2871.3</ele></trkpt><trkpt lat="37.93476006667934" lon="-105.46435177294552"><ele>2870.9</ele></trkpt><trkpt lat="37.93475136808681" lon="-105.4641409231253"><ele>2870.8</ele></trkpt><trkpt lat="37.934897303438014" lon="-105.46341925248176"><ele>2870.3</ele></trkpt><trkpt lat="37.934865662740876" lon="-105.46297342684062"><ele>2869.8</ele></trkpt><trkpt lat="37.93455369170512" lon="-105.46226089683121"><ele>2866.0</ele></trkpt><trkpt lat="37.93453334878154" lon="-105.46136955316643"><ele>2861.7</ele></trkpt><trkpt lat="37.934425534752194" lon="-105.46088716498873"><ele>2859.4</ele></trkpt><trkpt lat="37.93415116520208" lon="-105.46031337046962"><ele>2856.5</ele></trkpt><trkpt lat="37.93411125792798" lon="-105.46028947223928"><ele>2856.3</ele></trkpt><trkpt lat="37.93411125792798" lon="-105.46028947223928"><ele>2856.3</ele></trkpt><trkpt lat="37.93355162077655" lon="-105.45995433690746"><ele>2853.1</ele></trkpt><trkpt lat="37.933356994100606" lon="-105.45971830639799"><ele>2851.7</ele></trkpt><trkpt lat="37.93348289842997" lon="-105.45923130395786"><ele>2849.6</ele></trkpt><trkpt lat="37.933475204854105" lon="-105.45876157204282"><ele>2846.6</ele></trkpt><trkpt lat="37.933391441913265" lon="-105.45863399867306"><ele>2845.3</ele></trkpt><trkpt lat="37.93126704461355" lon="-105.45752552100208"><ele>2827.0</ele></trkpt><trkpt lat="37.93037618397756" lon="-105.45753681495869"><ele>2822.4</ele></trkpt><trkpt lat="37.93018377526943" lon="-105.45731453934579"><ele>2821.7</ele></trkpt><trkpt lat="37.93083024357659" lon="-105.45716679505742"><ele>2820.2</ele></trkpt><trkpt lat="37.93083024357659" lon="-105.45716679505742"><ele>2820.2</ele></trkpt><trkpt lat="37.93102864772897" lon="-105.45713827452109"><ele>2819.7</ele></trkpt><trkpt lat="37.93121987814169" lon="-105.45717778139654"><ele>2819.3</ele></trkpt><trkpt lat="37.931528279635494" lon="-105.45725103830573"><ele>2818.6</ele></trkpt><trkpt lat="37.932067627028246" lon="-105.4572631672241"><ele>2817.0</ele></trkpt><trkpt lat="37.93241418449965" lon="-105.45725455393425"><ele>2815.6</ele></trkpt><trkpt lat="37.93264953167848" lon="-105.45715084289303"><ele>2814.5</ele></trkpt><trkpt lat="37.932687029196885" lon="-105.45713405576687"><ele>2814.4</ele></trkpt><trkpt lat="37.934271836513624" lon="-105.45562343413906"><ele>2805.1</ele></trkpt><trkpt lat="37.93453182392867" lon="-105.45545912245132"><ele>2803.6</ele></trkpt><trkpt lat="37.93407923913416" lon="-105.45588371544014"><ele>2800.7</ele></trkpt><trkpt lat="37.93407923913416" lon="-105.45588371544014"><ele>2800.7</ele></trkpt><trkpt lat="37.93453182392867" lon="-105.45545912245132"><ele>2798.2</ele></trkpt><trkpt lat="37.934745684544275" lon="-105.45536415653604"><ele>2797.2</ele></trkpt><trkpt lat="37.934745684544275" lon="-105.45536415653604"><ele>2797.2</ele></trkpt><trkpt lat="37.934791291507516" lon="-105.45537668096262"><ele>2796.9</ele></trkpt><trkpt lat="37.93530593888807" lon="-105.45556500391776"><ele>2794.5</ele></trkpt><trkpt lat="37.93530593888807" lon="-105.45556500391776"><ele>2794.5</ele></trkpt><trkpt lat="37.934791291507516" lon="-105.45537668096262"><ele>2792.6</ele></trkpt><trkpt lat="37.934745684544275" lon="-105.45536415653604"><ele>2792.6</ele></trkpt><trkpt lat="37.934745684544275" lon="-105.45536415653604"><ele>2792.6</ele></trkpt><trkpt lat="37.93453182392867" lon="-105.45545912245132"><ele>2792.6</ele></trkpt><trkpt lat="37.93407414725918" lon="-105.455888492389"><ele>2792.6</ele></trkpt><trkpt lat="37.93407414725918" lon="-105.455888492389"><ele>2792.6</ele></trkpt><trkpt lat="37.93453182392867" lon="-105.45545912245132"><ele>2792.6</ele></trkpt><trkpt lat="37.934271836513624" lon="-105.45562343413906"><ele>2793.0</ele></trkpt><trkpt lat="37.932687029196885" lon="-105.45713405576687"><ele>2804.8</ele></trkpt><trkpt lat="37.93264953167848" lon="-105.45715084289303"><ele>2805.0</ele></trkpt><trkpt lat="37.93241418449965" lon="-105.45725455393425"><ele>2806.3</ele></trkpt><trkpt lat="37.932067627028246" lon="-105.4572631672241"><ele>2808.1</ele></trkpt><trkpt lat="37.931528279635494" lon="-105.45725103830573"><ele>2810.9</ele></trkpt><trkpt lat="37.93121987814169" lon="-105.45717778139654"><ele>2812.5</ele></trkpt><trkpt lat="37.93102864772897" lon="-105.45713827452109"><ele>2813.5</ele></trkpt><trkpt lat="37.93083024357659" lon="-105.45716679505742"><ele>2814.0</ele></trkpt><trkpt lat="37.93083024357659" lon="-105.45716679505742"><ele>2814.0</ele></trkpt><trkpt lat="37.93018377526943" lon="-105.45731453934579"><ele>2815.7</ele></trkpt><trkpt lat="37.93037618397756" lon="-105.45753681495869"><ele>2816.3</ele></trkpt><trkpt lat="37.93126704461355" lon="-105.45752552100208"><ele>2818.6</ele></trkpt><trkpt lat="37.933391441913265" lon="-105.45863399867306"><ele>2827.6</ele></trkpt><trkpt lat="37.933475204854105" lon="-105.45876157204282"><ele>2828.4</ele></trkpt><trkpt lat="37.93348289842997" lon="-105.45923130395786"><ele>2830.6</ele></trkpt><trkpt lat="37.933356994100606" lon="-105.45971830639799"><ele>2833.1</ele></trkpt><trkpt lat="37.93355162077655" lon="-105.45995433690746"><ele>2834.7</ele></trkpt><trkpt lat="37.93415116520208" lon="-105.46031337046962"><ele>2841.9</ele></trkpt><trkpt lat="37.93415116520208" lon="-105.46031337046962"><ele>2841.9</ele></trkpt><trkpt lat="37.934425534752194" lon="-105.46088716498873"><ele>2847.8</ele></trkpt><trkpt lat="37.93453334878154" lon="-105.46136955316643"><ele>2852.3</ele></trkpt><trkpt lat="37.93455369170512" lon="-105.46226089683121"><ele>2856.4</ele></trkpt><trkpt lat="37.934865662740876" lon="-105.46297342684062"><ele>2858.7</ele></trkpt><trkpt lat="37.934897303438014" lon="-105.46341925248176"><ele>2860.1</ele></trkpt><trkpt lat="37.93475136808681" lon="-105.4641409231253"><ele>2862.4</ele></trkpt><trkpt lat="37.93476006667934" lon="-105.46435177294552"><ele>2863.2</ele></trkpt><trkpt lat="37.934827991943735" lon="-105.46526750628313"><ele>2866.5</ele></trkpt><trkpt lat="37.93512786812374" lon="-105.46662427521802"><ele>2870.0</ele></trkpt><trkpt lat="37.93521090329389" lon="-105.46853374490094"><ele>2869.8</ele></trkpt><trkpt lat="37.9351665785933" lon="-105.46875"><ele>2869.6</ele></trkpt><trkpt lat="37.9351665785933" lon="-105.46875"><ele>2869.6</ele></trkpt><trkpt lat="37.93489643704434" lon="-105.4700686243655"><ele>2868.0</ele></trkpt><trkpt lat="37.93490801206388" lon="-105.47033229650417"><ele>2867.7</ele></trkpt><trkpt lat="37.93483513102765" lon="-105.47067507028444"><ele>2867.3</ele></trkpt><trkpt lat="37.934939687416765" lon="-105.47076608111765"><ele>2867.9</ele></trkpt><trkpt lat="37.935212566769756" lon="-105.47050886894637"><ele>2870.5</ele></trkpt><trkpt lat="37.936091540484476" lon="-105.46993696407759"><ele>2877.8</ele></trkpt><trkpt lat="37.93669940228932" lon="-105.46961506434162"><ele>2881.9</ele></trkpt><trkpt lat="37.93692095648079" lon="-105.46906847199816"><ele>2883.4</ele></trkpt><trkpt lat="37.93707361504695" lon="-105.46906341828218"><ele>2883.9</ele></trkpt><trkpt lat="37.93715918008664" lon="-105.46913623573779"><ele>2884.2</ele></trkpt><trkpt lat="37.93753134815518" lon="-105.46909044467638"><ele>2885.4</ele></trkpt><trkpt lat="37.93758402489083" lon="-105.46904258818321"><ele>2885.6</ele></trkpt><trkpt lat="37.937613620898894" lon="-105.46875"><ele>2886.4</ele></trkpt><trkpt lat="37.937613620898894" lon="-105.46875"><ele>2886.4</ele></trkpt><trkpt lat="37.93765763369776" lon="-105.46851915504259"><ele>2886.9</ele></trkpt><trkpt lat="37.937891629302456" lon="-105.46806216728092"><ele>2887.6</ele></trkpt><trkpt lat="37.93824567241524" lon="-105.46787166416073"><ele>2888.2</ele></trkpt><trkpt lat="37.938686077649905" lon="-105.46790198645667"><ele>2888.9</ele></trkpt><trkpt lat="37.939317643985795" lon="-105.46812351499851"><ele>2889.4</ele></trkpt><trkpt lat="37.940292371529864" lon="-105.46854372049684"><ele>2884.7</ele></trkpt><trkpt lat="37.9404864783696" lon="-105.46869594721157"><ele>2883.7</ele></trkpt><trkpt lat="37.94069850223061" lon="-105.46875"><ele>2882.7</ele></trkpt><trkpt lat="37.94069850223061" lon="-105.46875"><ele>2882.7</ele></trkpt><trkpt lat="37.94160925526546" lon="-105.46916967815406"><ele>2877.9</ele></trkpt><trkpt lat="37.94196548169032" lon="-105.4694317682599"><ele>2875.8</ele></trkpt><trkpt lat="37.942655546927384" lon="-105.46980354597542"><ele>2871.9</ele></trkpt><trkpt lat="37.943104685410326" lon="-105.46986638783514"><ele>2870.3</ele></trkpt><trkpt lat="37.944802678397224" lon="-105.47076274127055"><ele>2863.2</ele></trkpt><trkpt lat="37.946061894969574" lon="-105.47162995893464"><ele>2855.9</ele></trkpt><trkpt lat="37.94629446968863" lon="-105.47172782524345"><ele>2855.3</ele></trkpt><trkpt lat="37.94762660195297" lon="-105.47184080875488"><ele>2852.3</ele></trkpt><trkpt lat="37.94818816367963" lon="-105.47213950534262"><ele>2850.0</ele></trkpt><trkpt lat="37.94858223418037" lon="-105.47246285527535"><ele>2847.7</ele></trkpt><trkpt lat="37.948934891063274" lon="-105.47264434959747"><ele>2845.9</ele></trkpt><trkpt lat="37.94980516618546" lon="-105.47328217250092"><ele>2842.5</ele></trkpt><trkpt lat="37.95015744185515" lon="-105.47344103496447"><ele>2842.0</ele></trkpt><trkpt lat="37.95051689126449" lon="-105.47349961412462"><ele>2841.4</ele></trkpt><trkpt lat="37.950714740924916" lon="-105.47362529784405"><ele>2841.1</ele></trkpt><trkpt lat="37.95076204601976" lon="-105.4737159571144"><ele>2841.0</ele></trkpt><trkpt lat="37.95070777511974" lon="-105.47397259799604"><ele>2840.7</ele></trkpt><trkpt lat="37.95080408344104" lon="-105.47399856970169"><ele>2840.5</ele></trkpt><trkpt lat="37.95110191493197" lon="-105.473853374244"><ele>2840.1</ele></trkpt><trkpt lat="37.95121821961937" lon="-105.47389468287906"><ele>2839.9</ele></trkpt><trkpt lat="37.951485242151094" lon="-105.47414824758575"><ele>2839.4</ele></trkpt><trkpt lat="37.95195198575358" lon="-105.47421385800293"><ele>2838.7</ele></trkpt><trkpt lat="37.95218618929275" lon="-105.47418889704046"><ele>2838.4</ele></trkpt><trkpt lat="37.9534970082726" lon="-105.47455351166289"><ele>2836.9</ele></trkpt><trkpt lat="37.95524819783136" lon="-105.47534096850504"><ele>2835.5</ele></trkpt><trkpt lat="37.95541721391016" lon="-105.47549411807225"><ele>2835.4</ele></trkpt><trkpt lat="37.95566226469819" lon="-105.47555445504665"><ele>2835.2</ele></trkpt><trkpt lat="37.95592395024485" lon="-105.47571274622055"><ele>2835.0</ele></trkpt><trkpt lat="37.956042438244324" lon="-105.47590026105651"><ele>2834.9</ele></trkpt><trkpt lat="37.956252278793265" lon="-105.47590162336256"><ele>2834.9</ele></trkpt><trkpt lat="37.95695045347515" lon="-105.47641437778157"><ele>2834.9</ele></trkpt><trkpt lat="37.95726880116839" lon="-105.47648838176183"><ele>2834.9</ele></trkpt><trkpt lat="37.95747711686445" lon="-105.47655249803687"><ele>2834.9</ele></trkpt><trkpt lat="37.95873654137129" lon="-105.47698096526221"><ele>2829.9</ele></trkpt><trkpt lat="37.959336744256014" lon="-105.47732466189497"><ele>2826.7</ele></trkpt><trkpt lat="37.95982861327518" lon="-105.47752979881886"><ele>2823.3</ele></trkpt><trkpt lat="37.95994516055281" lon="-105.4775310732342"><ele>2822.5</ele></trkpt><trkpt lat="37.960751183919804" lon="-105.47753428124521"><ele>2817.0</ele></trkpt><trkpt lat="37.96118133105331" lon="-105.4778344719751"><ele>2813.7</ele></trkpt><trkpt lat="37.96150667920747" lon="-105.47842667959856"><ele>2811.5</ele></trkpt><trkpt lat="37.9615233139661" lon="-105.47849519040925"><ele>2811.3</ele></trkpt><trkpt lat="37.9615233139661" lon="-105.47849519040925"><ele>2811.3</ele></trkpt><trkpt lat="37.96191747570327" lon="-105.47994855123761"><ele>2806.8</ele></trkpt><trkpt lat="37.962115439876555" lon="-105.48012666176729"><ele>2807.5</ele></trkpt><trkpt lat="37.962357569285366" lon="-105.47964515249672"><ele>2809.8</ele></trkpt><trkpt lat="37.96251964703984" lon="-105.47945108980265"><ele>2810.9</ele></trkpt><trkpt lat="37.96262228358323" lon="-105.47891877970002"><ele>2813.0</ele></trkpt><trkpt lat="37.96286382412223" lon="-105.47832740703835"><ele>2815.3</ele></trkpt><trkpt lat="37.963015302220185" lon="-105.47835078596798"><ele>2815.5</ele></trkpt><trkpt lat="37.963578712067715" lon="-105.47862720226001"><ele>2816.4</ele></trkpt><trkpt lat="37.96365935259185" lon="-105.47888041540385"><ele>2816.7</ele></trkpt><trkpt lat="37.96433153015664" lon="-105.47951705178268"><ele>2817.9</ele></trkpt><trkpt lat="37.96433153015664" lon="-105.47951705178268"><ele>2817.9</ele></trkpt><trkpt lat="37.96459309226907" lon="-105.4799719741126"><ele>2819.6</ele></trkpt><trkpt lat="37.964857321615334" lon="-105.48083484118641"><ele>2822.3</ele></trkpt><trkpt lat="37.9648549314967" lon="-105.48141544723576"><ele>2824.0</ele></trkpt><trkpt lat="37.964640721444624" lon="-105.48309894989582"><ele>2840.3</ele></trkpt><trkpt lat="37.964393049731754" lon="-105.48386329148047"><ele>2849.1</ele></trkpt><trkpt lat="37.96417395552421" lon="-105.48482420064451"><ele>2853.8</ele></trkpt><trkpt lat="37.964148460925514" lon="-105.48532680368618"><ele>2856.2</ele></trkpt><trkpt lat="37.964023308771864" lon="-105.48602259051478"><ele>2859.6</ele></trkpt><trkpt lat="37.96392011799807" lon="-105.48629342574655"><ele>2861.5</ele></trkpt><trkpt lat="37.963734173696714" lon="-105.48656096507659"><ele>2864.2</ele></trkpt><trkpt lat="37.962688410198595" lon="-105.48750996504903"><ele>2876.7</ele></trkpt><trkpt lat="37.96253842159486" lon="-105.48768697694479"><ele>2878.7</ele></trkpt><trkpt lat="37.96248324103002" lon="-105.48786438434875"><ele>2880.4</ele></trkpt><trkpt lat="37.962358435270374" lon="-105.48793364223052"><ele>2882.0</ele></trkpt><trkpt lat="37.96240661867633" lon="-105.48802403782872"><ele>2882.9</ele></trkpt><trkpt lat="37.9626284840359" lon="-105.48801511692136"><ele>2885.4</ele></trkpt><trkpt lat="37.96287660606098" lon="-105.48813904282655"><ele>2888.4</ele></trkpt><trkpt lat="37.96287660606098" lon="-105.48813904282655"><ele>2888.4</ele></trkpt><trkpt lat="37.9634217609445" lon="-105.4883238330504"><ele>2894.8</ele></trkpt><trkpt lat="37.96355834410028" lon="-105.48843321304258"><ele>2896.6</ele></trkpt><trkpt lat="37.963517331050205" lon="-105.48864300817426"><ele>2898.3</ele></trkpt><trkpt lat="37.963595165782905" lon="-105.48885882381977"><ele>2899.6</ele></trkpt><trkpt lat="37.96419324967024" lon="-105.49015969426125"><ele>2907.7</ele></trkpt><trkpt lat="37.964649069540116" lon="-105.49054636945262"><ele>2911.7</ele></trkpt><trkpt lat="37.9647781411628" lon="-105.49072196339944"><ele>2913.9</ele></trkpt><trkpt lat="37.9647781411628" lon="-105.49072196339944"><ele>2913.9</ele></trkpt><trkpt lat="37.9652001477611" lon="-105.49129607723357"><ele>2920.8</ele></trkpt><trkpt lat="37.96534913182223" lon="-105.49185343618937"><ele>2926.0</ele></trkpt><trkpt lat="37.96578610785829" lon="-105.49291537572788"><ele>2934.3</ele></trkpt><trkpt lat="37.965820781898096" lon="-105.49347436066186"><ele>2936.8</ele></trkpt><trkpt lat="37.965911156093746" lon="-105.49354238807364"><ele>2937.4</ele></trkpt><trkpt lat="37.96613880623318" lon="-105.49346869171087"><ele>2938.8</ele></trkpt><trkpt lat="37.96658828709279" lon="-105.49280239221646"><ele>2942.6</ele></trkpt><trkpt lat="37.9669168071662" lon="-105.49277940879503"><ele>2944.0</ele></trkpt><trkpt lat="37.96705238577937" lon="-105.49268923292361"><ele>2944.7</ele></trkpt><trkpt lat="37.96707098713738" lon="-105.4925527386465"><ele>2945.2</ele></trkpt><trkpt lat="37.966781401750026" lon="-105.49215419820888"><ele>2947.1</ele></trkpt><trkpt lat="37.96666290036126" lon="-105.49169703466579"><ele>2948.7</ele></trkpt><trkpt lat="37.966674954872595" lon="-105.49155948570011"><ele>2949.2</ele></trkpt><trkpt lat="37.96682314222751" lon="-105.49122558888183"><ele>2950.6</ele></trkpt><trkpt lat="37.967090073447004" lon="-105.49102620879965"><ele>2952.5</ele></trkpt><trkpt lat="37.96725083490427" lon="-105.49098380153067"><ele>2953.5</ele></trkpt><trkpt lat="37.96774226407776" lon="-105.49140000800158"><ele>2957.0</ele></trkpt><trkpt lat="37.96812288180937" lon="-105.49226454499892"><ele>2961.9</ele></trkpt><trkpt lat="37.96863838536615" lon="-105.49275673299111"><ele>2968.2</ele></trkpt><trkpt lat="37.969097842373074" lon="-105.49280533655534"><ele>2972.7</ele></trkpt><trkpt lat="37.96932594282472" lon="-105.492705185088"><ele>2975.1</ele></trkpt><trkpt lat="37.96953471449093" lon="-105.49250373957405"><ele>2977.7</ele></trkpt><trkpt lat="37.97000373197237" lon="-105.49246550711395"><ele>2979.6</ele></trkpt><trkpt lat="37.97086410539954" lon="-105.49271318314287"><ele>2982.2</ele></trkpt><trkpt lat="37.971314313686555" lon="-105.49294512673418"><ele>2983.6</ele></trkpt><trkpt lat="37.9716287008846" lon="-105.493186254905"><ele>2983.8</ele></trkpt><trkpt lat="37.971843984758095" lon="-105.49348394074957"><ele>2983.5</ele></trkpt><trkpt lat="37.97227521065369" lon="-105.49381700260606"><ele>2983.1</ele></trkpt><trkpt lat="37.972398838673726" lon="-105.49415494239713"><ele>2982.9</ele></trkpt><trkpt lat="37.97263279318403" lon="-105.49443179814274"><ele>2982.6</ele></trkpt><trkpt lat="37.972843400738476" lon="-105.49480265300578"><ele>2982.4</ele></trkpt><trkpt lat="37.97306838364408" lon="-105.49482989912677"><ele>2982.2</ele></trkpt><trkpt lat="37.97349458682662" lon="-105.49541560283748"><ele>2981.8</ele></trkpt><trkpt lat="37.973790026272646" lon="-105.49607680467055"><ele>2981.4</ele></trkpt><trkpt lat="37.97377374575446" lon="-105.49663504253348"><ele>2981.8</ele></trkpt><trkpt lat="37.97387180989699" lon="-105.49707713281931"><ele>2982.9</ele></trkpt><trkpt lat="37.97448291819887" lon="-105.49681390013421"><ele>2985.0</ele></trkpt><trkpt lat="37.9750110997762" lon="-105.497435243529"><ele>2987.6</ele></trkpt><trkpt lat="37.97508761821168" lon="-105.49741867612961"><ele>2988.0</ele></trkpt><trkpt lat="37.97529005086763" lon="-105.49715271883241"><ele>2989.6</ele></trkpt><trkpt lat="37.975598930401006" lon="-105.49644660484505"><ele>2993.0</ele></trkpt><trkpt lat="37.97625773715724" lon="-105.49565150151088"><ele>2998.2</ele></trkpt><trkpt lat="37.97679336620565" lon="-105.49532736056173"><ele>3002.7</ele></trkpt><trkpt lat="37.97703282838062" lon="-105.49531123261592"><ele>3004.4</ele></trkpt><trkpt lat="37.97733360229431" lon="-105.49545620834684"><ele>3006.8</ele></trkpt><trkpt lat="37.978480443562795" lon="-105.49494011408073"><ele>3019.1</ele></trkpt><trkpt lat="37.97894121150339" lon="-105.49464869746332"><ele>3025.3</ele></trkpt><trkpt lat="37.97894121150339" lon="-105.49464869746332"><ele>3025.3</ele></trkpt><trkpt lat="37.979103987409424" lon="-105.494545748452"><ele>3027.5</ele></trkpt><trkpt lat="37.97931494135787" lon="-105.49427478138416"><ele>3031.2</ele></trkpt><trkpt lat="37.97954744101336" lon="-105.4941169296638"><ele>3031.8</ele></trkpt><trkpt lat="37.979665180335324" lon="-105.49411231540138"><ele>3031.8</ele></trkpt><trkpt lat="37.979776095695414" lon="-105.49421716902185"><ele>3031.8</ele></trkpt><trkpt lat="37.979858364271365" lon="-105.49448026987089"><ele>3031.8</ele></trkpt><trkpt lat="37.98030503933954" lon="-105.49462814599534"><ele>3031.8</ele></trkpt><trkpt lat="37.98079792336785" lon="-105.49470390778984"><ele>3031.8</ele></trkpt><trkpt lat="37.98142132865688" lon="-105.4951066230363"><ele>3028.4</ele></trkpt><trkpt lat="37.98189675442739" lon="-105.4952329659361"><ele>3024.8</ele></trkpt><trkpt lat="37.982296112074614" lon="-105.4957283619393"><ele>3020.6</ele></trkpt><trkpt lat="37.98235274749427" lon="-105.4958953542938"><ele>3019.5</ele></trkpt><trkpt lat="37.98170149212732" lon="-105.49674675162956"><ele>3020.1</ele></trkpt><trkpt lat="37.98165975164984" lon="-105.49704272360522"><ele>3020.8</ele></trkpt><trkpt lat="37.98114119982583" lon="-105.4978358933437"><ele>3023.2</ele></trkpt><trkpt lat="37.981001845518016" lon="-105.49815001475157"><ele>3020.9</ele></trkpt><trkpt lat="37.98085300001449" lon="-105.4982537257928"><ele>3019.5</ele></trkpt><trkpt lat="37.98084773482563" lon="-105.49850720260876"><ele>3017.9</ele></trkpt><trkpt lat="37.98051394956336" lon="-105.49926583129708"><ele>3012.3</ele></trkpt><trkpt lat="37.98053213524857" lon="-105.49949250144563"><ele>3010.9</ele></trkpt><trkpt lat="37.98058322836417" lon="-105.49966336099149"><ele>3009.7</ele></trkpt><trkpt lat="37.98066303754269" lon="-105.49989200868107"><ele>3008.1</ele></trkpt><trkpt lat="37.9812857500437" lon="-105.49990501650657"><ele>3006.7</ele></trkpt><trkpt lat="37.981692000931616" lon="-105.50010118857774"><ele>3005.7</ele></trkpt><trkpt lat="37.98214723193169" lon="-105.50022735569611"><ele>3004.6</ele></trkpt><trkpt lat="37.98221616433849" lon="-105.50038169178794"><ele>3004.3</ele></trkpt><trkpt lat="37.98219493038604" lon="-105.50046945066477"><ele>3004.1</ele></trkpt><trkpt lat="37.98200527966885" lon="-105.50088135049073"><ele>3001.8</ele></trkpt><trkpt lat="37.981850684024856" lon="-105.50106688778564"><ele>2999.9</ele></trkpt><trkpt lat="37.98196586003119" lon="-105.50115363591927"><ele>2998.7</ele></trkpt><trkpt lat="37.9821224647604" lon="-105.50114590153653"><ele>2997.3</ele></trkpt><trkpt lat="37.98222233015176" lon="-105.50138834806803"><ele>2995.4</ele></trkpt><trkpt lat="37.982741055172774" lon="-105.50212597087597"><ele>2988.4</ele></trkpt><trkpt lat="37.982834720111455" lon="-105.50219254809099"><ele>2988.7</ele></trkpt><trkpt lat="37.983161612133046" lon="-105.50222994558932"><ele>2990.2</ele></trkpt><trkpt lat="37.98337045307807" lon="-105.50220498462686"><ele>2991.1</ele></trkpt><trkpt lat="37.983576765346854" lon="-105.50196464747246"><ele>2992.4</ele></trkpt><trkpt lat="37.984302737900464" lon="-105.50142890963204"><ele>2996.2</ele></trkpt><trkpt lat="37.985191411717764" lon="-105.50108767393924"><ele>3003.9</ele></trkpt><trkpt lat="37.985651145839896" lon="-105.50015445034977"><ele>3011.6</ele></trkpt><trkpt lat="37.985755860747304" lon="-105.50007600788851"><ele>3012.7</ele></trkpt><trkpt lat="37.98587786071552" lon="-105.50007376667533"><ele>3013.6</ele></trkpt><trkpt lat="37.986157920267765" lon="-105.49982257501789"><ele>3014.5</ele></trkpt><trkpt lat="37.98651127679126" lon="-105.49972554367086"><ele>3015.4</ele></trkpt><trkpt lat="37.986681945117034" lon="-105.49996772653023"><ele>3016.0</ele></trkpt><trkpt lat="37.98697786951467" lon="-105.49991248721717"><ele>3016.7</ele></trkpt><trkpt lat="37.98705747085679" lon="-105.50025952369703"><ele>3017.4</ele></trkpt><trkpt lat="37.986956600922824" lon="-105.50098800587082"><ele>3015.3</ele></trkpt><trkpt lat="37.9866526055449" lon="-105.50237492132024"><ele>3008.5</ele></trkpt><trkpt lat="37.986636013272104" lon="-105.50291114255958"><ele>3006.3</ele></trkpt><trkpt lat="37.98706869402252" lon="-105.50488459668148"><ele>3002.7</ele></trkpt><trkpt lat="37.98727168090887" lon="-105.50537107177732"><ele>2997.6</ele></trkpt><trkpt lat="37.98763265810045" lon="-105.50516865946554"><ele>2990.5</ele></trkpt><trkpt lat="37.98815571304652" lon="-105.50441899562993"><ele>2976.4</ele></trkpt><trkpt lat="37.98851447331647" lon="-105.5041743518306"><ele>2971.2</ele></trkpt><trkpt lat="37.98862414165814" lon="-105.50418116336085"><ele>2971.2</ele></trkpt><trkpt lat="37.98873834776127" lon="-105.50423618294712"><ele>2971.2</ele></trkpt><trkpt lat="37.98905280423811" lon="-105.5048710615117"><ele>2971.2</ele></trkpt><trkpt lat="37.9894054679736" lon="-105.50603956853956"><ele>2971.3</ele></trkpt><trkpt lat="37.98966179953657" lon="-105.50631853366228"><ele>2971.8</ele></trkpt><trkpt lat="37.990265356449164" lon="-105.5062654476717"><ele>2972.8</ele></trkpt><trkpt lat="37.99045337911454" lon="-105.5063510971714"><ele>2973.1</ele></trkpt><trkpt lat="37.99060056192685" lon="-105.5065057848261"><ele>2973.4</ele></trkpt><trkpt lat="37.990793434108284" lon="-105.50657337278432"><ele>2973.7</ele></trkpt><trkpt lat="37.99122746579531" lon="-105.5060128937082"><ele>2974.7</ele></trkpt><trkpt lat="37.991754261796615" lon="-105.50550427015271"><ele>2975.8</ele></trkpt><trkpt lat="37.99233752002058" lon="-105.50517982158607"><ele>2976.8</ele></trkpt><trkpt lat="37.99268710084942" lon="-105.50540521731928"><ele>2977.4</ele></trkpt><trkpt lat="37.992795556812084" lon="-105.50569222444223"><ele>2977.7</ele></trkpt><trkpt lat="37.99296428533144" lon="-105.50582296187766"><ele>2978.0</ele></trkpt><trkpt lat="37.99314402918012" lon="-105.5061737337128"><ele>2978.5</ele></trkpt><trkpt lat="37.99325809672564" lon="-105.50626188809782"><ele>2978.7</ele></trkpt><trkpt lat="37.99333690136156" lon="-105.50623530115718"><ele>2978.8</ele></trkpt><trkpt lat="37.99369250944608" lon="-105.50561400170776"><ele>2979.7</ele></trkpt><trkpt lat="37.99382164513077" lon="-105.50552751724626"><ele>2979.6</ele></trkpt><trkpt lat="37.99402418170492" lon="-105.50556504658067"><ele>2979.5</ele></trkpt><trkpt lat="37.99436350927125" lon="-105.50540165774541"><ele>2979.3</ele></trkpt><trkpt lat="37.99443490107548" lon="-105.50543527594309"><ele>2979.2</ele></trkpt><trkpt lat="37.99459801801197" lon="-105.50576785440067"><ele>2979.0</ele></trkpt><trkpt lat="37.99500849490673" lon="-105.5062498031248"><ele>2978.7</ele></trkpt><trkpt lat="37.99509180266469" lon="-105.50628052092895"><ele>2978.6</ele></trkpt><trkpt lat="37.995497637879794" lon="-105.50618388509014"><ele>2981.7</ele></trkpt><trkpt lat="37.9961626797281" lon="-105.50648658070533"><ele>2990.2</ele></trkpt><trkpt lat="37.9961626797281" lon="-105.50648658070533"><ele>2990.2</ele></trkpt><trkpt lat="37.996471136469125" lon="-105.506600383661"><ele>2994.1</ele></trkpt><trkpt lat="37.996623200899094" lon="-105.50672800920441"><ele>2996.3</ele></trkpt><trkpt lat="37.996878165029855" lon="-105.50677493936483"><ele>2999.5</ele></trkpt><trkpt lat="37.997838954631774" lon="-105.50682676810676"><ele>2999.5</ele></trkpt><trkpt lat="37.998445204214825" lon="-105.5066983552913"><ele>2999.5</ele></trkpt><trkpt lat="37.99866184063065" lon="-105.50678722955595"><ele>2999.5</ele></trkpt><trkpt lat="37.999590188435924" lon="-105.50772780094432"><ele>3004.5</ele></trkpt><trkpt lat="38.000763459687825" lon="-105.50936926312545"><ele>3003.3</ele></trkpt><trkpt lat="38.00114306679397" lon="-105.5097929029519"><ele>3000.8</ele></trkpt><trkpt lat="38.00114306679397" lon="-105.5097929029519"><ele>3000.8</ele></trkpt><trkpt lat="38.002487929875315" lon="-105.51093624062516"><ele>3000.4</ele></trkpt><trkpt lat="38.003173743224316" lon="-105.5111549710373"><ele>3001.3</ele></trkpt><trkpt lat="38.00348448508656" lon="-105.5113044652482"><ele>3002.3</ele></trkpt><trkpt lat="38.003654172648325" lon="-105.51145365329775"><ele>3003.0</ele></trkpt><trkpt lat="38.003832827579714" lon="-105.51149104871915"><ele>3003.5</ele></trkpt><trkpt lat="38.003961867682285" lon="-105.51142863554216"><ele>3004.0</ele></trkpt><trkpt lat="38.00405067580225" lon="-105.51130267201746"><ele>3004.4</ele></trkpt><trkpt lat="38.00418594805358" lon="-105.51089980742513"><ele>3005.4</ele></trkpt><trkpt lat="38.00432513270943" lon="-105.5101503244532"><ele>3008.6</ele></trkpt><trkpt lat="38.004484052503045" lon="-105.50979281547723"><ele>3011.2</ele></trkpt><trkpt lat="38.00474421009111" lon="-105.50974037441262"><ele>3013.4</ele></trkpt><trkpt lat="38.004889557649626" lon="-105.50976849751899"><ele>3014.6</ele></trkpt><trkpt lat="38.00532515022555" lon="-105.50995232553784"><ele>3018.4</ele></trkpt><trkpt lat="38.00580661834102" lon="-105.51000389185576"><ele>3022.2</ele></trkpt><trkpt lat="38.00601823441478" lon="-105.51014700041576"><ele>3022.8</ele></trkpt><trkpt lat="38.00636830806037" lon="-105.51026093617332"><ele>3023.7</ele></trkpt><trkpt lat="38.007107994873174" lon="-105.5101515490986"><ele>3025.5</ele></trkpt><trkpt lat="38.00746166931583" lon="-105.50997918026151"><ele>3026.3</ele></trkpt><trkpt lat="38.007910210911966" lon="-105.50992503344082"><ele>3025.3</ele></trkpt><trkpt lat="38.008018096331774" lon="-105.50979316537591"><ele>3024.9</ele></trkpt><trkpt lat="38.008201667736074" lon="-105.50925795160798"><ele>3023.9</ele></trkpt><trkpt lat="38.00838153447417" lon="-105.50902413181527"><ele>3023.3</ele></trkpt><trkpt lat="38.0085128250749" lon="-105.50898887952329"><ele>3023.0</ele></trkpt><trkpt lat="38.0086912030219" lon="-105.50910163437283"><ele>3022.6</ele></trkpt><trkpt lat="38.009372549997614" lon="-105.5092479794956"><ele>3019.2</ele></trkpt><trkpt lat="38.01016503695972" lon="-105.50851804711242"><ele>3013.3</ele></trkpt><trkpt lat="38.010291272595346" lon="-105.50855207475902"><ele>3012.5</ele></trkpt><trkpt lat="38.01031211567067" lon="-105.50869387119897"><ele>3011.9</ele></trkpt><trkpt lat="38.010121308049186" lon="-105.51035628356355"><ele>3007.0</ele></trkpt><trkpt lat="38.01009901080582" lon="-105.51109754391649"><ele>3005.0</ele></trkpt><trkpt lat="38.010170992124095" lon="-105.51154410210646"><ele>3001.5</ele></trkpt><trkpt lat="38.01025903853699" lon="-105.51177730957647"><ele>2999.6</ele></trkpt><trkpt lat="38.01036041482364" lon="-105.51184982607785"><ele>2998.4</ele></trkpt><trkpt lat="38.010370143900325" lon="-105.51198567424024"><ele>2997.4</ele></trkpt><trkpt lat="38.010370143900325" lon="-105.51198567424024"><ele>2997.4</ele></trkpt><trkpt lat="38.0104152577328" lon="-105.51210892605016"><ele>2996.3</ele></trkpt><trkpt lat="38.01030543342227" lon="-105.5124812619827"><ele>2993.3</ele></trkpt><trkpt lat="38.01032634574369" lon="-105.5126953125"><ele>2991.7</ele></trkpt><trkpt lat="38.01032634574369" lon="-105.5126953125"><ele>2991.7</ele></trkpt><trkpt lat="38.01037866117031" lon="-105.51286432634089"><ele>2990.3</ele></trkpt><trkpt lat="38.01046971978844" lon="-105.51290146016709"><ele>2989.3</ele></trkpt><trkpt lat="38.010611085696354" lon="-105.5126953125"><ele>2987.2</ele></trkpt><trkpt lat="38.010611085696354" lon="-105.5126953125"><ele>2987.2</ele></trkpt><trkpt lat="38.010812107117204" lon="-105.51222482998782"><ele>2982.3</ele></trkpt><trkpt lat="38.010956000507676" lon="-105.51206908133801"><ele>2980.0</ele></trkpt><trkpt lat="38.01108455588757" lon="-105.51224691734197"><ele>2977.8</ele></trkpt><trkpt lat="38.01107863534624" lon="-105.5126953125"><ele>2973.5</ele></trkpt><trkpt lat="38.01107863534624" lon="-105.5126953125"><ele>2973.5</ele></trkpt><trkpt lat="38.011068490792965" lon="-105.51278808114746"><ele>2972.6</ele></trkpt><trkpt lat="38.01112980821224" lon="-105.51281137218638"><ele>2971.9</ele></trkpt><trkpt lat="38.01127349386442" lon="-105.5126953125"><ele>2969.8</ele></trkpt><trkpt lat="38.01127349386442" lon="-105.5126953125"><ele>2969.8</ele></trkpt><trkpt lat="38.0113739699518" lon="-105.5126576546546"><ele>2968.6</ele></trkpt><trkpt lat="38.0115468774571" lon="-105.5126953125"><ele>2966.5</ele></trkpt><trkpt lat="38.0115468774571" lon="-105.5126953125"><ele>2966.5</ele></trkpt><trkpt lat="38.01186243192311" lon="-105.51301013703358"><ele>2965.7</ele></trkpt><trkpt lat="38.011911942882776" lon="-105.51329934142434"><ele>2967.5</ele></trkpt><trkpt lat="38.011984443546794" lon="-105.51330980041918"><ele>2968.0</ele></trkpt><trkpt lat="38.01224865203156" lon="-105.51322502982659"><ele>2970.0</ele></trkpt><trkpt lat="38.01223580688048" lon="-105.5130300882254"><ele>2971.1</ele></trkpt><trkpt lat="38.01229400822538" lon="-105.51296381862788"><ele>2971.7</ele></trkpt><trkpt lat="38.012595297995325" lon="-105.51323557671213"><ele>2974.4</ele></trkpt><trkpt lat="38.012701867739274" lon="-105.51324687066875"><ele>2975.2</ele></trkpt><trkpt lat="38.01297158128879" lon="-105.51309565469722"><ele>2978.1</ele></trkpt><trkpt lat="38.01331327615659" lon="-105.5126953125"><ele>2987.5</ele></trkpt><trkpt lat="38.01331327615659" lon="-105.5126953125"><ele>2987.5</ele></trkpt><trkpt lat="38.01401955172738" lon="-105.51183058165046"><ele>3007.4</ele></trkpt><trkpt lat="38.01401955172738" lon="-105.51183058165046"><ele>3007.4</ele></trkpt><trkpt lat="38.01419155903341" lon="-105.51165646331998"><ele>3011.9</ele></trkpt><trkpt lat="38.01446030313756" lon="-105.51119958311895"><ele>3013.1</ele></trkpt><trkpt lat="38.01475563774312" lon="-105.51089700823569"><ele>3010.5</ele></trkpt><trkpt lat="38.014573451260766" lon="-105.5126953125"><ele>3005.1</ele></trkpt><trkpt lat="38.014573451260766" lon="-105.5126953125"><ele>3005.1</ele></trkpt><trkpt lat="38.01446785096218" lon="-105.51330716369779"><ele>3011.5</ele></trkpt><trkpt lat="38.01440123621644" lon="-105.5142375308391"><ele>3021.1</ele></trkpt><trkpt lat="38.014341996180086" lon="-105.51434532879846"><ele>3022.4</ele></trkpt><trkpt lat="38.014352502386735" lon="-105.51470324069561"><ele>3024.7</ele></trkpt><trkpt lat="38.014352502386735" lon="-105.51470324069561"><ele>3024.7</ele></trkpt><trkpt lat="38.01438267826233" lon="-105.51573123350467"><ele>3023.5</ele></trkpt><trkpt lat="38.01455129250959" lon="-105.51688479911137"><ele>3022.2</ele></trkpt><trkpt lat="38.01450531310089" lon="-105.5177796144593"><ele>3021.0</ele></trkpt><trkpt lat="38.0145468261363" lon="-105.51854044041544"><ele>3020.1</ele></trkpt><trkpt lat="38.01481096537497" lon="-105.51914394199551"><ele>3019.2</ele></trkpt><trkpt lat="38.01520130562622" lon="-105.51951993846525"><ele>3021.4</ele></trkpt><trkpt lat="38.01565431359564" lon="-105.51985137434356"><ele>3024.4</ele></trkpt><trkpt lat="38.01597783136286" lon="-105.51997965083902"><ele>3026.4</ele></trkpt><trkpt lat="38.01624719868189" lon="-105.52027070093476"><ele>3028.4</ele></trkpt><trkpt lat="38.01656541912265" lon="-105.52091507169632"><ele>3027.6</ele></trkpt><trkpt lat="38.01665204599055" lon="-105.52164865153146"><ele>3025.8</ele></trkpt><trkpt lat="38.016530207482106" lon="-105.52201317826318"><ele>3024.8</ele></trkpt><trkpt lat="38.015740594233044" lon="-105.52326298420049"><ele>3021.1</ele></trkpt><trkpt lat="38.015599609178665" lon="-105.52365220822252"><ele>3020.1</ele></trkpt><trkpt lat="38.01509961773213" lon="-105.52464111057861"><ele>3018.1</ele></trkpt><trkpt lat="38.015005027563035" lon="-105.52510218525843"><ele>3018.6</ele></trkpt><trkpt lat="38.01492404425208" lon="-105.52520387481324"><ele>3018.8</ele></trkpt><trkpt lat="38.015027740282996" lon="-105.52531685832467"><ele>3019.0</ele></trkpt><trkpt lat="38.014973659080894" lon="-105.52631960346804"><ele>3020.3</ele></trkpt><trkpt lat="38.0149492844546" lon="-105.52655510663323"><ele>3020.7</ele></trkpt><trkpt lat="38.01483360884883" lon="-105.52679544378763"><ele>3023.6</ele></trkpt><trkpt lat="38.01488900572678" lon="-105.52684431102399"><ele>3024.4</ele></trkpt><trkpt lat="38.01547261183597" lon="-105.52660085374929"><ele>3032.3</ele></trkpt><trkpt lat="38.01582600929423" lon="-105.52651546792171"><ele>3036.9</ele></trkpt><trkpt lat="38.01612442535113" lon="-105.52632122944622"><ele>3041.2</ele></trkpt><trkpt lat="38.016440533785925" lon="-105.52628027237402"><ele>3045.0</ele></trkpt><trkpt lat="38.01670623106179" lon="-105.52640639554701"><ele>3046.9</ele></trkpt><trkpt lat="38.016848531792014" lon="-105.52665974052692"><ele>3048.5</ele></trkpt><trkpt lat="38.01691701618238" lon="-105.52705248017747"><ele>3050.6</ele></trkpt><trkpt lat="38.016996406833094" lon="-105.52719314926347"><ele>3051.5</ele></trkpt><trkpt lat="38.01723624069156" lon="-105.52709871069246"><ele>3053.2</ele></trkpt><trkpt lat="38.01743414603803" lon="-105.52710459937022"><ele>3054.5</ele></trkpt><trkpt lat="38.0183937584563" lon="-105.52752757342601"><ele>3062.1</ele></trkpt><trkpt lat="38.01868213382907" lon="-105.52793169492388"><ele>3065.6</ele></trkpt><trkpt lat="38.01882602721954" lon="-105.52863583137021"><ele>3070.2</ele></trkpt><trkpt lat="38.019109901595975" lon="-105.52933478226447"><ele>3072.3</ele></trkpt><trkpt lat="38.01921886033029" lon="-105.53056740556741"><ele>3074.5</ele></trkpt><trkpt lat="38.01944200587928" lon="-105.53131557526089"><ele>3076.1</ele></trkpt><trkpt lat="38.01953888116959" lon="-105.53188730434825"><ele>3077.5</ele></trkpt><trkpt lat="38.01973543621716" lon="-105.53227679204242"><ele>3078.7</ele></trkpt><trkpt lat="38.02034639453483" lon="-105.5321468456234"><ele>3080.6</ele></trkpt><trkpt lat="38.02061493090069" lon="-105.53230711433837"><ele>3082.0</ele></trkpt><trkpt lat="38.02164496660005" lon="-105.53266772993335"><ele>3092.4</ele></trkpt><trkpt lat="38.02200109927916" lon="-105.5326052396365"><ele>3095.8</ele></trkpt><trkpt lat="38.02212297241064" lon="-105.53267651900464"><ele>3097.1</ele></trkpt><trkpt lat="38.02243205236655" lon="-105.53301454668642"><ele>3100.4</ele></trkpt><trkpt lat="38.02272541345834" lon="-105.53345694458976"><ele>3103.8</ele></trkpt><trkpt lat="38.02292092981445" lon="-105.53429674035142"><ele>3108.9</ele></trkpt><trkpt lat="38.02297040615106" lon="-105.5349480544793"><ele>3111.8</ele></trkpt><trkpt lat="38.023083485028174" lon="-105.53551393883426"><ele>3110.7</ele></trkpt><trkpt lat="38.02314836862147" lon="-105.53560424654175"><ele>3110.5</ele></trkpt><trkpt lat="38.02377057942998" lon="-105.53583539911665"><ele>3109.1</ele></trkpt><trkpt lat="38.02407034578578" lon="-105.53628654214592"><ele>3108.0</ele></trkpt><trkpt lat="38.02448990789014" lon="-105.53642444267444"><ele>3105.9</ele></trkpt><trkpt lat="38.02476478027391" lon="-105.53662250439594"><ele>3104.2</ele></trkpt><trkpt lat="38.02508528583589" lon="-105.53626043860419"><ele>3101.8</ele></trkpt><trkpt lat="38.02508528583589" lon="-105.53626043860419"><ele>3101.8</ele></trkpt><trkpt lat="38.02521217930945" lon="-105.53604356827013"><ele>3100.6</ele></trkpt><trkpt lat="38.025174128578904" lon="-105.53550739097614"><ele>3098.2</ele></trkpt><trkpt lat="38.02530818902354" lon="-105.53521647271647"><ele>3098.0</ele></trkpt><trkpt lat="38.025420367701386" lon="-105.53450003157035"><ele>3098.0</ele></trkpt><trkpt lat="38.025402536831294" lon="-105.53259236364705"><ele>3097.4</ele></trkpt><trkpt lat="38.02531822970767" lon="-105.53186880335318"><ele>3096.5</ele></trkpt><trkpt lat="38.02528786529395" lon="-105.5317513374154"><ele>3096.4</ele></trkpt><trkpt lat="38.02513867457702" lon="-105.53163193788194"><ele>3096.1</ele></trkpt><trkpt lat="38.02513427744983" lon="-105.53152879813037"><ele>3096.0</ele></trkpt><trkpt lat="38.025332944503376" lon="-105.53137362707675"><ele>3095.7</ele></trkpt><trkpt lat="38.025681183127375" lon="-105.5313633878087"><ele>3095.1</ele></trkpt><trkpt lat="38.02581372015787" lon="-105.53144908125377"><ele>3094.7</ele></trkpt><trkpt lat="38.026263161953274" lon="-105.5314066739848"><ele>3093.6</ele></trkpt><trkpt lat="38.0264785173163" lon="-105.531533807901"><ele>3093.0</ele></trkpt><trkpt lat="38.02673697837498" lon="-105.53182622030278"><ele>3092.2</ele></trkpt><trkpt lat="38.02688876582056" lon="-105.53214636222448"><ele>3091.5</ele></trkpt><trkpt lat="38.02695946608604" lon="-105.53245450706389"><ele>3090.6</ele></trkpt><trkpt lat="38.027072302601816" lon="-105.53248720240907"><ele>3089.8</ele></trkpt><trkpt lat="38.02712046326258" lon="-105.5327291215963"><ele>3088.5</ele></trkpt><trkpt lat="38.02753355085683" lon="-105.53306253501566"><ele>3085.2</ele></trkpt><trkpt lat="38.02749660806385" lon="-105.53313478118166"><ele>3084.7</ele></trkpt><trkpt lat="38.02755865256715" lon="-105.53349306767275"><ele>3082.7</ele></trkpt><trkpt lat="38.02789702362227" lon="-105.53408487978801"><ele>3078.8</ele></trkpt><trkpt lat="38.028167602748" lon="-105.53504605262418"><ele>3076.7</ele></trkpt><trkpt lat="38.028182733020294" lon="-105.53535529609748"><ele>3076.2</ele></trkpt><trkpt lat="38.028572588548855" lon="-105.53628227944634"><ele>3074.4</ele></trkpt><trkpt lat="38.028563725048386" lon="-105.53648425230456"><ele>3073.8</ele></trkpt><trkpt lat="38.02865315638322" lon="-105.5366828853157"><ele>3072.4</ele></trkpt><trkpt lat="38.02889416742535" lon="-105.53702957023269"><ele>3069.6</ele></trkpt><trkpt lat="38.029122298693345" lon="-105.5371396533506"><ele>3067.8</ele></trkpt><trkpt lat="38.029328513571514" lon="-105.53738460476741"><ele>3065.6</ele></trkpt><trkpt lat="38.029440311395824" lon="-105.53739897489898"><ele>3064.8</ele></trkpt><trkpt lat="38.02967297828321" lon="-105.53725399916806"><ele>3062.8</ele></trkpt><trkpt lat="38.02998572828228" lon="-105.53692045391264"><ele>3059.6</ele></trkpt><trkpt lat="38.0307856938229" lon="-105.535804373695"><ele>3047.1</ele></trkpt><trkpt lat="38.0307856938229" lon="-105.535804373695"><ele>3047.1</ele></trkpt><trkpt lat="38.0309582081831" lon="-105.5356223520286"><ele>3044.7</ele></trkpt><trkpt lat="38.03130638611248" lon="-105.53546977375102"><ele>3040.7</ele></trkpt><trkpt lat="38.031572338541395" lon="-105.53554439296627"><ele>3037.5</ele></trkpt><trkpt lat="38.031936677796" lon="-105.53541216138872"><ele>3032.9</ele></trkpt><trkpt lat="38.03247865320123" lon="-105.53548269368582"><ele>3026.4</ele></trkpt><trkpt lat="38.03270210861222" lon="-105.53541572096259"><ele>3023.6</ele></trkpt><trkpt lat="38.03369386719489" lon="-105.53678220182127"><ele>3013.4</ele></trkpt><trkpt lat="38.033971862752665" lon="-105.53686139135358"><ele>3012.0</ele></trkpt><trkpt lat="38.03423874956226" lon="-105.53708511716324"><ele>3010.3</ele></trkpt><trkpt lat="38.034722620331436" lon="-105.53772944397944"><ele>3001.9</ele></trkpt><trkpt lat="38.03496701279116" lon="-105.53890854183823"><ele>2988.0</ele></trkpt><trkpt lat="38.03494593731566" lon="-105.53930369848338"><ele>2983.5</ele></trkpt><trkpt lat="38.03468078084067" lon="-105.540386116558"><ele>2972.8</ele></trkpt><trkpt lat="38.03472781133525" lon="-105.54052164403727"><ele>2971.4</ele></trkpt><trkpt lat="38.034861808447125" lon="-105.54050371433183"><ele>2969.8</ele></trkpt><trkpt lat="38.03540312632521" lon="-105.53998964155214"><ele>2961.7</ele></trkpt><trkpt lat="38.03576431637082" lon="-105.53943817127411"><ele>2957.4</ele></trkpt><trkpt lat="38.03657850801625" lon="-105.53853236958706"><ele>2949.3</ele></trkpt><trkpt lat="38.03703251321012" lon="-105.53789445879289"><ele>2943.3</ele></trkpt><trkpt lat="38.03810224067013" lon="-105.53580538443819"><ele>2927.7</ele></trkpt><trkpt lat="38.0383863616124" lon="-105.53539067210943"><ele>2925.8</ele></trkpt><trkpt lat="38.03853350926728" lon="-105.53525408994159"><ele>2924.9</ele></trkpt><trkpt lat="38.03883572950953" lon="-105.53521396783115"><ele>2923.5</ele></trkpt><trkpt lat="38.039399022637106" lon="-105.53529144349457"><ele>2920.8</ele></trkpt><trkpt lat="38.04018819364413" lon="-105.5351389531077"><ele>2916.7</ele></trkpt><trkpt lat="38.040416746884176" lon="-105.53518744583666"><ele>2915.5</ele></trkpt><trkpt lat="38.040416746884176" lon="-105.53518744583666"><ele>2915.5</ele></trkpt><trkpt lat="38.04049183276076" lon="-105.53520337700026"><ele>2915.1</ele></trkpt><trkpt lat="38.04096078804562" lon="-105.53511539839666"><ele>2912.6</ele></trkpt><trkpt lat="38.04164468549523" lon="-105.53624844152188"><ele>2909.7</ele></trkpt><trkpt lat="38.04160848689527" lon="-105.53681322724292"><ele>2908.6</ele></trkpt><trkpt lat="38.04167008680724" lon="-105.53692212383619"><ele>2908.4</ele></trkpt><trkpt lat="38.04181155896461" lon="-105.5370026317292"><ele>2907.8</ele></trkpt><trkpt lat="38.04213748479096" lon="-105.53693504377098"><ele>2905.5</ele></trkpt><trkpt lat="38.04233515821633" lon="-105.53705497064873"><ele>2904.1</ele></trkpt><trkpt lat="38.04252314176791" lon="-105.53701445303008"><ele>2902.8</ele></trkpt><trkpt lat="38.04346568963439" lon="-105.53661806591494"><ele>2896.0</ele></trkpt><trkpt lat="38.04437788743188" lon="-105.53601214734027"><ele>2887.6</ele></trkpt><trkpt lat="38.044826563195166" lon="-105.53587323606855"><ele>2883.8</ele></trkpt><trkpt lat="38.04472295075897" lon="-105.53714395999552"><ele>2876.9</ele></trkpt><trkpt lat="38.04449243558278" lon="-105.53795237877269"><ele>2873.1</ele></trkpt><trkpt lat="38.044512265217364" lon="-105.53810566017597"><ele>2872.4</ele></trkpt><trkpt lat="38.04465996657932" lon="-105.5383826038123"><ele>2870.9</ele></trkpt><trkpt lat="38.04455759998404" lon="-105.53906560254217"><ele>2867.1</ele></trkpt><trkpt lat="38.044648788617764" lon="-105.53915670126608"><ele>2866.3</ele></trkpt><trkpt lat="38.04471384919894" lon="-105.53941826402765"><ele>2864.6</ele></trkpt><trkpt lat="38.04483372678043" lon="-105.53946106680482"><ele>2863.7</ele></trkpt><trkpt lat="38.04500129238366" lon="-105.53948730218262"><ele>2862.5</ele></trkpt><trkpt lat="38.04508684012657" lon="-105.53942076891296"><ele>2861.7</ele></trkpt><trkpt lat="38.045305000713675" lon="-105.53940780503281"><ele>2860.1</ele></trkpt><trkpt lat="38.045384353858694" lon="-105.5393351633586"><ele>2859.4</ele></trkpt><trkpt lat="38.045384353858694" lon="-105.5393351633586"><ele>2859.4</ele></trkpt><trkpt lat="38.04548325978477" lon="-105.53923703337766"><ele>2858.4</ele></trkpt><trkpt lat="38.04573782661197" lon="-105.53865308748121"><ele>2854.3</ele></trkpt><trkpt lat="38.04607780275532" lon="-105.53838831670863"><ele>2851.1</ele></trkpt><trkpt lat="38.04640235040985" lon="-105.53795427867672"><ele>2847.2</ele></trkpt><trkpt lat="38.04640235040985" lon="-105.53795427867672"><ele>2847.2</ele></trkpt><trkpt lat="38.046494398115016" lon="-105.53783117747962"><ele>2846.1</ele></trkpt><trkpt lat="38.046949960610036" lon="-105.53743360383986"><ele>2841.5</ele></trkpt><trkpt lat="38.046949960610036" lon="-105.53743360383986"><ele>2841.5</ele></trkpt><trkpt lat="38.04727640553677" lon="-105.53713758791883"><ele>2837.1</ele></trkpt><trkpt lat="38.04745047719811" lon="-105.53706195796039"><ele>2834.9</ele></trkpt><trkpt lat="38.04757502668304" lon="-105.5370555858837"><ele>2833.4</ele></trkpt><trkpt lat="38.04773086061764" lon="-105.53716290044414"><ele>2831.2</ele></trkpt><trkpt lat="38.04808104573517" lon="-105.53719840829216"><ele>2827.0</ele></trkpt><trkpt lat="38.04832921032433" lon="-105.53738328640672"><ele>2823.5</ele></trkpt><trkpt lat="38.04874701691825" lon="-105.53718860847768"><ele>2818.4</ele></trkpt><trkpt lat="38.0488903232303" lon="-105.53687844215187"><ele>2815.9</ele></trkpt><trkpt lat="38.04893956855319" lon="-105.53687149878556"><ele>2815.4</ele></trkpt><trkpt lat="38.04910924516464" lon="-105.53712537110975"><ele>2813.0</ele></trkpt><trkpt lat="38.04929224535255" lon="-105.53699489734646"><ele>2811.1</ele></trkpt><trkpt lat="38.04943562087798" lon="-105.53666640580703"><ele>2808.4</ele></trkpt><trkpt lat="38.04988658068295" lon="-105.53619003814316"><ele>2803.1</ele></trkpt><trkpt lat="38.050507909233204" lon="-105.53645085383367"><ele>2796.8</ele></trkpt><trkpt lat="38.05076856683822" lon="-105.53643446221571"><ele>2794.3</ele></trkpt><trkpt lat="38.05115706156392" lon="-105.53631646893366"><ele>2790.4</ele></trkpt><trkpt lat="38.05149226198376" lon="-105.53650666443635"><ele>2786.8</ele></trkpt><trkpt lat="38.0516189570836" lon="-105.53651373963874"><ele>2785.6</ele></trkpt><trkpt lat="38.05182337881393" lon="-105.53623710361991"><ele>2783.1</ele></trkpt><trkpt lat="38.051850752707395" lon="-105.53587697142385"><ele>2781.3</ele></trkpt><trkpt lat="38.051850752707395" lon="-105.53587697142385"><ele>2781.3</ele></trkpt><trkpt lat="38.052025447289196" lon="-105.53597404671623"><ele>2780.1</ele></trkpt><trkpt lat="38.05202735092498" lon="-105.53597214158859"><ele>2780.0</ele></trkpt><trkpt lat="38.05202735092498" lon="-105.53597214158859"><ele>2780.0</ele></trkpt><trkpt lat="38.052025447289196" lon="-105.53597404671623"><ele>2780.0</ele></trkpt><trkpt lat="38.051850752707395" lon="-105.53587697142385"><ele>2778.8</ele></trkpt><trkpt lat="38.051850752707395" lon="-105.53587697142385"><ele>2778.8</ele></trkpt><trkpt lat="38.05182337881393" lon="-105.53623710361991"><ele>2776.9</ele></trkpt><trkpt lat="38.0516189570836" lon="-105.53651373963874"><ele>2775.0</ele></trkpt><trkpt lat="38.05149226198376" lon="-105.53650666443635"><ele>2774.2</ele></trkpt><trkpt lat="38.05115706156392" lon="-105.53631646893366"><ele>2773.1</ele></trkpt><trkpt lat="38.05076856683822" lon="-105.53643446221571"><ele>2774.0</ele></trkpt><trkpt lat="38.050507909233204" lon="-105.53645085383367"><ele>2774.6</ele></trkpt><trkpt lat="38.04988658068295" lon="-105.53619003814316"><ele>2776.1</ele></trkpt><trkpt lat="38.04943562087798" lon="-105.53666640580703"><ele>2778.8</ele></trkpt><trkpt lat="38.04929224535255" lon="-105.53699489734646"><ele>2781.9</ele></trkpt><trkpt lat="38.04910924516464" lon="-105.53712537110975"><ele>2784.1</ele></trkpt><trkpt lat="38.04893956855319" lon="-105.53687149878556"><ele>2786.9</ele></trkpt><trkpt lat="38.0488903232303" lon="-105.53687844215187"><ele>2787.4</ele></trkpt><trkpt lat="38.04874701691825" lon="-105.53718860847768"><ele>2790.4</ele></trkpt><trkpt lat="38.04832921032433" lon="-105.53738328640672"><ele>2795.1</ele></trkpt><trkpt lat="38.04808104573517" lon="-105.53719840829216"><ele>2797.7</ele></trkpt><trkpt lat="38.04773086061764" lon="-105.53716290044414"><ele>2800.3</ele></trkpt><trkpt lat="38.04757502668304" lon="-105.5370555858837"><ele>2801.5</ele></trkpt><trkpt lat="38.04745047719811" lon="-105.53706195796039"><ele>2802.4</ele></trkpt><trkpt lat="38.04727640553677" lon="-105.53713758791883"><ele>2803.7</ele></trkpt><trkpt lat="38.046949960610036" lon="-105.53743360383986"><ele>2806.6</ele></trkpt><trkpt lat="38.046949960610036" lon="-105.53743360383986"><ele>2806.6</ele></trkpt><trkpt lat="38.046494398115016" lon="-105.53783117747962"><ele>2811.6</ele></trkpt><trkpt lat="38.04641498289256" lon="-105.53793738446149"><ele>2813.1</ele></trkpt><trkpt lat="38.04641498289256" lon="-105.53793738446149"><ele>2813.1</ele></trkpt><trkpt lat="38.04607780275532" lon="-105.53838831670863"><ele>2819.3</ele></trkpt><trkpt lat="38.04573782661197" lon="-105.53865308748121"><ele>2824.4</ele></trkpt><trkpt lat="38.04548325978477" lon="-105.53923703337766"><ele>2831.2</ele></trkpt><trkpt lat="38.045384353858694" lon="-105.5393351633586"><ele>2832.8</ele></trkpt><trkpt lat="38.045384353858694" lon="-105.5393351633586"><ele>2832.8</ele></trkpt><trkpt lat="38.04554870103956" lon="-105.53934689676878"><ele>2834.2</ele></trkpt><trkpt lat="38.04597308290498" lon="-105.53917902550715"><ele>2837.2</ele></trkpt><trkpt lat="38.0464167753046" lon="-105.53936592510811"><ele>2840.4</ele></trkpt><trkpt lat="38.0464167753046" lon="-105.53936592510811"><ele>2840.4</ele></trkpt><trkpt lat="38.047161718959096" lon="-105.53953691649004"><ele>2845.6</ele></trkpt><trkpt lat="38.0473846898764" lon="-105.53951424068612"><ele>2846.2</ele></trkpt><trkpt lat="38.0475304532636" lon="-105.53956877687347"><ele>2846.2</ele></trkpt><trkpt lat="38.04761814662142" lon="-105.5397200807357"><ele>2846.2</ele></trkpt><trkpt lat="38.04769528493814" lon="-105.53966233653733"><ele>2846.2</ele></trkpt><trkpt lat="38.04773058376411" lon="-105.53950707759302"><ele>2846.2</ele></trkpt><trkpt lat="38.04796466342958" lon="-105.5395768188737"><ele>2846.2</ele></trkpt><trkpt lat="38.048110738277" lon="-105.5395584497147"><ele>2846.2</ele></trkpt><trkpt lat="38.048554915170314" lon="-105.53990671666453"><ele>2846.2</ele></trkpt><trkpt lat="38.04870140529804" lon="-105.5398008962462"><ele>2846.2</ele></trkpt><trkpt lat="38.04890648455552" lon="-105.53949143304612"><ele>2844.6</ele></trkpt><trkpt lat="38.048875429294846" lon="-105.53937352793152"><ele>2844.1</ele></trkpt><trkpt lat="38.048875429294846" lon="-105.53937352793152"><ele>2844.1</ele></trkpt><trkpt lat="38.04883851701221" lon="-105.53923338591308"><ele>2843.5</ele></trkpt><trkpt lat="38.048935623390285" lon="-105.53900570502132"><ele>2842.4</ele></trkpt><trkpt lat="38.04946233724429" lon="-105.53894154480092"><ele>2839.5</ele></trkpt><trkpt lat="38.049853462078595" lon="-105.5391193477131"><ele>2837.3</ele></trkpt><trkpt lat="38.05005338493895" lon="-105.53910137406231"><ele>2836.3</ele></trkpt><trkpt lat="38.050226799073144" lon="-105.53899085149085"><ele>2834.4</ele></trkpt><trkpt lat="38.05074773360957" lon="-105.53894466492123"><ele>2829.4</ele></trkpt><trkpt lat="38.051100998722696" lon="-105.53948339104589"><ele>2824.0</ele></trkpt><trkpt lat="38.05138778438026" lon="-105.53971858659358"><ele>2820.7</ele></trkpt><trkpt lat="38.05138778438026" lon="-105.53971858659358"><ele>2820.7</ele></trkpt><trkpt lat="38.051639617278795" lon="-105.53998344525688"><ele>2817.6</ele></trkpt><trkpt lat="38.051642662667696" lon="-105.54027928539648"><ele>2816.2</ele></trkpt><trkpt lat="38.05234514391097" lon="-105.54043511563043"><ele>2812.0</ele></trkpt><trkpt lat="38.052582165145274" lon="-105.54069927116802"><ele>2810.1</ele></trkpt><trkpt lat="38.05267736815529" lon="-105.54088951061607"><ele>2809.0</ele></trkpt><trkpt lat="38.05267664141475" lon="-105.54104498928717"><ele>2808.3</ele></trkpt><trkpt lat="38.052895182675464" lon="-105.54115349037224"><ele>2806.9</ele></trkpt><trkpt lat="38.052895182675464" lon="-105.54115349037224"><ele>2806.9</ele></trkpt><trkpt lat="38.05380371216359" lon="-105.54196788571788"><ele>2804.0</ele></trkpt><trkpt lat="38.05385465321439" lon="-105.54231654817592"><ele>2803.3</ele></trkpt><trkpt lat="38.05395196723262" lon="-105.54251127005033"><ele>2802.8</ele></trkpt><trkpt lat="38.05426595375019" lon="-105.54287562100062"><ele>2803.3</ele></trkpt><trkpt lat="38.054909499796786" lon="-105.54398638383013"><ele>2808.2</ele></trkpt><trkpt lat="38.05555712943305" lon="-105.54479831823582"><ele>2813.8</ele></trkpt><trkpt lat="38.056094121474615" lon="-105.54518582838895"><ele>2819.3</ele></trkpt><trkpt lat="38.0566349894657" lon="-105.54575566782599"><ele>2825.6</ele></trkpt><trkpt lat="38.0568834655151" lon="-105.54591668361199"><ele>2828.2</ele></trkpt><trkpt lat="38.05806687595871" lon="-105.54623555111836"><ele>2842.0</ele></trkpt><trkpt lat="38.05815806459243" lon="-105.54636119089244"><ele>2843.5</ele></trkpt><trkpt lat="38.05827787296054" lon="-105.54700881361038"><ele>2848.4</ele></trkpt><trkpt lat="38.05828153699268" lon="-105.54705878947277"><ele>2848.6</ele></trkpt><trkpt lat="38.05828153699268" lon="-105.54705878947277"><ele>2848.6</ele></trkpt><trkpt lat="38.058326391542884" lon="-105.54767058673309"><ele>2851.1</ele></trkpt><trkpt lat="38.058433464648296" lon="-105.54793316023785"><ele>2852.3</ele></trkpt><trkpt lat="38.0587191774984" lon="-105.54851662273538"><ele>2855.1</ele></trkpt><trkpt lat="38.05917674718157" lon="-105.54866801448833"><ele>2857.5</ele></trkpt><trkpt lat="38.05917674718157" lon="-105.54866801448833"><ele>2857.5</ele></trkpt><trkpt lat="38.05917470538673" lon="-105.54934569583007"><ele>2859.9</ele></trkpt><trkpt lat="38.05899963013132" lon="-105.55006850905288"><ele>2862.6</ele></trkpt><trkpt lat="38.05842052174544" lon="-105.55149787571662"><ele>2870.0</ele></trkpt><trkpt lat="38.058276869366466" lon="-105.55250290601853"><ele>2875.9</ele></trkpt><trkpt lat="38.0581586529062" lon="-105.55272997167529"><ele>2877.5</ele></trkpt><trkpt lat="38.05799883920201" lon="-105.55344373215468"><ele>2880.8</ele></trkpt><trkpt lat="38.05798932236167" lon="-105.55385717006811"><ele>2882.5</ele></trkpt><trkpt lat="38.05812117385864" lon="-105.55417507077664"><ele>2884.0</ele></trkpt><trkpt lat="38.05824195121412" lon="-105.55428242928242"><ele>2884.8</ele></trkpt><trkpt lat="38.05868709709481" lon="-105.55399889384265"><ele>2887.3</ele></trkpt><trkpt lat="38.05890982576528" lon="-105.55400350810507"><ele>2888.6</ele></trkpt><trkpt lat="38.05945899936247" lon="-105.55377486041549"><ele>2893.4</ele></trkpt><trkpt lat="38.060398674873504" lon="-105.5535151433589"><ele>2901.3</ele></trkpt><trkpt lat="38.060921166711076" lon="-105.55367400582244"><ele>2904.0</ele></trkpt><trkpt lat="38.06172978667906" lon="-105.55421585206741"><ele>2904.6</ele></trkpt><trkpt lat="38.06230827214448" lon="-105.55447332791083"><ele>2905.1</ele></trkpt><trkpt lat="38.06230827214448" lon="-105.55447332791083"><ele>2905.1</ele></trkpt><trkpt lat="38.06303743514737" lon="-105.5531746107918"><ele>2909.0</ele></trkpt><trkpt lat="38.06330030758068" lon="-105.55320089011495"><ele>2909.8</ele></trkpt><trkpt lat="38.064050234598845" lon="-105.55399331278238"><ele>2907.5</ele></trkpt><trkpt lat="38.06442876259721" lon="-105.55450255157287"><ele>2904.7</ele></trkpt><trkpt lat="38.064888789355514" lon="-105.5549391926345"><ele>2901.7</ele></trkpt><trkpt lat="38.0650143770412" lon="-105.5552893052893"><ele>2898.0</ele></trkpt><trkpt lat="38.065193639706365" lon="-105.55550727425728"><ele>2894.0</ele></trkpt><trkpt lat="38.06529853259017" lon="-105.55593143483769"><ele>2888.3</ele></trkpt><trkpt lat="38.0653923513325" lon="-105.55593499441156"><ele>2886.7</ele></trkpt><trkpt lat="38.0653923513325" lon="-105.55593499441156"><ele>2886.7</ele></trkpt><trkpt lat="38.06562417572833" lon="-105.55594369559213"><ele>2882.9</ele></trkpt><trkpt lat="38.06596620491753" lon="-105.55531136585824"><ele>2873.1</ele></trkpt><trkpt lat="38.06621224593925" lon="-105.55520150246713"><ele>2872.6</ele></trkpt><trkpt lat="38.066487308248355" lon="-105.55555420789796"><ele>2872.3</ele></trkpt><trkpt lat="38.06681408310175" lon="-105.55581124428781"><ele>2872.1</ele></trkpt><trkpt lat="38.06681408310175" lon="-105.55581124428781"><ele>2872.1</ele></trkpt><trkpt lat="38.06717299237229" lon="-105.5558176163645"><ele>2871.8</ele></trkpt><trkpt lat="38.0678705063893" lon="-105.55545119998246"><ele>2870.6</ele></trkpt><trkpt lat="38.067997695035" lon="-105.55553865124178"><ele>2870.1</ele></trkpt><trkpt lat="38.06885833705122" lon="-105.5553002037377"><ele>2866.8</ele></trkpt><trkpt lat="38.06917656809294" lon="-105.5553328990829"><ele>2865.6</ele></trkpt><trkpt lat="38.06940123229034" lon="-105.55521134622697"><ele>2864.7</ele></trkpt><trkpt lat="38.06940123229034" lon="-105.55521134622697"><ele>2864.7</ele></trkpt><trkpt lat="38.06980123487366" lon="-105.55507454433236"><ele>2859.7</ele></trkpt><trkpt lat="38.070630780182654" lon="-105.55525718123374"><ele>2848.8</ele></trkpt><trkpt lat="38.07098757944302" lon="-105.5556782656392"><ele>2842.5</ele></trkpt><trkpt lat="38.0711210635289" lon="-105.55595186942843"><ele>2839.4</ele></trkpt><trkpt lat="38.07107813692859" lon="-105.556640625"><ele>2832.9</ele></trkpt><trkpt lat="38.07107813692859" lon="-105.556640625"><ele>2832.9</ele></trkpt><trkpt lat="38.07120044833768" lon="-105.55743766192985"><ele>2825.2</ele></trkpt><trkpt lat="38.07135959844887" lon="-105.55774259875822"><ele>2821.7</ele></trkpt><trkpt lat="38.0715268081071" lon="-105.55780421014796"><ele>2819.7</ele></trkpt><trkpt lat="38.07151757248882" lon="-105.55823184241153"><ele>2817.5</ele></trkpt><trkpt lat="38.07198969591149" lon="-105.55826343912281"><ele>2814.7</ele></trkpt><trkpt lat="38.07261484695683" lon="-105.55898062734"><ele>2809.6</ele></trkpt><trkpt lat="38.072778908894975" lon="-105.55929009054009"><ele>2807.8</ele></trkpt><trkpt lat="38.073085898079256" lon="-105.55953912887507"><ele>2805.1</ele></trkpt><trkpt lat="38.073167289127205" lon="-105.5597499786953"><ele>2803.8</ele></trkpt><trkpt lat="38.07335594479042" lon="-105.5599913265929"><ele>2801.8</ele></trkpt><trkpt lat="38.07382063129201" lon="-105.56045943252974"><ele>2797.4</ele></trkpt><trkpt lat="38.0738573316328" lon="-105.56077706956613"><ele>2795.6</ele></trkpt><trkpt lat="38.07355227950704" lon="-105.56176399438118"><ele>2796.6</ele></trkpt><trkpt lat="38.073551383941926" lon="-105.56185334745132"><ele>2796.7</ele></trkpt><trkpt lat="38.073551383941926" lon="-105.56185334745132"><ele>2796.7</ele></trkpt><trkpt lat="38.073549685232244" lon="-105.56202283253064"><ele>2797.0</ele></trkpt><trkpt lat="38.073877601566544" lon="-105.56230852129289"><ele>2797.6</ele></trkpt><trkpt lat="38.07419790802811" lon="-105.56296089010932"><ele>2799.1</ele></trkpt><trkpt lat="38.074233709020305" lon="-105.5637935227779"><ele>2802.9</ele></trkpt><trkpt lat="38.074121013723136" lon="-105.56419456810082"><ele>2804.9</ele></trkpt><trkpt lat="38.07415076140747" lon="-105.56443349900381"><ele>2806.0</ele></trkpt><trkpt lat="38.07466024238721" lon="-105.56556390540766"><ele>2814.9</ele></trkpt><trkpt lat="38.07466024238721" lon="-105.56556390540766"><ele>2814.9</ele></trkpt><trkpt lat="38.07480355012698" lon="-105.56592570752727"><ele>2818.8</ele></trkpt><trkpt lat="38.0748135121422" lon="-105.56617158179658"><ele>2821.2</ele></trkpt><trkpt lat="38.07514125552485" lon="-105.56691430226587"><ele>2829.5</ele></trkpt><trkpt lat="38.07536747628712" lon="-105.5672077693562"><ele>2831.5</ele></trkpt><trkpt lat="38.07597235739872" lon="-105.56760266232922"><ele>2834.0</ele></trkpt><trkpt lat="38.07620892066985" lon="-105.56808544601513"><ele>2835.7</ele></trkpt><trkpt lat="38.076819301644015" lon="-105.56856396700147"><ele>2837.7</ele></trkpt><trkpt lat="38.07720270086864" lon="-105.56897736096955"><ele>2837.7</ele></trkpt><trkpt lat="38.07776209569546" lon="-105.56994749865844"><ele>2837.7</ele></trkpt><trkpt lat="38.07826936289405" lon="-105.57049132244445"><ele>2836.0</ele></trkpt><trkpt lat="38.07839703580437" lon="-105.5708598482036"><ele>2834.7</ele></trkpt><trkpt lat="38.0783907764125" lon="-105.57089355929075"><ele>2834.6</ele></trkpt><trkpt lat="38.0783907764125" lon="-105.57089355929075"><ele>2834.6</ele></trkpt><trkpt lat="38.07831388064956" lon="-105.57130769533113"><ele>2833.3</ele></trkpt><trkpt lat="38.07842771742764" lon="-105.57140485851423"><ele>2832.7</ele></trkpt><trkpt lat="38.0785008759769" lon="-105.57139505869975"><ele>2832.4</ele></trkpt><trkpt lat="38.07866950383869" lon="-105.57113824203668"><ele>2831.3</ele></trkpt><trkpt lat="38.07898745815777" lon="-105.57086824176668"><ele>2831.0</ele></trkpt><trkpt lat="38.07904460138396" lon="-105.57092449182294"><ele>2831.1</ele></trkpt><trkpt lat="38.079141661851686" lon="-105.57090287070756"><ele>2831.2</ele></trkpt><trkpt lat="38.07953830917294" lon="-105.57120987296769"><ele>2831.9</ele></trkpt><trkpt lat="38.079774422769766" lon="-105.57128607421576"><ele>2832.3</ele></trkpt><trkpt lat="38.08021524194322" lon="-105.57161373079342"><ele>2833.0</ele></trkpt><trkpt lat="38.08030825534227" lon="-105.57142916029635"><ele>2833.3</ele></trkpt><trkpt lat="38.08054402303579" lon="-105.57024057024057"><ele>2830.8</ele></trkpt><trkpt lat="38.08035747738274" lon="-105.56968044272732"><ele>2829.3</ele></trkpt><trkpt lat="38.080368615469204" lon="-105.56924722940347"><ele>2828.2</ele></trkpt><trkpt lat="38.08051558978402" lon="-105.56884772216803"><ele>2827.9</ele></trkpt><trkpt lat="38.08075073485159" lon="-105.56843555866993"><ele>2828.5</ele></trkpt><trkpt lat="38.08103406424972" lon="-105.56818080743862"><ele>2829.1</ele></trkpt><trkpt lat="38.08107263246836" lon="-105.56798129552035"><ele>2829.3</ele></trkpt><trkpt lat="38.081189962869836" lon="-105.5678251576689"><ele>2829.6</ele></trkpt><trkpt lat="38.08143513913329" lon="-105.567679566703"><ele>2830.1</ele></trkpt><trkpt lat="38.08182673626627" lon="-105.56836300488644"><ele>2830.7</ele></trkpt><trkpt lat="38.082201487908236" lon="-105.56864188211844"><ele>2830.7</ele></trkpt><trkpt lat="38.08249069766257" lon="-105.56872028063434"><ele>2830.7</ele></trkpt><trkpt lat="38.082551507463805" lon="-105.5688764184858"><ele>2830.7</ele></trkpt><trkpt lat="38.08239349883352" lon="-105.56992504258129"><ele>2831.0</ele></trkpt><trkpt lat="38.08240155838055" lon="-105.57021095107032"><ele>2831.4</ele></trkpt><trkpt lat="38.08252386978964" lon="-105.57041446201602"><ele>2831.7</ele></trkpt><trkpt lat="38.082838607207975" lon="-105.56988395367301"><ele>2832.4</ele></trkpt><trkpt lat="38.083562167743935" lon="-105.56958503735848"><ele>2833.4</ele></trkpt><trkpt lat="38.08380993828219" lon="-105.56957031566407"><ele>2833.2</ele></trkpt><trkpt lat="38.08398008811852" lon="-105.56933657031313"><ele>2832.9</ele></trkpt><trkpt lat="38.084190570280356" lon="-105.56930268844332"><ele>2832.8</ele></trkpt><trkpt lat="38.08450925099638" lon="-105.56936728811729"><ele>2832.5</ele></trkpt><trkpt lat="38.08472220137456" lon="-105.56944350045536"><ele>2832.3</ele></trkpt><trkpt lat="38.08472220137456" lon="-105.56944350045536"><ele>2832.3</ele></trkpt><trkpt lat="38.08477521604854" lon="-105.56946247375934"><ele>2832.3</ele></trkpt><trkpt lat="38.08498808494319" lon="-105.56965926106551"><ele>2832.1</ele></trkpt><trkpt lat="38.08531814587799" lon="-105.56955093576187"><ele>2831.3</ele></trkpt><trkpt lat="38.08531814587799" lon="-105.56955093576187"><ele>2831.3</ele></trkpt><trkpt lat="38.08530507073302" lon="-105.56935124806219"><ele>2830.6</ele></trkpt><trkpt lat="38.08506736598098" lon="-105.56921194128225"><ele>2829.4</ele></trkpt><trkpt lat="38.08509590300375" lon="-105.56911016383673"><ele>2829.0</ele></trkpt><trkpt lat="38.08486739927965" lon="-105.5685628244222"><ele>2826.6</ele></trkpt><trkpt lat="38.08456096354067" lon="-105.56809924485705"><ele>2824.4</ele></trkpt><trkpt lat="38.08453024732707" lon="-105.56793045074295"><ele>2823.7</ele></trkpt><trkpt lat="38.084670268985434" lon="-105.56787160791067"><ele>2822.4</ele></trkpt><trkpt lat="38.08465404612037" lon="-105.56769635382916"><ele>2821.0</ele></trkpt><trkpt lat="38.08456476847704" lon="-105.56731424895487"><ele>2818.0</ele></trkpt><trkpt lat="38.08443557359216" lon="-105.56720680255836"><ele>2816.5</ele></trkpt><trkpt lat="38.08458995023773" lon="-105.56703001038939"><ele>2814.5</ele></trkpt><trkpt lat="38.0844516580959" lon="-105.56685589888716"><ele>2812.6</ele></trkpt><trkpt lat="38.084550344309164" lon="-105.56667106471794"><ele>2810.9</ele></trkpt><trkpt lat="38.08458590316904" lon="-105.56631444815038"><ele>2808.1</ele></trkpt><trkpt lat="38.08437092426423" lon="-105.5664365283506"><ele>2805.8</ele></trkpt><trkpt lat="38.084262310626066" lon="-105.56641789551946"><ele>2804.0</ele></trkpt><trkpt lat="38.08414885434163" lon="-105.56587859810516"><ele>2794.1</ele></trkpt><trkpt lat="38.08408230254551" lon="-105.5658202386718"><ele>2792.2</ele></trkpt><trkpt lat="38.08388870046502" lon="-105.5658587787494"><ele>2787.8</ele></trkpt><trkpt lat="38.083730968557376" lon="-105.56578446715166"><ele>2784.0</ele></trkpt><trkpt lat="38.0837201054996" lon="-105.56570984016143"><ele>2782.7</ele></trkpt><trkpt lat="38.0837201054996" lon="-105.56570984016143"><ele>2782.7</ele></trkpt><trkpt lat="38.08367271844061" lon="-105.56538430073586"><ele>2776.8</ele></trkpt><trkpt lat="38.08360537106689" lon="-105.56530766003422"><ele>2774.8</ele></trkpt><trkpt lat="38.08349267576972" lon="-105.56528300668926"><ele>2772.2</ele></trkpt><trkpt lat="38.08331716443214" lon="-105.56501994978558"><ele>2766.1</ele></trkpt><trkpt lat="38.08309267318639" lon="-105.56482975428288"><ele>2763.5</ele></trkpt><trkpt lat="38.08280619606818" lon="-105.56466333321802"><ele>2764.7</ele></trkpt><trkpt lat="38.08267565216041" lon="-105.5646866682023"><ele>2765.1</ele></trkpt><trkpt lat="38.08267565216041" lon="-105.5646866682023"><ele>2765.1</ele></trkpt><trkpt lat="38.08280619606818" lon="-105.56466333321802"><ele>2765.6</ele></trkpt><trkpt lat="38.08309267318639" lon="-105.56482975428288"><ele>2766.8</ele></trkpt><trkpt lat="38.08331716443214" lon="-105.56501994978558"><ele>2767.8</ele></trkpt><trkpt lat="38.08349267576972" lon="-105.56528300668926"><ele>2768.8</ele></trkpt><trkpt lat="38.08360537106689" lon="-105.56530766003422"><ele>2769.2</ele></trkpt><trkpt lat="38.08367271844061" lon="-105.56538430073586"><ele>2769.5</ele></trkpt><trkpt lat="38.083730968557376" lon="-105.56578446715166"><ele>2770.6</ele></trkpt><trkpt lat="38.08388870046502" lon="-105.5658587787494"><ele>2771.2</ele></trkpt><trkpt lat="38.08408230254551" lon="-105.5658202386718"><ele>2771.9</ele></trkpt><trkpt lat="38.08414885434163" lon="-105.56587859810516"><ele>2772.1</ele></trkpt><trkpt lat="38.084262310626066" lon="-105.56641789551946"><ele>2773.6</ele></trkpt><trkpt lat="38.08437092426423" lon="-105.5664365283506"><ele>2774.0</ele></trkpt><trkpt lat="38.08458590316904" lon="-105.56631444815038"><ele>2774.8</ele></trkpt><trkpt lat="38.084550344309164" lon="-105.56667106471794"><ele>2775.8</ele></trkpt><trkpt lat="38.0844516580959" lon="-105.56685589888716"><ele>2777.8</ele></trkpt><trkpt lat="38.08458995023773" lon="-105.56703001038939"><ele>2780.1</ele></trkpt><trkpt lat="38.08443557359216" lon="-105.56720680255836"><ele>2782.6</ele></trkpt><trkpt lat="38.08456476847704" lon="-105.56731424895487"><ele>2784.4</ele></trkpt><trkpt lat="38.08465404612037" lon="-105.56769635382916"><ele>2788.2</ele></trkpt><trkpt lat="38.084670268985434" lon="-105.56787160791067"><ele>2789.9</ele></trkpt><trkpt lat="38.08453024732707" lon="-105.56793045074295"><ele>2791.6</ele></trkpt><trkpt lat="38.08456096354067" lon="-105.56809924485705"><ele>2793.3</ele></trkpt><trkpt lat="38.08486739927965" lon="-105.5685628244222"><ele>2799.1</ele></trkpt><trkpt lat="38.08509590300375" lon="-105.56911016383673"><ele>2805.7</ele></trkpt><trkpt lat="38.08506736598098" lon="-105.56921194128225"><ele>2806.9</ele></trkpt><trkpt lat="38.08530507073302" lon="-105.56935124806219"><ele>2810.5</ele></trkpt><trkpt lat="38.08531814587799" lon="-105.56955093576187"><ele>2812.6</ele></trkpt><trkpt lat="38.08531814587799" lon="-105.56955093576187"><ele>2812.6</ele></trkpt><trkpt lat="38.08498808494319" lon="-105.56965926106551"><ele>2817.3</ele></trkpt><trkpt lat="38.08484342085361" lon="-105.56952552590174"><ele>2819.8</ele></trkpt><trkpt lat="38.08484342085361" lon="-105.56952552590174"><ele>2819.8</ele></trkpt><trkpt lat="38.08477521604854" lon="-105.56946247375934"><ele>2820.9</ele></trkpt><trkpt lat="38.08450925099638" lon="-105.56936728811729"><ele>2822.6</ele></trkpt><trkpt lat="38.084190570280356" lon="-105.56930268844332"><ele>2823.3</ele></trkpt><trkpt lat="38.08398008811852" lon="-105.56933657031313"><ele>2823.8</ele></trkpt><trkpt lat="38.08380993828219" lon="-105.56957031566407"><ele>2824.3</ele></trkpt><trkpt lat="38.083562167743935" lon="-105.56958503735848"><ele>2824.9</ele></trkpt><trkpt lat="38.082838607207975" lon="-105.56988395367301"><ele>2826.8</ele></trkpt><trkpt lat="38.08252386978964" lon="-105.57041446201602"><ele>2828.7</ele></trkpt><trkpt lat="38.08240155838055" lon="-105.57021095107032"><ele>2829.5</ele></trkpt><trkpt lat="38.08239349883352" lon="-105.56992504258129"><ele>2830.3</ele></trkpt><trkpt lat="38.082551507463805" lon="-105.5688764184858"><ele>2833.4</ele></trkpt><trkpt lat="38.08249069766257" lon="-105.56872028063434"><ele>2833.2</ele></trkpt><trkpt lat="38.082201487908236" lon="-105.56864188211844"><ele>2832.7</ele></trkpt><trkpt lat="38.08182673626627" lon="-105.56836300488644"><ele>2832.0</ele></trkpt><trkpt lat="38.08143513913329" lon="-105.567679566703"><ele>2831.0</ele></trkpt><trkpt lat="38.081189962869836" lon="-105.5678251576689"><ele>2830.7</ele></trkpt><trkpt lat="38.08107263246836" lon="-105.56798129552035"><ele>2830.7</ele></trkpt><trkpt lat="38.08103406424972" lon="-105.56818080743862"><ele>2830.7</ele></trkpt><trkpt lat="38.08075073485159" lon="-105.56843555866993"><ele>2830.7</ele></trkpt><trkpt lat="38.08051558978402" lon="-105.56884772216803"><ele>2830.7</ele></trkpt><trkpt lat="38.080368615469204" lon="-105.56924722940347"><ele>2830.7</ele></trkpt><trkpt lat="38.08035747738274" lon="-105.56968044272732"><ele>2830.7</ele></trkpt><trkpt lat="38.08054402303579" lon="-105.57024057024057"><ele>2830.0</ele></trkpt><trkpt lat="38.08030825534227" lon="-105.57142916029635"><ele>2828.4</ele></trkpt><trkpt lat="38.08021524194322" lon="-105.57161373079342"><ele>2828.1</ele></trkpt><trkpt lat="38.079774422769766" lon="-105.57128607421576"><ele>2828.1</ele></trkpt><trkpt lat="38.07953830917294" lon="-105.57120987296769"><ele>2828.7</ele></trkpt><trkpt lat="38.079141661851686" lon="-105.57090287070756"><ele>2829.9</ele></trkpt><trkpt lat="38.07904460138396" lon="-105.57092449182294"><ele>2830.1</ele></trkpt><trkpt lat="38.07898745815777" lon="-105.57086824176668"><ele>2830.3</ele></trkpt><trkpt lat="38.07866950383869" lon="-105.57113824203668"><ele>2831.2</ele></trkpt><trkpt lat="38.0785008759769" lon="-105.57139505869975"><ele>2831.9</ele></trkpt><trkpt lat="38.07842771742764" lon="-105.57140485851423"><ele>2831.9</ele></trkpt><trkpt lat="38.07831388064956" lon="-105.57130769533113"><ele>2831.9</ele></trkpt><trkpt lat="38.07839703580437" lon="-105.5708598482036"><ele>2831.9</ele></trkpt><trkpt lat="38.07836145138916" lon="-105.57075713437342"><ele>2831.9</ele></trkpt><trkpt lat="38.07836145138916" lon="-105.57075713437342"><ele>2831.9</ele></trkpt><trkpt lat="38.07826936289405" lon="-105.57049132244445"><ele>2831.9</ele></trkpt><trkpt lat="38.07776209569546" lon="-105.56994749865844"><ele>2831.9</ele></trkpt><trkpt lat="38.07720270086864" lon="-105.56897736096955"><ele>2833.3</ele></trkpt><trkpt lat="38.076819301644015" lon="-105.56856396700147"><ele>2834.4</ele></trkpt><trkpt lat="38.07620892066985" lon="-105.56808544601513"><ele>2836.1</ele></trkpt><trkpt lat="38.07597235739872" lon="-105.56760266232922"><ele>2836.5</ele></trkpt><trkpt lat="38.07536747628712" lon="-105.5672077693562"><ele>2837.1</ele></trkpt><trkpt lat="38.07514125552485" lon="-105.56691430226587"><ele>2837.4</ele></trkpt><trkpt lat="38.0748135121422" lon="-105.56617158179658"><ele>2836.9</ele></trkpt><trkpt lat="38.07480355012698" lon="-105.56592570752727"><ele>2836.5</ele></trkpt><trkpt lat="38.07466024238721" lon="-105.56556390540766"><ele>2835.8</ele></trkpt><trkpt lat="38.07466024238721" lon="-105.56556390540766"><ele>2835.8</ele></trkpt><trkpt lat="38.07415076140747" lon="-105.56443349900381"><ele>2833.4</ele></trkpt><trkpt lat="38.074121013723136" lon="-105.56419456810082"><ele>2831.6</ele></trkpt><trkpt lat="38.074233709020305" lon="-105.5637935227779"><ele>2828.4</ele></trkpt><trkpt lat="38.07419790802811" lon="-105.56296089010932"><ele>2822.0</ele></trkpt><trkpt lat="38.073877601566544" lon="-105.56230852129289"><ele>2816.1</ele></trkpt><trkpt lat="38.073549685232244" lon="-105.56202283253064"><ele>2812.5</ele></trkpt><trkpt lat="38.07355137887614" lon="-105.56185385287895"><ele>2811.3</ele></trkpt><trkpt lat="38.07355137887614" lon="-105.56185385287895"><ele>2811.3</ele></trkpt><trkpt lat="38.07355227950704" lon="-105.56176399438118"><ele>2810.7</ele></trkpt><trkpt lat="38.0738573316328" lon="-105.56077706956613"><ele>2803.2</ele></trkpt><trkpt lat="38.07382063129201" lon="-105.56045943252974"><ele>2800.9</ele></trkpt><trkpt lat="38.07335594479042" lon="-105.5599913265929"><ele>2798.6</ele></trkpt><trkpt lat="38.073167289127205" lon="-105.5597499786953"><ele>2798.0</ele></trkpt><trkpt lat="38.073085898079256" lon="-105.55953912887507"><ele>2797.6</ele></trkpt><trkpt lat="38.072778908894975" lon="-105.55929009054009"><ele>2796.7</ele></trkpt><trkpt lat="38.07261484695683" lon="-105.55898062734"><ele>2796.1</ele></trkpt><trkpt lat="38.07198969591149" lon="-105.55826343912281"><ele>2797.7</ele></trkpt><trkpt lat="38.07151757248882" lon="-105.55823184241153"><ele>2799.8</ele></trkpt><trkpt lat="38.0715268081071" lon="-105.55780421014796"><ele>2801.3</ele></trkpt><trkpt lat="38.07135959844887" lon="-105.55774259875822"><ele>2802.1</ele></trkpt><trkpt lat="38.07120044833768" lon="-105.55743766192985"><ele>2803.4</ele></trkpt><trkpt lat="38.07107813692859" lon="-105.556640625"><ele>2806.9</ele></trkpt><trkpt lat="38.07107813692859" lon="-105.556640625"><ele>2806.9</ele></trkpt><trkpt lat="38.0711210635289" lon="-105.55595186942843"><ele>2810.0</ele></trkpt><trkpt lat="38.07098757944302" lon="-105.5556782656392"><ele>2811.4</ele></trkpt><trkpt lat="38.070630780182654" lon="-105.55525718123374"><ele>2814.7</ele></trkpt><trkpt lat="38.06980123487366" lon="-105.55507454433236"><ele>2824.2</ele></trkpt><trkpt lat="38.06940123229034" lon="-105.55521134622697"><ele>2828.9</ele></trkpt><trkpt lat="38.06940123229034" lon="-105.55521134622697"><ele>2828.9</ele></trkpt><trkpt lat="38.06917656809294" lon="-105.5553328990829"><ele>2831.7</ele></trkpt><trkpt lat="38.06885833705122" lon="-105.5553002037377"><ele>2835.3</ele></trkpt><trkpt lat="38.067997695035" lon="-105.55553865124178"><ele>2847.2</ele></trkpt><trkpt lat="38.0678705063893" lon="-105.55545119998246"><ele>2849.1</ele></trkpt><trkpt lat="38.06717299237229" lon="-105.5558176163645"><ele>2859.3</ele></trkpt><trkpt lat="38.06681408310175" lon="-105.55581124428781"><ele>2862.0</ele></trkpt><trkpt lat="38.06681408310175" lon="-105.55581124428781"><ele>2862.0</ele></trkpt><trkpt lat="38.066487308248355" lon="-105.55555420789796"><ele>2864.3</ele></trkpt><trkpt lat="38.06621224593925" lon="-105.55520150246713"><ele>2866.6</ele></trkpt><trkpt lat="38.06596620491753" lon="-105.55531136585824"><ele>2868.2</ele></trkpt><trkpt lat="38.06562417572833" lon="-105.55594369559213"><ele>2871.6</ele></trkpt><trkpt lat="38.0653923513325" lon="-105.55593499441156"><ele>2871.7</ele></trkpt><trkpt lat="38.0653923513325" lon="-105.55593499441156"><ele>2871.7</ele></trkpt><trkpt lat="38.06529853259017" lon="-105.55593143483769"><ele>2871.8</ele></trkpt><trkpt lat="38.065193639706365" lon="-105.55550727425728"><ele>2872.0</ele></trkpt><trkpt lat="38.0650143770412" lon="-105.5552893052893"><ele>2872.2</ele></trkpt><trkpt lat="38.064888789355514" lon="-105.5549391926345"><ele>2872.4</ele></trkpt><trkpt lat="38.06442876259721" lon="-105.55450255157287"><ele>2873.9</ele></trkpt><trkpt lat="38.064050234598845" lon="-105.55399331278238"><ele>2879.7</ele></trkpt><trkpt lat="38.06330030758068" lon="-105.55320089011495"><ele>2890.0</ele></trkpt><trkpt lat="38.06303743514737" lon="-105.5531746107918"><ele>2892.8</ele></trkpt><trkpt lat="38.06230827214448" lon="-105.55447332791083"><ele>2906.0</ele></trkpt><trkpt lat="38.06230827214448" lon="-105.55447332791083"><ele>2906.0</ele></trkpt><trkpt lat="38.06172978667906" lon="-105.55421585206741"><ele>2912.3</ele></trkpt><trkpt lat="38.060921166711076" lon="-105.55367400582244"><ele>2910.1</ele></trkpt><trkpt lat="38.060398674873504" lon="-105.5535151433589"><ele>2908.8</ele></trkpt><trkpt lat="38.05945899936247" lon="-105.55377486041549"><ele>2906.5</ele></trkpt><trkpt lat="38.05890982576528" lon="-105.55400350810507"><ele>2905.2</ele></trkpt><trkpt lat="38.05868709709481" lon="-105.55399889384265"><ele>2904.7</ele></trkpt><trkpt lat="38.05824195121412" lon="-105.55428242928242"><ele>2903.5</ele></trkpt><trkpt lat="38.05812117385864" lon="-105.55417507077664"><ele>2903.1</ele></trkpt><trkpt lat="38.05798932236167" lon="-105.55385717006811"><ele>2902.2</ele></trkpt><trkpt lat="38.05799883920201" lon="-105.55344373215468"><ele>2901.2</ele></trkpt><trkpt lat="38.0581586529062" lon="-105.55272997167529"><ele>2899.4</ele></trkpt><trkpt lat="38.058276869366466" lon="-105.55250290601853"><ele>2898.7</ele></trkpt><trkpt lat="38.05842052174544" lon="-105.55149787571662"><ele>2891.9</ele></trkpt><trkpt lat="38.05899963013132" lon="-105.55006850905288"><ele>2879.3</ele></trkpt><trkpt lat="38.05917470538673" lon="-105.54934569583007"><ele>2876.7</ele></trkpt><trkpt lat="38.05917674718157" lon="-105.54866801448833"><ele>2874.3</ele></trkpt><trkpt lat="38.05917674718157" lon="-105.54866801448833"><ele>2874.3</ele></trkpt><trkpt lat="38.0587191774984" lon="-105.54851662273538"><ele>2872.3</ele></trkpt><trkpt lat="38.058433464648296" lon="-105.54793316023785"><ele>2869.3</ele></trkpt><trkpt lat="38.058326391542884" lon="-105.54767058673309"><ele>2867.9</ele></trkpt><trkpt lat="38.05827787296054" lon="-105.54700881361038"><ele>2864.8</ele></trkpt><trkpt lat="38.05826336837708" lon="-105.54693040925586"><ele>2864.4</ele></trkpt><trkpt lat="38.05826336837708" lon="-105.54693040925586"><ele>2864.4</ele></trkpt><trkpt lat="38.05815806459243" lon="-105.54636119089244"><ele>2861.6</ele></trkpt><trkpt lat="38.05806687595871" lon="-105.54623555111836"><ele>2860.8</ele></trkpt><trkpt lat="38.0568834655151" lon="-105.54591668361199"><ele>2853.0</ele></trkpt><trkpt lat="38.0566349894657" lon="-105.54575566782599"><ele>2851.2</ele></trkpt><trkpt lat="38.056094121474615" lon="-105.54518582838895"><ele>2846.0</ele></trkpt><trkpt lat="38.05555712943305" lon="-105.54479831823582"><ele>2840.9</ele></trkpt><trkpt lat="38.054909499796786" lon="-105.54398638383013"><ele>2833.4</ele></trkpt><trkpt lat="38.05426595375019" lon="-105.54287562100062"><ele>2823.7</ele></trkpt><trkpt lat="38.05395196723262" lon="-105.54251127005033"><ele>2819.9</ele></trkpt><trkpt lat="38.05385465321439" lon="-105.54231654817592"><ele>2818.3</ele></trkpt><trkpt lat="38.05380371216359" lon="-105.54196788571788"><ele>2816.1</ele></trkpt><trkpt lat="38.052895182675464" lon="-105.54115349037224"><ele>2809.7</ele></trkpt><trkpt lat="38.052895182675464" lon="-105.54115349037224"><ele>2809.7</ele></trkpt><trkpt lat="38.05267664141475" lon="-105.54104498928717"><ele>2808.3</ele></trkpt><trkpt lat="38.05267736815529" lon="-105.54088951061607"><ele>2807.6</ele></trkpt><trkpt lat="38.052582165145274" lon="-105.54069927116802"><ele>2806.6</ele></trkpt><trkpt lat="38.05234514391097" lon="-105.54043511563043"><ele>2805.9</ele></trkpt><trkpt lat="38.051642662667696" lon="-105.54027928539648"><ele>2804.3</ele></trkpt><trkpt lat="38.051639617278795" lon="-105.53998344525688"><ele>2803.7</ele></trkpt><trkpt lat="38.05138778438026" lon="-105.53971858659358"><ele>2803.0</ele></trkpt><trkpt lat="38.05138778438026" lon="-105.53971858659358"><ele>2803.0</ele></trkpt><trkpt lat="38.051100998722696" lon="-105.53948339104589"><ele>2802.6</ele></trkpt><trkpt lat="38.05074773360957" lon="-105.53894466492123"><ele>2805.1</ele></trkpt><trkpt lat="38.050226799073144" lon="-105.53899085149085"><ele>2807.4</ele></trkpt><trkpt lat="38.05005338493895" lon="-105.53910137406231"><ele>2808.3</ele></trkpt><trkpt lat="38.049853462078595" lon="-105.5391193477131"><ele>2809.2</ele></trkpt><trkpt lat="38.04946233724429" lon="-105.53894154480092"><ele>2811.3</ele></trkpt><trkpt lat="38.048935623390285" lon="-105.53900570502132"><ele>2816.1</ele></trkpt><trkpt lat="38.04883851701221" lon="-105.53923338591308"><ele>2817.9</ele></trkpt><trkpt lat="38.04890648455552" lon="-105.53949143304612"><ele>2819.8</ele></trkpt><trkpt lat="38.04870140529804" lon="-105.5398008962462"><ele>2822.7</ele></trkpt><trkpt lat="38.048554915170314" lon="-105.53990671666453"><ele>2824.2</ele></trkpt><trkpt lat="38.048110738277" lon="-105.5395584497147"><ele>2828.8</ele></trkpt><trkpt lat="38.04796466342958" lon="-105.5395768188737"><ele>2830.2</ele></trkpt><trkpt lat="38.04773058376411" lon="-105.53950707759302"><ele>2832.3</ele></trkpt><trkpt lat="38.04769528493814" lon="-105.53966233653733"><ele>2833.4</ele></trkpt><trkpt lat="38.04761814662142" lon="-105.5397200807357"><ele>2834.2</ele></trkpt><trkpt lat="38.0475304532636" lon="-105.53956877687347"><ele>2835.5</ele></trkpt><trkpt lat="38.0473846898764" lon="-105.53951424068612"><ele>2836.9</ele></trkpt><trkpt lat="38.047161718959096" lon="-105.53953691649004"><ele>2838.9</ele></trkpt><trkpt lat="38.0464167753046" lon="-105.53936592510811"><ele>2843.8</ele></trkpt><trkpt lat="38.0464167753046" lon="-105.53936592510811"><ele>2843.8</ele></trkpt><trkpt lat="38.04597308290498" lon="-105.53917902550715"><ele>2844.9</ele></trkpt><trkpt lat="38.04554870103956" lon="-105.53934689676878"><ele>2845.9</ele></trkpt><trkpt lat="38.045384353858694" lon="-105.5393351633586"><ele>2846.2</ele></trkpt><trkpt lat="38.045384353858694" lon="-105.5393351633586"><ele>2846.2</ele></trkpt><trkpt lat="38.04548325978477" lon="-105.53923703337766"><ele>2846.5</ele></trkpt><trkpt lat="38.04573782661197" lon="-105.53865308748121"><ele>2847.1</ele></trkpt><trkpt lat="38.04607780275532" lon="-105.53838831670863"><ele>2846.2</ele></trkpt><trkpt lat="38.046384257998064" lon="-105.53797847479922"><ele>2845.1</ele></trkpt><trkpt lat="38.046384257998064" lon="-105.53797847479922"><ele>2845.1</ele></trkpt><trkpt lat="38.046494398115016" lon="-105.53783117747962"><ele>2844.7</ele></trkpt><trkpt lat="38.046949960610036" lon="-105.53743360383986"><ele>2843.3</ele></trkpt><trkpt lat="38.046949960610036" lon="-105.53743360383986"><ele>2843.3</ele></trkpt><trkpt lat="38.04727640553677" lon="-105.53713758791883"><ele>2839.3</ele></trkpt><trkpt lat="38.04745047719811" lon="-105.53706195796039"><ele>2837.3</ele></trkpt><trkpt lat="38.04757502668304" lon="-105.5370555858837"><ele>2835.9</ele></trkpt><trkpt lat="38.04773086061764" lon="-105.53716290044414"><ele>2833.9</ele></trkpt><trkpt lat="38.04808104573517" lon="-105.53719840829216"><ele>2830.0</ele></trkpt><trkpt lat="38.04832921032433" lon="-105.53738328640672"><ele>2826.8</ele></trkpt><trkpt lat="38.04874701691825" lon="-105.53718860847768"><ele>2821.8</ele></trkpt><trkpt lat="38.0488903232303" lon="-105.53687844215187"><ele>2818.8</ele></trkpt><trkpt lat="38.04893956855319" lon="-105.53687149878556"><ele>2818.3</ele></trkpt><trkpt lat="38.04910924516464" lon="-105.53712537110975"><ele>2815.5</ele></trkpt><trkpt lat="38.04929224535255" lon="-105.53699489734646"><ele>2813.3</ele></trkpt><trkpt lat="38.04943562087798" lon="-105.53666640580703"><ele>2810.2</ele></trkpt><trkpt lat="38.04988658068295" lon="-105.53619003814316"><ele>2804.0</ele></trkpt><trkpt lat="38.050507909233204" lon="-105.53645085383367"><ele>2798.4</ele></trkpt><trkpt lat="38.05076856683822" lon="-105.53643446221571"><ele>2796.2</ele></trkpt><trkpt lat="38.05115706156392" lon="-105.53631646893366"><ele>2793.0</ele></trkpt><trkpt lat="38.05149226198376" lon="-105.53650666443635"><ele>2790.1</ele></trkpt><trkpt lat="38.0516189570836" lon="-105.53651373963874"><ele>2789.0</ele></trkpt><trkpt lat="38.05182337881393" lon="-105.53623710361991"><ele>2786.6</ele></trkpt><trkpt lat="38.051850752707395" lon="-105.53587697142385"><ele>2784.2</ele></trkpt><trkpt lat="38.051850752707395" lon="-105.53587697142385"><ele>2784.2</ele></trkpt><trkpt lat="38.05186317650986" lon="-105.53584862666894"><ele>2784.0</ele></trkpt><trkpt lat="38.052019085263446" lon="-105.53592418744536"><ele>2782.6</ele></trkpt><trkpt lat="38.052019085263446" lon="-105.53592418744536"><ele>2782.6</ele></trkpt><trkpt lat="38.05186317650986" lon="-105.53584862666894"><ele>2781.3</ele></trkpt><trkpt lat="38.051850752707395" lon="-105.53587697142385"><ele>2781.1</ele></trkpt><trkpt lat="38.051850752707395" lon="-105.53587697142385"><ele>2781.1</ele></trkpt><trkpt lat="38.05182337881393" lon="-105.53623710361991"><ele>2778.7</ele></trkpt><trkpt lat="38.0516189570836" lon="-105.53651373963874"><ele>2776.2</ele></trkpt><trkpt lat="38.05149226198376" lon="-105.53650666443635"><ele>2775.2</ele></trkpt><trkpt lat="38.05115706156392" lon="-105.53631646893366"><ele>2772.9</ele></trkpt><trkpt lat="38.05076856683822" lon="-105.53643446221571"><ele>2773.8</ele></trkpt><trkpt lat="38.050507909233204" lon="-105.53645085383367"><ele>2774.4</ele></trkpt><trkpt lat="38.04988658068295" lon="-105.53619003814316"><ele>2775.9</ele></trkpt><trkpt lat="38.04943562087798" lon="-105.53666640580703"><ele>2778.0</ele></trkpt><trkpt lat="38.04929224535255" lon="-105.53699489734646"><ele>2781.1</ele></trkpt><trkpt lat="38.04910924516464" lon="-105.53712537110975"><ele>2783.4</ele></trkpt><trkpt lat="38.04893956855319" lon="-105.53687149878556"><ele>2786.1</ele></trkpt><trkpt lat="38.0488903232303" lon="-105.53687844215187"><ele>2786.6</ele></trkpt><trkpt lat="38.04874701691825" lon="-105.53718860847768"><ele>2789.6</ele></trkpt><trkpt lat="38.04832921032433" lon="-105.53738328640672"><ele>2794.3</ele></trkpt><trkpt lat="38.04808104573517" lon="-105.53719840829216"><ele>2796.6</ele></trkpt><trkpt lat="38.04773086061764" lon="-105.53716290044414"><ele>2799.0</ele></trkpt><trkpt lat="38.04757502668304" lon="-105.5370555858837"><ele>2800.2</ele></trkpt><trkpt lat="38.04745047719811" lon="-105.53706195796039"><ele>2801.1</ele></trkpt><trkpt lat="38.04727640553677" lon="-105.53713758791883"><ele>2802.3</ele></trkpt><trkpt lat="38.046949960610036" lon="-105.53743360383986"><ele>2805.0</ele></trkpt><trkpt lat="38.046949960610036" lon="-105.53743360383986"><ele>2805.0</ele></trkpt><trkpt lat="38.046494398115016" lon="-105.53783117747962"><ele>2809.3</ele></trkpt><trkpt lat="38.04607780275532" lon="-105.53838831670863"><ele>2816.6</ele></trkpt><trkpt lat="38.04573782661197" lon="-105.53865308748121"><ele>2821.4</ele></trkpt><trkpt lat="38.04548325978477" lon="-105.53923703337766"><ele>2827.7</ele></trkpt><trkpt lat="38.045384353858694" lon="-105.5393351633586"><ele>2829.2</ele></trkpt><trkpt lat="38.045384353858694" lon="-105.5393351633586"><ele>2829.2</ele></trkpt><trkpt lat="38.045305000713675" lon="-105.53940780503281"><ele>2830.3</ele></trkpt><trkpt lat="38.04508684012657" lon="-105.53942076891296"><ele>2832.3</ele></trkpt><trkpt lat="38.04500129238366" lon="-105.53948730218262"><ele>2833.1</ele></trkpt><trkpt lat="38.04483372678043" lon="-105.53946106680482"><ele>2834.5</ele></trkpt><trkpt lat="38.04471384919894" lon="-105.53941826402765"><ele>2835.5</ele></trkpt><trkpt lat="38.044648788617764" lon="-105.53915670126608"><ele>2837.3</ele></trkpt><trkpt lat="38.04455759998404" lon="-105.53906560254217"><ele>2838.2</ele></trkpt><trkpt lat="38.04465996657932" lon="-105.5383826038123"><ele>2842.8</ele></trkpt><trkpt lat="38.044512265217364" lon="-105.53810566017597"><ele>2844.9</ele></trkpt><trkpt lat="38.04449243558278" lon="-105.53795237877269"><ele>2846.0</ele></trkpt><trkpt lat="38.04472295075897" lon="-105.53714395999552"><ele>2853.5</ele></trkpt><trkpt lat="38.044826563195166" lon="-105.53587323606855"><ele>2864.8</ele></trkpt><trkpt lat="38.04437788743188" lon="-105.53601214734027"><ele>2867.4</ele></trkpt><trkpt lat="38.04346568963439" lon="-105.53661806591494"><ele>2872.1</ele></trkpt><trkpt lat="38.04252314176791" lon="-105.53701445303008"><ele>2877.4</ele></trkpt><trkpt lat="38.04233515821633" lon="-105.53705497064873"><ele>2878.5</ele></trkpt><trkpt lat="38.04213748479096" lon="-105.53693504377098"><ele>2879.8</ele></trkpt><trkpt lat="38.04181155896461" lon="-105.5370026317292"><ele>2881.8</ele></trkpt><trkpt lat="38.04167008680724" lon="-105.53692212383619"><ele>2882.7</ele></trkpt><trkpt lat="38.04160848689527" lon="-105.53681322724292"><ele>2883.4</ele></trkpt><trkpt lat="38.04164468549523" lon="-105.53624844152188"><ele>2886.3</ele></trkpt><trkpt lat="38.04096078804562" lon="-105.53511539839666"><ele>2897.2</ele></trkpt><trkpt lat="38.04049183276076" lon="-105.53520337700026"><ele>2901.8</ele></trkpt><trkpt lat="38.04024588525076" lon="-105.53515119368431"><ele>2903.2</ele></trkpt><trkpt lat="38.04024588525076" lon="-105.53515119368431"><ele>2903.2</ele></trkpt><trkpt lat="38.04018819364413" lon="-105.5351389531077"><ele>2903.4</ele></trkpt><trkpt lat="38.039399022637106" lon="-105.53529144349457"><ele>2907.1</ele></trkpt><trkpt lat="38.03883572950953" lon="-105.53521396783115"><ele>2909.6</ele></trkpt><trkpt lat="38.03853350926728" lon="-105.53525408994159"><ele>2911.0</ele></trkpt><trkpt lat="38.0383863616124" lon="-105.53539067210943"><ele>2911.7</ele></trkpt><trkpt lat="38.03810224067013" lon="-105.53580538443819"><ele>2913.3</ele></trkpt><trkpt lat="38.03703251321012" lon="-105.53789445879289"><ele>2922.0</ele></trkpt><trkpt lat="38.03657850801625" lon="-105.53853236958706"><ele>2925.8</ele></trkpt><trkpt lat="38.03576431637082" lon="-105.53943817127411"><ele>2932.8</ele></trkpt><trkpt lat="38.03540312632521" lon="-105.53998964155214"><ele>2936.6</ele></trkpt><trkpt lat="38.034861808447125" lon="-105.54050371433183"><ele>2941.2</ele></trkpt><trkpt lat="38.03472781133525" lon="-105.54052164403727"><ele>2942.1</ele></trkpt><trkpt lat="38.03468078084067" lon="-105.540386116558"><ele>2942.9</ele></trkpt><trkpt lat="38.03494593731566" lon="-105.53930369848338"><ele>2948.8</ele></trkpt><trkpt lat="38.03496701279116" lon="-105.53890854183823"><ele>2950.9</ele></trkpt><trkpt lat="38.034722620331436" lon="-105.53772944397944"><ele>2960.9</ele></trkpt><trkpt lat="38.03423874956226" lon="-105.53708511716324"><ele>2969.5</ele></trkpt><trkpt lat="38.033971862752665" lon="-105.53686139135358"><ele>2973.5</ele></trkpt><trkpt lat="38.03369386719489" lon="-105.53678220182127"><ele>2976.7</ele></trkpt><trkpt lat="38.03270210861222" lon="-105.53541572096259"><ele>2993.1</ele></trkpt><trkpt lat="38.03247865320123" lon="-105.53548269368582"><ele>2995.6</ele></trkpt><trkpt lat="38.031936677796" lon="-105.53541216138872"><ele>3001.7</ele></trkpt><trkpt lat="38.031572338541395" lon="-105.53554439296627"><ele>3006.0</ele></trkpt><trkpt lat="38.03130638611248" lon="-105.53546977375102"><ele>3009.0</ele></trkpt><trkpt lat="38.0309582081831" lon="-105.5356223520286"><ele>3013.1</ele></trkpt><trkpt lat="38.0307856938229" lon="-105.535804373695"><ele>3015.6</ele></trkpt><trkpt lat="38.0307856938229" lon="-105.535804373695"><ele>3015.6</ele></trkpt><trkpt lat="38.02998572828228" lon="-105.53692045391264"><ele>3024.6</ele></trkpt><trkpt lat="38.02967297828321" lon="-105.53725399916806"><ele>3027.6</ele></trkpt><trkpt lat="38.029440311395824" lon="-105.53739897489898"><ele>3029.8</ele></trkpt><trkpt lat="38.029328513571514" lon="-105.53738460476741"><ele>3031.2</ele></trkpt><trkpt lat="38.029122298693345" lon="-105.5371396533506"><ele>3034.6</ele></trkpt><trkpt lat="38.02889416742535" lon="-105.53702957023269"><ele>3037.5</ele></trkpt><trkpt lat="38.02865315638322" lon="-105.5366828853157"><ele>3041.9</ele></trkpt><trkpt lat="38.028563725048386" lon="-105.53648425230456"><ele>3044.0</ele></trkpt><trkpt lat="38.028572588548855" lon="-105.53628227944634"><ele>3045.9</ele></trkpt><trkpt lat="38.028182733020294" lon="-105.53535529609748"><ele>3054.5</ele></trkpt><trkpt lat="38.028167602748" lon="-105.53504605262418"><ele>3056.5</ele></trkpt><trkpt lat="38.02789702362227" lon="-105.53408487978801"><ele>3063.0</ele></trkpt><trkpt lat="38.02755865256715" lon="-105.53349306767275"><ele>3067.4</ele></trkpt><trkpt lat="38.02749660806385" lon="-105.53313478118166"><ele>3069.1</ele></trkpt><trkpt lat="38.02753355085683" lon="-105.53306253501566"><ele>3069.5</ele></trkpt><trkpt lat="38.02712046326258" lon="-105.5327291215963"><ele>3072.3</ele></trkpt><trkpt lat="38.027072302601816" lon="-105.53248720240907"><ele>3073.5</ele></trkpt><trkpt lat="38.02695946608604" lon="-105.53245450706389"><ele>3074.1</ele></trkpt><trkpt lat="38.02688876582056" lon="-105.53214636222448"><ele>3075.6</ele></trkpt><trkpt lat="38.02673697837498" lon="-105.53182622030278"><ele>3077.2</ele></trkpt><trkpt lat="38.0264785173163" lon="-105.531533807901"><ele>3078.5</ele></trkpt><trkpt lat="38.026263161953274" lon="-105.5314066739848"><ele>3079.4</ele></trkpt><trkpt lat="38.02581372015787" lon="-105.53144908125377"><ele>3081.0</ele></trkpt><trkpt lat="38.025681183127375" lon="-105.5313633878087"><ele>3081.6</ele></trkpt><trkpt lat="38.025332944503376" lon="-105.53137362707675"><ele>3082.9</ele></trkpt><trkpt lat="38.02513427744983" lon="-105.53152879813037"><ele>3083.8</ele></trkpt><trkpt lat="38.02513867457702" lon="-105.53163193788194"><ele>3084.1</ele></trkpt><trkpt lat="38.02528786529395" lon="-105.5317513374154"><ele>3084.7</ele></trkpt><trkpt lat="38.02531822970767" lon="-105.53186880335318"><ele>3085.1</ele></trkpt><trkpt lat="38.025402536831294" lon="-105.53259236364705"><ele>3087.2</ele></trkpt><trkpt lat="38.025420367701386" lon="-105.53450003157035"><ele>3093.0</ele></trkpt><trkpt lat="38.02530818902354" lon="-105.53521647271647"><ele>3095.3</ele></trkpt><trkpt lat="38.025174128578904" lon="-105.53550739097614"><ele>3096.4</ele></trkpt><trkpt lat="38.02521217930945" lon="-105.53604356827013"><ele>3098.0</ele></trkpt><trkpt lat="38.02508528583589" lon="-105.53626043860419"><ele>3098.0</ele></trkpt><trkpt lat="38.02508528583589" lon="-105.53626043860419"><ele>3098.0</ele></trkpt><trkpt lat="38.02476478027391" lon="-105.53662250439594"><ele>3098.0</ele></trkpt><trkpt lat="38.02448990789014" lon="-105.53642444267444"><ele>3098.0</ele></trkpt><trkpt lat="38.02407034578578" lon="-105.53628654214592"><ele>3098.0</ele></trkpt><trkpt lat="38.02377057942998" lon="-105.53583539911665"><ele>3098.0</ele></trkpt><trkpt lat="38.02314836862147" lon="-105.53560424654175"><ele>3098.0</ele></trkpt><trkpt lat="38.023083485028174" lon="-105.53551393883426"><ele>3098.0</ele></trkpt><trkpt lat="38.02297040615106" lon="-105.5349480544793"><ele>3098.0</ele></trkpt><trkpt lat="38.02292092981445" lon="-105.53429674035142"><ele>3098.0</ele></trkpt><trkpt lat="38.02272541345834" lon="-105.53345694458976"><ele>3102.2</ele></trkpt><trkpt lat="38.02243205236655" lon="-105.53301454668642"><ele>3105.9</ele></trkpt><trkpt lat="38.02212297241064" lon="-105.53267651900464"><ele>3109.2</ele></trkpt><trkpt lat="38.02200109927916" lon="-105.5326052396365"><ele>3110.3</ele></trkpt><trkpt lat="38.02164496660005" lon="-105.53266772993335"><ele>3111.8</ele></trkpt><trkpt lat="38.02061493090069" lon="-105.53230711433837"><ele>3110.2</ele></trkpt><trkpt lat="38.02034639453483" lon="-105.5321468456234"><ele>3109.8</ele></trkpt><trkpt lat="38.01973543621716" lon="-105.53227679204242"><ele>3106.5</ele></trkpt><trkpt lat="38.01953888116959" lon="-105.53188730434825"><ele>3102.4</ele></trkpt><trkpt lat="38.01944200587928" lon="-105.53131557526089"><ele>3097.2</ele></trkpt><trkpt lat="38.01921886033029" lon="-105.53056740556741"><ele>3090.2</ele></trkpt><trkpt lat="38.019109901595975" lon="-105.52933478226447"><ele>3081.8</ele></trkpt><trkpt lat="38.01882602721954" lon="-105.52863583137021"><ele>3076.8</ele></trkpt><trkpt lat="38.01868213382907" lon="-105.52793169492388"><ele>3074.4</ele></trkpt><trkpt lat="38.0183937584563" lon="-105.52752757342601"><ele>3074.7</ele></trkpt><trkpt lat="38.01743414603803" lon="-105.52710459937022"><ele>3075.3</ele></trkpt><trkpt lat="38.01723624069156" lon="-105.52709871069246"><ele>3075.3</ele></trkpt><trkpt lat="38.016996406833094" lon="-105.52719314926347"><ele>3073.2</ele></trkpt><trkpt lat="38.01691701618238" lon="-105.52705248017747"><ele>3072.1</ele></trkpt><trkpt lat="38.016848531792014" lon="-105.52665974052692"><ele>3069.4</ele></trkpt><trkpt lat="38.01670623106179" lon="-105.52640639554701"><ele>3067.4</ele></trkpt><trkpt lat="38.016440533785925" lon="-105.52628027237402"><ele>3065.1</ele></trkpt><trkpt lat="38.01612442535113" lon="-105.52632122944622"><ele>3062.5</ele></trkpt><trkpt lat="38.01582600929423" lon="-105.52651546792171"><ele>3059.7</ele></trkpt><trkpt lat="38.01547261183597" lon="-105.52660085374929"><ele>3057.7</ele></trkpt><trkpt lat="38.01488900572678" lon="-105.52684431102399"><ele>3054.3</ele></trkpt><trkpt lat="38.01483360884883" lon="-105.52679544378763"><ele>3053.9</ele></trkpt><trkpt lat="38.0149492844546" lon="-105.52655510663323"><ele>3052.7</ele></trkpt><trkpt lat="38.014973659080894" lon="-105.52631960346804"><ele>3051.6</ele></trkpt><trkpt lat="38.015027740282996" lon="-105.52531685832467"><ele>3045.4</ele></trkpt><trkpt lat="38.01492404425208" lon="-105.52520387481324"><ele>3044.2</ele></trkpt><trkpt lat="38.015005027563035" lon="-105.52510218525843"><ele>3043.2</ele></trkpt><trkpt lat="38.01509961773213" lon="-105.52464111057861"><ele>3039.8</ele></trkpt><trkpt lat="38.015599609178665" lon="-105.52365220822252"><ele>3031.7</ele></trkpt><trkpt lat="38.015740594233044" lon="-105.52326298420049"><ele>3028.9</ele></trkpt><trkpt lat="38.016530207482106" lon="-105.52201317826318"><ele>3018.5</ele></trkpt><trkpt lat="38.01665204599055" lon="-105.52164865153146"><ele>3017.6</ele></trkpt><trkpt lat="38.01656541912265" lon="-105.52091507169632"><ele>3017.2</ele></trkpt><trkpt lat="38.01624719868189" lon="-105.52027070093476"><ele>3016.7</ele></trkpt><trkpt lat="38.01597783136286" lon="-105.51997965083902"><ele>3016.4</ele></trkpt><trkpt lat="38.01565431359564" lon="-105.51985137434356"><ele>3018.0</ele></trkpt><trkpt lat="38.01520130562622" lon="-105.51951993846525"><ele>3021.8</ele></trkpt><trkpt lat="38.01481096537497" lon="-105.51914394199551"><ele>3025.4</ele></trkpt><trkpt lat="38.0145468261363" lon="-105.51854044041544"><ele>3029.1</ele></trkpt><trkpt lat="38.01450531310089" lon="-105.5177796144593"><ele>3029.1</ele></trkpt><trkpt lat="38.01455129250959" lon="-105.51688479911137"><ele>3029.1</ele></trkpt><trkpt lat="38.01438267826233" lon="-105.51573123350467"><ele>3027.9</ele></trkpt><trkpt lat="38.014352502382884" lon="-105.5147032405644"><ele>3025.4</ele></trkpt><trkpt lat="38.014352502382884" lon="-105.5147032405644"><ele>3025.4</ele></trkpt><trkpt lat="38.014341996180086" lon="-105.51434532879846"><ele>3024.5</ele></trkpt><trkpt lat="38.01440123621644" lon="-105.5142375308391"><ele>3024.2</ele></trkpt><trkpt lat="38.01446785096218" lon="-105.51330716369779"><ele>3023.0</ele></trkpt><trkpt lat="38.014573451260766" lon="-105.5126953125"><ele>3022.7</ele></trkpt><trkpt lat="38.014573451260766" lon="-105.5126953125"><ele>3022.7</ele></trkpt><trkpt lat="38.01475563774312" lon="-105.51089700823569"><ele>3022.1</ele></trkpt><trkpt lat="38.01446030313756" lon="-105.51119958311895"><ele>3022.1</ele></trkpt><trkpt lat="38.01419155903341" lon="-105.51165646331998"><ele>3022.1</ele></trkpt><trkpt lat="38.01401955172738" lon="-105.51183058165046"><ele>3022.1</ele></trkpt><trkpt lat="38.01401955172738" lon="-105.51183058165046"><ele>3022.1</ele></trkpt><trkpt lat="38.01331327615659" lon="-105.5126953125"><ele>3019.7</ele></trkpt><trkpt lat="38.01331327615659" lon="-105.5126953125"><ele>3019.7</ele></trkpt><trkpt lat="38.01297158128879" lon="-105.51309565469722"><ele>3018.3</ele></trkpt><trkpt lat="38.012701867739274" lon="-105.51324687066875"><ele>3017.4</ele></trkpt><trkpt lat="38.012595297995325" lon="-105.51323557671213"><ele>3017.0</ele></trkpt><trkpt lat="38.01229400822538" lon="-105.51296381862788"><ele>3014.8</ele></trkpt><trkpt lat="38.01223580688048" lon="-105.5130300882254"><ele>3013.9</ele></trkpt><trkpt lat="38.01224865203156" lon="-105.51322502982659"><ele>3012.2</ele></trkpt><trkpt lat="38.011984443546794" lon="-105.51330980041918"><ele>3009.1</ele></trkpt><trkpt lat="38.011911942882776" lon="-105.51329934142434"><ele>3008.3</ele></trkpt><trkpt lat="38.01186243192311" lon="-105.51301013703358"><ele>3005.7</ele></trkpt><trkpt lat="38.0115468774571" lon="-105.5126953125"><ele>3001.2</ele></trkpt><trkpt lat="38.0115468774571" lon="-105.5126953125"><ele>3001.2</ele></trkpt><trkpt lat="38.0113739699518" lon="-105.5126576546546"><ele>2999.2</ele></trkpt><trkpt lat="38.01127349386442" lon="-105.5126953125"><ele>2998.0</ele></trkpt><trkpt lat="38.01127349386442" lon="-105.5126953125"><ele>2998.0</ele></trkpt><trkpt lat="38.01112980821224" lon="-105.51281137218638"><ele>2995.8</ele></trkpt><trkpt lat="38.011068490792965" lon="-105.51278808114746"><ele>2994.8</ele></trkpt><trkpt lat="38.01107863534624" lon="-105.5126953125"><ele>2993.7</ele></trkpt><trkpt lat="38.01107863534624" lon="-105.5126953125"><ele>2993.7</ele></trkpt><trkpt lat="38.01108455588757" lon="-105.51224691734197"><ele>2988.1</ele></trkpt><trkpt lat="38.010956000507676" lon="-105.51206908133801"><ele>2985.1</ele></trkpt><trkpt lat="38.010812107117204" lon="-105.51222482998782"><ele>2982.1</ele></trkpt><trkpt lat="38.010611085696354" lon="-105.5126953125"><ele>2975.5</ele></trkpt><trkpt lat="38.010611085696354" lon="-105.5126953125"><ele>2975.5</ele></trkpt><trkpt lat="38.01046971978844" lon="-105.51290146016709"><ele>2972.1</ele></trkpt><trkpt lat="38.01037866117031" lon="-105.51286432634089"><ele>2970.6</ele></trkpt><trkpt lat="38.01032634574369" lon="-105.5126953125"><ele>2968.4</ele></trkpt><trkpt lat="38.01032634574369" lon="-105.5126953125"><ele>2968.4</ele></trkpt><trkpt lat="38.01030543342227" lon="-105.5124812619827"><ele>2967.5</ele></trkpt><trkpt lat="38.0104152577328" lon="-105.51210892605016"><ele>2968.4</ele></trkpt><trkpt lat="38.010370143900325" lon="-105.51198567424024"><ele>2968.7</ele></trkpt><trkpt lat="38.010370143900325" lon="-105.51198567424024"><ele>2968.7</ele></trkpt><trkpt lat="38.01036041482364" lon="-105.51184982607785"><ele>2969.0</ele></trkpt><trkpt lat="38.01025903853699" lon="-105.51177730957647"><ele>2969.4</ele></trkpt><trkpt lat="38.010170992124095" lon="-105.51154410210646"><ele>2970.0</ele></trkpt><trkpt lat="38.01009901080582" lon="-105.51109754391649"><ele>2971.0</ele></trkpt><trkpt lat="38.010121308049186" lon="-105.51035628356355"><ele>2972.8</ele></trkpt><trkpt lat="38.01031211567067" lon="-105.50869387119897"><ele>2995.4</ele></trkpt><trkpt lat="38.010291272595346" lon="-105.50855207475902"><ele>2997.3</ele></trkpt><trkpt lat="38.01016503695972" lon="-105.50851804711242"><ele>2999.5</ele></trkpt><trkpt lat="38.009372549997614" lon="-105.5092479794956"><ele>3006.0</ele></trkpt><trkpt lat="38.0086912030219" lon="-105.50910163437283"><ele>3009.1</ele></trkpt><trkpt lat="38.0085128250749" lon="-105.50898887952329"><ele>3010.0</ele></trkpt><trkpt lat="38.00838153447417" lon="-105.50902413181527"><ele>3010.6</ele></trkpt><trkpt lat="38.008201667736074" lon="-105.50925795160798"><ele>3011.0</ele></trkpt><trkpt lat="38.008018096331774" lon="-105.50979316537591"><ele>3011.3</ele></trkpt><trkpt lat="38.007910210911966" lon="-105.50992503344082"><ele>3011.3</ele></trkpt><trkpt lat="38.00746166931583" lon="-105.50997918026151"><ele>3011.6</ele></trkpt><trkpt lat="38.007107994873174" lon="-105.5101515490986"><ele>3011.9</ele></trkpt><trkpt lat="38.00636830806037" lon="-105.51026093617332"><ele>3015.9</ele></trkpt><trkpt lat="38.00601823441478" lon="-105.51014700041576"><ele>3018.5</ele></trkpt><trkpt lat="38.00580661834102" lon="-105.51000389185576"><ele>3020.3</ele></trkpt><trkpt lat="38.00532515022555" lon="-105.50995232553784"><ele>3023.8</ele></trkpt><trkpt lat="38.004889557649626" lon="-105.50976849751899"><ele>3024.8</ele></trkpt><trkpt lat="38.00474421009111" lon="-105.50974037441262"><ele>3024.8</ele></trkpt><trkpt lat="38.004484052503045" lon="-105.50979281547723"><ele>3024.8</ele></trkpt><trkpt lat="38.00432513270943" lon="-105.5101503244532"><ele>3024.8</ele></trkpt><trkpt lat="38.00418594805358" lon="-105.51089980742513"><ele>3024.8</ele></trkpt><trkpt lat="38.00405067580225" lon="-105.51130267201746"><ele>3024.3</ele></trkpt><trkpt lat="38.003961867682285" lon="-105.51142863554216"><ele>3023.6</ele></trkpt><trkpt lat="38.003832827579714" lon="-105.51149104871915"><ele>3023.0</ele></trkpt><trkpt lat="38.003654172648325" lon="-105.51145365329775"><ele>3022.2</ele></trkpt><trkpt lat="38.00348448508656" lon="-105.5113044652482"><ele>3021.3</ele></trkpt><trkpt lat="38.003173743224316" lon="-105.5111549710373"><ele>3019.8</ele></trkpt><trkpt lat="38.002487929875315" lon="-105.51093624062516"><ele>3016.5</ele></trkpt><trkpt lat="38.00114306679397" lon="-105.5097929029519"><ele>2998.7</ele></trkpt><trkpt lat="38.00114306679397" lon="-105.5097929029519"><ele>2998.7</ele></trkpt><trkpt lat="38.000763459687825" lon="-105.50936926312545"><ele>2997.0</ele></trkpt><trkpt lat="37.999590188435924" lon="-105.50772780094432"><ele>2998.3</ele></trkpt><trkpt lat="37.99866184063065" lon="-105.50678722955595"><ele>3000.0</ele></trkpt><trkpt lat="37.998445204214825" lon="-105.5066983552913"><ele>3000.4</ele></trkpt><trkpt lat="37.997838954631774" lon="-105.50682676810676"><ele>3001.9</ele></trkpt><trkpt lat="37.996878165029855" lon="-105.50677493936483"><ele>3005.1</ele></trkpt><trkpt lat="37.996623200899094" lon="-105.50672800920441"><ele>3006.0</ele></trkpt><trkpt lat="37.996471136469125" lon="-105.506600383661"><ele>3006.5</ele></trkpt><trkpt lat="37.9961626797281" lon="-105.50648658070533"><ele>3006.3</ele></trkpt><trkpt lat="37.9961626797281" lon="-105.50648658070533"><ele>3006.3</ele></trkpt><trkpt lat="37.995497637879794" lon="-105.50618388509014"><ele>3005.7</ele></trkpt><trkpt lat="37.99509180266469" lon="-105.50628052092895"><ele>3005.4</ele></trkpt><trkpt lat="37.99500849490673" lon="-105.5062498031248"><ele>3005.3</ele></trkpt><trkpt lat="37.99459801801197" lon="-105.50576785440067"><ele>3002.0</ele></trkpt><trkpt lat="37.99443490107548" lon="-105.50543527594309"><ele>2997.6</ele></trkpt><trkpt lat="37.99436350927125" lon="-105.50540165774541"><ele>2996.5</ele></trkpt><trkpt lat="37.99402418170492" lon="-105.50556504658067"><ele>2991.4</ele></trkpt><trkpt lat="37.99382164513077" lon="-105.50552751724626"><ele>2988.5</ele></trkpt><trkpt lat="37.99369250944608" lon="-105.50561400170776"><ele>2986.5</ele></trkpt><trkpt lat="37.99333690136156" lon="-105.50623530115718"><ele>2978.5</ele></trkpt><trkpt lat="37.99325809672564" lon="-105.50626188809782"><ele>2978.6</ele></trkpt><trkpt lat="37.99314402918012" lon="-105.5061737337128"><ele>2978.7</ele></trkpt><trkpt lat="37.99296428533144" lon="-105.50582296187766"><ele>2978.9</ele></trkpt><trkpt lat="37.992795556812084" lon="-105.50569222444223"><ele>2979.1</ele></trkpt><trkpt lat="37.99268710084942" lon="-105.50540521731928"><ele>2979.2</ele></trkpt><trkpt lat="37.99233752002058" lon="-105.50517982158607"><ele>2979.5</ele></trkpt><trkpt lat="37.991754261796615" lon="-105.50550427015271"><ele>2979.3</ele></trkpt><trkpt lat="37.99122746579531" lon="-105.5060128937082"><ele>2978.3</ele></trkpt><trkpt lat="37.990793434108284" lon="-105.50657337278432"><ele>2977.4</ele></trkpt><trkpt lat="37.99060056192685" lon="-105.5065057848261"><ele>2977.1</ele></trkpt><trkpt lat="37.99045337911454" lon="-105.5063510971714"><ele>2976.7</ele></trkpt><trkpt lat="37.990265356449164" lon="-105.5062654476717"><ele>2976.3</ele></trkpt><trkpt lat="37.98966179953657" lon="-105.50631853366228"><ele>2974.9</ele></trkpt><trkpt lat="37.9894054679736" lon="-105.50603956853956"><ele>2974.1</ele></trkpt><trkpt lat="37.98905280423811" lon="-105.5048710615117"><ele>2972.7</ele></trkpt><trkpt lat="37.98873834776127" lon="-105.50423618294712"><ele>2972.7</ele></trkpt><trkpt lat="37.98862414165814" lon="-105.50418116336085"><ele>2972.7</ele></trkpt><trkpt lat="37.98851447331647" lon="-105.5041743518306"><ele>2972.7</ele></trkpt><trkpt lat="37.98815571304652" lon="-105.50441899562993"><ele>2972.7</ele></trkpt><trkpt lat="37.98763265810045" lon="-105.50516865946554"><ele>2970.8</ele></trkpt><trkpt lat="37.98727168090887" lon="-105.50537107177732"><ele>2969.7</ele></trkpt><trkpt lat="37.98706869402252" lon="-105.50488459668148"><ele>2968.4</ele></trkpt><trkpt lat="37.986636013272104" lon="-105.50291114255958"><ele>2985.2</ele></trkpt><trkpt lat="37.9866526055449" lon="-105.50237492132024"><ele>2991.5</ele></trkpt><trkpt lat="37.986956600922824" lon="-105.50098800587082"><ele>3000.6</ele></trkpt><trkpt lat="37.98705747085679" lon="-105.50025952369703"><ele>3004.1</ele></trkpt><trkpt lat="37.98697786951467" lon="-105.49991248721717"><ele>3005.8</ele></trkpt><trkpt lat="37.986681945117034" lon="-105.49996772653023"><ele>3007.6</ele></trkpt><trkpt lat="37.98651127679126" lon="-105.49972554367086"><ele>3009.3</ele></trkpt><trkpt lat="37.986157920267765" lon="-105.49982257501789"><ele>3011.6</ele></trkpt><trkpt lat="37.98587786071552" lon="-105.50007376667533"><ele>3013.9</ele></trkpt><trkpt lat="37.985755860747304" lon="-105.50007600788851"><ele>3014.7</ele></trkpt><trkpt lat="37.985651145839896" lon="-105.50015445034977"><ele>3015.5</ele></trkpt><trkpt lat="37.985191411717764" lon="-105.50108767393924"><ele>3017.1</ele></trkpt><trkpt lat="37.984302737900464" lon="-105.50142890963204"><ele>3015.7</ele></trkpt><trkpt lat="37.983576765346854" lon="-105.50196464747246"><ele>3011.5</ele></trkpt><trkpt lat="37.98337045307807" lon="-105.50220498462686"><ele>3009.0</ele></trkpt><trkpt lat="37.983161612133046" lon="-105.50222994558932"><ele>3007.1</ele></trkpt><trkpt lat="37.982834720111455" lon="-105.50219254809099"><ele>3004.1</ele></trkpt><trkpt lat="37.982741055172774" lon="-105.50212597087597"><ele>3003.2</ele></trkpt><trkpt lat="37.98222233015176" lon="-105.50138834806803"><ele>2997.5</ele></trkpt><trkpt lat="37.9821224647604" lon="-105.50114590153653"><ele>2997.0</ele></trkpt><trkpt lat="37.98196586003119" lon="-105.50115363591927"><ele>2996.6</ele></trkpt><trkpt lat="37.981850684024856" lon="-105.50106688778564"><ele>2996.2</ele></trkpt><trkpt lat="37.98200527966885" lon="-105.50088135049073"><ele>2995.7</ele></trkpt><trkpt lat="37.98219493038604" lon="-105.50046945066477"><ele>2994.8</ele></trkpt><trkpt lat="37.98221616433849" lon="-105.50038169178794"><ele>2994.6</ele></trkpt><trkpt lat="37.98214723193169" lon="-105.50022735569611"><ele>2994.3</ele></trkpt><trkpt lat="37.981692000931616" lon="-105.50010118857774"><ele>2992.1</ele></trkpt><trkpt lat="37.9812857500437" lon="-105.49990501650657"><ele>2989.2</ele></trkpt><trkpt lat="37.98066303754269" lon="-105.49989200868107"><ele>2985.1</ele></trkpt><trkpt lat="37.98058322836417" lon="-105.49966336099149"><ele>2983.8</ele></trkpt><trkpt lat="37.98053213524857" lon="-105.49949250144563"><ele>2982.8</ele></trkpt><trkpt lat="37.98051394956336" lon="-105.49926583129708"><ele>2981.6</ele></trkpt><trkpt lat="37.98084773482563" lon="-105.49850720260876"><ele>2989.2</ele></trkpt><trkpt lat="37.98085300001449" lon="-105.4982537257928"><ele>2991.7</ele></trkpt><trkpt lat="37.981001845518016" lon="-105.49815001475157"><ele>2993.9</ele></trkpt><trkpt lat="37.98114119982583" lon="-105.4978358933437"><ele>2997.5</ele></trkpt><trkpt lat="37.98165975164984" lon="-105.49704272360522"><ele>3006.4</ele></trkpt><trkpt lat="37.98170149212732" lon="-105.49674675162956"><ele>3008.0</ele></trkpt><trkpt lat="37.98235274749427" lon="-105.4958953542938"><ele>3014.0</ele></trkpt><trkpt lat="37.982296112074614" lon="-105.4957283619393"><ele>3015.0</ele></trkpt><trkpt lat="37.98189675442739" lon="-105.4952329659361"><ele>3018.4</ele></trkpt><trkpt lat="37.98142132865688" lon="-105.4951066230363"><ele>3021.3</ele></trkpt><trkpt lat="37.98079792336785" lon="-105.49470390778984"><ele>3025.5</ele></trkpt><trkpt lat="37.98030503933954" lon="-105.49462814599534"><ele>3027.8</ele></trkpt><trkpt lat="37.979858364271365" lon="-105.49448026987089"><ele>3028.5</ele></trkpt><trkpt lat="37.979776095695414" lon="-105.49421716902185"><ele>3028.8</ele></trkpt><trkpt lat="37.979665180335324" lon="-105.49411231540138"><ele>3029.0</ele></trkpt><trkpt lat="37.97954744101336" lon="-105.4941169296638"><ele>3029.2</ele></trkpt><trkpt lat="37.97931494135787" lon="-105.49427478138416"><ele>3029.6</ele></trkpt><trkpt lat="37.979103987409424" lon="-105.494545748452"><ele>3030.0</ele></trkpt><trkpt lat="37.978840130198705" lon="-105.49471262719736"><ele>3030.4</ele></trkpt><trkpt lat="37.978840130198705" lon="-105.49471262719736"><ele>3030.4</ele></trkpt><trkpt lat="37.978480443562795" lon="-105.49494011408073"><ele>3030.7</ele></trkpt><trkpt lat="37.97733360229431" lon="-105.49545620834684"><ele>3031.8</ele></trkpt><trkpt lat="37.97703282838062" lon="-105.49531123261592"><ele>3029.2</ele></trkpt><trkpt lat="37.97679336620565" lon="-105.49532736056173"><ele>3026.8</ele></trkpt><trkpt lat="37.97625773715724" lon="-105.49565150151088"><ele>3021.1</ele></trkpt><trkpt lat="37.975598930401006" lon="-105.49644660484505"><ele>3012.6</ele></trkpt><trkpt lat="37.97529005086763" lon="-105.49715271883241"><ele>3008.3</ele></trkpt><trkpt lat="37.97508761821168" lon="-105.49741867612961"><ele>3006.3</ele></trkpt><trkpt lat="37.9750110997762" lon="-105.497435243529"><ele>3005.8</ele></trkpt><trkpt lat="37.97448291819887" lon="-105.49681390013421"><ele>3000.9</ele></trkpt><trkpt lat="37.97387180989699" lon="-105.49707713281931"><ele>2997.2</ele></trkpt><trkpt lat="37.97377374575446" lon="-105.49663504253348"><ele>2995.2</ele></trkpt><trkpt lat="37.973790026272646" lon="-105.49607680467055"><ele>2992.7</ele></trkpt><trkpt lat="37.97349458682662" lon="-105.49541560283748"><ele>2989.5</ele></trkpt><trkpt lat="37.97306838364408" lon="-105.49482989912677"><ele>2986.2</ele></trkpt><trkpt lat="37.972843400738476" lon="-105.49480265300578"><ele>2985.1</ele></trkpt><trkpt lat="37.97263279318403" lon="-105.49443179814274"><ele>2983.2</ele></trkpt><trkpt lat="37.972398838673726" lon="-105.49415494239713"><ele>2981.5</ele></trkpt><trkpt lat="37.97227521065369" lon="-105.49381700260606"><ele>2981.4</ele></trkpt><trkpt lat="37.971843984758095" lon="-105.49348394074957"><ele>2981.7</ele></trkpt><trkpt lat="37.9716287008846" lon="-105.493186254905"><ele>2981.9</ele></trkpt><trkpt lat="37.971314313686555" lon="-105.49294512673418"><ele>2982.2</ele></trkpt><trkpt lat="37.97086410539954" lon="-105.49271318314287"><ele>2982.5</ele></trkpt><trkpt lat="37.97000373197237" lon="-105.49246550711395"><ele>2983.3</ele></trkpt><trkpt lat="37.96953471449093" lon="-105.49250373957405"><ele>2983.7</ele></trkpt><trkpt lat="37.96932594282472" lon="-105.492705185088"><ele>2983.9</ele></trkpt><trkpt lat="37.969097842373074" lon="-105.49280533655534"><ele>2983.9</ele></trkpt><trkpt lat="37.96863838536615" lon="-105.49275673299111"><ele>2983.5</ele></trkpt><trkpt lat="37.96812288180937" lon="-105.49226454499892"><ele>2983.0</ele></trkpt><trkpt lat="37.96774226407776" lon="-105.49140000800158"><ele>2981.5</ele></trkpt><trkpt lat="37.96725083490427" lon="-105.49098380153067"><ele>2978.0</ele></trkpt><trkpt lat="37.967090073447004" lon="-105.49102620879965"><ele>2977.0</ele></trkpt><trkpt lat="37.96682314222751" lon="-105.49122558888183"><ele>2975.1</ele></trkpt><trkpt lat="37.966674954872595" lon="-105.49155948570011"><ele>2973.3</ele></trkpt><trkpt lat="37.96666290036126" lon="-105.49169703466579"><ele>2972.7</ele></trkpt><trkpt lat="37.966781401750026" lon="-105.49215419820888"><ele>2969.8</ele></trkpt><trkpt lat="37.96707098713738" lon="-105.4925527386465"><ele>2965.3</ele></trkpt><trkpt lat="37.96705238577937" lon="-105.49268923292361"><ele>2964.2</ele></trkpt><trkpt lat="37.9669168071662" lon="-105.49277940879503"><ele>2962.6</ele></trkpt><trkpt lat="37.96658828709279" lon="-105.49280239221646"><ele>2959.1</ele></trkpt><trkpt lat="37.96613880623318" lon="-105.49346869171087"><ele>2952.4</ele></trkpt><trkpt lat="37.965911156093746" lon="-105.49354238807364"><ele>2951.1</ele></trkpt><trkpt lat="37.965820781898096" lon="-105.49347436066186"><ele>2950.6</ele></trkpt><trkpt lat="37.96578610785829" lon="-105.49291537572788"><ele>2948.3</ele></trkpt><trkpt lat="37.96534913182223" lon="-105.49185343618937"><ele>2943.4</ele></trkpt><trkpt lat="37.9652001477611" lon="-105.49129607723357"><ele>2940.7</ele></trkpt><trkpt lat="37.96479585830532" lon="-105.49074606647427"><ele>2937.1</ele></trkpt><trkpt lat="37.96479585830532" lon="-105.49074606647427"><ele>2937.1</ele></trkpt><trkpt lat="37.964649069540116" lon="-105.49054636945262"><ele>2935.8</ele></trkpt><trkpt lat="37.96419324967024" lon="-105.49015969426125"><ele>2932.5</ele></trkpt><trkpt lat="37.963595165782905" lon="-105.48885882381977"><ele>2924.1</ele></trkpt><trkpt lat="37.963517331050205" lon="-105.48864300817426"><ele>2922.8</ele></trkpt><trkpt lat="37.96355834410028" lon="-105.48843321304258"><ele>2921.6</ele></trkpt><trkpt lat="37.9634217609445" lon="-105.4883238330504"><ele>2920.4</ele></trkpt><trkpt lat="37.96287660606098" lon="-105.48813904282655"><ele>2914.6</ele></trkpt><trkpt lat="37.96287660606098" lon="-105.48813904282655"><ele>2914.6</ele></trkpt><trkpt lat="37.9626284840359" lon="-105.48801511692136"><ele>2911.6</ele></trkpt><trkpt lat="37.96240661867633" lon="-105.48802403782872"><ele>2909.1</ele></trkpt><trkpt lat="37.962358435270374" lon="-105.48793364223052"><ele>2908.1</ele></trkpt><trkpt lat="37.96248324103002" lon="-105.48786438434875"><ele>2906.5</ele></trkpt><trkpt lat="37.96253842159486" lon="-105.48768697694479"><ele>2904.8</ele></trkpt><trkpt lat="37.962688410198595" lon="-105.48750996504903"><ele>2902.5</ele></trkpt><trkpt lat="37.963734173696714" lon="-105.48656096507659"><ele>2891.4</ele></trkpt><trkpt lat="37.96392011799807" lon="-105.48629342574655"><ele>2889.3</ele></trkpt><trkpt lat="37.964023308771864" lon="-105.48602259051478"><ele>2887.5</ele></trkpt><trkpt lat="37.964148460925514" lon="-105.48532680368618"><ele>2882.8</ele></trkpt><trkpt lat="37.96417395552421" lon="-105.48482420064451"><ele>2877.7</ele></trkpt><trkpt lat="37.964393049731754" lon="-105.48386329148047"><ele>2867.4</ele></trkpt><trkpt lat="37.964640721444624" lon="-105.48309894989582"><ele>2860.5</ele></trkpt><trkpt lat="37.9648549314967" lon="-105.48141544723576"><ele>2853.5</ele></trkpt><trkpt lat="37.964857321615334" lon="-105.48083484118641"><ele>2850.8</ele></trkpt><trkpt lat="37.96459309226907" lon="-105.4799719741126"><ele>2844.7</ele></trkpt><trkpt lat="37.96433153015664" lon="-105.47951705178268"><ele>2841.1</ele></trkpt><trkpt lat="37.96433153015664" lon="-105.47951705178268"><ele>2841.1</ele></trkpt><trkpt lat="37.96365935259185" lon="-105.47888041540385"><ele>2834.0</ele></trkpt><trkpt lat="37.963578712067715" lon="-105.47862720226001"><ele>2832.1</ele></trkpt><trkpt lat="37.963015302220185" lon="-105.47835078596798"><ele>2826.7</ele></trkpt><trkpt lat="37.96286382412223" lon="-105.47832740703835"><ele>2825.3</ele></trkpt><trkpt lat="37.96262228358323" lon="-105.47891877970002"><ele>2820.7</ele></trkpt><trkpt lat="37.96251964703984" lon="-105.47945108980265"><ele>2818.9</ele></trkpt><trkpt lat="37.962357569285366" lon="-105.47964515249672"><ele>2818.6</ele></trkpt><trkpt lat="37.962115439876555" lon="-105.48012666176729"><ele>2817.9</ele></trkpt><trkpt lat="37.96191747570327" lon="-105.47994855123761"><ele>2817.5</ele></trkpt><trkpt lat="37.9615233139661" lon="-105.47849519040925"><ele>2813.0</ele></trkpt><trkpt lat="37.9615233139661" lon="-105.47849519040925"><ele>2813.0</ele></trkpt><trkpt lat="37.96150667920747" lon="-105.47842667959856"><ele>2812.7</ele></trkpt><trkpt lat="37.96118133105331" lon="-105.4778344719751"><ele>2809.7</ele></trkpt><trkpt lat="37.960751183919804" lon="-105.47753428124521"><ele>2807.0</ele></trkpt><trkpt lat="37.95994516055281" lon="-105.4775310732342"><ele>2809.3</ele></trkpt><trkpt lat="37.95982861327518" lon="-105.47752979881886"><ele>2809.7</ele></trkpt><trkpt lat="37.959336744256014" lon="-105.47732466189497"><ele>2811.7</ele></trkpt><trkpt lat="37.95873654137129" lon="-105.47698096526221"><ele>2814.2</ele></trkpt><trkpt lat="37.95747711686445" lon="-105.47655249803687"><ele>2819.4</ele></trkpt><trkpt lat="37.95726880116839" lon="-105.47648838176183"><ele>2820.3</ele></trkpt><trkpt lat="37.95695045347515" lon="-105.47641437778157"><ele>2822.4</ele></trkpt><trkpt lat="37.956252278793265" lon="-105.47590162336256"><ele>2828.6</ele></trkpt><trkpt lat="37.956042438244324" lon="-105.47590026105651"><ele>2830.2</ele></trkpt><trkpt lat="37.95592395024485" lon="-105.47571274622055"><ele>2831.6</ele></trkpt><trkpt lat="37.95566226469819" lon="-105.47555445504665"><ele>2833.8</ele></trkpt><trkpt lat="37.95541721391016" lon="-105.47549411807225"><ele>2835.0</ele></trkpt><trkpt lat="37.95524819783136" lon="-105.47534096850504"><ele>2835.1</ele></trkpt><trkpt lat="37.9534970082726" lon="-105.47455351166289"><ele>2836.2</ele></trkpt><trkpt lat="37.95218618929275" lon="-105.47418889704046"><ele>2836.2</ele></trkpt><trkpt lat="37.95195198575358" lon="-105.47421385800293"><ele>2836.3</ele></trkpt><trkpt lat="37.951485242151094" lon="-105.47414824758575"><ele>2836.6</ele></trkpt><trkpt lat="37.95121821961937" lon="-105.47389468287906"><ele>2836.9</ele></trkpt><trkpt lat="37.95110191493197" lon="-105.473853374244"><ele>2837.0</ele></trkpt><trkpt lat="37.95080408344104" lon="-105.47399856970169"><ele>2837.3</ele></trkpt><trkpt lat="37.95070777511974" lon="-105.47397259799604"><ele>2837.4</ele></trkpt><trkpt lat="37.95076204601976" lon="-105.4737159571144"><ele>2837.5</ele></trkpt><trkpt lat="37.950714740924916" lon="-105.47362529784405"><ele>2837.6</ele></trkpt><trkpt lat="37.95051689126449" lon="-105.47349961412462"><ele>2837.9</ele></trkpt><trkpt lat="37.95015744185515" lon="-105.47344103496447"><ele>2838.7</ele></trkpt><trkpt lat="37.94980516618546" lon="-105.47328217250092"><ele>2839.6</ele></trkpt><trkpt lat="37.948934891063274" lon="-105.47264434959747"><ele>2841.9</ele></trkpt><trkpt lat="37.94858223418037" lon="-105.47246285527535"><ele>2842.2</ele></trkpt><trkpt lat="37.94818816367963" lon="-105.47213950534262"><ele>2842.5</ele></trkpt><trkpt lat="37.94762660195297" lon="-105.47184080875488"><ele>2843.0</ele></trkpt><trkpt lat="37.94629446968863" lon="-105.47172782524345"><ele>2847.0</ele></trkpt><trkpt lat="37.946061894969574" lon="-105.47162995893464"><ele>2847.9</ele></trkpt><trkpt lat="37.944802678397224" lon="-105.47076274127055"><ele>2852.0</ele></trkpt><trkpt lat="37.943104685410326" lon="-105.46986638783514"><ele>2858.9</ele></trkpt><trkpt lat="37.942655546927384" lon="-105.46980354597542"><ele>2861.6</ele></trkpt><trkpt lat="37.94196548169032" lon="-105.4694317682599"><ele>2865.2</ele></trkpt><trkpt lat="37.94160925526546" lon="-105.46916967815406"><ele>2866.4</ele></trkpt><trkpt lat="37.94069850223061" lon="-105.46875"><ele>2869.2</ele></trkpt><trkpt lat="37.94069850223061" lon="-105.46875"><ele>2869.2</ele></trkpt><trkpt lat="37.9404864783696" lon="-105.46869594721157"><ele>2869.9</ele></trkpt><trkpt lat="37.940292371529864" lon="-105.46854372049684"><ele>2870.8</ele></trkpt><trkpt lat="37.939317643985795" lon="-105.46812351499851"><ele>2875.5</ele></trkpt><trkpt lat="37.938686077649905" lon="-105.46790198645667"><ele>2878.5</ele></trkpt><trkpt lat="37.93824567241524" lon="-105.46787166416073"><ele>2881.3</ele></trkpt><trkpt lat="37.937891629302456" lon="-105.46806216728092"><ele>2883.8</ele></trkpt><trkpt lat="37.93765763369776" lon="-105.46851915504259"><ele>2886.6</ele></trkpt><trkpt lat="37.937613620898894" lon="-105.46875"><ele>2887.8</ele></trkpt><trkpt lat="37.937613620898894" lon="-105.46875"><ele>2887.8</ele></trkpt><trkpt lat="37.93758402489083" lon="-105.46904258818321"><ele>2889.3</ele></trkpt><trkpt lat="37.93753134815518" lon="-105.46909044467638"><ele>2889.8</ele></trkpt><trkpt lat="37.93715918008664" lon="-105.46913623573779"><ele>2889.5</ele></trkpt><trkpt lat="37.93707361504695" lon="-105.46906341828218"><ele>2889.4</ele></trkpt><trkpt lat="37.93692095648079" lon="-105.46906847199816"><ele>2889.3</ele></trkpt><trkpt lat="37.93669940228932" lon="-105.46961506434162"><ele>2888.9</ele></trkpt><trkpt lat="37.936091540484476" lon="-105.46993696407759"><ele>2888.4</ele></trkpt><trkpt lat="37.935212566769756" lon="-105.47050886894637"><ele>2885.7</ele></trkpt><trkpt lat="37.934939687416765" lon="-105.47076608111765"><ele>2884.8</ele></trkpt><trkpt lat="37.93483513102765" lon="-105.47067507028444"><ele>2884.4</ele></trkpt><trkpt lat="37.93490801206388" lon="-105.47033229650417"><ele>2883.6</ele></trkpt><trkpt lat="37.93489643704434" lon="-105.4700686243655"><ele>2883.0</ele></trkpt><trkpt lat="37.9351665785933" lon="-105.46875"><ele>2876.9</ele></trkpt><trkpt lat="37.9351665785933" lon="-105.46875"><ele>2876.9</ele></trkpt><trkpt lat="37.93521090329389" lon="-105.46853374490094"><ele>2875.9</ele></trkpt><trkpt lat="37.93512786812374" lon="-105.46662427521802"><ele>2870.5</ele></trkpt><trkpt lat="37.934827991943735" lon="-105.46526750628313"><ele>2868.8</ele></trkpt><trkpt lat="37.93476006667934" lon="-105.46435177294552"><ele>2870.0</ele></trkpt><trkpt lat="37.93475136808681" lon="-105.4641409231253"><ele>2870.2</ele></trkpt><trkpt lat="37.934897303438014" lon="-105.46341925248176"><ele>2871.2</ele></trkpt><trkpt lat="37.934865662740876" lon="-105.46297342684062"><ele>2870.9</ele></trkpt><trkpt lat="37.93455369170512" lon="-105.46226089683121"><ele>2868.3</ele></trkpt><trkpt lat="37.93453334878154" lon="-105.46136955316643"><ele>2865.5</ele></trkpt><trkpt lat="37.934425534752194" lon="-105.46088716498873"><ele>2863.9</ele></trkpt><trkpt lat="37.9341975247885" lon="-105.46041032319846"><ele>2862.2</ele></trkpt><trkpt lat="37.9341975247885" lon="-105.46041032319846"><ele>2862.2</ele></trkpt><trkpt lat="37.93415116520208" lon="-105.46031337046962"><ele>2861.9</ele></trkpt><trkpt lat="37.93355162077655" lon="-105.45995433690746"><ele>2859.3</ele></trkpt><trkpt lat="37.933356994100606" lon="-105.45971830639799"><ele>2858.2</ele></trkpt><trkpt lat="37.93348289842997" lon="-105.45923130395786"><ele>2855.9</ele></trkpt><trkpt lat="37.933475204854105" lon="-105.45876157204282"><ele>2852.3</ele></trkpt><trkpt lat="37.933391441913265" lon="-105.45863399867306"><ele>2851.0</ele></trkpt><trkpt lat="37.93126704461355" lon="-105.45752552100208"><ele>2830.4</ele></trkpt><trkpt lat="37.93037618397756" lon="-105.45753681495869"><ele>2824.3</ele></trkpt><trkpt lat="37.93018377526943" lon="-105.45731453934579"><ele>2823.5</ele></trkpt><trkpt lat="37.93083024357659" lon="-105.45716679505742"><ele>2821.6</ele></trkpt><trkpt lat="37.93083024357659" lon="-105.45716679505742"><ele>2821.6</ele></trkpt><trkpt lat="37.93102864772897" lon="-105.45713827452109"><ele>2821.0</ele></trkpt><trkpt lat="37.93121987814169" lon="-105.45717778139654"><ele>2820.5</ele></trkpt><trkpt lat="37.931528279635494" lon="-105.45725103830573"><ele>2819.5</ele></trkpt><trkpt lat="37.932067627028246" lon="-105.4572631672241"><ele>2818.3</ele></trkpt><trkpt lat="37.93241418449965" lon="-105.45725455393425"><ele>2817.5</ele></trkpt><trkpt lat="37.93264953167848" lon="-105.45715084289303"><ele>2816.9</ele></trkpt><trkpt lat="37.932687029196885" lon="-105.45713405576687"><ele>2816.8</ele></trkpt><trkpt lat="37.934271836513624" lon="-105.45562343413906"><ele>2808.8</ele></trkpt><trkpt lat="37.93453182392867" lon="-105.45545912245132"><ele>2807.3</ele></trkpt><trkpt lat="37.93407923955617" lon="-105.45588371504422"><ele>2804.2</ele></trkpt><trkpt lat="37.93407923955617" lon="-105.45588371504422"><ele>2804.2</ele></trkpt><trkpt lat="37.93453182392867" lon="-105.45545912245132"><ele>2801.0</ele></trkpt><trkpt lat="37.934745684544275" lon="-105.45536415653604"><ele>2799.6</ele></trkpt><trkpt lat="37.934745684544275" lon="-105.45536415653604"><ele>2799.6</ele></trkpt><trkpt lat="37.934791291507516" lon="-105.45537668096262"><ele>2799.4</ele></trkpt><trkpt lat="37.935305939220314" lon="-105.45556500403933"><ele>2796.3</ele></trkpt><trkpt lat="37.935305939220314" lon="-105.45556500403933"><ele>2796.3</ele></trkpt><trkpt lat="37.934791291507516" lon="-105.45537668096262"><ele>2794.5</ele></trkpt><trkpt lat="37.934745684544275" lon="-105.45536415653604"><ele>2794.4</ele></trkpt><trkpt lat="37.934745684544275" lon="-105.45536415653604"><ele>2794.4</ele></trkpt><trkpt lat="37.93453182392867" lon="-105.45545912245132"><ele>2793.9</ele></trkpt><trkpt lat="37.93419692457073" lon="-105.45577330870121"><ele>2792.9</ele></trkpt><trkpt lat="37.93419692457073" lon="-105.45577330870121"><ele>2792.9</ele></trkpt><trkpt lat="37.93453182392867" lon="-105.45545912245132"><ele>2792.0</ele></trkpt><trkpt lat="37.934271836513624" lon="-105.45562343413906"><ele>2791.3</ele></trkpt><trkpt lat="37.932687029196885" lon="-105.45713405576687"><ele>2796.8</ele></trkpt><trkpt lat="37.93264953167848" lon="-105.45715084289303"><ele>2797.0</ele></trkpt><trkpt lat="37.93241418449965" lon="-105.45725455393425"><ele>2798.6</ele></trkpt><trkpt lat="37.932067627028246" lon="-105.4572631672241"><ele>2800.9</ele></trkpt><trkpt lat="37.931528279635494" lon="-105.45725103830573"><ele>2804.4</ele></trkpt><trkpt lat="37.93121987814169" lon="-105.45717778139654"><ele>2806.4</ele></trkpt><trkpt lat="37.93102864772897" lon="-105.45713827452109"><ele>2807.7</ele></trkpt><trkpt lat="37.93083024357659" lon="-105.45716679505742"><ele>2808.6</ele></trkpt><trkpt lat="37.93083024357659" lon="-105.45716679505742"><ele>2808.6</ele></trkpt><trkpt lat="37.93018377526943" lon="-105.45731453934579"><ele>2811.1</ele></trkpt><trkpt lat="37.93015355545792" lon="-105.45730223464598"><ele>2811.2</ele></trkpt><trkpt lat="37.92991900536128" lon="-105.45725393869925"><ele>2812.1</ele></trkpt><trkpt lat="37.92952434571284" lon="-105.4573126057501"><ele>2813.6</ele></trkpt><trkpt lat="37.92923836648744" lon="-105.4571925470363"><ele>2814.7</ele></trkpt><trkpt lat="37.92913530029544" lon="-105.45712961728587"><ele>2815.1</ele></trkpt><trkpt lat="37.92899175619078" lon="-105.45704199024512"><ele>2816.0</ele></trkpt><trkpt lat="37.9288533411367" lon="-105.45703460742523"><ele>2816.9</ele></trkpt><trkpt lat="37.92863241074868" lon="-105.45718947086135"><ele>2818.4</ele></trkpt><trkpt lat="37.92845053738769" lon="-105.457458811951"><ele>2820.1</ele></trkpt><trkpt lat="37.928221982735295" lon="-105.45739122399279"><ele>2821.5</ele></trkpt><trkpt lat="37.92800458723349" lon="-105.45726527660122"><ele>2822.9</ele></trkpt><trkpt lat="37.92779474668455" lon="-105.45727037426256"><ele>2824.2</ele></trkpt><trkpt lat="37.92706746117506" lon="-105.4571199932528"><ele>2830.5</ele></trkpt><trkpt lat="37.92687144826923" lon="-105.45717567201942"><ele>2832.8</ele></trkpt><trkpt lat="37.92687144826923" lon="-105.45717567201942"><ele>2832.8</ele></trkpt><trkpt lat="37.926749126953496" lon="-105.45719140445703"><ele>2834.2</ele></trkpt><trkpt lat="37.926620181454844" lon="-105.45721429998774"><ele>2835.7</ele></trkpt><trkpt lat="37.926556350139165" lon="-105.45727459301678"><ele>2836.6</ele></trkpt><trkpt lat="37.92646758959155" lon="-105.45752639990921"><ele>2839.1</ele></trkpt><trkpt lat="37.92629745365128" lon="-105.45769580925831"><ele>2841.6</ele></trkpt><trkpt lat="37.92616313397885" lon="-105.45833934505809"><ele>2847.9</ele></trkpt><trkpt lat="37.92627106819162" lon="-105.45853547318391"><ele>2850.5</ele></trkpt><trkpt lat="37.92650874536109" lon="-105.45871674777925"><ele>2854.4</ele></trkpt><trkpt lat="37.926808797618506" lon="-105.45931247103123"><ele>2862.3</ele></trkpt><trkpt lat="37.92665142100695" lon="-105.45953593316875"><ele>2865.6</ele></trkpt><trkpt lat="37.9265737555278" lon="-105.45967721748971"><ele>2867.5</ele></trkpt><trkpt lat="37.92650798257513" lon="-105.45982865318803"><ele>2869.4</ele></trkpt><trkpt lat="37.926124578615976" lon="-105.46013007438789"><ele>2875.2</ele></trkpt><trkpt lat="37.925599019092296" lon="-105.46077070979415"><ele>2883.5</ele></trkpt><trkpt lat="37.92545384705603" lon="-105.46099285357099"><ele>2886.1</ele></trkpt><trkpt lat="37.92533218269605" lon="-105.46172849883787"><ele>2892.8</ele></trkpt><trkpt lat="37.92524023231626" lon="-105.46218698074166"><ele>2897.4</ele></trkpt><trkpt lat="37.9252163779191" lon="-105.46226652183684"><ele>2898.2</ele></trkpt><trkpt lat="37.92519911121882" lon="-105.46230075526951"><ele>2898.7</ele></trkpt><trkpt lat="37.92496750166491" lon="-105.46246519879332"><ele>2902.1</ele></trkpt><trkpt lat="37.92492072901697" lon="-105.46264084838303"><ele>2903.9</ele></trkpt><trkpt lat="37.92486320802147" lon="-105.46285407125251"><ele>2906.2</ele></trkpt><trkpt lat="37.92458291885473" lon="-105.46331510198698"><ele>2912.1</ele></trkpt><trkpt lat="37.924386362782705" lon="-105.46365422830267"><ele>2916.3</ele></trkpt><trkpt lat="37.924196949160994" lon="-105.46397749034467"><ele>2919.9</ele></trkpt><trkpt lat="37.92417396156605" lon="-105.46402754410568"><ele>2920.5</ele></trkpt><trkpt lat="37.92400444972337" lon="-105.46442155817155"><ele>2924.5</ele></trkpt><trkpt lat="37.92395618617561" lon="-105.46470206138174"><ele>2927.0</ele></trkpt><trkpt lat="37.92384946548595" lon="-105.46503969355531"><ele>2930.3</ele></trkpt><trkpt lat="37.92376673788181" lon="-105.4652458412224"><ele>2932.4</ele></trkpt><trkpt lat="37.92372010392223" lon="-105.4653620766902"><ele>2933.5</ele></trkpt><trkpt lat="37.92368983518861" lon="-105.46547053382992"><ele>2934.6</ele></trkpt><trkpt lat="37.92353259726541" lon="-105.46617335191554"><ele>2940.6</ele></trkpt><trkpt lat="37.92352784718923" lon="-105.46625095941502"><ele>2941.2</ele></trkpt><trkpt lat="37.923641120903696" lon="-105.46642072032697"><ele>2942.9</ele></trkpt><trkpt lat="37.92378001729186" lon="-105.46664282015844"><ele>2945.1</ele></trkpt><trkpt lat="37.92384464606559" lon="-105.46700971993941"><ele>2948.0</ele></trkpt><trkpt lat="37.923966622474374" lon="-105.46730846047252"><ele>2950.5</ele></trkpt><trkpt lat="37.923990268839006" lon="-105.46739846056252"><ele>2951.3</ele></trkpt><trkpt lat="37.92395982674495" lon="-105.46765286023098"><ele>2953.2</ele></trkpt><trkpt lat="37.92383594337127" lon="-105.46772875386156"><ele>2954.6</ele></trkpt><trkpt lat="37.92362895100049" lon="-105.46772646870303"><ele>2956.6</ele></trkpt><trkpt lat="37.92358803793557" lon="-105.46772479877949"><ele>2957.1</ele></trkpt><trkpt lat="37.923486448715074" lon="-105.4677951113498"><ele>2958.3</ele></trkpt><trkpt lat="37.92340427586436" lon="-105.46835835898337"><ele>2963.1</ele></trkpt><trkpt lat="37.923431666814594" lon="-105.46861403306715"><ele>2965.2</ele></trkpt><trkpt lat="37.923515607941845" lon="-105.46875"><ele>2966.6</ele></trkpt><trkpt lat="37.923515607941845" lon="-105.46875"><ele>2966.6</ele></trkpt><trkpt lat="37.92372565145646" lon="-105.46894177753553"><ele>2969.4</ele></trkpt><trkpt lat="37.92439000335204" lon="-105.47007380991757"><ele>2984.4</ele></trkpt><trkpt lat="37.924412054800584" lon="-105.47010347303316"><ele>2985.0</ele></trkpt><trkpt lat="37.924875689973476" lon="-105.47055338559245"><ele>2994.1</ele></trkpt><trkpt lat="37.9250441269814" lon="-105.47074103226447"><ele>2997.7</ele></trkpt><trkpt lat="37.925553806688356" lon="-105.47124754644285"><ele>3007.2</ele></trkpt><trkpt lat="37.92581343129011" lon="-105.4715999442562"><ele>3012.4</ele></trkpt><trkpt lat="37.9258021975333" lon="-105.4718388751592"><ele>3014.9</ele></trkpt><trkpt lat="37.9259810361679" lon="-105.47191955883362"><ele>3017.5</ele></trkpt><trkpt lat="37.92610003077703" lon="-105.47209661467474"><ele>3019.9</ele></trkpt><trkpt lat="37.92629634414443" lon="-105.47217672705953"><ele>3022.7</ele></trkpt><trkpt lat="37.92646228476195" lon="-105.47235879267129"><ele>3025.6</ele></trkpt><trkpt lat="37.926640846019836" lon="-105.47292305104806"><ele>3033.9</ele></trkpt><trkpt lat="37.92664490265424" lon="-105.47299222103909"><ele>3035.1</ele></trkpt><trkpt lat="37.926670906720915" lon="-105.47343382792602"><ele>3042.7</ele></trkpt><trkpt lat="37.9267397308174" lon="-105.47353481435513"><ele>3045.0</ele></trkpt><trkpt lat="37.92687692387728" lon="-105.4737169678576"><ele>3049.3</ele></trkpt><trkpt lat="37.92705172746586" lon="-105.4739900882479"><ele>3055.4</ele></trkpt><trkpt lat="37.92711812787738" lon="-105.47406009320072"><ele>3057.3</ele></trkpt><trkpt lat="37.92740850838267" lon="-105.47426703188422"><ele>3064.5</ele></trkpt><trkpt lat="37.927836888073074" lon="-105.47493513313826"><ele>3075.0</ele></trkpt><trkpt lat="37.92817069222953" lon="-105.47524459633834"><ele>3080.9</ele></trkpt><trkpt lat="37.9282946904928" lon="-105.47524903481934"><ele>3082.7</ele></trkpt><trkpt lat="37.929140706591994" lon="-105.47411884814228"><ele>3100.9</ele></trkpt><trkpt lat="37.92928511709033" lon="-105.47406035687285"><ele>3103.2</ele></trkpt><trkpt lat="37.92944581578982" lon="-105.47416125541126"><ele>3106.1</ele></trkpt><trkpt lat="37.929556922115154" lon="-105.47432815987503"><ele>3108.8</ele></trkpt><trkpt lat="37.92960384599678" lon="-105.47445819418476"><ele>3110.5</ele></trkpt><trkpt lat="37.92966075073358" lon="-105.4746159580144"><ele>3112.7</ele></trkpt><trkpt lat="37.929632644922656" lon="-105.47495235971799"><ele>3116.9</ele></trkpt><trkpt lat="37.92975144482385" lon="-105.47510063135063"><ele>3119.5</ele></trkpt><trkpt lat="37.92980585434686" lon="-105.47519080722206"><ele>3120.9</ele></trkpt><trkpt lat="37.929757821481324" lon="-105.4755023358539"><ele>3124.1</ele></trkpt><trkpt lat="37.92985125337562" lon="-105.47580771213583"><ele>3126.2</ele></trkpt><trkpt lat="37.92985378324516" lon="-105.4758381223225"><ele>3126.4</ele></trkpt><trkpt lat="37.92985402583539" lon="-105.47602563715844"><ele>3127.6</ele></trkpt><trkpt lat="37.92975376675891" lon="-105.47638247345279"><ele>3130.0</ele></trkpt><trkpt lat="37.929761772236496" lon="-105.47662698541605"><ele>3131.5</ele></trkpt><trkpt lat="37.92978239240605" lon="-105.47687303546678"><ele>3133.1</ele></trkpt><trkpt lat="37.929745068166376" lon="-105.47781970633532"><ele>3139.5</ele></trkpt><trkpt lat="37.92972867599798" lon="-105.47832107890702"><ele>3143.4</ele></trkpt><trkpt lat="37.92982817264802" lon="-105.47939057704683"><ele>3151.6</ele></trkpt><trkpt lat="37.92975210328305" lon="-105.47983227182446"><ele>3155.1</ele></trkpt><trkpt lat="37.92970344661406" lon="-105.47996191062597"><ele>3155.8</ele></trkpt><trkpt lat="37.92967897965658" lon="-105.47999355128262"><ele>3155.9</ele></trkpt><trkpt lat="37.92946283176167" lon="-105.48030661800193"><ele>3156.9</ele></trkpt><trkpt lat="37.92912861173624" lon="-105.48092695065351"><ele>3158.7</ele></trkpt><trkpt lat="37.92898395864768" lon="-105.4814610185704"><ele>3160.1</ele></trkpt><trkpt lat="37.92895453591836" lon="-105.48224750861469"><ele>3161.5</ele></trkpt><trkpt lat="37.928482316707814" lon="-105.4832259959213"><ele>3162.2</ele></trkpt><trkpt lat="37.92820548659966" lon="-105.48384030805906"><ele>3162.6</ele></trkpt><trkpt lat="37.92818843597207" lon="-105.48387555223492"><ele>3162.6</ele></trkpt><trkpt lat="37.92805719465765" lon="-105.48399455626019"><ele>3163.6</ele></trkpt><trkpt lat="37.9278722715909" lon="-105.48489754544443"><ele>3169.7</ele></trkpt><trkpt lat="37.927320656063664" lon="-105.48547885461947"><ele>3175.6</ele></trkpt><trkpt lat="37.92700012505836" lon="-105.48567080793643"><ele>3178.9</ele></trkpt><trkpt lat="37.92690055909683" lon="-105.4857407689439"><ele>3180.7</ele></trkpt><trkpt lat="37.9268676014813" lon="-105.48585370850996"><ele>3182.2</ele></trkpt><trkpt lat="37.9268676014813" lon="-105.48585370850996"><ele>3182.2</ele></trkpt><trkpt lat="37.926850716174" lon="-105.48613513457263"><ele>3185.7</ele></trkpt><trkpt lat="37.9268676014813" lon="-105.48627681440182"><ele>3187.5</ele></trkpt><trkpt lat="37.9268676014813" lon="-105.48627681440182"><ele>3187.5</ele></trkpt><trkpt lat="37.92698889659629" lon="-105.48706813843532"><ele>3197.5</ele></trkpt><trkpt lat="37.9268676014813" lon="-105.48755030688625"><ele>3203.7</ele></trkpt><trkpt lat="37.9268676014813" lon="-105.48755030688625"><ele>3203.7</ele></trkpt><trkpt lat="37.92668591973541" lon="-105.48786403278591"><ele>3208.6</ele></trkpt><trkpt lat="37.926532114349016" lon="-105.4879008589946"><ele>3211.1</ele></trkpt><trkpt lat="37.92643815298807" lon="-105.48783173294892"><ele>3212.9</ele></trkpt><trkpt lat="37.926071010238616" lon="-105.48748641033798"><ele>3220.4</ele></trkpt><trkpt lat="37.92596241725615" lon="-105.48739188387626"><ele>3222.5</ele></trkpt><trkpt lat="37.92580198950077" lon="-105.48732724025693"><ele>3225.3</ele></trkpt><trkpt lat="37.92577172076715" lon="-105.48732671291265"><ele>3225.8</ele></trkpt><trkpt lat="37.92561822742955" lon="-105.48743292883918"><ele>3228.6</ele></trkpt><trkpt lat="37.92534681431757" lon="-105.48762070734728"><ele>3233.7</ele></trkpt><trkpt lat="37.92517172026858" lon="-105.48765929137024"><ele>3236.4</ele></trkpt><trkpt lat="37.9245698821493" lon="-105.48768631776444"><ele>3243.1</ele></trkpt><trkpt lat="37.9245698821493" lon="-105.48768631776444"><ele>3243.1</ele></trkpt><trkpt lat="37.92449818026944" lon="-105.48858249541843"><ele>3251.1</ele></trkpt><trkpt lat="37.92440591784085" lon="-105.48879488332614"><ele>3253.2</ele></trkpt><trkpt lat="37.92437519837008" lon="-105.48942475212006"><ele>3258.8</ele></trkpt><trkpt lat="37.924499844529706" lon="-105.48987818030787"><ele>3263.0</ele></trkpt><trkpt lat="37.92456703903801" lon="-105.49062410878817"><ele>3269.6</ele></trkpt><trkpt lat="37.92478751885138" lon="-105.49169053075303"><ele>3279.1</ele></trkpt><trkpt lat="37.92493373105031" lon="-105.49202873421623"><ele>3281.8</ele></trkpt><trkpt lat="37.925015869228936" lon="-105.49256179138992"><ele>3285.6</ele></trkpt><trkpt lat="37.92501781086592" lon="-105.49377762756669"><ele>3294.2</ele></trkpt><trkpt lat="37.92457154640957" lon="-105.49625065250065"><ele>3319.9</ele></trkpt><trkpt lat="37.92456346781285" lon="-105.496499119546"><ele>3322.6</ele></trkpt><trkpt lat="37.92470090797329" lon="-105.49724548747986"><ele>3330.7</ele></trkpt><trkpt lat="37.924705380672755" lon="-105.49784898905993"><ele>3337.1</ele></trkpt><trkpt lat="37.92456898067499" lon="-105.49852253953816"><ele>3345.0</ele></trkpt><trkpt lat="37.92456572149863" lon="-105.49929461550555"><ele>3355.5</ele></trkpt><trkpt lat="37.92436961616376" lon="-105.49972000655595"><ele>3362.3</ele></trkpt><trkpt lat="37.924339590134764" lon="-105.49993612981895"><ele>3365.3</ele></trkpt><trkpt lat="37.92458815434016" lon="-105.50062598402442"><ele>3375.6</ele></trkpt><trkpt lat="37.92491958483804" lon="-105.50109624328374"><ele>3381.6</ele></trkpt><trkpt lat="37.92499839449613" lon="-105.50169372434998"><ele>3387.4</ele></trkpt><trkpt lat="37.925148351280654" lon="-105.50180314828752"><ele>3389.5</ele></trkpt><trkpt lat="37.92512335270455" lon="-105.50205842686312"><ele>3391.9</ele></trkpt><trkpt lat="37.925290818893984" lon="-105.50235242129773"><ele>3395.4</ele></trkpt><trkpt lat="37.92525642418179" lon="-105.50257012659357"><ele>3398.5</ele></trkpt><trkpt lat="37.92517054141756" lon="-105.50266087375462"><ele>3401.1</ele></trkpt><trkpt lat="37.92518680262726" lon="-105.50296673343549"><ele>3406.7</ele></trkpt><trkpt lat="37.925440914366874" lon="-105.50341844775438"><ele>3416.9</ele></trkpt><trkpt lat="37.9268676014813" lon="-105.50421240850929"><ele>3450.9</ele></trkpt><trkpt lat="37.9268676014813" lon="-105.50421240850929"><ele>3450.9</ele></trkpt><trkpt lat="37.926920347528444" lon="-105.50425217905686"><ele>3452.1</ele></trkpt><trkpt lat="37.926920347528444" lon="-105.50425217905686"><ele>3452.1</ele></trkpt><trkpt lat="37.927088843771045" lon="-105.50437926902771"><ele>3455.9</ele></trkpt><trkpt lat="37.927466314168896" lon="-105.50492581742581"><ele>3467.0</ele></trkpt><trkpt lat="37.92762008171896" lon="-105.50511240940928"><ele>3471.1</ele></trkpt><trkpt lat="37.92791611111104" lon="-105.50537208252052"><ele>3476.6</ele></trkpt><trkpt lat="37.92822995355714" lon="-105.50564744412401"><ele>3477.0</ele></trkpt><trkpt lat="37.92876285498092" lon="-105.50563984157735"><ele>3477.4</ele></trkpt><trkpt lat="37.92881546240508" lon="-105.505738059449"><ele>3477.5</ele></trkpt><trkpt lat="37.92881546240508" lon="-105.505738059449"><ele>3477.5</ele></trkpt><trkpt lat="37.92884342261332" lon="-105.50581171795352"><ele>3477.6</ele></trkpt><trkpt lat="37.92884342261332" lon="-105.50581171795352"><ele>3477.6</ele></trkpt><trkpt lat="37.92881546240508" lon="-105.505738059449"><ele>3477.6</ele></trkpt><trkpt lat="37.92881546240508" lon="-105.505738059449"><ele>3477.6</ele></trkpt><trkpt lat="37.92876285498092" lon="-105.50563984157735"><ele>3477.7</ele></trkpt><trkpt lat="37.92822995355714" lon="-105.50564744412401"><ele>3477.9</ele></trkpt><trkpt lat="37.92791611111104" lon="-105.50537208252052"><ele>3477.5</ele></trkpt><trkpt lat="37.92762008171896" lon="-105.50511240940928"><ele>3477.1</ele></trkpt><trkpt lat="37.927466314168896" lon="-105.50492581742581"><ele>3476.9</ele></trkpt><trkpt lat="37.927088843771045" lon="-105.50437926902771"><ele>3476.2</ele></trkpt><trkpt lat="37.926920347528444" lon="-105.50425217905686"><ele>3476.0</ele></trkpt><trkpt lat="37.926920347528444" lon="-105.50425217905686"><ele>3476.0</ele></trkpt><trkpt lat="37.9268676014813" lon="-105.50421240850929"><ele>3475.9</ele></trkpt><trkpt lat="37.9268676014813" lon="-105.50421240850929"><ele>3475.9</ele></trkpt><trkpt lat="37.925440914366874" lon="-105.50341844775438"><ele>3474.2</ele></trkpt><trkpt lat="37.92518680262726" lon="-105.50296673343549"><ele>3473.7</ele></trkpt><trkpt lat="37.92517054141756" lon="-105.50266087375462"><ele>3473.5</ele></trkpt><trkpt lat="37.92525642418179" lon="-105.50257012659357"><ele>3473.4</ele></trkpt><trkpt lat="37.925290818893984" lon="-105.50235242129773"><ele>3473.2</ele></trkpt><trkpt lat="37.92512335270455" lon="-105.50205842686312"><ele>3473.0</ele></trkpt><trkpt lat="37.925148351280654" lon="-105.50180314828752"><ele>3472.8</ele></trkpt><trkpt lat="37.92499839449613" lon="-105.50169372434998"><ele>3472.6</ele></trkpt><trkpt lat="37.92491958483804" lon="-105.50109624328374"><ele>3471.1</ele></trkpt><trkpt lat="37.92458815434016" lon="-105.50062598402442"><ele>3461.1</ele></trkpt><trkpt lat="37.924339590134764" lon="-105.49993612981895"><ele>3449.1</ele></trkpt><trkpt lat="37.92436961616376" lon="-105.49972000655595"><ele>3445.6</ele></trkpt><trkpt lat="37.92456572149863" lon="-105.49929461550555"><ele>3437.8</ele></trkpt><trkpt lat="37.92456898067499" lon="-105.49852253953816"><ele>3424.5</ele></trkpt><trkpt lat="37.924705380672755" lon="-105.49784898905993"><ele>3412.2</ele></trkpt><trkpt lat="37.92470090797329" lon="-105.49724548747986"><ele>3401.4</ele></trkpt><trkpt lat="37.92456346781285" lon="-105.496499119546"><ele>3389.8</ele></trkpt><trkpt lat="37.92457154640957" lon="-105.49625065250065"><ele>3387.4</ele></trkpt><trkpt lat="37.92501781086592" lon="-105.49377762756669"><ele>3359.4</ele></trkpt><trkpt lat="37.925015869228936" lon="-105.49256179138992"><ele>3342.1</ele></trkpt><trkpt lat="37.92493373105031" lon="-105.49202873421623"><ele>3335.1</ele></trkpt><trkpt lat="37.92478751885138" lon="-105.49169053075303"><ele>3331.0</ele></trkpt><trkpt lat="37.92456703903801" lon="-105.49062410878817"><ele>3319.4</ele></trkpt><trkpt lat="37.924499844529706" lon="-105.48987818030787"><ele>3311.4</ele></trkpt><trkpt lat="37.92437519837008" lon="-105.48942475212006"><ele>3306.9</ele></trkpt><trkpt lat="37.92440591784085" lon="-105.48879488332614"><ele>3300.8</ele></trkpt><trkpt lat="37.92449818026944" lon="-105.48858249541843"><ele>3298.5</ele></trkpt><trkpt lat="37.9245698821493" lon="-105.48768631776444"><ele>3290.2</ele></trkpt><trkpt lat="37.9245698821493" lon="-105.48768631776444"><ele>3290.2</ele></trkpt><trkpt lat="37.92517172026858" lon="-105.48765929137024"><ele>3284.7</ele></trkpt><trkpt lat="37.92534681431757" lon="-105.48762070734728"><ele>3283.1</ele></trkpt><trkpt lat="37.92561822742955" lon="-105.48743292883918"><ele>3280.3</ele></trkpt><trkpt lat="37.92577172076715" lon="-105.48732671291265"><ele>3278.7</ele></trkpt><trkpt lat="37.92580198950077" lon="-105.48732724025693"><ele>3278.4</ele></trkpt><trkpt lat="37.92596241725615" lon="-105.48739188387626"><ele>3276.9</ele></trkpt><trkpt lat="37.926071010238616" lon="-105.48748641033798"><ele>3275.7</ele></trkpt><trkpt lat="37.92643815298807" lon="-105.48783173294892"><ele>3271.2</ele></trkpt><trkpt lat="37.926532114349016" lon="-105.4879008589946"><ele>3270.1</ele></trkpt><trkpt lat="37.92668591973541" lon="-105.48786403278591"><ele>3268.5</ele></trkpt><trkpt lat="37.9268676014813" lon="-105.48755030688625"><ele>3265.3</ele></trkpt><trkpt lat="37.9268676014813" lon="-105.48755030688625"><ele>3265.3</ele></trkpt><trkpt lat="37.92698889659629" lon="-105.48706813843532"><ele>3261.2</ele></trkpt><trkpt lat="37.9268676014813" lon="-105.48627681440182"><ele>3254.6</ele></trkpt><trkpt lat="37.9268676014813" lon="-105.48627681440182"><ele>3254.6</ele></trkpt><trkpt lat="37.926850716174" lon="-105.48613513457263"><ele>3253.1</ele></trkpt><trkpt lat="37.9268676014813" lon="-105.48585370850996"><ele>3250.3</ele></trkpt><trkpt lat="37.9268676014813" lon="-105.48585370850996"><ele>3250.3</ele></trkpt><trkpt lat="37.92690055909683" lon="-105.4857407689439"><ele>3249.0</ele></trkpt><trkpt lat="37.92700012505836" lon="-105.48567080793643"><ele>3247.5</ele></trkpt><trkpt lat="37.927320656063664" lon="-105.48547885461947"><ele>3242.9</ele></trkpt><trkpt lat="37.9278722715909" lon="-105.48489754544443"><ele>3233.6</ele></trkpt><trkpt lat="37.92805719465765" lon="-105.48399455626019"><ele>3222.8</ele></trkpt><trkpt lat="37.92818843597207" lon="-105.48387555223492"><ele>3220.4</ele></trkpt><trkpt lat="37.92820548659966" lon="-105.48384030805906"><ele>3219.9</ele></trkpt><trkpt lat="37.928482316707814" lon="-105.4832259959213"><ele>3211.5</ele></trkpt><trkpt lat="37.92895453591836" lon="-105.48224750861469"><ele>3197.9</ele></trkpt><trkpt lat="37.92898395864768" lon="-105.4814610185704"><ele>3188.7</ele></trkpt><trkpt lat="37.92912861173624" lon="-105.48092695065351"><ele>3182.0</ele></trkpt><trkpt lat="37.92946283176167" lon="-105.48030661800193"><ele>3174.2</ele></trkpt><trkpt lat="37.92967897965658" lon="-105.47999355128262"><ele>3171.6</ele></trkpt><trkpt lat="37.92970344661406" lon="-105.47996191062597"><ele>3171.3</ele></trkpt><trkpt lat="37.92975210328305" lon="-105.47983227182446"><ele>3170.4</ele></trkpt><trkpt lat="37.92982817264802" lon="-105.47939057704683"><ele>3167.5</ele></trkpt><trkpt lat="37.92972867599798" lon="-105.47832107890702"><ele>3161.4</ele></trkpt><trkpt lat="37.929745068166376" lon="-105.47781970633532"><ele>3161.4</ele></trkpt><trkpt lat="37.92978239240605" lon="-105.47687303546678"><ele>3161.4</ele></trkpt><trkpt lat="37.929761772236496" lon="-105.47662698541605"><ele>3161.4</ele></trkpt><trkpt lat="37.92975376675891" lon="-105.47638247345279"><ele>3161.4</ele></trkpt><trkpt lat="37.92985402583539" lon="-105.47602563715844"><ele>3161.1</ele></trkpt><trkpt lat="37.92985378324516" lon="-105.4758381223225"><ele>3160.2</ele></trkpt><trkpt lat="37.92985125337562" lon="-105.47580771213583"><ele>3160.1</ele></trkpt><trkpt lat="37.929757821481324" lon="-105.4755023358539"><ele>3158.6</ele></trkpt><trkpt lat="37.92980585434686" lon="-105.47519080722206"><ele>3157.1</ele></trkpt><trkpt lat="37.92975144482385" lon="-105.47510063135063"><ele>3156.5</ele></trkpt><trkpt lat="37.929632644922656" lon="-105.47495235971799"><ele>3155.5</ele></trkpt><trkpt lat="37.92966075073358" lon="-105.4746159580144"><ele>3153.9</ele></trkpt><trkpt lat="37.92960384599678" lon="-105.47445819418476"><ele>3153.1</ele></trkpt><trkpt lat="37.929556922115154" lon="-105.47432815987503"><ele>3152.4</ele></trkpt><trkpt lat="37.92944581578982" lon="-105.47416125541126"><ele>3151.4</ele></trkpt><trkpt lat="37.92928511709033" lon="-105.47406035687285"><ele>3150.3</ele></trkpt><trkpt lat="37.929140706591994" lon="-105.47411884814228"><ele>3149.1</ele></trkpt><trkpt lat="37.9282946904928" lon="-105.47524903481934"><ele>3138.1</ele></trkpt><trkpt lat="37.92817069222953" lon="-105.47524459633834"><ele>3136.9</ele></trkpt><trkpt lat="37.927836888073074" lon="-105.47493513313826"><ele>3133.3</ele></trkpt><trkpt lat="37.92740850838267" lon="-105.47426703188422"><ele>3127.7</ele></trkpt><trkpt lat="37.92711812787738" lon="-105.47406009320072"><ele>3125.0</ele></trkpt><trkpt lat="37.92705172746586" lon="-105.4739900882479"><ele>3124.3</ele></trkpt><trkpt lat="37.92687692387728" lon="-105.4737169678576"><ele>3122.0</ele></trkpt><trkpt lat="37.9267397308174" lon="-105.47353481435513"><ele>3120.3</ele></trkpt><trkpt lat="37.926670906720915" lon="-105.47343382792602"><ele>3119.5</ele></trkpt><trkpt lat="37.92664490265424" lon="-105.47299222103909"><ele>3114.2</ele></trkpt><trkpt lat="37.926640846019836" lon="-105.47292305104806"><ele>3113.3</ele></trkpt><trkpt lat="37.92646228476195" lon="-105.47235879267129"><ele>3105.4</ele></trkpt><trkpt lat="37.92629634414443" lon="-105.47217672705953"><ele>3101.9</ele></trkpt><trkpt lat="37.92610003077703" lon="-105.47209661467474"><ele>3098.5</ele></trkpt><trkpt lat="37.9259810361679" lon="-105.47191955883362"><ele>3095.5</ele></trkpt><trkpt lat="37.9258021975333" lon="-105.4718388751592"><ele>3092.4</ele></trkpt><trkpt lat="37.92581343129011" lon="-105.4715999442562"><ele>3089.3</ele></trkpt><trkpt lat="37.925553806688356" lon="-105.47124754644285"><ele>3083.5</ele></trkpt><trkpt lat="37.9250441269814" lon="-105.47074103226447"><ele>3073.7</ele></trkpt><trkpt lat="37.924875689973476" lon="-105.47055338559245"><ele>3070.3</ele></trkpt><trkpt lat="37.924412054800584" lon="-105.47010347303316"><ele>3061.5</ele></trkpt><trkpt lat="37.92439000335204" lon="-105.47007380991757"><ele>3061.1</ele></trkpt><trkpt lat="37.92372565145646" lon="-105.46894177753553"><ele>3037.4</ele></trkpt><trkpt lat="37.923515607941845" lon="-105.46875"><ele>3031.7</ele></trkpt><trkpt lat="37.923515607941845" lon="-105.46875"><ele>3031.7</ele></trkpt><trkpt lat="37.923431666814594" lon="-105.46861403306715"><ele>3028.8</ele></trkpt><trkpt lat="37.92340427586436" lon="-105.46835835898337"><ele>3024.3</ele></trkpt><trkpt lat="37.923486448715074" lon="-105.4677951113498"><ele>3017.1</ele></trkpt><trkpt lat="37.92358803793557" lon="-105.46772479877949"><ele>3015.5</ele></trkpt><trkpt lat="37.92362895100049" lon="-105.46772646870303"><ele>3014.9</ele></trkpt><trkpt lat="37.92383594337127" lon="-105.46772875386156"><ele>3011.9</ele></trkpt><trkpt lat="37.92395982674495" lon="-105.46765286023098"><ele>3010.0</ele></trkpt><trkpt lat="37.923990268839006" lon="-105.46739846056252"><ele>3007.1</ele></trkpt><trkpt lat="37.923966622474374" lon="-105.46730846047252"><ele>3006.0</ele></trkpt><trkpt lat="37.92384464606559" lon="-105.46700971993941"><ele>3002.2</ele></trkpt><trkpt lat="37.92378001729186" lon="-105.46664282015844"><ele>2998.0</ele></trkpt><trkpt lat="37.923641120903696" lon="-105.46642072032697"><ele>2994.8</ele></trkpt><trkpt lat="37.92352784718923" lon="-105.46625095941502"><ele>2992.5</ele></trkpt><trkpt lat="37.92353259726541" lon="-105.46617335191554"><ele>2991.7</ele></trkpt><trkpt lat="37.92368983518861" lon="-105.46547053382992"><ele>2983.9</ele></trkpt><trkpt lat="37.92372010392223" lon="-105.4653620766902"><ele>2982.7</ele></trkpt><trkpt lat="37.92376673788181" lon="-105.4652458412224"><ele>2981.3</ele></trkpt><trkpt lat="37.92384946548595" lon="-105.46503969355531"><ele>2978.8</ele></trkpt><trkpt lat="37.92395618617561" lon="-105.46470206138174"><ele>2975.0</ele></trkpt><trkpt lat="37.92400444972337" lon="-105.46442155817155"><ele>2971.9</ele></trkpt><trkpt lat="37.92417396156605" lon="-105.46402754410568"><ele>2968.4</ele></trkpt><trkpt lat="37.924196949160994" lon="-105.46397749034467"><ele>2968.1</ele></trkpt><trkpt lat="37.924386362782705" lon="-105.46365422830267"><ele>2965.8</ele></trkpt><trkpt lat="37.92458291885473" lon="-105.46331510198698"><ele>2963.3</ele></trkpt><trkpt lat="37.92486320802147" lon="-105.46285407125251"><ele>2959.9</ele></trkpt><trkpt lat="37.92492072901697" lon="-105.46264084838303"><ele>2958.6</ele></trkpt><trkpt lat="37.92496750166491" lon="-105.46246519879332"><ele>2957.5</ele></trkpt><trkpt lat="37.92519911121882" lon="-105.46230075526951"><ele>2954.5</ele></trkpt><trkpt lat="37.9252163779191" lon="-105.46226652183684"><ele>2954.1</ele></trkpt><trkpt lat="37.92524023231626" lon="-105.46218698074166"><ele>2953.2</ele></trkpt><trkpt lat="37.92533218269605" lon="-105.46172849883787"><ele>2948.5</ele></trkpt><trkpt lat="37.92545384705603" lon="-105.46099285357099"><ele>2941.0</ele></trkpt><trkpt lat="37.925599019092296" lon="-105.46077070979415"><ele>2938.1</ele></trkpt><trkpt lat="37.926124578615976" lon="-105.46013007438789"><ele>2929.1</ele></trkpt><trkpt lat="37.92650798257513" lon="-105.45982865318803"><ele>2923.7</ele></trkpt><trkpt lat="37.9265737555278" lon="-105.45967721748971"><ele>2922.1</ele></trkpt><trkpt lat="37.92665142100695" lon="-105.45953593316875"><ele>2920.5</ele></trkpt><trkpt lat="37.926808797618506" lon="-105.45931247103123"><ele>2917.6</ele></trkpt><trkpt lat="37.92650874536109" lon="-105.45871674777925"><ele>2911.0</ele></trkpt><trkpt lat="37.92627106819162" lon="-105.45853547318391"><ele>2907.8</ele></trkpt><trkpt lat="37.92616313397885" lon="-105.45833934505809"><ele>2905.6</ele></trkpt><trkpt lat="37.92629745365128" lon="-105.45769580925831"><ele>2899.6</ele></trkpt><trkpt lat="37.92646758959155" lon="-105.45752639990921"><ele>2897.2</ele></trkpt><trkpt lat="37.926556350139165" lon="-105.45727459301678"><ele>2894.7</ele></trkpt><trkpt lat="37.926620181454844" lon="-105.45721429998774"><ele>2893.8</ele></trkpt><trkpt lat="37.926749126953496" lon="-105.45719140445703"><ele>2892.3</ele></trkpt><trkpt lat="37.92687144826923" lon="-105.45717567201942"><ele>2890.9</ele></trkpt><trkpt lat="37.92687144826923" lon="-105.45717567201942"><ele>2890.9</ele></trkpt><trkpt lat="37.92706746117506" lon="-105.4571199932528"><ele>2888.5</ele></trkpt><trkpt lat="37.92779474668455" lon="-105.45727037426256"><ele>2879.6</ele></trkpt><trkpt lat="37.92800458723349" lon="-105.45726527660122"><ele>2877.1</ele></trkpt><trkpt lat="37.928221982735295" lon="-105.45739122399279"><ele>2874.3</ele></trkpt><trkpt lat="37.92845053738769" lon="-105.457458811951"><ele>2871.5</ele></trkpt><trkpt lat="37.92863241074868" lon="-105.45718947086135"><ele>2868.0</ele></trkpt><trkpt lat="37.9288533411367" lon="-105.45703460742523"><ele>2864.5</ele></trkpt><trkpt lat="37.92899175619078" lon="-105.45704199024512"><ele>2862.5</ele></trkpt><trkpt lat="37.92913530029544" lon="-105.45712961728587"><ele>2860.3</ele></trkpt><trkpt lat="37.92923836648744" lon="-105.4571925470363"><ele>2858.7</ele></trkpt><trkpt lat="37.92952434571284" lon="-105.4573126057501"><ele>2854.4</ele></trkpt><trkpt lat="37.92991900536128" lon="-105.45725393869925"><ele>2848.8</ele></trkpt><trkpt lat="37.93015355545792" lon="-105.45730223464598"><ele>2845.5</ele></trkpt><trkpt lat="37.93018377526943" lon="-105.45731453934579"><ele>2845.0</ele></trkpt><trkpt lat="37.93083024357659" lon="-105.45716679505742"><ele>2836.9</ele></trkpt><trkpt lat="37.93083024357659" lon="-105.45716679505742"><ele>2836.9</ele></trkpt><trkpt lat="37.93102864772897" lon="-105.45713827452109"><ele>2834.7</ele></trkpt><trkpt lat="37.93121987814169" lon="-105.45717778139654"><ele>2832.5</ele></trkpt><trkpt lat="37.931528279635494" lon="-105.45725103830573"><ele>2828.9</ele></trkpt><trkpt lat="37.932067627028246" lon="-105.4572631672241"><ele>2822.7</ele></trkpt><trkpt lat="37.93241418449965" lon="-105.45725455393425"><ele>2820.8</ele></trkpt><trkpt lat="37.93264953167848" lon="-105.45715084289303"><ele>2819.7</ele></trkpt><trkpt lat="37.932687029196885" lon="-105.45713405576687"><ele>2819.5</ele></trkpt><trkpt lat="37.934271836513624" lon="-105.45562343413906"><ele>2810.6</ele></trkpt><trkpt lat="37.93453182392867" lon="-105.45545912245132"><ele>2809.3</ele></trkpt><trkpt lat="37.9341061148782" lon="-105.45585850192738"><ele>2807.0</ele></trkpt><trkpt lat="37.9341061148782" lon="-105.45585850192738"><ele>2807.0</ele></trkpt><trkpt lat="37.93453182392867" lon="-105.45545912245132"><ele>2804.4</ele></trkpt><trkpt lat="37.934745684544275" lon="-105.45536415653604"><ele>2802.9</ele></trkpt><trkpt lat="37.934745684544275" lon="-105.45536415653604"><ele>2802.9</ele></trkpt><trkpt lat="37.934791291507516" lon="-105.45537668096262"><ele>2802.6</ele></trkpt><trkpt lat="37.93537117530147" lon="-105.45558887562996"><ele>2798.7</ele></trkpt><trkpt lat="37.93509655541327" lon="-105.45633935454"><ele>2794.4</ele></trkpt><trkpt lat="37.93521010410769" lon="-105.4560290518867"><ele>2793.9</ele></trkpt><trkpt lat="37.93537117530147" lon="-105.45558887562996"><ele>2793.6</ele></trkpt></trkseg></trk></gpx>