<?xml version="1.0" encoding="UTF-8" standalone="no" ?>
<gpx xmlns="http://www.topografix.com/GPX/1/1" creator="www.plotaroute.com" version="1.1"  xmlns:xsi="http://www.w3.org/2001/XMLSchema-instance" xsi:schemaLocation="http://www.topografix.com/GPX/1/1 http://www.topografix.com/GPX/1/1/gpx.xsd">
<metadata>
<desc>Route created on plotaroute.com</desc>
</metadata>
<wpt lat="38.6483309" lon="-121.1899774">
<time>2026-10-02T00:00:00Z</time>
<name>Willow Cre</name>
<cmt>Willow Creek</cmt>
<desc>Willow Creek</desc>
<sym>Flag, Blue</sym>
<type>Waypoint</type>
</wpt>
<wpt lat="38.6803319" lon="-121.1851172">
<time>2026-10-02T00:00:00Z</time>
<name>BMB</name>
<cmt>BMB</cmt>
<desc>BMB</desc>
<sym>Flag, Blue</sym>
<type>Waypoint</type>
</wpt>
<wpt lat="38.7212332" lon="-121.169951">
<time>2026-10-02T00:00:00Z</time>
<name>Beals</name>
<cmt>Beals</cmt>
<desc>Beals</desc>
<sym>Flag, Blue</sym>
<type>Waypoint</type>
</wpt>
<wpt lat="38.8121984" lon="-121.1079855">
<time>2026-10-02T00:00:00Z</time>
<name>Horseshoe</name>
<cmt>Horseshoe</cmt>
<desc>Horseshoe</desc>
<sym>Flag, Blue</sym>
<type>Waypoint</type>
</wpt>
<wpt lat="38.9265024" lon="-120.9495807">
<time>2026-10-02T00:00:00Z</time>
<name>ALT</name>
<cmt>ALT</cmt>
<desc>ALT</desc>
<sym>Flag, Blue</sym>
<type>Waypoint</type>
</wpt>
<wpt lat="38.8891618" lon="-121.0173848">
<time>2026-10-02T00:00:00Z</time>
<name>Cool</name>
<cmt>Cool</cmt>
<desc>Cool</desc>
<sym>Flag, Blue</sym>
<type>Waypoint</type>
</wpt>
<wpt lat="38.9126361" lon="-121.0418143">
<time>2026-10-02T00:00:00Z</time>
<name>No Hand Br</name>
<cmt>No Hand Bridge</cmt>
<desc>No Hand Bridge</desc>
<sym>Flag, Blue</sym>
<type>Waypoint</type>
</wpt>
<wpt lat="38.8886455" lon="-121.0684819">
<time>2026-10-02T00:00:00Z</time>
<name>Overlook</name>
<cmt>Overlook</cmt>
<desc>Overlook</desc>
<sym>Flag, Blue</sym>
<type>Waypoint</type>
</wpt>
<wpt lat="38.8189485" lon="-121.0899782">
<time>2026-10-02T00:00:00Z</time>
<name>Rattlesnak</name>
<cmt>Rattlesnake</cmt>
<desc>Rattlesnake</desc>
<sym>Flag, Blue</sym>
<type>Waypoint</type>
</wpt>
<wpt lat="38.864574" lon="-121.059695">
<time>2026-10-02T00:00:00Z</time>
<name>Cardiac</name>
<cmt>Cardiac</cmt>
<desc>Cardiac</desc>
<sym>Flag, Blue</sym>
<type>Waypoint</type>
</wpt>
<wpt lat="38.7563851" lon="-121.1478882">
<time>2026-10-02T00:00:00Z</time>
<name>Granite Be</name>
<cmt>Granite Beach</cmt>
<desc>Granite Beach</desc>
<sym>Flag, Blue</sym>
<type>Waypoint</type>
</wpt>
<trk>
<name>RDL 100 2026</name>
<trkseg>
<trkpt lat="38.721187" lon="-121.169122">
<ele>142</ele>
<time>2026-10-02T00:00:00Z</time></trkpt>
<trkpt lat="38.721187" lon="-121.169122">
<ele>142</ele>
<time>2026-10-02T00:00:00Z</time></trkpt>
<trkpt lat="38.721264" lon="-121.16899">
<ele>142</ele>
<time>2026-10-02T00:00:05Z</time></trkpt>
<trkpt lat="38.721391" lon="-121.168855">
<ele>143</ele>
<time>2026-10-02T00:00:12Z</time></trkpt>
<trkpt lat="38.721419" lon="-121.168584">
<ele>144</ele>
<time>2026-10-02T00:00:20Z</time></trkpt>
<trkpt lat="38.721604" lon="-121.168615">
<ele>142</ele>
<time>2026-10-02T00:00:28Z</time></trkpt>
<trkpt lat="38.721612" lon="-121.1685">
<ele>143</ele>
<time>2026-10-02T00:00:31Z</time></trkpt>
<trkpt lat="38.721612" lon="-121.1685">
<ele>143</ele>
<time>2026-10-02T00:00:31Z</time></trkpt>
<trkpt lat="38.721632" lon="-121.168201">
<ele>143</ele>
<time>2026-10-02T00:00:41Z</time></trkpt>
<trkpt lat="38.721692" lon="-121.16772">
<ele>142</ele>
<time>2026-10-02T00:00:56Z</time></trkpt>
<trkpt lat="38.721764" lon="-121.167446">
<ele>142</ele>
<time>2026-10-02T00:01:05Z</time></trkpt>
<trkpt lat="38.72185" lon="-121.16721">
<ele>143</ele>
<time>2026-10-02T00:01:13Z</time></trkpt>
<trkpt lat="38.721919" lon="-121.167063">
<ele>143</ele>
<time>2026-10-02T00:01:19Z</time></trkpt>
<trkpt lat="38.721993" lon="-121.166982">
<ele>144</ele>
<time>2026-10-02T00:01:22Z</time></trkpt>
<trkpt lat="38.721993" lon="-121.166982">
<ele>144</ele>
<time>2026-10-02T00:01:22Z</time></trkpt>
<trkpt lat="38.722018" lon="-121.166877">
<ele>145</ele>
<time>2026-10-02T00:01:26Z</time></trkpt>
<trkpt lat="38.722001" lon="-121.166836">
<ele>144</ele>
<time>2026-10-02T00:01:27Z</time></trkpt>
<trkpt lat="38.72194" lon="-121.166803">
<ele>143</ele>
<time>2026-10-02T00:01:30Z</time></trkpt>
<trkpt lat="38.721623" lon="-121.166937">
<ele>142</ele>
<time>2026-10-02T00:01:43Z</time></trkpt>
<trkpt lat="38.721312" lon="-121.167039">
<ele>142</ele>
<time>2026-10-02T00:01:56Z</time></trkpt>
<trkpt lat="38.720973" lon="-121.167114">
<ele>142</ele>
<time>2026-10-02T00:02:10Z</time></trkpt>
<trkpt lat="38.720973" lon="-121.167114">
<ele>142</ele>
<time>2026-10-02T00:02:10Z</time></trkpt>
<trkpt lat="38.720728" lon="-121.167169">
<ele>142</ele>
<time>2026-10-02T00:02:20Z</time></trkpt>
<trkpt lat="38.720608" lon="-121.167246">
<ele>142</ele>
<time>2026-10-02T00:02:25Z</time></trkpt>
<trkpt lat="38.720358" lon="-121.167547">
<ele>142</ele>
<time>2026-10-02T00:02:39Z</time></trkpt>
<trkpt lat="38.720225" lon="-121.167656">
<ele>142</ele>
<time>2026-10-02T00:02:45Z</time></trkpt>
<trkpt lat="38.72001" lon="-121.167794">
<ele>142</ele>
<time>2026-10-02T00:02:55Z</time></trkpt>
<trkpt lat="38.719921" lon="-121.167777">
<ele>142</ele>
<time>2026-10-02T00:02:59Z</time></trkpt>
<trkpt lat="38.719921" lon="-121.167777">
<ele>142</ele>
<time>2026-10-02T00:02:59Z</time></trkpt>
<trkpt lat="38.719784" lon="-121.167684">
<ele>142</ele>
<time>2026-10-02T00:03:05Z</time></trkpt>
<trkpt lat="38.719676" lon="-121.167637">
<ele>142</ele>
<time>2026-10-02T00:03:09Z</time></trkpt>
<trkpt lat="38.719593" lon="-121.167659">
<ele>142</ele>
<time>2026-10-02T00:03:13Z</time></trkpt>
<trkpt lat="38.719364" lon="-121.167825">
<ele>142</ele>
<time>2026-10-02T00:03:23Z</time></trkpt>
<trkpt lat="38.719274" lon="-121.167921">
<ele>142</ele>
<time>2026-10-02T00:03:28Z</time></trkpt>
<trkpt lat="38.719255" lon="-121.168026">
<ele>142</ele>
<time>2026-10-02T00:03:31Z</time></trkpt>
<trkpt lat="38.719282" lon="-121.168153">
<ele>142</ele>
<time>2026-10-02T00:03:36Z</time></trkpt>
<trkpt lat="38.719348" lon="-121.168236">
<ele>142</ele>
<time>2026-10-02T00:03:39Z</time></trkpt>
<trkpt lat="38.719727" lon="-121.168468">
<ele>142</ele>
<time>2026-10-02T00:03:56Z</time></trkpt>
<trkpt lat="38.719846" lon="-121.168613">
<ele>142</ele>
<time>2026-10-02T00:04:03Z</time></trkpt>
<trkpt lat="38.719959" lon="-121.168802">
<ele>142</ele>
<time>2026-10-02T00:04:10Z</time></trkpt>
<trkpt lat="38.719996" lon="-121.168943">
<ele>142</ele>
<time>2026-10-02T00:04:15Z</time></trkpt>
<trkpt lat="38.719996" lon="-121.168943">
<ele>142</ele>
<time>2026-10-02T00:04:15Z</time></trkpt>
<trkpt lat="38.7201" lon="-121.169399">
<ele>142</ele>
<time>2026-10-02T00:04:30Z</time></trkpt>
<trkpt lat="38.720151" lon="-121.169585">
<ele>142</ele>
<time>2026-10-02T00:04:36Z</time></trkpt>
<trkpt lat="38.720212" lon="-121.169741">
<ele>142</ele>
<time>2026-10-02T00:04:41Z</time></trkpt>
<trkpt lat="38.720262" lon="-121.169783">
<ele>142</ele>
<time>2026-10-02T00:04:44Z</time></trkpt>
<trkpt lat="38.720333" lon="-121.169804">
<ele>142</ele>
<time>2026-10-02T00:04:47Z</time></trkpt>
<trkpt lat="38.720344" lon="-121.170336">
<ele>147</ele>
<time>2026-10-02T00:05:03Z</time></trkpt>
<trkpt lat="38.720344" lon="-121.170336">
<ele>147</ele>
<time>2026-10-02T00:05:03Z</time></trkpt>
<trkpt lat="38.720349" lon="-121.170563">
<ele>149</ele>
<time>2026-10-02T00:05:10Z</time></trkpt>
<trkpt lat="38.720404" lon="-121.170763">
<ele>149</ele>
<time>2026-10-02T00:05:17Z</time></trkpt>
<trkpt lat="38.719635" lon="-121.171195">
<ele>141</ele>
<time>2026-10-02T00:05:51Z</time></trkpt>
<trkpt lat="38.719635" lon="-121.171195">
<ele>141</ele>
<time>2026-10-02T00:05:51Z</time></trkpt>
<trkpt lat="38.719139" lon="-121.171474">
<ele>140</ele>
<time>2026-10-02T00:06:12Z</time></trkpt>
<trkpt lat="38.718597" lon="-121.171725">
<ele>136</ele>
<time>2026-10-02T00:06:35Z</time></trkpt>
<trkpt lat="38.718597" lon="-121.171724">
<ele>136</ele>
<time>2026-10-02T00:06:35Z</time></trkpt>
<trkpt lat="38.71808" lon="-121.171895">
<ele>134</ele>
<time>2026-10-02T00:06:57Z</time></trkpt>
<trkpt lat="38.717766" lon="-121.171919">
<ele>132</ele>
<time>2026-10-02T00:07:09Z</time></trkpt>
<trkpt lat="38.717766" lon="-121.171919">
<ele>132</ele>
<time>2026-10-02T00:07:09Z</time></trkpt>
<trkpt lat="38.717224" lon="-121.171962">
<ele>129</ele>
<time>2026-10-02T00:07:31Z</time></trkpt>
<trkpt lat="38.716922" lon="-121.171965">
<ele>129</ele>
<time>2026-10-02T00:07:43Z</time></trkpt>
<trkpt lat="38.716922" lon="-121.171965">
<ele>129</ele>
<time>2026-10-02T00:07:43Z</time></trkpt>
<trkpt lat="38.716488" lon="-121.17197">
<ele>127</ele>
<time>2026-10-02T00:08:01Z</time></trkpt>
<trkpt lat="38.71607" lon="-121.171932">
<ele>127</ele>
<time>2026-10-02T00:08:17Z</time></trkpt>
<trkpt lat="38.71607" lon="-121.171932">
<ele>127</ele>
<time>2026-10-02T00:08:17Z</time></trkpt>
<trkpt lat="38.715429" lon="-121.171862">
<ele>126</ele>
<time>2026-10-02T00:08:43Z</time></trkpt>
<trkpt lat="38.715429" lon="-121.171862">
<ele>126</ele>
<time>2026-10-02T00:08:43Z</time></trkpt>
<trkpt lat="38.714789" lon="-121.171788">
<ele>125</ele>
<time>2026-10-02T00:09:09Z</time></trkpt>
<trkpt lat="38.714789" lon="-121.171788">
<ele>125</ele>
<time>2026-10-02T00:09:09Z</time></trkpt>
<trkpt lat="38.714125" lon="-121.17171">
<ele>125</ele>
<time>2026-10-02T00:09:36Z</time></trkpt>
<trkpt lat="38.71302" lon="-121.171477">
<ele>125</ele>
<time>2026-10-02T00:10:21Z</time></trkpt>
<trkpt lat="38.712588" lon="-121.171331">
<ele>125</ele>
<time>2026-10-02T00:10:39Z</time></trkpt>
<trkpt lat="38.712588" lon="-121.171331">
<ele>125</ele>
<time>2026-10-02T00:10:39Z</time></trkpt>
<trkpt lat="38.712207" lon="-121.171202">
<ele>125</ele>
<time>2026-10-02T00:10:54Z</time></trkpt>
<trkpt lat="38.712096" lon="-121.171183">
<ele>125</ele>
<time>2026-10-02T00:10:59Z</time></trkpt>
<trkpt lat="38.711911" lon="-121.171206">
<ele>125</ele>
<time>2026-10-02T00:11:06Z</time></trkpt>
<trkpt lat="38.711548" lon="-121.171377">
<ele>125</ele>
<time>2026-10-02T00:11:22Z</time></trkpt>
<trkpt lat="38.711255" lon="-121.171447">
<ele>123</ele>
<time>2026-10-02T00:11:34Z</time></trkpt>
<trkpt lat="38.711076" lon="-121.171455">
<ele>123</ele>
<time>2026-10-02T00:11:41Z</time></trkpt>
<trkpt lat="38.710248" lon="-121.171401">
<ele>122</ele>
<time>2026-10-02T00:12:14Z</time></trkpt>
<trkpt lat="38.710248" lon="-121.171401">
<ele>122</ele>
<time>2026-10-02T00:12:14Z</time></trkpt>
<trkpt lat="38.710092" lon="-121.171391">
<ele>120</ele>
<time>2026-10-02T00:12:20Z</time></trkpt>
<trkpt lat="38.709906" lon="-121.171346">
<ele>119</ele>
<time>2026-10-02T00:12:28Z</time></trkpt>
<trkpt lat="38.709834" lon="-121.171278">
<ele>119</ele>
<time>2026-10-02T00:12:32Z</time></trkpt>
<trkpt lat="38.709768" lon="-121.171122">
<ele>119</ele>
<time>2026-10-02T00:12:37Z</time></trkpt>
<trkpt lat="38.709493" lon="-121.169435">
<ele>116</ele>
<time>2026-10-02T00:13:31Z</time></trkpt>
<trkpt lat="38.709444" lon="-121.169232">
<ele>116</ele>
<time>2026-10-02T00:13:38Z</time></trkpt>
<trkpt lat="38.709365" lon="-121.169114">
<ele>116</ele>
<time>2026-10-02T00:13:42Z</time></trkpt>
<trkpt lat="38.709212" lon="-121.169061">
<ele>116</ele>
<time>2026-10-02T00:13:49Z</time></trkpt>
<trkpt lat="38.709056" lon="-121.169135">
<ele>116</ele>
<time>2026-10-02T00:13:56Z</time></trkpt>
<trkpt lat="38.708899" lon="-121.169284">
<ele>116</ele>
<time>2026-10-02T00:14:03Z</time></trkpt>
<trkpt lat="38.708606" lon="-121.169638">
<ele>116</ele>
<time>2026-10-02T00:14:19Z</time></trkpt>
<trkpt lat="38.708276" lon="-121.170193">
<ele>116</ele>
<time>2026-10-02T00:14:41Z</time></trkpt>
<trkpt lat="38.70818" lon="-121.170255">
<ele>115</ele>
<time>2026-10-02T00:14:46Z</time></trkpt>
<trkpt lat="38.708074" lon="-121.170257">
<ele>115</ele>
<time>2026-10-02T00:14:50Z</time></trkpt>
<trkpt lat="38.70725" lon="-121.169589">
<ele>114</ele>
<time>2026-10-02T00:15:29Z</time></trkpt>
<trkpt lat="38.706983" lon="-121.169452">
<ele>114</ele>
<time>2026-10-02T00:15:40Z</time></trkpt>
<trkpt lat="38.706418" lon="-121.169328">
<ele>113</ele>
<time>2026-10-02T00:16:03Z</time></trkpt>
<trkpt lat="38.706196" lon="-121.169312">
<ele>113</ele>
<time>2026-10-02T00:16:12Z</time></trkpt>
<trkpt lat="38.706009" lon="-121.169344">
<ele>113</ele>
<time>2026-10-02T00:16:20Z</time></trkpt>
<trkpt lat="38.705757" lon="-121.169495">
<ele>113</ele>
<time>2026-10-02T00:16:31Z</time></trkpt>
<trkpt lat="38.705704" lon="-121.169503">
<ele>112</ele>
<time>2026-10-02T00:16:33Z</time></trkpt>
<trkpt lat="38.705529" lon="-121.169458">
<ele>112</ele>
<time>2026-10-02T00:16:40Z</time></trkpt>
<trkpt lat="38.705529" lon="-121.169458">
<ele>112</ele>
<time>2026-10-02T00:16:40Z</time></trkpt>
<trkpt lat="38.705489" lon="-121.169448">
<ele>112</ele>
<time>2026-10-02T00:16:42Z</time></trkpt>
<trkpt lat="38.705398" lon="-121.169364">
<ele>111</ele>
<time>2026-10-02T00:16:46Z</time></trkpt>
<trkpt lat="38.705351" lon="-121.169235">
<ele>111</ele>
<time>2026-10-02T00:16:51Z</time></trkpt>
<trkpt lat="38.705204" lon="-121.168412">
<ele>108</ele>
<time>2026-10-02T00:17:17Z</time></trkpt>
<trkpt lat="38.705077" lon="-121.167548">
<ele>108</ele>
<time>2026-10-02T00:17:45Z</time></trkpt>
<trkpt lat="38.705018" lon="-121.166772">
<ele>107</ele>
<time>2026-10-02T00:18:09Z</time></trkpt>
<trkpt lat="38.704985" lon="-121.16677">
<ele>107</ele>
<time>2026-10-02T00:18:11Z</time></trkpt>
<trkpt lat="38.704966" lon="-121.166731">
<ele>107</ele>
<time>2026-10-02T00:18:12Z</time></trkpt>
<trkpt lat="38.704933" lon="-121.166467">
<ele>107</ele>
<time>2026-10-02T00:18:20Z</time></trkpt>
<trkpt lat="38.704933" lon="-121.166467">
<ele>107</ele>
<time>2026-10-02T00:18:20Z</time></trkpt>
<trkpt lat="38.704863" lon="-121.166105">
<ele>107</ele>
<time>2026-10-02T00:18:32Z</time></trkpt>
<trkpt lat="38.704737" lon="-121.165582">
<ele>108</ele>
<time>2026-10-02T00:18:49Z</time></trkpt>
<trkpt lat="38.704133" lon="-121.163249">
<ele>54</ele>
<time>2026-10-02T00:20:06Z</time></trkpt>
<trkpt lat="38.704133" lon="-121.163249">
<ele>54</ele>
<time>2026-10-02T00:20:06Z</time></trkpt>
<trkpt lat="38.703851" lon="-121.162154">
<ele>93</ele>
<time>2026-10-02T00:20:42Z</time></trkpt>
<trkpt lat="38.703614" lon="-121.161196">
<ele>108</ele>
<time>2026-10-02T00:21:13Z</time></trkpt>
<trkpt lat="38.703423" lon="-121.16031">
<ele>95</ele>
<time>2026-10-02T00:21:42Z</time></trkpt>
<trkpt lat="38.703377" lon="-121.160017">
<ele>92</ele>
<time>2026-10-02T00:21:52Z</time></trkpt>
<trkpt lat="38.703377" lon="-121.160017">
<ele>92</ele>
<time>2026-10-02T00:21:52Z</time></trkpt>
<trkpt lat="38.703317" lon="-121.159627">
<ele>92</ele>
<time>2026-10-02T00:22:04Z</time></trkpt>
<trkpt lat="38.703208" lon="-121.158555">
<ele>91</ele>
<time>2026-10-02T00:22:38Z</time></trkpt>
<trkpt lat="38.70306" lon="-121.155242">
<ele>106</ele>
<time>2026-10-02T00:24:22Z</time></trkpt>
<trkpt lat="38.70306" lon="-121.155242">
<ele>106</ele>
<time>2026-10-02T00:24:22Z</time></trkpt>
<trkpt lat="38.703038" lon="-121.154698">
<ele>108</ele>
<time>2026-10-02T00:24:39Z</time></trkpt>
<trkpt lat="38.702977" lon="-121.153942">
<ele>117</ele>
<time>2026-10-02T00:25:02Z</time></trkpt>
<trkpt lat="38.702907" lon="-121.153336">
<ele>122</ele>
<time>2026-10-02T00:25:22Z</time></trkpt>
<trkpt lat="38.702743" lon="-121.152221">
<ele>127</ele>
<time>2026-10-02T00:25:57Z</time></trkpt>
<trkpt lat="38.702743" lon="-121.152221">
<ele>127</ele>
<time>2026-10-02T00:25:57Z</time></trkpt>
<trkpt lat="38.7023" lon="-121.14905">
<ele>170</ele>
<time>2026-10-02T00:27:38Z</time></trkpt>
<trkpt lat="38.702243" lon="-121.148787">
<ele>175</ele>
<time>2026-10-02T00:27:46Z</time></trkpt>
<trkpt lat="38.702107" lon="-121.148338">
<ele>183</ele>
<time>2026-10-02T00:28:01Z</time></trkpt>
<trkpt lat="38.701915" lon="-121.14789">
<ele>178</ele>
<time>2026-10-02T00:28:17Z</time></trkpt>
<trkpt lat="38.701783" lon="-121.147647">
<ele>170</ele>
<time>2026-10-02T00:28:27Z</time></trkpt>
<trkpt lat="38.701347" lon="-121.146935">
<ele>151</ele>
<time>2026-10-02T00:28:55Z</time></trkpt>
<trkpt lat="38.699887" lon="-121.144623">
<ele>149</ele>
<time>2026-10-02T00:30:28Z</time></trkpt>
<trkpt lat="38.699622" lon="-121.144325">
<ele>150</ele>
<time>2026-10-02T00:30:42Z</time></trkpt>
<trkpt lat="38.699271" lon="-121.144047">
<ele>151</ele>
<time>2026-10-02T00:30:59Z</time></trkpt>
<trkpt lat="38.699167" lon="-121.143987">
<ele>152</ele>
<time>2026-10-02T00:31:03Z</time></trkpt>
<trkpt lat="38.699167" lon="-121.143988">
<ele>152</ele>
<time>2026-10-02T00:31:03Z</time></trkpt>
<trkpt lat="38.698882" lon="-121.143849">
<ele>152</ele>
<time>2026-10-02T00:31:15Z</time></trkpt>
<trkpt lat="38.698713" lon="-121.1438">
<ele>152</ele>
<time>2026-10-02T00:31:22Z</time></trkpt>
<trkpt lat="38.698347" lon="-121.143744">
<ele>151</ele>
<time>2026-10-02T00:31:37Z</time></trkpt>
<trkpt lat="38.69832" lon="-121.143662">
<ele>150</ele>
<time>2026-10-02T00:31:40Z</time></trkpt>
<trkpt lat="38.698262" lon="-121.14362">
<ele>151</ele>
<time>2026-10-02T00:31:43Z</time></trkpt>
<trkpt lat="38.696877" lon="-121.143556">
<ele>160</ele>
<time>2026-10-02T00:32:38Z</time></trkpt>
<trkpt lat="38.696574" lon="-121.143637">
<ele>151</ele>
<time>2026-10-02T00:32:51Z</time></trkpt>
<trkpt lat="38.696365" lon="-121.143617">
<ele>147</ele>
<time>2026-10-02T00:32:59Z</time></trkpt>
<trkpt lat="38.696274" lon="-121.143573">
<ele>147</ele>
<time>2026-10-02T00:33:03Z</time></trkpt>
<trkpt lat="38.696218" lon="-121.143566">
<ele>146</ele>
<time>2026-10-02T00:33:05Z</time></trkpt>
<trkpt lat="38.696106" lon="-121.143624">
<ele>145</ele>
<time>2026-10-02T00:33:10Z</time></trkpt>
<trkpt lat="38.696106" lon="-121.143624">
<ele>145</ele>
<time>2026-10-02T00:33:10Z</time></trkpt>
<trkpt lat="38.696042" lon="-121.1437">
<ele>143</ele>
<time>2026-10-02T00:33:13Z</time></trkpt>
<trkpt lat="38.695731" lon="-121.144268">
<ele>138</ele>
<time>2026-10-02T00:33:35Z</time></trkpt>
<trkpt lat="38.695643" lon="-121.144345">
<ele>137</ele>
<time>2026-10-02T00:33:39Z</time></trkpt>
<trkpt lat="38.695558" lon="-121.144349">
<ele>136</ele>
<time>2026-10-02T00:33:43Z</time></trkpt>
<trkpt lat="38.695558" lon="-121.144349">
<ele>136</ele>
<time>2026-10-02T00:33:43Z</time></trkpt>
<trkpt lat="38.694823" lon="-121.144004">
<ele>135</ele>
<time>2026-10-02T00:34:14Z</time></trkpt>
<trkpt lat="38.694649" lon="-121.14396">
<ele>133</ele>
<time>2026-10-02T00:34:21Z</time></trkpt>
<trkpt lat="38.694464" lon="-121.143954">
<ele>132</ele>
<time>2026-10-02T00:34:29Z</time></trkpt>
<trkpt lat="38.694306" lon="-121.143979">
<ele>132</ele>
<time>2026-10-02T00:34:35Z</time></trkpt>
<trkpt lat="38.694143" lon="-121.144031">
<ele>132</ele>
<time>2026-10-02T00:34:42Z</time></trkpt>
<trkpt lat="38.693974" lon="-121.144136">
<ele>132</ele>
<time>2026-10-02T00:34:49Z</time></trkpt>
<trkpt lat="38.693826" lon="-121.144253">
<ele>132</ele>
<time>2026-10-02T00:34:56Z</time></trkpt>
<trkpt lat="38.6932913" lon="-121.1447512">
<ele>132</ele>
<time>2026-10-02T00:35:23Z</time></trkpt>
<trkpt lat="38.693291" lon="-121.144751">
<ele>132</ele>
<time>2026-10-02T00:35:23Z</time></trkpt>
<trkpt lat="38.6928698" lon="-121.1451319">
<ele>130</ele>
<time>2026-10-02T00:35:43Z</time></trkpt>
<trkpt lat="38.692737" lon="-121.145248">
<ele>130</ele>
<time>2026-10-02T00:35:50Z</time></trkpt>
<trkpt lat="38.692497" lon="-121.145501">
<ele>128</ele>
<time>2026-10-02T00:36:02Z</time></trkpt>
<trkpt lat="38.691458" lon="-121.146384">
<ele>131</ele>
<time>2026-10-02T00:36:52Z</time></trkpt>
<trkpt lat="38.691278" lon="-121.14662">
<ele>131</ele>
<time>2026-10-02T00:37:03Z</time></trkpt>
<trkpt lat="38.6911" lon="-121.146799">
<ele>132</ele>
<time>2026-10-02T00:37:12Z</time></trkpt>
<trkpt lat="38.690874" lon="-121.147017">
<ele>132</ele>
<time>2026-10-02T00:37:23Z</time></trkpt>
<trkpt lat="38.690594" lon="-121.147231">
<ele>130</ele>
<time>2026-10-02T00:37:36Z</time></trkpt>
<trkpt lat="38.689995" lon="-121.147802">
<ele>128</ele>
<time>2026-10-02T00:38:06Z</time></trkpt>
<trkpt lat="38.689559" lon="-121.148315">
<ele>127</ele>
<time>2026-10-02T00:38:30Z</time></trkpt>
<trkpt lat="38.689376" lon="-121.148559">
<ele>127</ele>
<time>2026-10-02T00:38:40Z</time></trkpt>
<trkpt lat="38.689376" lon="-121.148559">
<ele>127</ele>
<time>2026-10-02T00:38:40Z</time></trkpt>
<trkpt lat="38.689208" lon="-121.148783">
<ele>127</ele>
<time>2026-10-02T00:38:50Z</time></trkpt>
<trkpt lat="38.688879" lon="-121.149277">
<ele>127</ele>
<time>2026-10-02T00:39:10Z</time></trkpt>
<trkpt lat="38.688571" lon="-121.149928">
<ele>134</ele>
<time>2026-10-02T00:39:34Z</time></trkpt>
<trkpt lat="38.688304" lon="-121.150686">
<ele>140</ele>
<time>2026-10-02T00:40:00Z</time></trkpt>
<trkpt lat="38.687984" lon="-121.151464">
<ele>132</ele>
<time>2026-10-02T00:40:28Z</time></trkpt>
<trkpt lat="38.686535" lon="-121.155241">
<ele>115</ele>
<time>2026-10-02T00:42:39Z</time></trkpt>
<trkpt lat="38.686308" lon="-121.155677">
<ele>114</ele>
<time>2026-10-02T00:42:56Z</time></trkpt>
<trkpt lat="38.686226" lon="-121.155796">
<ele>114</ele>
<time>2026-10-02T00:43:01Z</time></trkpt>
<trkpt lat="38.686226" lon="-121.155796">
<ele>114</ele>
<time>2026-10-02T00:43:01Z</time></trkpt>
<trkpt lat="38.68449" lon="-121.158314">
<ele>106</ele>
<time>2026-10-02T00:44:46Z</time></trkpt>
<trkpt lat="38.684391" lon="-121.158521">
<ele>105</ele>
<time>2026-10-02T00:44:53Z</time></trkpt>
<trkpt lat="38.684079" lon="-121.159283">
<ele>105</ele>
<time>2026-10-02T00:45:20Z</time></trkpt>
<trkpt lat="38.683772" lon="-121.159833">
<ele>106</ele>
<time>2026-10-02T00:45:42Z</time></trkpt>
<trkpt lat="38.683354" lon="-121.160354">
<ele>103</ele>
<time>2026-10-02T00:46:05Z</time></trkpt>
<trkpt lat="38.683326" lon="-121.160424">
<ele>102</ele>
<time>2026-10-02T00:46:07Z</time></trkpt>
<trkpt lat="38.683314" lon="-121.160536">
<ele>102</ele>
<time>2026-10-02T00:46:11Z</time></trkpt>
<trkpt lat="38.683322" lon="-121.160662">
<ele>102</ele>
<time>2026-10-02T00:46:15Z</time></trkpt>
<trkpt lat="38.683433" lon="-121.161323">
<ele>95</ele>
<time>2026-10-02T00:46:36Z</time></trkpt>
<trkpt lat="38.683545" lon="-121.161748">
<ele>96</ele>
<time>2026-10-02T00:46:50Z</time></trkpt>
<trkpt lat="38.683545" lon="-121.161748">
<ele>96</ele>
<time>2026-10-02T00:46:50Z</time></trkpt>
<trkpt lat="38.683711" lon="-121.162681">
<ele>95</ele>
<time>2026-10-02T00:47:20Z</time></trkpt>
<trkpt lat="38.683751" lon="-121.162818">
<ele>95</ele>
<time>2026-10-02T00:47:25Z</time></trkpt>
<trkpt lat="38.68381" lon="-121.16293">
<ele>94</ele>
<time>2026-10-02T00:47:29Z</time></trkpt>
<trkpt lat="38.683944" lon="-121.163064">
<ele>92</ele>
<time>2026-10-02T00:47:36Z</time></trkpt>
<trkpt lat="38.684113" lon="-121.163118">
<ele>92</ele>
<time>2026-10-02T00:47:43Z</time></trkpt>
<trkpt lat="38.684181" lon="-121.163116">
<ele>92</ele>
<time>2026-10-02T00:47:45Z</time></trkpt>
<trkpt lat="38.684308" lon="-121.163073">
<ele>92</ele>
<time>2026-10-02T00:47:51Z</time></trkpt>
<trkpt lat="38.684519" lon="-121.162876">
<ele>93</ele>
<time>2026-10-02T00:48:01Z</time></trkpt>
<trkpt lat="38.684612" lon="-121.162903">
<ele>93</ele>
<time>2026-10-02T00:48:05Z</time></trkpt>
<trkpt lat="38.684631" lon="-121.16295">
<ele>93</ele>
<time>2026-10-02T00:48:06Z</time></trkpt>
<trkpt lat="38.684633" lon="-121.16306">
<ele>92</ele>
<time>2026-10-02T00:48:10Z</time></trkpt>
<trkpt lat="38.684593" lon="-121.163364">
<ele>88</ele>
<time>2026-10-02T00:48:20Z</time></trkpt>
<trkpt lat="38.684616" lon="-121.163631">
<ele>85</ele>
<time>2026-10-02T00:48:28Z</time></trkpt>
<trkpt lat="38.684613" lon="-121.163871">
<ele>81</ele>
<time>2026-10-02T00:48:35Z</time></trkpt>
<trkpt lat="38.684642" lon="-121.163929">
<ele>81</ele>
<time>2026-10-02T00:48:38Z</time></trkpt>
<trkpt lat="38.684873" lon="-121.164153">
<ele>82</ele>
<time>2026-10-02T00:48:49Z</time></trkpt>
<trkpt lat="38.684963" lon="-121.164312">
<ele>81</ele>
<time>2026-10-02T00:48:55Z</time></trkpt>
<trkpt lat="38.685013" lon="-121.164444">
<ele>79</ele>
<time>2026-10-02T00:49:00Z</time></trkpt>
<trkpt lat="38.685086" lon="-121.164723">
<ele>78</ele>
<time>2026-10-02T00:49:09Z</time></trkpt>
<trkpt lat="38.685128" lon="-121.16491">
<ele>80</ele>
<time>2026-10-02T00:49:15Z</time></trkpt>
<trkpt lat="38.685173" lon="-121.165251">
<ele>82</ele>
<time>2026-10-02T00:49:26Z</time></trkpt>
<trkpt lat="38.685201" lon="-121.165309">
<ele>83</ele>
<time>2026-10-02T00:49:28Z</time></trkpt>
<trkpt lat="38.685343" lon="-121.165446">
<ele>85</ele>
<time>2026-10-02T00:49:35Z</time></trkpt>
<trkpt lat="38.685374" lon="-121.165516">
<ele>85</ele>
<time>2026-10-02T00:49:38Z</time></trkpt>
<trkpt lat="38.685384" lon="-121.165657">
<ele>85</ele>
<time>2026-10-02T00:49:42Z</time></trkpt>
<trkpt lat="38.685323" lon="-121.165939">
<ele>82</ele>
<time>2026-10-02T00:49:51Z</time></trkpt>
<trkpt lat="38.6853" lon="-121.166505">
<ele>77</ele>
<time>2026-10-02T00:50:09Z</time></trkpt>
<trkpt lat="38.685288" lon="-121.166566">
<ele>76</ele>
<time>2026-10-02T00:50:11Z</time></trkpt>
<trkpt lat="38.685248" lon="-121.166642">
<ele>74</ele>
<time>2026-10-02T00:50:14Z</time></trkpt>
<trkpt lat="38.685129" lon="-121.166743">
<ele>68</ele>
<time>2026-10-02T00:50:20Z</time></trkpt>
<trkpt lat="38.685129" lon="-121.166743">
<ele>68</ele>
<time>2026-10-02T00:50:20Z</time></trkpt>
<trkpt lat="38.684765" lon="-121.167052">
<ele>74</ele>
<time>2026-10-02T00:50:37Z</time></trkpt>
<trkpt lat="38.684721" lon="-121.167089">
<ele>77</ele>
<time>2026-10-02T00:50:39Z</time></trkpt>
<trkpt lat="38.684685" lon="-121.167152">
<ele>78</ele>
<time>2026-10-02T00:50:42Z</time></trkpt>
<trkpt lat="38.684572" lon="-121.167542">
<ele>78</ele>
<time>2026-10-02T00:50:55Z</time></trkpt>
<trkpt lat="38.68449" lon="-121.167671">
<ele>77</ele>
<time>2026-10-02T00:51:00Z</time></trkpt>
<trkpt lat="38.684254" lon="-121.167872">
<ele>79</ele>
<time>2026-10-02T00:51:11Z</time></trkpt>
<trkpt lat="38.684017" lon="-121.16825">
<ele>77</ele>
<time>2026-10-02T00:51:27Z</time></trkpt>
<trkpt lat="38.683901" lon="-121.168369">
<ele>78</ele>
<time>2026-10-02T00:51:32Z</time></trkpt>
<trkpt lat="38.683684" lon="-121.168494">
<ele>79</ele>
<time>2026-10-02T00:51:42Z</time></trkpt>
<trkpt lat="38.683495" lon="-121.168643">
<ele>80</ele>
<time>2026-10-02T00:51:51Z</time></trkpt>
<trkpt lat="38.683275" lon="-121.168905">
<ele>81</ele>
<time>2026-10-02T00:52:03Z</time></trkpt>
<trkpt lat="38.683012" lon="-121.169144">
<ele>81</ele>
<time>2026-10-02T00:52:16Z</time></trkpt>
<trkpt lat="38.682813" lon="-121.169353">
<ele>80</ele>
<time>2026-10-02T00:52:26Z</time></trkpt>
<trkpt lat="38.682762" lon="-121.169439">
<ele>79</ele>
<time>2026-10-02T00:52:30Z</time></trkpt>
<trkpt lat="38.682721" lon="-121.169613">
<ele>78</ele>
<time>2026-10-02T00:52:35Z</time></trkpt>
<trkpt lat="38.68258" lon="-121.169833">
<ele>78</ele>
<time>2026-10-02T00:52:44Z</time></trkpt>
<trkpt lat="38.682505" lon="-121.170053">
<ele>77</ele>
<time>2026-10-02T00:52:52Z</time></trkpt>
<trkpt lat="38.682157" lon="-121.170411">
<ele>77</ele>
<time>2026-10-02T00:53:10Z</time></trkpt>
<trkpt lat="38.682157" lon="-121.170411">
<ele>77</ele>
<time>2026-10-02T00:53:10Z</time></trkpt>
<trkpt lat="38.681906" lon="-121.170669">
<ele>77</ele>
<time>2026-10-02T00:53:22Z</time></trkpt>
<trkpt lat="38.681858" lon="-121.170727">
<ele>77</ele>
<time>2026-10-02T00:53:25Z</time></trkpt>
<trkpt lat="38.681835" lon="-121.170787">
<ele>77</ele>
<time>2026-10-02T00:53:27Z</time></trkpt>
<trkpt lat="38.681835" lon="-121.170933">
<ele>76</ele>
<time>2026-10-02T00:53:32Z</time></trkpt>
<trkpt lat="38.681869" lon="-121.171015">
<ele>75</ele>
<time>2026-10-02T00:53:35Z</time></trkpt>
<trkpt lat="38.681926" lon="-121.171058">
<ele>74</ele>
<time>2026-10-02T00:53:37Z</time></trkpt>
<trkpt lat="38.682018" lon="-121.171057">
<ele>73</ele>
<time>2026-10-02T00:53:41Z</time></trkpt>
<trkpt lat="38.682092" lon="-121.171012">
<ele>72</ele>
<time>2026-10-02T00:53:44Z</time></trkpt>
<trkpt lat="38.68213" lon="-121.170943">
<ele>72</ele>
<time>2026-10-02T00:53:47Z</time></trkpt>
<trkpt lat="38.682164" lon="-121.170719">
<ele>74</ele>
<time>2026-10-02T00:53:54Z</time></trkpt>
<trkpt lat="38.682187" lon="-121.17065">
<ele>74</ele>
<time>2026-10-02T00:53:56Z</time></trkpt>
<trkpt lat="38.682251" lon="-121.170568">
<ele>75</ele>
<time>2026-10-02T00:54:00Z</time></trkpt>
<trkpt lat="38.682307" lon="-121.170537">
<ele>75</ele>
<time>2026-10-02T00:54:02Z</time></trkpt>
<trkpt lat="38.682365" lon="-121.170532">
<ele>75</ele>
<time>2026-10-02T00:54:05Z</time></trkpt>
<trkpt lat="38.682483" lon="-121.17061">
<ele>73</ele>
<time>2026-10-02T00:54:10Z</time></trkpt>
<trkpt lat="38.681625" lon="-121.172098">
<ele>69</ele>
<time>2026-10-02T00:55:08Z</time></trkpt>
<trkpt lat="38.681174" lon="-121.172784">
<ele>66</ele>
<time>2026-10-02T00:55:36Z</time></trkpt>
<trkpt lat="38.681281" lon="-121.172922">
<ele>63</ele>
<time>2026-10-02T00:55:42Z</time></trkpt>
<trkpt lat="38.681298" lon="-121.172972">
<ele>62</ele>
<time>2026-10-02T00:55:44Z</time></trkpt>
<trkpt lat="38.681295" lon="-121.173101">
<ele>61</ele>
<time>2026-10-02T00:55:48Z</time></trkpt>
<trkpt lat="38.681278" lon="-121.173166">
<ele>61</ele>
<time>2026-10-02T00:55:50Z</time></trkpt>
<trkpt lat="38.681048" lon="-121.173613">
<ele>61</ele>
<time>2026-10-02T00:56:07Z</time></trkpt>
<trkpt lat="38.680845" lon="-121.174059">
<ele>60</ele>
<time>2026-10-02T00:56:23Z</time></trkpt>
<trkpt lat="38.680845" lon="-121.174059">
<ele>60</ele>
<time>2026-10-02T00:56:23Z</time></trkpt>
<trkpt lat="38.680711" lon="-121.174354">
<ele>60</ele>
<time>2026-10-02T00:56:34Z</time></trkpt>
<trkpt lat="38.680411" lon="-121.174934">
<ele>60</ele>
<time>2026-10-02T00:56:55Z</time></trkpt>
<trkpt lat="38.680305" lon="-121.175074">
<ele>60</ele>
<time>2026-10-02T00:57:01Z</time></trkpt>
<trkpt lat="38.680203" lon="-121.17516">
<ele>60</ele>
<time>2026-10-02T00:57:06Z</time></trkpt>
<trkpt lat="38.679894" lon="-121.175332">
<ele>60</ele>
<time>2026-10-02T00:57:20Z</time></trkpt>
<trkpt lat="38.67988" lon="-121.175415">
<ele>60</ele>
<time>2026-10-02T00:57:23Z</time></trkpt>
<trkpt lat="38.679894" lon="-121.17549">
<ele>60</ele>
<time>2026-10-02T00:57:25Z</time></trkpt>
<trkpt lat="38.680035" lon="-121.175423">
<ele>59</ele>
<time>2026-10-02T00:57:31Z</time></trkpt>
<trkpt lat="38.680035" lon="-121.175423">
<ele>59</ele>
<time>2026-10-02T00:57:31Z</time></trkpt>
<trkpt lat="38.680384" lon="-121.175256">
<ele>58</ele>
<time>2026-10-02T00:57:46Z</time></trkpt>
<trkpt lat="38.680904" lon="-121.175058">
<ele>57</ele>
<time>2026-10-02T00:58:08Z</time></trkpt>
<trkpt lat="38.681141" lon="-121.174996">
<ele>55</ele>
<time>2026-10-02T00:58:17Z</time></trkpt>
<trkpt lat="38.681672" lon="-121.174947">
<ele>52</ele>
<time>2026-10-02T00:58:39Z</time></trkpt>
<trkpt lat="38.681681" lon="-121.174897">
<ele>52</ele>
<time>2026-10-02T00:58:40Z</time></trkpt>
<trkpt lat="38.681759" lon="-121.17489">
<ele>51</ele>
<time>2026-10-02T00:58:43Z</time></trkpt>
<trkpt lat="38.681827" lon="-121.174861">
<ele>49</ele>
<time>2026-10-02T00:58:46Z</time></trkpt>
<trkpt lat="38.681851" lon="-121.174855">
<ele>49</ele>
<time>2026-10-02T00:58:47Z</time></trkpt>
<trkpt lat="38.6813527" lon="-121.1754313">
<ele>51</ele>
<time>2026-10-02T00:59:14Z</time></trkpt>
<trkpt lat="38.681394" lon="-121.17516">
<ele>52</ele>
<time>2026-10-02T00:59:23Z</time></trkpt>
<trkpt lat="38.681275" lon="-121.175131">
<ele>53</ele>
<time>2026-10-02T00:59:28Z</time></trkpt>
<trkpt lat="38.680999" lon="-121.175138">
<ele>55</ele>
<time>2026-10-02T00:59:39Z</time></trkpt>
<trkpt lat="38.680822" lon="-121.175196">
<ele>55</ele>
<time>2026-10-02T00:59:46Z</time></trkpt>
<trkpt lat="38.680154" lon="-121.175478">
<ele>59</ele>
<time>2026-10-02T01:00:14Z</time></trkpt>
<trkpt lat="38.680249" lon="-121.175809">
<ele>56</ele>
<time>2026-10-02T01:00:25Z</time></trkpt>
<trkpt lat="38.679458" lon="-121.176245">
<ele>59</ele>
<time>2026-10-02T01:01:00Z</time></trkpt>
<trkpt lat="38.679435" lon="-121.176258">
<ele>59</ele>
<time>2026-10-02T01:01:01Z</time></trkpt>
<trkpt lat="38.679227" lon="-121.176378">
<ele>59</ele>
<time>2026-10-02T01:01:10Z</time></trkpt>
<trkpt lat="38.679227" lon="-121.176378">
<ele>59</ele>
<time>2026-10-02T01:01:10Z</time></trkpt>
<trkpt lat="38.679183" lon="-121.176404">
<ele>59</ele>
<time>2026-10-02T01:01:12Z</time></trkpt>
<trkpt lat="38.678621" lon="-121.176695">
<ele>59</ele>
<time>2026-10-02T01:01:36Z</time></trkpt>
<trkpt lat="38.678534" lon="-121.176754">
<ele>59</ele>
<time>2026-10-02T01:01:40Z</time></trkpt>
<trkpt lat="38.678456" lon="-121.176867">
<ele>58</ele>
<time>2026-10-02T01:01:45Z</time></trkpt>
<trkpt lat="38.678436" lon="-121.176951">
<ele>58</ele>
<time>2026-10-02T01:01:48Z</time></trkpt>
<trkpt lat="38.678438" lon="-121.177044">
<ele>58</ele>
<time>2026-10-02T01:01:50Z</time></trkpt>
<trkpt lat="38.678465" lon="-121.177225">
<ele>57</ele>
<time>2026-10-02T01:01:56Z</time></trkpt>
<trkpt lat="38.678467" lon="-121.177351">
<ele>57</ele>
<time>2026-10-02T01:02:00Z</time></trkpt>
<trkpt lat="38.678427" lon="-121.177518">
<ele>58</ele>
<time>2026-10-02T01:02:06Z</time></trkpt>
<trkpt lat="38.678395" lon="-121.177603">
<ele>58</ele>
<time>2026-10-02T01:02:09Z</time></trkpt>
<trkpt lat="38.677922" lon="-121.178432">
<ele>58</ele>
<time>2026-10-02T01:02:41Z</time></trkpt>
<trkpt lat="38.677922" lon="-121.178432">
<ele>58</ele>
<time>2026-10-02T01:02:41Z</time></trkpt>
<trkpt lat="38.677762" lon="-121.178711">
<ele>58</ele>
<time>2026-10-02T01:02:52Z</time></trkpt>
<trkpt lat="38.677101" lon="-121.179859">
<ele>58</ele>
<time>2026-10-02T01:03:36Z</time></trkpt>
<trkpt lat="38.676588" lon="-121.180752">
<ele>57</ele>
<time>2026-10-02T01:04:11Z</time></trkpt>
<trkpt lat="38.676554" lon="-121.180811">
<ele>57</ele>
<time>2026-10-02T01:04:13Z</time></trkpt>
<trkpt lat="38.676532" lon="-121.180851">
<ele>57</ele>
<time>2026-10-02T01:04:15Z</time></trkpt>
<trkpt lat="38.676532" lon="-121.180851">
<ele>57</ele>
<time>2026-10-02T01:04:15Z</time></trkpt>
<trkpt lat="38.676518" lon="-121.180876">
<ele>57</ele>
<time>2026-10-02T01:04:16Z</time></trkpt>
<trkpt lat="38.67671" lon="-121.181057">
<ele>57</ele>
<time>2026-10-02T01:04:25Z</time></trkpt>
<trkpt lat="38.676776" lon="-121.181071">
<ele>57</ele>
<time>2026-10-02T01:04:28Z</time></trkpt>
<trkpt lat="38.676863" lon="-121.181083">
<ele>56</ele>
<time>2026-10-02T01:04:31Z</time></trkpt>
<trkpt lat="38.677489" lon="-121.181037">
<ele>53</ele>
<time>2026-10-02T01:04:57Z</time></trkpt>
<trkpt lat="38.67769" lon="-121.181036">
<ele>52</ele>
<time>2026-10-02T01:05:05Z</time></trkpt>
<trkpt lat="38.677732" lon="-121.18106">
<ele>51</ele>
<time>2026-10-02T01:05:06Z</time></trkpt>
<trkpt lat="38.677758" lon="-121.181152">
<ele>51</ele>
<time>2026-10-02T01:05:09Z</time></trkpt>
<trkpt lat="38.677744" lon="-121.181288">
<ele>51</ele>
<time>2026-10-02T01:05:14Z</time></trkpt>
<trkpt lat="38.677744" lon="-121.181288">
<ele>51</ele>
<time>2026-10-02T01:05:14Z</time></trkpt>
<trkpt lat="38.677735" lon="-121.181376">
<ele>51</ele>
<time>2026-10-02T01:05:17Z</time></trkpt>
<trkpt lat="38.677657" lon="-121.181648">
<ele>51</ele>
<time>2026-10-02T01:05:26Z</time></trkpt>
<trkpt lat="38.677674" lon="-121.181795">
<ele>50</ele>
<time>2026-10-02T01:05:30Z</time></trkpt>
<trkpt lat="38.677666" lon="-121.181891">
<ele>50</ele>
<time>2026-10-02T01:05:33Z</time></trkpt>
<trkpt lat="38.67762" lon="-121.182025">
<ele>49</ele>
<time>2026-10-02T01:05:38Z</time></trkpt>
<trkpt lat="38.677584" lon="-121.182074">
<ele>49</ele>
<time>2026-10-02T01:05:40Z</time></trkpt>
<trkpt lat="38.677356" lon="-121.182246">
<ele>50</ele>
<time>2026-10-02T01:05:51Z</time></trkpt>
<trkpt lat="38.6772" lon="-121.182606">
<ele>49</ele>
<time>2026-10-02T01:06:03Z</time></trkpt>
<trkpt lat="38.676729" lon="-121.183321">
<ele>47</ele>
<time>2026-10-02T01:06:33Z</time></trkpt>
<trkpt lat="38.676729" lon="-121.183321">
<ele>47</ele>
<time>2026-10-02T01:06:33Z</time></trkpt>
<trkpt lat="38.676652" lon="-121.183437">
<ele>46</ele>
<time>2026-10-02T01:06:37Z</time></trkpt>
<trkpt lat="38.676616" lon="-121.183547">
<ele>45</ele>
<time>2026-10-02T01:06:41Z</time></trkpt>
<trkpt lat="38.676617" lon="-121.183778">
<ele>44</ele>
<time>2026-10-02T01:06:48Z</time></trkpt>
<trkpt lat="38.676594" lon="-121.183879">
<ele>44</ele>
<time>2026-10-02T01:06:52Z</time></trkpt>
<trkpt lat="38.676533" lon="-121.183994">
<ele>45</ele>
<time>2026-10-02T01:06:56Z</time></trkpt>
<trkpt lat="38.676458" lon="-121.184036">
<ele>45</ele>
<time>2026-10-02T01:06:59Z</time></trkpt>
<trkpt lat="38.676332" lon="-121.184052">
<ele>46</ele>
<time>2026-10-02T01:07:04Z</time></trkpt>
<trkpt lat="38.676271" lon="-121.18408">
<ele>46</ele>
<time>2026-10-02T01:07:07Z</time></trkpt>
<trkpt lat="38.676213" lon="-121.184193">
<ele>46</ele>
<time>2026-10-02T01:07:11Z</time></trkpt>
<trkpt lat="38.676205" lon="-121.1843">
<ele>46</ele>
<time>2026-10-02T01:07:15Z</time></trkpt>
<trkpt lat="38.676223" lon="-121.184407">
<ele>45</ele>
<time>2026-10-02T01:07:18Z</time></trkpt>
<trkpt lat="38.676369" lon="-121.184634">
<ele>43</ele>
<time>2026-10-02T01:07:27Z</time></trkpt>
<trkpt lat="38.676377" lon="-121.18481">
<ele>43</ele>
<time>2026-10-02T01:07:33Z</time></trkpt>
<trkpt lat="38.676314" lon="-121.185163">
<ele>42</ele>
<time>2026-10-02T01:07:44Z</time></trkpt>
<trkpt lat="38.676091" lon="-121.185575">
<ele>42</ele>
<time>2026-10-02T01:08:00Z</time></trkpt>
<trkpt lat="38.676028" lon="-121.185615">
<ele>42</ele>
<time>2026-10-02T01:08:03Z</time></trkpt>
<trkpt lat="38.675806" lon="-121.185676">
<ele>42</ele>
<time>2026-10-02T01:08:12Z</time></trkpt>
<trkpt lat="38.675592" lon="-121.185684">
<ele>42</ele>
<time>2026-10-02T01:08:20Z</time></trkpt>
<trkpt lat="38.675555" lon="-121.185701">
<ele>42</ele>
<time>2026-10-02T01:08:22Z</time></trkpt>
<trkpt lat="38.675522" lon="-121.185736">
<ele>42</ele>
<time>2026-10-02T01:08:24Z</time></trkpt>
<trkpt lat="38.675495" lon="-121.185812">
<ele>42</ele>
<time>2026-10-02T01:08:26Z</time></trkpt>
<trkpt lat="38.675473" lon="-121.186046">
<ele>42</ele>
<time>2026-10-02T01:08:34Z</time></trkpt>
<trkpt lat="38.675438" lon="-121.186153">
<ele>41</ele>
<time>2026-10-02T01:08:37Z</time></trkpt>
<trkpt lat="38.675147" lon="-121.186511">
<ele>41</ele>
<time>2026-10-02T01:08:53Z</time></trkpt>
<trkpt lat="38.675116" lon="-121.186533">
<ele>41</ele>
<time>2026-10-02T01:08:55Z</time></trkpt>
<trkpt lat="38.674837" lon="-121.186598">
<ele>41</ele>
<time>2026-10-02T01:09:06Z</time></trkpt>
<trkpt lat="38.674837" lon="-121.186598">
<ele>41</ele>
<time>2026-10-02T01:09:06Z</time></trkpt>
<trkpt lat="38.674794" lon="-121.186622">
<ele>41</ele>
<time>2026-10-02T01:09:08Z</time></trkpt>
<trkpt lat="38.674598" lon="-121.186824">
<ele>41</ele>
<time>2026-10-02T01:09:18Z</time></trkpt>
<trkpt lat="38.674344" lon="-121.186964">
<ele>41</ele>
<time>2026-10-02T01:09:29Z</time></trkpt>
<trkpt lat="38.674181" lon="-121.187025">
<ele>42</ele>
<time>2026-10-02T01:09:36Z</time></trkpt>
<trkpt lat="38.674104" lon="-121.187078">
<ele>42</ele>
<time>2026-10-02T01:09:39Z</time></trkpt>
<trkpt lat="38.673997" lon="-121.187268">
<ele>42</ele>
<time>2026-10-02T01:09:47Z</time></trkpt>
<trkpt lat="38.673872" lon="-121.187405">
<ele>41</ele>
<time>2026-10-02T01:09:53Z</time></trkpt>
<trkpt lat="38.673797" lon="-121.187429">
<ele>42</ele>
<time>2026-10-02T01:09:57Z</time></trkpt>
<trkpt lat="38.673604" lon="-121.18745">
<ele>42</ele>
<time>2026-10-02T01:10:04Z</time></trkpt>
<trkpt lat="38.673262" lon="-121.187549">
<ele>42</ele>
<time>2026-10-02T01:10:18Z</time></trkpt>
<trkpt lat="38.672944" lon="-121.187543">
<ele>42</ele>
<time>2026-10-02T01:10:31Z</time></trkpt>
<trkpt lat="38.67264" lon="-121.187637">
<ele>42</ele>
<time>2026-10-02T01:10:44Z</time></trkpt>
<trkpt lat="38.672463" lon="-121.187671">
<ele>41</ele>
<time>2026-10-02T01:10:51Z</time></trkpt>
<trkpt lat="38.672353" lon="-121.187656">
<ele>41</ele>
<time>2026-10-02T01:10:55Z</time></trkpt>
<trkpt lat="38.672353" lon="-121.187656">
<ele>41</ele>
<time>2026-10-02T01:10:55Z</time></trkpt>
<trkpt lat="38.672246" lon="-121.187641">
<ele>41</ele>
<time>2026-10-02T01:11:00Z</time></trkpt>
<trkpt lat="38.672011" lon="-121.187554">
<ele>41</ele>
<time>2026-10-02T01:11:09Z</time></trkpt>
<trkpt lat="38.671947" lon="-121.187549">
<ele>41</ele>
<time>2026-10-02T01:11:12Z</time></trkpt>
<trkpt lat="38.67156" lon="-121.187783">
<ele>40</ele>
<time>2026-10-02T01:11:29Z</time></trkpt>
<trkpt lat="38.671449" lon="-121.187828">
<ele>40</ele>
<time>2026-10-02T01:11:34Z</time></trkpt>
<trkpt lat="38.671262" lon="-121.18783">
<ele>40</ele>
<time>2026-10-02T01:11:41Z</time></trkpt>
<trkpt lat="38.670559" lon="-121.187773">
<ele>39</ele>
<time>2026-10-02T01:12:09Z</time></trkpt>
<trkpt lat="38.670396" lon="-121.187694">
<ele>39</ele>
<time>2026-10-02T01:12:16Z</time></trkpt>
<trkpt lat="38.670207" lon="-121.187528">
<ele>40</ele>
<time>2026-10-02T01:12:26Z</time></trkpt>
<trkpt lat="38.669909" lon="-121.187331">
<ele>40</ele>
<time>2026-10-02T01:12:39Z</time></trkpt>
<trkpt lat="38.669765" lon="-121.187286">
<ele>40</ele>
<time>2026-10-02T01:12:45Z</time></trkpt>
<trkpt lat="38.669765" lon="-121.187286">
<ele>40</ele>
<time>2026-10-02T01:12:45Z</time></trkpt>
<trkpt lat="38.669337" lon="-121.187248">
<ele>40</ele>
<time>2026-10-02T01:13:02Z</time></trkpt>
<trkpt lat="38.66926" lon="-121.187258">
<ele>40</ele>
<time>2026-10-02T01:13:05Z</time></trkpt>
<trkpt lat="38.669133" lon="-121.187298">
<ele>40</ele>
<time>2026-10-02T01:13:11Z</time></trkpt>
<trkpt lat="38.668891" lon="-121.187452">
<ele>39</ele>
<time>2026-10-02T01:13:21Z</time></trkpt>
<trkpt lat="38.668771" lon="-121.187474">
<ele>40</ele>
<time>2026-10-02T01:13:26Z</time></trkpt>
<trkpt lat="38.667609" lon="-121.187439">
<ele>41</ele>
<time>2026-10-02T01:14:13Z</time></trkpt>
<trkpt lat="38.667235" lon="-121.187533">
<ele>40</ele>
<time>2026-10-02T01:14:28Z</time></trkpt>
<trkpt lat="38.66676" lon="-121.187433">
<ele>41</ele>
<time>2026-10-02T01:14:47Z</time></trkpt>
<trkpt lat="38.666575" lon="-121.187414">
<ele>41</ele>
<time>2026-10-02T01:14:55Z</time></trkpt>
<trkpt lat="38.666575" lon="-121.187414">
<ele>41</ele>
<time>2026-10-02T01:14:55Z</time></trkpt>
<trkpt lat="38.666462" lon="-121.187443">
<ele>41</ele>
<time>2026-10-02T01:14:59Z</time></trkpt>
<trkpt lat="38.6663352" lon="-121.1875251">
<ele>41</ele>
<time>2026-10-02T01:15:05Z</time></trkpt>
<trkpt lat="38.666093" lon="-121.187682">
<ele>39</ele>
<time>2026-10-02T01:15:16Z</time></trkpt>
<trkpt lat="38.665938" lon="-121.187735">
<ele>39</ele>
<time>2026-10-02T01:15:22Z</time></trkpt>
<trkpt lat="38.665665" lon="-121.187731">
<ele>39</ele>
<time>2026-10-02T01:15:33Z</time></trkpt>
<trkpt lat="38.66523" lon="-121.187843">
<ele>38</ele>
<time>2026-10-02T01:15:51Z</time></trkpt>
<trkpt lat="38.66508" lon="-121.187817">
<ele>38</ele>
<time>2026-10-02T01:15:57Z</time></trkpt>
<trkpt lat="38.66471" lon="-121.187665">
<ele>40</ele>
<time>2026-10-02T01:16:13Z</time></trkpt>
<trkpt lat="38.664596" lon="-121.187637">
<ele>42</ele>
<time>2026-10-02T01:16:17Z</time></trkpt>
<trkpt lat="38.664217" lon="-121.187694">
<ele>44</ele>
<time>2026-10-02T01:16:33Z</time></trkpt>
<trkpt lat="38.663898" lon="-121.187712">
<ele>44</ele>
<time>2026-10-02T01:16:46Z</time></trkpt>
<trkpt lat="38.663648" lon="-121.187777">
<ele>46</ele>
<time>2026-10-02T01:16:56Z</time></trkpt>
<trkpt lat="38.663235" lon="-121.187719">
<ele>45</ele>
<time>2026-10-02T01:17:12Z</time></trkpt>
<trkpt lat="38.66314" lon="-121.187737">
<ele>45</ele>
<time>2026-10-02T01:17:16Z</time></trkpt>
<trkpt lat="38.662964" lon="-121.18782">
<ele>44</ele>
<time>2026-10-02T01:17:24Z</time></trkpt>
<trkpt lat="38.662883" lon="-121.18783">
<ele>43</ele>
<time>2026-10-02T01:17:27Z</time></trkpt>
<trkpt lat="38.662615" lon="-121.187742">
<ele>46</ele>
<time>2026-10-02T01:17:38Z</time></trkpt>
<trkpt lat="38.662525" lon="-121.187737">
<ele>46</ele>
<time>2026-10-02T01:17:42Z</time></trkpt>
<trkpt lat="38.662474" lon="-121.187757">
<ele>46</ele>
<time>2026-10-02T01:17:44Z</time></trkpt>
<trkpt lat="38.6624" lon="-121.187829">
<ele>45</ele>
<time>2026-10-02T01:17:48Z</time></trkpt>
<trkpt lat="38.6624" lon="-121.187829">
<ele>45</ele>
<time>2026-10-02T01:17:48Z</time></trkpt>
<trkpt lat="38.662327" lon="-121.1879">
<ele>43</ele>
<time>2026-10-02T01:17:51Z</time></trkpt>
<trkpt lat="38.662255" lon="-121.187943">
<ele>43</ele>
<time>2026-10-02T01:17:54Z</time></trkpt>
<trkpt lat="38.662033" lon="-121.188003">
<ele>44</ele>
<time>2026-10-02T01:18:04Z</time></trkpt>
<trkpt lat="38.661615" lon="-121.188173">
<ele>43</ele>
<time>2026-10-02T01:18:21Z</time></trkpt>
<trkpt lat="38.661381" lon="-121.18829">
<ele>43</ele>
<time>2026-10-02T01:18:31Z</time></trkpt>
<trkpt lat="38.660888" lon="-121.188401">
<ele>42</ele>
<time>2026-10-02T01:18:51Z</time></trkpt>
<trkpt lat="38.660684" lon="-121.18843">
<ele>42</ele>
<time>2026-10-02T01:18:59Z</time></trkpt>
<trkpt lat="38.660444" lon="-121.188548">
<ele>41</ele>
<time>2026-10-02T01:19:10Z</time></trkpt>
<trkpt lat="38.65997" lon="-121.188718">
<ele>41</ele>
<time>2026-10-02T01:19:29Z</time></trkpt>
<trkpt lat="38.65967" lon="-121.188855">
<ele>39</ele>
<time>2026-10-02T01:19:42Z</time></trkpt>
<trkpt lat="38.65967" lon="-121.188855">
<ele>39</ele>
<time>2026-10-02T01:19:42Z</time></trkpt>
<trkpt lat="38.659313" lon="-121.188973">
<ele>39</ele>
<time>2026-10-02T01:19:57Z</time></trkpt>
<trkpt lat="38.658774" lon="-121.189087">
<ele>43</ele>
<time>2026-10-02T01:20:19Z</time></trkpt>
<trkpt lat="38.658568" lon="-121.189214">
<ele>43</ele>
<time>2026-10-02T01:20:28Z</time></trkpt>
<trkpt lat="38.658343" lon="-121.189303">
<ele>43</ele>
<time>2026-10-02T01:20:38Z</time></trkpt>
<trkpt lat="38.65797" lon="-121.189379">
<ele>43</ele>
<time>2026-10-02T01:20:53Z</time></trkpt>
<trkpt lat="38.657704" lon="-121.189484">
<ele>43</ele>
<time>2026-10-02T01:21:04Z</time></trkpt>
<trkpt lat="38.657565" lon="-121.189643">
<ele>43</ele>
<time>2026-10-02T01:21:11Z</time></trkpt>
<trkpt lat="38.657511" lon="-121.189823">
<ele>42</ele>
<time>2026-10-02T01:21:17Z</time></trkpt>
<trkpt lat="38.657449" lon="-121.189925">
<ele>41</ele>
<time>2026-10-02T01:21:21Z</time></trkpt>
<trkpt lat="38.657329" lon="-121.19">
<ele>42</ele>
<time>2026-10-02T01:21:27Z</time></trkpt>
<trkpt lat="38.657145" lon="-121.190054">
<ele>42</ele>
<time>2026-10-02T01:21:34Z</time></trkpt>
<trkpt lat="38.656965" lon="-121.19006">
<ele>43</ele>
<time>2026-10-02T01:21:41Z</time></trkpt>
<trkpt lat="38.65651" lon="-121.190144">
<ele>43</ele>
<time>2026-10-02T01:22:00Z</time></trkpt>
<trkpt lat="38.656169" lon="-121.190262">
<ele>41</ele>
<time>2026-10-02T01:22:14Z</time></trkpt>
<trkpt lat="38.656169" lon="-121.190262">
<ele>41</ele>
<time>2026-10-02T01:22:14Z</time></trkpt>
<trkpt lat="38.65597" lon="-121.190279">
<ele>39</ele>
<time>2026-10-02T01:22:22Z</time></trkpt>
<trkpt lat="38.655718" lon="-121.190221">
<ele>40</ele>
<time>2026-10-02T01:22:32Z</time></trkpt>
<trkpt lat="38.655629" lon="-121.190235">
<ele>40</ele>
<time>2026-10-02T01:22:36Z</time></trkpt>
<trkpt lat="38.655542" lon="-121.190286">
<ele>39</ele>
<time>2026-10-02T01:22:40Z</time></trkpt>
<trkpt lat="38.655306" lon="-121.190559">
<ele>43</ele>
<time>2026-10-02T01:22:52Z</time></trkpt>
<trkpt lat="38.655064" lon="-121.190682">
<ele>40</ele>
<time>2026-10-02T01:23:03Z</time></trkpt>
<trkpt lat="38.654736" lon="-121.190789">
<ele>39</ele>
<time>2026-10-02T01:23:16Z</time></trkpt>
<trkpt lat="38.65457" lon="-121.190792">
<ele>40</ele>
<time>2026-10-02T01:23:23Z</time></trkpt>
<trkpt lat="38.654398" lon="-121.190743">
<ele>40</ele>
<time>2026-10-02T01:23:30Z</time></trkpt>
<trkpt lat="38.654003" lon="-121.190685">
<ele>40</ele>
<time>2026-10-02T01:23:46Z</time></trkpt>
<trkpt lat="38.653509" lon="-121.190777">
<ele>41</ele>
<time>2026-10-02T01:24:06Z</time></trkpt>
<trkpt lat="38.653333" lon="-121.190793">
<ele>41</ele>
<time>2026-10-02T01:24:13Z</time></trkpt>
<trkpt lat="38.652522" lon="-121.191108">
<ele>40</ele>
<time>2026-10-02T01:24:47Z</time></trkpt>
<trkpt lat="38.652453" lon="-121.191125">
<ele>40</ele>
<time>2026-10-02T01:24:50Z</time></trkpt>
<trkpt lat="38.652366" lon="-121.1911">
<ele>40</ele>
<time>2026-10-02T01:24:54Z</time></trkpt>
<trkpt lat="38.652159" lon="-121.190779">
<ele>40</ele>
<time>2026-10-02T01:25:07Z</time></trkpt>
<trkpt lat="38.652066" lon="-121.190666">
<ele>41</ele>
<time>2026-10-02T01:25:12Z</time></trkpt>
<trkpt lat="38.652066" lon="-121.190666">
<ele>41</ele>
<time>2026-10-02T01:25:12Z</time></trkpt>
<trkpt lat="38.651953" lon="-121.190527">
<ele>41</ele>
<time>2026-10-02T01:25:18Z</time></trkpt>
<trkpt lat="38.651939" lon="-121.190549">
<ele>41</ele>
<time>2026-10-02T01:25:19Z</time></trkpt>
<trkpt lat="38.651803" lon="-121.190453">
<ele>40</ele>
<time>2026-10-02T01:25:25Z</time></trkpt>
<trkpt lat="38.651703" lon="-121.190296">
<ele>41</ele>
<time>2026-10-02T01:25:31Z</time></trkpt>
<trkpt lat="38.651668" lon="-121.190269">
<ele>41</ele>
<time>2026-10-02T01:25:33Z</time></trkpt>
<trkpt lat="38.651507" lon="-121.190242">
<ele>40</ele>
<time>2026-10-02T01:25:40Z</time></trkpt>
<trkpt lat="38.65121" lon="-121.190092">
<ele>40</ele>
<time>2026-10-02T01:25:52Z</time></trkpt>
<trkpt lat="38.651089" lon="-121.189992">
<ele>41</ele>
<time>2026-10-02T01:25:58Z</time></trkpt>
<trkpt lat="38.650919" lon="-121.189932">
<ele>40</ele>
<time>2026-10-02T01:26:05Z</time></trkpt>
<trkpt lat="38.650814" lon="-121.189784">
<ele>42</ele>
<time>2026-10-02T01:26:11Z</time></trkpt>
<trkpt lat="38.650695" lon="-121.189714">
<ele>41</ele>
<time>2026-10-02T01:26:17Z</time></trkpt>
<trkpt lat="38.650648" lon="-121.189649">
<ele>41</ele>
<time>2026-10-02T01:26:20Z</time></trkpt>
<trkpt lat="38.650548" lon="-121.189562">
<ele>41</ele>
<time>2026-10-02T01:26:24Z</time></trkpt>
<trkpt lat="38.650355" lon="-121.189322">
<ele>40</ele>
<time>2026-10-02T01:26:35Z</time></trkpt>
<trkpt lat="38.650289" lon="-121.189284">
<ele>40</ele>
<time>2026-10-02T01:26:38Z</time></trkpt>
<trkpt lat="38.650113" lon="-121.189292">
<ele>40</ele>
<time>2026-10-02T01:26:45Z</time></trkpt>
<trkpt lat="38.650029" lon="-121.189189">
<ele>41</ele>
<time>2026-10-02T01:26:50Z</time></trkpt>
<trkpt lat="38.649767" lon="-121.189022">
<ele>40</ele>
<time>2026-10-02T01:27:01Z</time></trkpt>
<trkpt lat="38.649645" lon="-121.188918">
<ele>40</ele>
<time>2026-10-02T01:27:07Z</time></trkpt>
<trkpt lat="38.649585" lon="-121.188802">
<ele>40</ele>
<time>2026-10-02T01:27:12Z</time></trkpt>
<trkpt lat="38.649508" lon="-121.18859">
<ele>40</ele>
<time>2026-10-02T01:27:19Z</time></trkpt>
<trkpt lat="38.649432" lon="-121.188459">
<ele>40</ele>
<time>2026-10-02T01:27:24Z</time></trkpt>
<trkpt lat="38.649428" lon="-121.188364">
<ele>40</ele>
<time>2026-10-02T01:27:27Z</time></trkpt>
<trkpt lat="38.649452" lon="-121.188249">
<ele>40</ele>
<time>2026-10-02T01:27:31Z</time></trkpt>
<trkpt lat="38.649404" lon="-121.188226">
<ele>40</ele>
<time>2026-10-02T01:27:33Z</time></trkpt>
<trkpt lat="38.649193" lon="-121.188068">
<ele>39</ele>
<time>2026-10-02T01:27:43Z</time></trkpt>
<trkpt lat="38.649139" lon="-121.188024">
<ele>39</ele>
<time>2026-10-02T01:27:45Z</time></trkpt>
<trkpt lat="38.649064" lon="-121.188014">
<ele>40</ele>
<time>2026-10-02T01:27:48Z</time></trkpt>
<trkpt lat="38.649014" lon="-121.188031">
<ele>40</ele>
<time>2026-10-02T01:27:50Z</time></trkpt>
<trkpt lat="38.648896" lon="-121.188133">
<ele>40</ele>
<time>2026-10-02T01:27:56Z</time></trkpt>
<trkpt lat="38.648582" lon="-121.18855">
<ele>40</ele>
<time>2026-10-02T01:28:14Z</time></trkpt>
<trkpt lat="38.648537" lon="-121.188648">
<ele>40</ele>
<time>2026-10-02T01:28:18Z</time></trkpt>
<trkpt lat="38.648519" lon="-121.188806">
<ele>40</ele>
<time>2026-10-02T01:28:23Z</time></trkpt>
<trkpt lat="38.648536" lon="-121.189152">
<ele>40</ele>
<time>2026-10-02T01:28:34Z</time></trkpt>
<trkpt lat="38.648536" lon="-121.189152">
<ele>40</ele>
<time>2026-10-02T01:28:34Z</time></trkpt>
<trkpt lat="38.648604" lon="-121.189411">
<ele>40</ele>
<time>2026-10-02T01:28:42Z</time></trkpt>
<trkpt lat="38.64861" lon="-121.189505">
<ele>40</ele>
<time>2026-10-02T01:28:45Z</time></trkpt>
<trkpt lat="38.648391" lon="-121.189682">
<ele>41</ele>
<time>2026-10-02T01:28:55Z</time></trkpt>
<trkpt lat="38.64822" lon="-121.189875">
<ele>40</ele>
<time>2026-10-02T01:29:05Z</time></trkpt>
<trkpt lat="38.648045" lon="-121.189942">
<ele>39</ele>
<time>2026-10-02T01:29:12Z</time></trkpt>
<trkpt lat="38.648008" lon="-121.189991">
<ele>39</ele>
<time>2026-10-02T01:29:14Z</time></trkpt>
<trkpt lat="38.647968" lon="-121.190143">
<ele>39</ele>
<time>2026-10-02T01:29:19Z</time></trkpt>
<trkpt lat="38.647937" lon="-121.190181">
<ele>39</ele>
<time>2026-10-02T01:29:21Z</time></trkpt>
<trkpt lat="38.647902" lon="-121.190211">
<ele>40</ele>
<time>2026-10-02T01:29:22Z</time></trkpt>
<trkpt lat="38.647746" lon="-121.190277">
<ele>40</ele>
<time>2026-10-02T01:29:29Z</time></trkpt>
<trkpt lat="38.647698" lon="-121.190322">
<ele>40</ele>
<time>2026-10-02T01:29:31Z</time></trkpt>
<trkpt lat="38.647661" lon="-121.190415">
<ele>40</ele>
<time>2026-10-02T01:29:35Z</time></trkpt>
<trkpt lat="38.647594" lon="-121.190679">
<ele>40</ele>
<time>2026-10-02T01:29:43Z</time></trkpt>
<trkpt lat="38.647556" lon="-121.190753">
<ele>40</ele>
<time>2026-10-02T01:29:46Z</time></trkpt>
<trkpt lat="38.647456" lon="-121.190854">
<ele>40</ele>
<time>2026-10-02T01:29:51Z</time></trkpt>
<trkpt lat="38.647383" lon="-121.190879">
<ele>40</ele>
<time>2026-10-02T01:29:54Z</time></trkpt>
<trkpt lat="38.647257" lon="-121.190833">
<ele>41</ele>
<time>2026-10-02T01:30:00Z</time></trkpt>
<trkpt lat="38.647189" lon="-121.190766">
<ele>41</ele>
<time>2026-10-02T01:30:03Z</time></trkpt>
<trkpt lat="38.647024" lon="-121.190488">
<ele>43</ele>
<time>2026-10-02T01:30:14Z</time></trkpt>
<trkpt lat="38.646843" lon="-121.190142">
<ele>43</ele>
<time>2026-10-02T01:30:27Z</time></trkpt>
<trkpt lat="38.646811" lon="-121.189999">
<ele>42</ele>
<time>2026-10-02T01:30:32Z</time></trkpt>
<trkpt lat="38.646784" lon="-121.189717">
<ele>43</ele>
<time>2026-10-02T01:30:41Z</time></trkpt>
<trkpt lat="38.646749" lon="-121.189639">
<ele>44</ele>
<time>2026-10-02T01:30:43Z</time></trkpt>
<trkpt lat="38.646667" lon="-121.189584">
<ele>44</ele>
<time>2026-10-02T01:30:47Z</time></trkpt>
<trkpt lat="38.646509" lon="-121.189575">
<ele>44</ele>
<time>2026-10-02T01:30:53Z</time></trkpt>
<trkpt lat="38.646398" lon="-121.189609">
<ele>44</ele>
<time>2026-10-02T01:30:58Z</time></trkpt>
<trkpt lat="38.64635" lon="-121.189661">
<ele>45</ele>
<time>2026-10-02T01:31:00Z</time></trkpt>
<trkpt lat="38.646268" lon="-121.189831">
<ele>45</ele>
<time>2026-10-02T01:31:07Z</time></trkpt>
<trkpt lat="38.646184" lon="-121.189924">
<ele>46</ele>
<time>2026-10-02T01:31:11Z</time></trkpt>
<trkpt lat="38.646079" lon="-121.189985">
<ele>47</ele>
<time>2026-10-02T01:31:16Z</time></trkpt>
<trkpt lat="38.645889" lon="-121.190048">
<ele>50</ele>
<time>2026-10-02T01:31:24Z</time></trkpt>
<trkpt lat="38.645787" lon="-121.190149">
<ele>51</ele>
<time>2026-10-02T01:31:29Z</time></trkpt>
<trkpt lat="38.645608" lon="-121.190055">
<ele>51</ele>
<time>2026-10-02T01:31:37Z</time></trkpt>
<trkpt lat="38.645498" lon="-121.190022">
<ele>51</ele>
<time>2026-10-02T01:31:41Z</time></trkpt>
<trkpt lat="38.645387" lon="-121.190055">
<ele>52</ele>
<time>2026-10-02T01:31:46Z</time></trkpt>
<trkpt lat="38.645387" lon="-121.190055">
<ele>52</ele>
<time>2026-10-02T01:31:46Z</time></trkpt>
<trkpt lat="38.645239" lon="-121.190141">
<ele>52</ele>
<time>2026-10-02T01:31:52Z</time></trkpt>
<trkpt lat="38.645145" lon="-121.190253">
<ele>52</ele>
<time>2026-10-02T01:31:57Z</time></trkpt>
<trkpt lat="38.644897" lon="-121.190639">
<ele>52</ele>
<time>2026-10-02T01:32:13Z</time></trkpt>
<trkpt lat="38.644791" lon="-121.191029">
<ele>52</ele>
<time>2026-10-02T01:32:26Z</time></trkpt>
<trkpt lat="38.644728" lon="-121.191083">
<ele>52</ele>
<time>2026-10-02T01:32:29Z</time></trkpt>
<trkpt lat="38.644586" lon="-121.191134">
<ele>52</ele>
<time>2026-10-02T01:32:35Z</time></trkpt>
<trkpt lat="38.644515" lon="-121.19118">
<ele>52</ele>
<time>2026-10-02T01:32:38Z</time></trkpt>
<trkpt lat="38.64431" lon="-121.19145">
<ele>52</ele>
<time>2026-10-02T01:32:50Z</time></trkpt>
<trkpt lat="38.644272" lon="-121.191548">
<ele>52</ele>
<time>2026-10-02T01:32:53Z</time></trkpt>
<trkpt lat="38.644222" lon="-121.191762">
<ele>52</ele>
<time>2026-10-02T01:33:00Z</time></trkpt>
<trkpt lat="38.644029" lon="-121.192139">
<ele>52</ele>
<time>2026-10-02T01:33:14Z</time></trkpt>
<trkpt lat="38.643815" lon="-121.192458">
<ele>52</ele>
<time>2026-10-02T01:33:28Z</time></trkpt>
<trkpt lat="38.643547" lon="-121.192913">
<ele>52</ele>
<time>2026-10-02T01:33:45Z</time></trkpt>
<trkpt lat="38.643403" lon="-121.19313">
<ele>52</ele>
<time>2026-10-02T01:33:54Z</time></trkpt>
<trkpt lat="38.642885" lon="-121.193665">
<ele>52</ele>
<time>2026-10-02T01:34:21Z</time></trkpt>
<trkpt lat="38.642592" lon="-121.194039">
<ele>52</ele>
<time>2026-10-02T01:34:38Z</time></trkpt>
<trkpt lat="38.642128" lon="-121.194732">
<ele>51</ele>
<time>2026-10-02T01:35:06Z</time></trkpt>
<trkpt lat="38.641851" lon="-121.195257">
<ele>51</ele>
<time>2026-10-02T01:35:26Z</time></trkpt>
<trkpt lat="38.641462" lon="-121.195811">
<ele>51</ele>
<time>2026-10-02T01:35:49Z</time></trkpt>
<trkpt lat="38.641374" lon="-121.195993">
<ele>52</ele>
<time>2026-10-02T01:35:56Z</time></trkpt>
<trkpt lat="38.641359" lon="-121.196141">
<ele>52</ele>
<time>2026-10-02T01:36:01Z</time></trkpt>
<trkpt lat="38.641377" lon="-121.196296">
<ele>52</ele>
<time>2026-10-02T01:36:06Z</time></trkpt>
<trkpt lat="38.64154" lon="-121.196819">
<ele>51</ele>
<time>2026-10-02T01:36:23Z</time></trkpt>
<trkpt lat="38.641616" lon="-121.197014">
<ele>51</ele>
<time>2026-10-02T01:36:30Z</time></trkpt>
<trkpt lat="38.641817" lon="-121.197394">
<ele>51</ele>
<time>2026-10-02T01:36:44Z</time></trkpt>
<trkpt lat="38.641721" lon="-121.197444">
<ele>50</ele>
<time>2026-10-02T01:36:48Z</time></trkpt>
<trkpt lat="38.641613" lon="-121.197545">
<ele>50</ele>
<time>2026-10-02T01:36:54Z</time></trkpt>
<trkpt lat="38.641532" lon="-121.197669">
<ele>49</ele>
<time>2026-10-02T01:36:59Z</time></trkpt>
<trkpt lat="38.641532" lon="-121.197669">
<ele>49</ele>
<time>2026-10-02T01:36:59Z</time></trkpt>
<trkpt lat="38.64151" lon="-121.197716">
<ele>49</ele>
<time>2026-10-02T01:37:01Z</time></trkpt>
<trkpt lat="38.641475" lon="-121.197982">
<ele>48</ele>
<time>2026-10-02T01:37:09Z</time></trkpt>
<trkpt lat="38.641385" lon="-121.198317">
<ele>47</ele>
<time>2026-10-02T01:37:20Z</time></trkpt>
<trkpt lat="38.641324" lon="-121.198496">
<ele>46</ele>
<time>2026-10-02T01:37:26Z</time></trkpt>
<trkpt lat="38.64118" lon="-121.198788">
<ele>47</ele>
<time>2026-10-02T01:37:37Z</time></trkpt>
<trkpt lat="38.641146" lon="-121.198896">
<ele>46</ele>
<time>2026-10-02T01:37:41Z</time></trkpt>
<trkpt lat="38.641176" lon="-121.199014">
<ele>45</ele>
<time>2026-10-02T01:37:45Z</time></trkpt>
<trkpt lat="38.641359" lon="-121.199291">
<ele>44</ele>
<time>2026-10-02T01:37:56Z</time></trkpt>
<trkpt lat="38.641412" lon="-121.199238">
<ele>44</ele>
<time>2026-10-02T01:37:59Z</time></trkpt>
<trkpt lat="38.641404" lon="-121.199311">
<ele>44</ele>
<time>2026-10-02T01:38:01Z</time></trkpt>
<trkpt lat="38.641428" lon="-121.19957">
<ele>43</ele>
<time>2026-10-02T01:38:09Z</time></trkpt>
<trkpt lat="38.641373" lon="-121.199755">
<ele>43</ele>
<time>2026-10-02T01:38:15Z</time></trkpt>
<trkpt lat="38.641274" lon="-121.2">
<ele>41</ele>
<time>2026-10-02T01:38:24Z</time></trkpt>
<trkpt lat="38.641188" lon="-121.200161">
<ele>42</ele>
<time>2026-10-02T01:38:30Z</time></trkpt>
<trkpt lat="38.640984" lon="-121.200412">
<ele>43</ele>
<time>2026-10-02T01:38:41Z</time></trkpt>
<trkpt lat="38.640885" lon="-121.200745">
<ele>43</ele>
<time>2026-10-02T01:38:53Z</time></trkpt>
<trkpt lat="38.64069" lon="-121.201097">
<ele>42</ele>
<time>2026-10-02T01:39:06Z</time></trkpt>
<trkpt lat="38.640248" lon="-121.202088">
<ele>40</ele>
<time>2026-10-02T01:39:42Z</time></trkpt>
<trkpt lat="38.64019" lon="-121.202142">
<ele>40</ele>
<time>2026-10-02T01:39:45Z</time></trkpt>
<trkpt lat="38.640158" lon="-121.202255">
<ele>39</ele>
<time>2026-10-02T01:39:48Z</time></trkpt>
<trkpt lat="38.640081" lon="-121.202379">
<ele>40</ele>
<time>2026-10-02T01:39:53Z</time></trkpt>
<trkpt lat="38.640064" lon="-121.202449">
<ele>39</ele>
<time>2026-10-02T01:39:56Z</time></trkpt>
<trkpt lat="38.639945" lon="-121.202585">
<ele>40</ele>
<time>2026-10-02T01:40:02Z</time></trkpt>
<trkpt lat="38.639712" lon="-121.203047">
<ele>40</ele>
<time>2026-10-02T01:40:19Z</time></trkpt>
<trkpt lat="38.639551" lon="-121.203602">
<ele>39</ele>
<time>2026-10-02T01:40:38Z</time></trkpt>
<trkpt lat="38.639473" lon="-121.203723">
<ele>39</ele>
<time>2026-10-02T01:40:43Z</time></trkpt>
<trkpt lat="38.639405" lon="-121.203894">
<ele>39</ele>
<time>2026-10-02T01:40:49Z</time></trkpt>
<trkpt lat="38.639308" lon="-121.20405">
<ele>39</ele>
<time>2026-10-02T01:40:55Z</time></trkpt>
<trkpt lat="38.639165" lon="-121.204367">
<ele>39</ele>
<time>2026-10-02T01:41:06Z</time></trkpt>
<trkpt lat="38.639065" lon="-121.204526">
<ele>39</ele>
<time>2026-10-02T01:41:13Z</time></trkpt>
<trkpt lat="38.638996" lon="-121.204678">
<ele>39</ele>
<time>2026-10-02T01:41:18Z</time></trkpt>
<trkpt lat="38.638896" lon="-121.20483">
<ele>39</ele>
<time>2026-10-02T01:41:25Z</time></trkpt>
<trkpt lat="38.63862" lon="-121.205126">
<ele>39</ele>
<time>2026-10-02T01:41:39Z</time></trkpt>
<trkpt lat="38.638342" lon="-121.205305">
<ele>40</ele>
<time>2026-10-02T01:41:51Z</time></trkpt>
<trkpt lat="38.638155" lon="-121.205493">
<ele>39</ele>
<time>2026-10-02T01:42:01Z</time></trkpt>
<trkpt lat="38.638065" lon="-121.205697">
<ele>39</ele>
<time>2026-10-02T01:42:08Z</time></trkpt>
<trkpt lat="38.63801" lon="-121.20589">
<ele>39</ele>
<time>2026-10-02T01:42:15Z</time></trkpt>
<trkpt lat="38.63777" lon="-121.20626">
<ele>40</ele>
<time>2026-10-02T01:42:30Z</time></trkpt>
<trkpt lat="38.63777" lon="-121.206343">
<ele>40</ele>
<time>2026-10-02T01:42:32Z</time></trkpt>
<trkpt lat="38.637835" lon="-121.206453">
<ele>39</ele>
<time>2026-10-02T01:42:37Z</time></trkpt>
<trkpt lat="38.637827" lon="-121.206514">
<ele>39</ele>
<time>2026-10-02T01:42:39Z</time></trkpt>
<trkpt lat="38.637669" lon="-121.20665">
<ele>40</ele>
<time>2026-10-02T01:42:46Z</time></trkpt>
<trkpt lat="38.637669" lon="-121.20665">
<ele>40</ele>
<time>2026-10-02T01:42:46Z</time></trkpt>
<trkpt lat="38.63755" lon="-121.206794">
<ele>40</ele>
<time>2026-10-02T01:42:53Z</time></trkpt>
<trkpt lat="38.637472" lon="-121.206937">
<ele>40</ele>
<time>2026-10-02T01:42:58Z</time></trkpt>
<trkpt lat="38.637471" lon="-121.206965">
<ele>40</ele>
<time>2026-10-02T01:42:59Z</time></trkpt>
<trkpt lat="38.637616" lon="-121.207861">
<ele>39</ele>
<time>2026-10-02T01:43:28Z</time></trkpt>
<trkpt lat="38.637608" lon="-121.207892">
<ele>39</ele>
<time>2026-10-02T01:43:29Z</time></trkpt>
<trkpt lat="38.637565" lon="-121.207974">
<ele>39</ele>
<time>2026-10-02T01:43:32Z</time></trkpt>
<trkpt lat="38.637439" lon="-121.207936">
<ele>39</ele>
<time>2026-10-02T01:43:37Z</time></trkpt>
<trkpt lat="38.637238" lon="-121.207963">
<ele>39</ele>
<time>2026-10-02T01:43:45Z</time></trkpt>
<trkpt lat="38.637093" lon="-121.208078">
<ele>40</ele>
<time>2026-10-02T01:43:52Z</time></trkpt>
<trkpt lat="38.636917" lon="-121.208186">
<ele>40</ele>
<time>2026-10-02T01:44:00Z</time></trkpt>
<trkpt lat="38.636758" lon="-121.208337">
<ele>40</ele>
<time>2026-10-02T01:44:08Z</time></trkpt>
<trkpt lat="38.636495" lon="-121.208353">
<ele>39</ele>
<time>2026-10-02T01:44:18Z</time></trkpt>
<trkpt lat="38.636195" lon="-121.208371">
<ele>39</ele>
<time>2026-10-02T01:44:30Z</time></trkpt>
<trkpt lat="38.636126" lon="-121.208394">
<ele>39</ele>
<time>2026-10-02T01:44:33Z</time></trkpt>
<trkpt lat="38.636015" lon="-121.208467">
<ele>40</ele>
<time>2026-10-02T01:44:38Z</time></trkpt>
<trkpt lat="38.635612" lon="-121.208897">
<ele>42</ele>
<time>2026-10-02T01:44:59Z</time></trkpt>
<trkpt lat="38.63556" lon="-121.209024">
<ele>42</ele>
<time>2026-10-02T01:45:04Z</time></trkpt>
<trkpt lat="38.635543" lon="-121.209174">
<ele>42</ele>
<time>2026-10-02T01:45:09Z</time></trkpt>
<trkpt lat="38.635625" lon="-121.209647">
<ele>42</ele>
<time>2026-10-02T01:45:24Z</time></trkpt>
<trkpt lat="38.635568" lon="-121.209715">
<ele>42</ele>
<time>2026-10-02T01:45:27Z</time></trkpt>
<trkpt lat="38.635392" lon="-121.210102">
<ele>41</ele>
<time>2026-10-02T01:45:41Z</time></trkpt>
<trkpt lat="38.635221" lon="-121.210662">
<ele>41</ele>
<time>2026-10-02T01:46:00Z</time></trkpt>
<trkpt lat="38.635187" lon="-121.210816">
<ele>41</ele>
<time>2026-10-02T01:46:05Z</time></trkpt>
<trkpt lat="38.634758" lon="-121.212103">
<ele>40</ele>
<time>2026-10-02T01:46:48Z</time></trkpt>
<trkpt lat="38.634456" lon="-121.213154">
<ele>40</ele>
<time>2026-10-02T01:47:24Z</time></trkpt>
<trkpt lat="38.634456" lon="-121.213154">
<ele>40</ele>
<time>2026-10-02T01:47:24Z</time></trkpt>
<trkpt lat="38.634434" lon="-121.21332">
<ele>41</ele>
<time>2026-10-02T01:47:29Z</time></trkpt>
<trkpt lat="38.634488" lon="-121.213397">
<ele>41</ele>
<time>2026-10-02T01:47:32Z</time></trkpt>
<trkpt lat="38.634558" lon="-121.21346">
<ele>40</ele>
<time>2026-10-02T01:47:35Z</time></trkpt>
<trkpt lat="38.63482" lon="-121.213657">
<ele>40</ele>
<time>2026-10-02T01:47:48Z</time></trkpt>
<trkpt lat="38.634985" lon="-121.213867">
<ele>40</ele>
<time>2026-10-02T01:47:57Z</time></trkpt>
<trkpt lat="38.635007" lon="-121.214004">
<ele>40</ele>
<time>2026-10-02T01:48:01Z</time></trkpt>
<trkpt lat="38.634998" lon="-121.21424">
<ele>40</ele>
<time>2026-10-02T01:48:09Z</time></trkpt>
<trkpt lat="38.634827" lon="-121.215635">
<ele>41</ele>
<time>2026-10-02T01:48:53Z</time></trkpt>
<trkpt lat="38.63482" lon="-121.215708">
<ele>41</ele>
<time>2026-10-02T01:48:55Z</time></trkpt>
<trkpt lat="38.634602" lon="-121.215709">
<ele>41</ele>
<time>2026-10-02T01:49:04Z</time></trkpt>
<trkpt lat="38.634132" lon="-121.215768">
<ele>42</ele>
<time>2026-10-02T01:49:23Z</time></trkpt>
<trkpt lat="38.633941" lon="-121.21589">
<ele>42</ele>
<time>2026-10-02T01:49:31Z</time></trkpt>
<trkpt lat="38.633854" lon="-121.215987">
<ele>42</ele>
<time>2026-10-02T01:49:36Z</time></trkpt>
<trkpt lat="38.63376" lon="-121.216153">
<ele>42</ele>
<time>2026-10-02T01:49:42Z</time></trkpt>
<trkpt lat="38.633694" lon="-121.21636">
<ele>42</ele>
<time>2026-10-02T01:49:49Z</time></trkpt>
<trkpt lat="38.633693" lon="-121.21636">
<ele>42</ele>
<time>2026-10-02T01:49:50Z</time></trkpt>
<trkpt lat="38.633666" lon="-121.216507">
<ele>42</ele>
<time>2026-10-02T01:49:54Z</time></trkpt>
<trkpt lat="38.633672" lon="-121.216701">
<ele>42</ele>
<time>2026-10-02T01:50:00Z</time></trkpt>
<trkpt lat="38.633732" lon="-121.217009">
<ele>41</ele>
<time>2026-10-02T01:50:10Z</time></trkpt>
<trkpt lat="38.633793" lon="-121.217268">
<ele>41</ele>
<time>2026-10-02T01:50:19Z</time></trkpt>
<trkpt lat="38.633809" lon="-121.217421">
<ele>41</ele>
<time>2026-10-02T01:50:24Z</time></trkpt>
<trkpt lat="38.633766" lon="-121.217645">
<ele>40</ele>
<time>2026-10-02T01:50:31Z</time></trkpt>
<trkpt lat="38.633732" lon="-121.217793">
<ele>39</ele>
<time>2026-10-02T01:50:36Z</time></trkpt>
<trkpt lat="38.633764" lon="-121.217874">
<ele>39</ele>
<time>2026-10-02T01:50:38Z</time></trkpt>
<trkpt lat="38.633761" lon="-121.217979">
<ele>39</ele>
<time>2026-10-02T01:50:42Z</time></trkpt>
<trkpt lat="38.633594" lon="-121.218388">
<ele>40</ele>
<time>2026-10-02T01:50:56Z</time></trkpt>
<trkpt lat="38.633609" lon="-121.218542">
<ele>40</ele>
<time>2026-10-02T01:51:01Z</time></trkpt>
<trkpt lat="38.63369" lon="-121.218657">
<ele>40</ele>
<time>2026-10-02T01:51:06Z</time></trkpt>
<trkpt lat="38.633953" lon="-121.218828">
<ele>40</ele>
<time>2026-10-02T01:51:18Z</time></trkpt>
<trkpt lat="38.633946" lon="-121.218846">
<ele>40</ele>
<time>2026-10-02T01:51:18Z</time></trkpt>
<trkpt lat="38.633995" lon="-121.218888">
<ele>41</ele>
<time>2026-10-02T01:51:21Z</time></trkpt>
<trkpt lat="38.634005" lon="-121.218968">
<ele>40</ele>
<time>2026-10-02T01:51:23Z</time></trkpt>
<trkpt lat="38.633978" lon="-121.219386">
<ele>41</ele>
<time>2026-10-02T01:51:36Z</time></trkpt>
<trkpt lat="38.633924" lon="-121.219613">
<ele>41</ele>
<time>2026-10-02T01:51:44Z</time></trkpt>
<trkpt lat="38.63387" lon="-121.219727">
<ele>41</ele>
<time>2026-10-02T01:51:48Z</time></trkpt>
<trkpt lat="38.63387" lon="-121.219727">
<ele>41</ele>
<time>2026-10-02T01:51:48Z</time></trkpt>
<trkpt lat="38.633811" lon="-121.219851">
<ele>40</ele>
<time>2026-10-02T01:51:53Z</time></trkpt>
<trkpt lat="38.633781" lon="-121.219898">
<ele>40</ele>
<time>2026-10-02T01:51:54Z</time></trkpt>
<trkpt lat="38.633727" lon="-121.220074">
<ele>41</ele>
<time>2026-10-02T01:52:00Z</time></trkpt>
<trkpt lat="38.633731" lon="-121.22018">
<ele>41</ele>
<time>2026-10-02T01:52:04Z</time></trkpt>
<trkpt lat="38.633822" lon="-121.220588">
<ele>41</ele>
<time>2026-10-02T01:52:17Z</time></trkpt>
<trkpt lat="38.633868" lon="-121.22071">
<ele>41</ele>
<time>2026-10-02T01:52:21Z</time></trkpt>
<trkpt lat="38.633868" lon="-121.22071">
<ele>41</ele>
<time>2026-10-02T01:52:21Z</time></trkpt>
<trkpt lat="38.633959" lon="-121.220956">
<ele>41</ele>
<time>2026-10-02T01:52:30Z</time></trkpt>
<trkpt lat="38.634036" lon="-121.221025">
<ele>41</ele>
<time>2026-10-02T01:52:33Z</time></trkpt>
<trkpt lat="38.634113" lon="-121.22103">
<ele>41</ele>
<time>2026-10-02T01:52:37Z</time></trkpt>
<trkpt lat="38.634288" lon="-121.220883">
<ele>41</ele>
<time>2026-10-02T01:52:45Z</time></trkpt>
<trkpt lat="38.634288" lon="-121.220883">
<ele>41</ele>
<time>2026-10-02T01:52:45Z</time></trkpt>
<trkpt lat="38.634318" lon="-121.2208667">
<ele>40</ele>
<time>2026-10-02T01:52:46Z</time></trkpt>
<trkpt lat="38.634315" lon="-121.22086">
<ele>40</ele>
<time>2026-10-02T01:52:47Z</time></trkpt>
<trkpt lat="38.634525" lon="-121.220694">
<ele>38</ele>
<time>2026-10-02T01:52:56Z</time></trkpt>
<trkpt lat="38.634525" lon="-121.220694">
<ele>38</ele>
<time>2026-10-02T01:52:56Z</time></trkpt>
<trkpt lat="38.634571" lon="-121.220916">
<ele>37</ele>
<time>2026-10-02T01:53:04Z</time></trkpt>
<trkpt lat="38.634581" lon="-121.221204">
<ele>37</ele>
<time>2026-10-02T01:53:13Z</time></trkpt>
<trkpt lat="38.634545" lon="-121.221326">
<ele>37</ele>
<time>2026-10-02T01:53:17Z</time></trkpt>
<trkpt lat="38.634545" lon="-121.221326">
<ele>37</ele>
<time>2026-10-02T01:53:17Z</time></trkpt>
<trkpt lat="38.634518" lon="-121.22142">
<ele>37</ele>
<time>2026-10-02T01:53:20Z</time></trkpt>
<trkpt lat="38.634274" lon="-121.221823">
<ele>38</ele>
<time>2026-10-02T01:53:36Z</time></trkpt>
<trkpt lat="38.634274" lon="-121.221823">
<ele>38</ele>
<time>2026-10-02T01:53:36Z</time></trkpt>
<trkpt lat="38.63422" lon="-121.221963">
<ele>38</ele>
<time>2026-10-02T01:53:41Z</time></trkpt>
<trkpt lat="38.63422" lon="-121.221963">
<ele>38</ele>
<time>2026-10-02T01:53:41Z</time></trkpt>
<trkpt lat="38.634179" lon="-121.222101">
<ele>38</ele>
<time>2026-10-02T01:53:45Z</time></trkpt>
<trkpt lat="38.634178" lon="-121.222176">
<ele>38</ele>
<time>2026-10-02T01:53:48Z</time></trkpt>
<trkpt lat="38.634158" lon="-121.222191">
<ele>38</ele>
<time>2026-10-02T01:53:49Z</time></trkpt>
<trkpt lat="38.6342001" lon="-121.2220298">
<ele>38</ele>
<time>2026-10-02T01:53:54Z</time></trkpt>
<trkpt lat="38.634179" lon="-121.222101">
<ele>38</ele>
<time>2026-10-02T01:53:56Z</time></trkpt>
<trkpt lat="38.634174" lon="-121.222176">
<ele>38</ele>
<time>2026-10-02T01:53:59Z</time></trkpt>
<trkpt lat="38.634158" lon="-121.222191">
<ele>38</ele>
<time>2026-10-02T01:53:59Z</time></trkpt>
<trkpt lat="38.634077" lon="-121.221959">
<ele>39</ele>
<time>2026-10-02T01:54:07Z</time></trkpt>
<trkpt lat="38.634034" lon="-121.221932">
<ele>39</ele>
<time>2026-10-02T01:54:09Z</time></trkpt>
<trkpt lat="38.634018" lon="-121.221987">
<ele>39</ele>
<time>2026-10-02T01:54:11Z</time></trkpt>
<trkpt lat="38.634121" lon="-121.222324">
<ele>39</ele>
<time>2026-10-02T01:54:22Z</time></trkpt>
<trkpt lat="38.634282" lon="-121.222748">
<ele>37</ele>
<time>2026-10-02T01:54:37Z</time></trkpt>
<trkpt lat="38.634481" lon="-121.22318">
<ele>38</ele>
<time>2026-10-02T01:54:53Z</time></trkpt>
<trkpt lat="38.634855" lon="-121.223731">
<ele>38</ele>
<time>2026-10-02T01:55:16Z</time></trkpt>
<trkpt lat="38.635374" lon="-121.224311">
<ele>38</ele>
<time>2026-10-02T01:55:43Z</time></trkpt>
<trkpt lat="38.635792" lon="-121.224659">
<ele>39</ele>
<time>2026-10-02T01:56:03Z</time></trkpt>
<trkpt lat="38.635988" lon="-121.2248">
<ele>35</ele>
<time>2026-10-02T01:56:12Z</time></trkpt>
<trkpt lat="38.636238" lon="-121.224948">
<ele>32</ele>
<time>2026-10-02T01:56:23Z</time></trkpt>
<trkpt lat="38.636682" lon="-121.225161">
<ele>52</ele>
<time>2026-10-02T01:56:42Z</time></trkpt>
<trkpt lat="38.636788" lon="-121.225207">
<ele>54</ele>
<time>2026-10-02T01:56:47Z</time></trkpt>
<trkpt lat="38.636694" lon="-121.22509">
<ele>51</ele>
<time>2026-10-02T01:56:52Z</time></trkpt>
<trkpt lat="38.636696" lon="-121.22501">
<ele>51</ele>
<time>2026-10-02T01:56:55Z</time></trkpt>
<trkpt lat="38.636696" lon="-121.22501">
<ele>51</ele>
<time>2026-10-02T01:56:55Z</time></trkpt>
<trkpt lat="38.636762" lon="-121.224764">
<ele>51</ele>
<time>2026-10-02T01:57:03Z</time></trkpt>
<trkpt lat="38.636808" lon="-121.22473">
<ele>53</ele>
<time>2026-10-02T01:57:05Z</time></trkpt>
<trkpt lat="38.636922" lon="-121.224543">
<ele>53</ele>
<time>2026-10-02T01:57:12Z</time></trkpt>
<trkpt lat="38.63719" lon="-121.224326">
<ele>61</ele>
<time>2026-10-02T01:57:25Z</time></trkpt>
<trkpt lat="38.637246" lon="-121.22425">
<ele>62</ele>
<time>2026-10-02T01:57:28Z</time></trkpt>
<trkpt lat="38.637246" lon="-121.22425">
<ele>62</ele>
<time>2026-10-02T01:57:28Z</time></trkpt>
<trkpt lat="38.637288" lon="-121.224194">
<ele>64</ele>
<time>2026-10-02T01:57:31Z</time></trkpt>
<trkpt lat="38.637284" lon="-121.22403">
<ele>63</ele>
<time>2026-10-02T01:57:36Z</time></trkpt>
<trkpt lat="38.637314" lon="-121.223914">
<ele>65</ele>
<time>2026-10-02T01:57:40Z</time></trkpt>
<trkpt lat="38.637292" lon="-121.223677">
<ele>65</ele>
<time>2026-10-02T01:57:47Z</time></trkpt>
<trkpt lat="38.63731" lon="-121.223568">
<ele>67</ele>
<time>2026-10-02T01:57:51Z</time></trkpt>
<trkpt lat="38.637424" lon="-121.223372">
<ele>72</ele>
<time>2026-10-02T01:57:58Z</time></trkpt>
<trkpt lat="38.637441" lon="-121.223179">
<ele>72</ele>
<time>2026-10-02T01:58:04Z</time></trkpt>
<trkpt lat="38.637413" lon="-121.223051">
<ele>70</ele>
<time>2026-10-02T01:58:09Z</time></trkpt>
<trkpt lat="38.63742" lon="-121.22299">
<ele>69</ele>
<time>2026-10-02T01:58:11Z</time></trkpt>
<trkpt lat="38.637443" lon="-121.222979">
<ele>70</ele>
<time>2026-10-02T01:58:12Z</time></trkpt>
<trkpt lat="38.637527" lon="-121.223053">
<ele>75</ele>
<time>2026-10-02T01:58:16Z</time></trkpt>
<trkpt lat="38.637631" lon="-121.223104">
<ele>76</ele>
<time>2026-10-02T01:58:20Z</time></trkpt>
<trkpt lat="38.637687" lon="-121.223102">
<ele>77</ele>
<time>2026-10-02T01:58:22Z</time></trkpt>
<trkpt lat="38.637871" lon="-121.223022">
<ele>77</ele>
<time>2026-10-02T01:58:30Z</time></trkpt>
<trkpt lat="38.637871" lon="-121.223022">
<ele>77</ele>
<time>2026-10-02T01:58:30Z</time></trkpt>
<trkpt lat="38.638012" lon="-121.223018">
<ele>78</ele>
<time>2026-10-02T01:58:36Z</time></trkpt>
<trkpt lat="38.638028" lon="-121.222962">
<ele>78</ele>
<time>2026-10-02T01:58:38Z</time></trkpt>
<trkpt lat="38.638097" lon="-121.222932">
<ele>78</ele>
<time>2026-10-02T01:58:41Z</time></trkpt>
<trkpt lat="38.638125" lon="-121.222932">
<ele>77</ele>
<time>2026-10-02T01:58:42Z</time></trkpt>
<trkpt lat="38.638153" lon="-121.222958">
<ele>77</ele>
<time>2026-10-02T01:58:43Z</time></trkpt>
<trkpt lat="38.638175" lon="-121.22294">
<ele>77</ele>
<time>2026-10-02T01:58:44Z</time></trkpt>
<trkpt lat="38.638177" lon="-121.222894">
<ele>77</ele>
<time>2026-10-02T01:58:46Z</time></trkpt>
<trkpt lat="38.638154" lon="-121.222841">
<ele>77</ele>
<time>2026-10-02T01:58:47Z</time></trkpt>
<trkpt lat="38.638133" lon="-121.222702">
<ele>76</ele>
<time>2026-10-02T01:58:52Z</time></trkpt>
<trkpt lat="38.638114" lon="-121.222252">
<ele>75</ele>
<time>2026-10-02T01:59:06Z</time></trkpt>
<trkpt lat="38.638134" lon="-121.222103">
<ele>75</ele>
<time>2026-10-02T01:59:11Z</time></trkpt>
<trkpt lat="38.638165" lon="-121.222024">
<ele>74</ele>
<time>2026-10-02T01:59:13Z</time></trkpt>
<trkpt lat="38.638198" lon="-121.222011">
<ele>74</ele>
<time>2026-10-02T01:59:15Z</time></trkpt>
<trkpt lat="38.638268" lon="-121.221882">
<ele>73</ele>
<time>2026-10-02T01:59:20Z</time></trkpt>
<trkpt lat="38.638475" lon="-121.221121">
<ele>62</ele>
<time>2026-10-02T01:59:45Z</time></trkpt>
<trkpt lat="38.6385" lon="-121.220953">
<ele>59</ele>
<time>2026-10-02T01:59:50Z</time></trkpt>
<trkpt lat="38.6385" lon="-121.220953">
<ele>59</ele>
<time>2026-10-02T01:59:50Z</time></trkpt>
<trkpt lat="38.63847" lon="-121.220752">
<ele>57</ele>
<time>2026-10-02T01:59:57Z</time></trkpt>
<trkpt lat="38.638408" lon="-121.220632">
<ele>57</ele>
<time>2026-10-02T02:00:01Z</time></trkpt>
<trkpt lat="38.638372" lon="-121.220523">
<ele>55</ele>
<time>2026-10-02T02:00:05Z</time></trkpt>
<trkpt lat="38.638403" lon="-121.220458">
<ele>53</ele>
<time>2026-10-02T02:00:07Z</time></trkpt>
<trkpt lat="38.638403" lon="-121.220458">
<ele>53</ele>
<time>2026-10-02T02:00:07Z</time></trkpt>
<trkpt lat="38.638443" lon="-121.220374">
<ele>49</ele>
<time>2026-10-02T02:00:10Z</time></trkpt>
<trkpt lat="38.638444" lon="-121.220344">
<ele>49</ele>
<time>2026-10-02T02:00:11Z</time></trkpt>
<trkpt lat="38.638426" lon="-121.220315">
<ele>48</ele>
<time>2026-10-02T02:00:13Z</time></trkpt>
<trkpt lat="38.638245" lon="-121.220131">
<ele>45</ele>
<time>2026-10-02T02:00:22Z</time></trkpt>
<trkpt lat="38.638239" lon="-121.220026">
<ele>42</ele>
<time>2026-10-02T02:00:25Z</time></trkpt>
<trkpt lat="38.638239" lon="-121.220026">
<ele>42</ele>
<time>2026-10-02T02:00:25Z</time></trkpt>
<trkpt lat="38.638398" lon="-121.220092">
<ele>43</ele>
<time>2026-10-02T02:00:32Z</time></trkpt>
<trkpt lat="38.638474" lon="-121.220078">
<ele>42</ele>
<time>2026-10-02T02:00:35Z</time></trkpt>
<trkpt lat="38.638534" lon="-121.220018">
<ele>41</ele>
<time>2026-10-02T02:00:38Z</time></trkpt>
<trkpt lat="38.638556" lon="-121.219959">
<ele>41</ele>
<time>2026-10-02T02:00:40Z</time></trkpt>
<trkpt lat="38.638559" lon="-121.219894">
<ele>41</ele>
<time>2026-10-02T02:00:42Z</time></trkpt>
<trkpt lat="38.638544" lon="-121.219831">
<ele>40</ele>
<time>2026-10-02T02:00:44Z</time></trkpt>
<trkpt lat="38.638512" lon="-121.219779">
<ele>40</ele>
<time>2026-10-02T02:00:46Z</time></trkpt>
<trkpt lat="38.638277" lon="-121.219573">
<ele>40</ele>
<time>2026-10-02T02:00:58Z</time></trkpt>
<trkpt lat="38.63824" lon="-121.219482">
<ele>40</ele>
<time>2026-10-02T02:01:01Z</time></trkpt>
<trkpt lat="38.638257" lon="-121.21936">
<ele>40</ele>
<time>2026-10-02T02:01:05Z</time></trkpt>
<trkpt lat="38.638351" lon="-121.219193">
<ele>41</ele>
<time>2026-10-02T02:01:11Z</time></trkpt>
<trkpt lat="38.638351" lon="-121.219193">
<ele>41</ele>
<time>2026-10-02T02:01:11Z</time></trkpt>
<trkpt lat="38.638447" lon="-121.219024">
<ele>41</ele>
<time>2026-10-02T02:01:18Z</time></trkpt>
<trkpt lat="38.638557" lon="-121.218958">
<ele>42</ele>
<time>2026-10-02T02:01:22Z</time></trkpt>
<trkpt lat="38.63865" lon="-121.218879">
<ele>41</ele>
<time>2026-10-02T02:01:27Z</time></trkpt>
<trkpt lat="38.63865" lon="-121.218879">
<ele>41</ele>
<time>2026-10-02T02:01:27Z</time></trkpt>
<trkpt lat="38.638759" lon="-121.218785">
<ele>42</ele>
<time>2026-10-02T02:01:32Z</time></trkpt>
<trkpt lat="38.638841" lon="-121.218761">
<ele>42</ele>
<time>2026-10-02T02:01:36Z</time></trkpt>
<trkpt lat="38.639258" lon="-121.218692">
<ele>41</ele>
<time>2026-10-02T02:01:52Z</time></trkpt>
<trkpt lat="38.639975" lon="-121.218978">
<ele>43</ele>
<time>2026-10-02T02:02:23Z</time></trkpt>
<trkpt lat="38.640149" lon="-121.219029">
<ele>43</ele>
<time>2026-10-02T02:02:30Z</time></trkpt>
<trkpt lat="38.640568" lon="-121.219083">
<ele>45</ele>
<time>2026-10-02T02:02:47Z</time></trkpt>
<trkpt lat="38.640718" lon="-121.219065">
<ele>47</ele>
<time>2026-10-02T02:02:53Z</time></trkpt>
<trkpt lat="38.640718" lon="-121.219065">
<ele>47</ele>
<time>2026-10-02T02:02:53Z</time></trkpt>
<trkpt lat="38.640925" lon="-121.219065">
<ele>47</ele>
<time>2026-10-02T02:03:01Z</time></trkpt>
<trkpt lat="38.641032" lon="-121.219032">
<ele>47</ele>
<time>2026-10-02T02:03:05Z</time></trkpt>
<trkpt lat="38.641135" lon="-121.218926">
<ele>49</ele>
<time>2026-10-02T02:03:11Z</time></trkpt>
<trkpt lat="38.641213" lon="-121.218871">
<ele>49</ele>
<time>2026-10-02T02:03:14Z</time></trkpt>
<trkpt lat="38.641271" lon="-121.21883">
<ele>51</ele>
<time>2026-10-02T02:03:17Z</time></trkpt>
<trkpt lat="38.641309" lon="-121.218758">
<ele>53</ele>
<time>2026-10-02T02:03:20Z</time></trkpt>
<trkpt lat="38.641398" lon="-121.218326">
<ele>63</ele>
<time>2026-10-02T02:03:34Z</time></trkpt>
<trkpt lat="38.641421" lon="-121.218147">
<ele>65</ele>
<time>2026-10-02T02:03:39Z</time></trkpt>
<trkpt lat="38.6414" lon="-121.217978">
<ele>67</ele>
<time>2026-10-02T02:03:45Z</time></trkpt>
<trkpt lat="38.641251" lon="-121.217619">
<ele>70</ele>
<time>2026-10-02T02:03:57Z</time></trkpt>
<trkpt lat="38.64122" lon="-121.217498">
<ele>71</ele>
<time>2026-10-02T02:04:01Z</time></trkpt>
<trkpt lat="38.641222" lon="-121.217418">
<ele>72</ele>
<time>2026-10-02T02:04:04Z</time></trkpt>
<trkpt lat="38.641264" lon="-121.217345">
<ele>73</ele>
<time>2026-10-02T02:04:07Z</time></trkpt>
<trkpt lat="38.641375" lon="-121.217276">
<ele>76</ele>
<time>2026-10-02T02:04:12Z</time></trkpt>
<trkpt lat="38.641375" lon="-121.217276">
<ele>76</ele>
<time>2026-10-02T02:04:12Z</time></trkpt>
<trkpt lat="38.641461" lon="-121.217224">
<ele>78</ele>
<time>2026-10-02T02:04:15Z</time></trkpt>
<trkpt lat="38.6415" lon="-121.217148">
<ele>77</ele>
<time>2026-10-02T02:04:18Z</time></trkpt>
<trkpt lat="38.641582" lon="-121.217079">
<ele>78</ele>
<time>2026-10-02T02:04:22Z</time></trkpt>
<trkpt lat="38.641768" lon="-121.217036">
<ele>79</ele>
<time>2026-10-02T02:04:30Z</time></trkpt>
<trkpt lat="38.642924" lon="-121.216544">
<ele>78</ele>
<time>2026-10-02T02:05:19Z</time></trkpt>
<trkpt lat="38.64303" lon="-121.216421">
<ele>78</ele>
<time>2026-10-02T02:05:24Z</time></trkpt>
<trkpt lat="38.643219" lon="-121.216196">
<ele>75</ele>
<time>2026-10-02T02:05:35Z</time></trkpt>
<trkpt lat="38.643219" lon="-121.216196">
<ele>75</ele>
<time>2026-10-02T02:05:35Z</time></trkpt>
<trkpt lat="38.643508" lon="-121.21571">
<ele>66</ele>
<time>2026-10-02T02:05:54Z</time></trkpt>
<trkpt lat="38.643556" lon="-121.21566">
<ele>65</ele>
<time>2026-10-02T02:05:56Z</time></trkpt>
<trkpt lat="38.643742" lon="-121.215562">
<ele>65</ele>
<time>2026-10-02T02:06:04Z</time></trkpt>
<trkpt lat="38.643803" lon="-121.215542">
<ele>65</ele>
<time>2026-10-02T02:06:07Z</time></trkpt>
<trkpt lat="38.643846" lon="-121.215454">
<ele>63</ele>
<time>2026-10-02T02:06:10Z</time></trkpt>
<trkpt lat="38.643935" lon="-121.215419">
<ele>64</ele>
<time>2026-10-02T02:06:14Z</time></trkpt>
<trkpt lat="38.644018" lon="-121.215406">
<ele>65</ele>
<time>2026-10-02T02:06:17Z</time></trkpt>
<trkpt lat="38.644125" lon="-121.215348">
<ele>65</ele>
<time>2026-10-02T02:06:22Z</time></trkpt>
<trkpt lat="38.644317" lon="-121.215278">
<ele>65</ele>
<time>2026-10-02T02:06:30Z</time></trkpt>
<trkpt lat="38.644388" lon="-121.215123">
<ele>64</ele>
<time>2026-10-02T02:06:35Z</time></trkpt>
<trkpt lat="38.644442" lon="-121.215073">
<ele>64</ele>
<time>2026-10-02T02:06:38Z</time></trkpt>
<trkpt lat="38.644581" lon="-121.214968">
<ele>66</ele>
<time>2026-10-02T02:06:45Z</time></trkpt>
<trkpt lat="38.644809" lon="-121.214843">
<ele>66</ele>
<time>2026-10-02T02:06:54Z</time></trkpt>
<trkpt lat="38.644874" lon="-121.214841">
<ele>67</ele>
<time>2026-10-02T02:06:57Z</time></trkpt>
<trkpt lat="38.645079" lon="-121.214743">
<ele>67</ele>
<time>2026-10-02T02:07:06Z</time></trkpt>
<trkpt lat="38.645176" lon="-121.21474">
<ele>68</ele>
<time>2026-10-02T02:07:10Z</time></trkpt>
<trkpt lat="38.645381" lon="-121.214643">
<ele>68</ele>
<time>2026-10-02T02:07:19Z</time></trkpt>
<trkpt lat="38.645782" lon="-121.214559">
<ele>67</ele>
<time>2026-10-02T02:07:35Z</time></trkpt>
<trkpt lat="38.646272" lon="-121.214367">
<ele>63</ele>
<time>2026-10-02T02:07:55Z</time></trkpt>
<trkpt lat="38.646564" lon="-121.214322">
<ele>64</ele>
<time>2026-10-02T02:08:07Z</time></trkpt>
<trkpt lat="38.646635" lon="-121.21432">
<ele>65</ele>
<time>2026-10-02T02:08:10Z</time></trkpt>
<trkpt lat="38.646713" lon="-121.214343">
<ele>65</ele>
<time>2026-10-02T02:08:13Z</time></trkpt>
<trkpt lat="38.646806" lon="-121.214439">
<ele>67</ele>
<time>2026-10-02T02:08:18Z</time></trkpt>
<trkpt lat="38.646849" lon="-121.214565">
<ele>69</ele>
<time>2026-10-02T02:08:22Z</time></trkpt>
<trkpt lat="38.646849" lon="-121.214565">
<ele>69</ele>
<time>2026-10-02T02:08:22Z</time></trkpt>
<trkpt lat="38.646911" lon="-121.21475">
<ele>71</ele>
<time>2026-10-02T02:08:29Z</time></trkpt>
<trkpt lat="38.646964" lon="-121.215015">
<ele>72</ele>
<time>2026-10-02T02:08:37Z</time></trkpt>
<trkpt lat="38.646995" lon="-121.215099">
<ele>74</ele>
<time>2026-10-02T02:08:40Z</time></trkpt>
<trkpt lat="38.647045" lon="-121.215152">
<ele>76</ele>
<time>2026-10-02T02:08:43Z</time></trkpt>
<trkpt lat="38.64709" lon="-121.215156">
<ele>76</ele>
<time>2026-10-02T02:08:44Z</time></trkpt>
<trkpt lat="38.647148" lon="-121.215119">
<ele>76</ele>
<time>2026-10-02T02:08:47Z</time></trkpt>
<trkpt lat="38.647299" lon="-121.21497">
<ele>74</ele>
<time>2026-10-02T02:08:55Z</time></trkpt>
<trkpt lat="38.647336" lon="-121.214901">
<ele>74</ele>
<time>2026-10-02T02:08:57Z</time></trkpt>
<trkpt lat="38.647342" lon="-121.21485">
<ele>74</ele>
<time>2026-10-02T02:08:59Z</time></trkpt>
<trkpt lat="38.64732" lon="-121.214651">
<ele>71</ele>
<time>2026-10-02T02:09:05Z</time></trkpt>
<trkpt lat="38.647333" lon="-121.21454">
<ele>70</ele>
<time>2026-10-02T02:09:09Z</time></trkpt>
<trkpt lat="38.647378" lon="-121.214404">
<ele>70</ele>
<time>2026-10-02T02:09:13Z</time></trkpt>
<trkpt lat="38.647432" lon="-121.214334">
<ele>70</ele>
<time>2026-10-02T02:09:16Z</time></trkpt>
<trkpt lat="38.647494" lon="-121.21429">
<ele>71</ele>
<time>2026-10-02T02:09:19Z</time></trkpt>
<trkpt lat="38.647645" lon="-121.214224">
<ele>69</ele>
<time>2026-10-02T02:09:26Z</time></trkpt>
<trkpt lat="38.647814" lon="-121.214209">
<ele>69</ele>
<time>2026-10-02T02:09:32Z</time></trkpt>
<trkpt lat="38.648024" lon="-121.214258">
<ele>70</ele>
<time>2026-10-02T02:09:41Z</time></trkpt>
<trkpt lat="38.648123" lon="-121.214323">
<ele>71</ele>
<time>2026-10-02T02:09:45Z</time></trkpt>
<trkpt lat="38.648123" lon="-121.214323">
<ele>71</ele>
<time>2026-10-02T02:09:45Z</time></trkpt>
<trkpt lat="38.648198" lon="-121.214402">
<ele>73</ele>
<time>2026-10-02T02:09:49Z</time></trkpt>
<trkpt lat="38.648387" lon="-121.214676">
<ele>78</ele>
<time>2026-10-02T02:10:01Z</time></trkpt>
<trkpt lat="38.648436" lon="-121.214694">
<ele>79</ele>
<time>2026-10-02T02:10:03Z</time></trkpt>
<trkpt lat="38.648508" lon="-121.21466">
<ele>80</ele>
<time>2026-10-02T02:10:06Z</time></trkpt>
<trkpt lat="38.648621" lon="-121.214338">
<ele>74</ele>
<time>2026-10-02T02:10:17Z</time></trkpt>
<trkpt lat="38.648733" lon="-121.214207">
<ele>72</ele>
<time>2026-10-02T02:10:23Z</time></trkpt>
<trkpt lat="38.648793" lon="-121.214162">
<ele>72</ele>
<time>2026-10-02T02:10:26Z</time></trkpt>
<trkpt lat="38.648979" lon="-121.214097">
<ele>73</ele>
<time>2026-10-02T02:10:34Z</time></trkpt>
<trkpt lat="38.649094" lon="-121.214014">
<ele>72</ele>
<time>2026-10-02T02:10:39Z</time></trkpt>
<trkpt lat="38.649188" lon="-121.213802">
<ele>67</ele>
<time>2026-10-02T02:10:46Z</time></trkpt>
<trkpt lat="38.649248" lon="-121.213738">
<ele>67</ele>
<time>2026-10-02T02:10:50Z</time></trkpt>
<trkpt lat="38.649322" lon="-121.213703">
<ele>67</ele>
<time>2026-10-02T02:10:53Z</time></trkpt>
<trkpt lat="38.649373" lon="-121.213701">
<ele>68</ele>
<time>2026-10-02T02:10:55Z</time></trkpt>
<trkpt lat="38.649373" lon="-121.213701">
<ele>68</ele>
<time>2026-10-02T02:10:55Z</time></trkpt>
<trkpt lat="38.649497" lon="-121.213725">
<ele>72</ele>
<time>2026-10-02T02:11:00Z</time></trkpt>
<trkpt lat="38.649577" lon="-121.213711">
<ele>73</ele>
<time>2026-10-02T02:11:03Z</time></trkpt>
<trkpt lat="38.649948" lon="-121.213444">
<ele>74</ele>
<time>2026-10-02T02:11:20Z</time></trkpt>
<trkpt lat="38.65" lon="-121.213385">
<ele>73</ele>
<time>2026-10-02T02:11:23Z</time></trkpt>
<trkpt lat="38.650022" lon="-121.213307">
<ele>72</ele>
<time>2026-10-02T02:11:26Z</time></trkpt>
<trkpt lat="38.650027" lon="-121.213131">
<ele>71</ele>
<time>2026-10-02T02:11:31Z</time></trkpt>
<trkpt lat="38.650083" lon="-121.212981">
<ele>71</ele>
<time>2026-10-02T02:11:36Z</time></trkpt>
<trkpt lat="38.650235" lon="-121.212756">
<ele>72</ele>
<time>2026-10-02T02:11:46Z</time></trkpt>
<trkpt lat="38.650304" lon="-121.212687">
<ele>73</ele>
<time>2026-10-02T02:11:49Z</time></trkpt>
<trkpt lat="38.650494" lon="-121.21257">
<ele>73</ele>
<time>2026-10-02T02:11:57Z</time></trkpt>
<trkpt lat="38.650571" lon="-121.212562">
<ele>73</ele>
<time>2026-10-02T02:12:01Z</time></trkpt>
<trkpt lat="38.650641" lon="-121.21258">
<ele>72</ele>
<time>2026-10-02T02:12:03Z</time></trkpt>
<trkpt lat="38.650777" lon="-121.21267">
<ele>72</ele>
<time>2026-10-02T02:12:10Z</time></trkpt>
<trkpt lat="38.650777" lon="-121.21267">
<ele>72</ele>
<time>2026-10-02T02:12:10Z</time></trkpt>
<trkpt lat="38.650811" lon="-121.212716">
<ele>72</ele>
<time>2026-10-02T02:12:12Z</time></trkpt>
<trkpt lat="38.650835" lon="-121.212798">
<ele>73</ele>
<time>2026-10-02T02:12:14Z</time></trkpt>
<trkpt lat="38.650832" lon="-121.213114">
<ele>74</ele>
<time>2026-10-02T02:12:24Z</time></trkpt>
<trkpt lat="38.650863" lon="-121.213208">
<ele>75</ele>
<time>2026-10-02T02:12:27Z</time></trkpt>
<trkpt lat="38.650935" lon="-121.213272">
<ele>74</ele>
<time>2026-10-02T02:12:31Z</time></trkpt>
<trkpt lat="38.651047" lon="-121.213292">
<ele>72</ele>
<time>2026-10-02T02:12:35Z</time></trkpt>
<trkpt lat="38.651156" lon="-121.213365">
<ele>71</ele>
<time>2026-10-02T02:12:40Z</time></trkpt>
<trkpt lat="38.65126" lon="-121.213538">
<ele>70</ele>
<time>2026-10-02T02:12:47Z</time></trkpt>
<trkpt lat="38.651314" lon="-121.213572">
<ele>68</ele>
<time>2026-10-02T02:12:50Z</time></trkpt>
<trkpt lat="38.651365" lon="-121.213541">
<ele>66</ele>
<time>2026-10-02T02:12:52Z</time></trkpt>
<trkpt lat="38.651404" lon="-121.213468">
<ele>65</ele>
<time>2026-10-02T02:12:55Z</time></trkpt>
<trkpt lat="38.651391" lon="-121.213534">
<ele>65</ele>
<time>2026-10-02T02:12:57Z</time></trkpt>
<trkpt lat="38.651391" lon="-121.213534">
<ele>65</ele>
<time>2026-10-02T02:12:57Z</time></trkpt>
<trkpt lat="38.651404" lon="-121.213468">
<ele>65</ele>
<time>2026-10-02T02:12:59Z</time></trkpt>
<trkpt lat="38.651455" lon="-121.213297">
<ele>65</ele>
<time>2026-10-02T02:13:05Z</time></trkpt>
<trkpt lat="38.6514533" lon="-121.2132606">
<ele>65</ele>
<time>2026-10-02T02:13:06Z</time></trkpt>
<trkpt lat="38.651451" lon="-121.213212">
<ele>66</ele>
<time>2026-10-02T02:13:07Z</time></trkpt>
<trkpt lat="38.65136" lon="-121.212981">
<ele>64</ele>
<time>2026-10-02T02:13:15Z</time></trkpt>
<trkpt lat="38.651325" lon="-121.212818">
<ele>64</ele>
<time>2026-10-02T02:13:21Z</time></trkpt>
<trkpt lat="38.651329" lon="-121.212776">
<ele>64</ele>
<time>2026-10-02T02:13:22Z</time></trkpt>
<trkpt lat="38.651365" lon="-121.212638">
<ele>63</ele>
<time>2026-10-02T02:13:27Z</time></trkpt>
<trkpt lat="38.651459" lon="-121.212505">
<ele>63</ele>
<time>2026-10-02T02:13:32Z</time></trkpt>
<trkpt lat="38.651825" lon="-121.212106">
<ele>61</ele>
<time>2026-10-02T02:13:51Z</time></trkpt>
<trkpt lat="38.651924" lon="-121.21204">
<ele>60</ele>
<time>2026-10-02T02:13:56Z</time></trkpt>
<trkpt lat="38.652359" lon="-121.211941">
<ele>61</ele>
<time>2026-10-02T02:14:14Z</time></trkpt>
<trkpt lat="38.652478" lon="-121.211897">
<ele>62</ele>
<time>2026-10-02T02:14:19Z</time></trkpt>
<trkpt lat="38.652722" lon="-121.211717">
<ele>63</ele>
<time>2026-10-02T02:14:30Z</time></trkpt>
<trkpt lat="38.652722" lon="-121.211717">
<ele>63</ele>
<time>2026-10-02T02:14:30Z</time></trkpt>
<trkpt lat="38.653131" lon="-121.211416">
<ele>60</ele>
<time>2026-10-02T02:14:49Z</time></trkpt>
<trkpt lat="38.653267" lon="-121.211365">
<ele>60</ele>
<time>2026-10-02T02:14:54Z</time></trkpt>
<trkpt lat="38.653814" lon="-121.211294">
<ele>59</ele>
<time>2026-10-02T02:15:16Z</time></trkpt>
<trkpt lat="38.653883" lon="-121.211265">
<ele>58</ele>
<time>2026-10-02T02:15:19Z</time></trkpt>
<trkpt lat="38.653945" lon="-121.211204">
<ele>57</ele>
<time>2026-10-02T02:15:23Z</time></trkpt>
<trkpt lat="38.653964" lon="-121.211148">
<ele>56</ele>
<time>2026-10-02T02:15:24Z</time></trkpt>
<trkpt lat="38.653963" lon="-121.211063">
<ele>55</ele>
<time>2026-10-02T02:15:27Z</time></trkpt>
<trkpt lat="38.653927" lon="-121.210908">
<ele>54</ele>
<time>2026-10-02T02:15:32Z</time></trkpt>
<trkpt lat="38.653926" lon="-121.2108">
<ele>53</ele>
<time>2026-10-02T02:15:36Z</time></trkpt>
<trkpt lat="38.653989" lon="-121.210705">
<ele>52</ele>
<time>2026-10-02T02:15:39Z</time></trkpt>
<trkpt lat="38.65415" lon="-121.210584">
<ele>52</ele>
<time>2026-10-02T02:15:47Z</time></trkpt>
<trkpt lat="38.654216" lon="-121.210468">
<ele>51</ele>
<time>2026-10-02T02:15:51Z</time></trkpt>
<trkpt lat="38.654272" lon="-121.210313">
<ele>50</ele>
<time>2026-10-02T02:15:57Z</time></trkpt>
<trkpt lat="38.654268" lon="-121.210227">
<ele>50</ele>
<time>2026-10-02T02:15:59Z</time></trkpt>
<trkpt lat="38.654268" lon="-121.210227">
<ele>50</ele>
<time>2026-10-02T02:15:59Z</time></trkpt>
<trkpt lat="38.654264" lon="-121.209848">
<ele>50</ele>
<time>2026-10-02T02:16:11Z</time></trkpt>
<trkpt lat="38.654267" lon="-121.209818">
<ele>50</ele>
<time>2026-10-02T02:16:12Z</time></trkpt>
<trkpt lat="38.654282" lon="-121.209632">
<ele>50</ele>
<time>2026-10-02T02:16:18Z</time></trkpt>
<trkpt lat="38.654319" lon="-121.209587">
<ele>50</ele>
<time>2026-10-02T02:16:20Z</time></trkpt>
<trkpt lat="38.654276" lon="-121.209519">
<ele>50</ele>
<time>2026-10-02T02:16:23Z</time></trkpt>
<trkpt lat="38.65432" lon="-121.209463">
<ele>50</ele>
<time>2026-10-02T02:16:25Z</time></trkpt>
<trkpt lat="38.654335" lon="-121.209351">
<ele>50</ele>
<time>2026-10-02T02:16:29Z</time></trkpt>
<trkpt lat="38.654414" lon="-121.209122">
<ele>51</ele>
<time>2026-10-02T02:16:37Z</time></trkpt>
<trkpt lat="38.654421" lon="-121.208755">
<ele>49</ele>
<time>2026-10-02T02:16:48Z</time></trkpt>
<trkpt lat="38.654475" lon="-121.208492">
<ele>48</ele>
<time>2026-10-02T02:16:57Z</time></trkpt>
<trkpt lat="38.654547" lon="-121.208186">
<ele>49</ele>
<time>2026-10-02T02:17:07Z</time></trkpt>
<trkpt lat="38.654547" lon="-121.208186">
<ele>49</ele>
<time>2026-10-02T02:17:07Z</time></trkpt>
<trkpt lat="38.655175" lon="-121.207234">
<ele>47</ele>
<time>2026-10-02T02:17:46Z</time></trkpt>
<trkpt lat="38.655184" lon="-121.207018">
<ele>48</ele>
<time>2026-10-02T02:17:53Z</time></trkpt>
<trkpt lat="38.655153" lon="-121.206895">
<ele>48</ele>
<time>2026-10-02T02:17:57Z</time></trkpt>
<trkpt lat="38.655077" lon="-121.206599">
<ele>48</ele>
<time>2026-10-02T02:18:06Z</time></trkpt>
<trkpt lat="38.655077" lon="-121.206408">
<ele>48</ele>
<time>2026-10-02T02:18:12Z</time></trkpt>
<trkpt lat="38.655077" lon="-121.206408">
<ele>48</ele>
<time>2026-10-02T02:18:12Z</time></trkpt>
<trkpt lat="38.655075" lon="-121.204576">
<ele>50</ele>
<time>2026-10-02T02:19:10Z</time></trkpt>
<trkpt lat="38.655068" lon="-121.204308">
<ele>50</ele>
<time>2026-10-02T02:19:18Z</time></trkpt>
<trkpt lat="38.655059" lon="-121.20404">
<ele>50</ele>
<time>2026-10-02T02:19:26Z</time></trkpt>
<trkpt lat="38.655068" lon="-121.203824">
<ele>51</ele>
<time>2026-10-02T02:19:33Z</time></trkpt>
<trkpt lat="38.65509" lon="-121.203711">
<ele>51</ele>
<time>2026-10-02T02:19:37Z</time></trkpt>
<trkpt lat="38.65509" lon="-121.203711">
<ele>51</ele>
<time>2026-10-02T02:19:37Z</time></trkpt>
<trkpt lat="38.655098" lon="-121.203668">
<ele>51</ele>
<time>2026-10-02T02:19:38Z</time></trkpt>
<trkpt lat="38.655081" lon="-121.203429">
<ele>50</ele>
<time>2026-10-02T02:19:46Z</time></trkpt>
<trkpt lat="38.65515" lon="-121.203285">
<ele>50</ele>
<time>2026-10-02T02:19:51Z</time></trkpt>
<trkpt lat="38.655451" lon="-121.202507">
<ele>50</ele>
<time>2026-10-02T02:20:18Z</time></trkpt>
<trkpt lat="38.655845" lon="-121.200941">
<ele>49</ele>
<time>2026-10-02T02:21:10Z</time></trkpt>
<trkpt lat="38.655957" lon="-121.200711">
<ele>49</ele>
<time>2026-10-02T02:21:18Z</time></trkpt>
<trkpt lat="38.656165" lon="-121.20062">
<ele>50</ele>
<time>2026-10-02T02:21:27Z</time></trkpt>
<trkpt lat="38.656336" lon="-121.200712">
<ele>51</ele>
<time>2026-10-02T02:21:34Z</time></trkpt>
<trkpt lat="38.656415" lon="-121.200727">
<ele>51</ele>
<time>2026-10-02T02:21:38Z</time></trkpt>
<trkpt lat="38.656514" lon="-121.200685">
<ele>52</ele>
<time>2026-10-02T02:21:42Z</time></trkpt>
<trkpt lat="38.656667" lon="-121.200565">
<ele>52</ele>
<time>2026-10-02T02:21:49Z</time></trkpt>
<trkpt lat="38.656728" lon="-121.20049">
<ele>53</ele>
<time>2026-10-02T02:21:52Z</time></trkpt>
<trkpt lat="38.656728" lon="-121.20049">
<ele>53</ele>
<time>2026-10-02T02:21:52Z</time></trkpt>
<trkpt lat="38.656965" lon="-121.200068">
<ele>54</ele>
<time>2026-10-02T02:22:09Z</time></trkpt>
<trkpt lat="38.657413" lon="-121.199385">
<ele>55</ele>
<time>2026-10-02T02:22:37Z</time></trkpt>
<trkpt lat="38.65751" lon="-121.19909">
<ele>53</ele>
<time>2026-10-02T02:22:47Z</time></trkpt>
<trkpt lat="38.65758" lon="-121.198703">
<ele>55</ele>
<time>2026-10-02T02:22:59Z</time></trkpt>
<trkpt lat="38.657697" lon="-121.198284">
<ele>56</ele>
<time>2026-10-02T02:23:13Z</time></trkpt>
<trkpt lat="38.657982" lon="-121.197463">
<ele>60</ele>
<time>2026-10-02T02:23:41Z</time></trkpt>
<trkpt lat="38.658089" lon="-121.19723">
<ele>59</ele>
<time>2026-10-02T02:23:50Z</time></trkpt>
<trkpt lat="38.658126" lon="-121.197066">
<ele>58</ele>
<time>2026-10-02T02:23:55Z</time></trkpt>
<trkpt lat="38.658214" lon="-121.196805">
<ele>58</ele>
<time>2026-10-02T02:24:04Z</time></trkpt>
<trkpt lat="38.658239" lon="-121.196661">
<ele>57</ele>
<time>2026-10-02T02:24:08Z</time></trkpt>
<trkpt lat="38.658239" lon="-121.196661">
<ele>57</ele>
<time>2026-10-02T02:24:08Z</time></trkpt>
<trkpt lat="38.658385" lon="-121.196148">
<ele>59</ele>
<time>2026-10-02T02:24:25Z</time></trkpt>
<trkpt lat="38.658481" lon="-121.195734">
<ele>59</ele>
<time>2026-10-02T02:24:39Z</time></trkpt>
<trkpt lat="38.658516" lon="-121.195621">
<ele>60</ele>
<time>2026-10-02T02:24:43Z</time></trkpt>
<trkpt lat="38.658608" lon="-121.19532">
<ele>56</ele>
<time>2026-10-02T02:24:53Z</time></trkpt>
<trkpt lat="38.658606" lon="-121.195248">
<ele>55</ele>
<time>2026-10-02T02:24:55Z</time></trkpt>
<trkpt lat="38.65877" lon="-121.194983">
<ele>55</ele>
<time>2026-10-02T02:25:06Z</time></trkpt>
<trkpt lat="38.658916" lon="-121.194931">
<ele>57</ele>
<time>2026-10-02T02:25:12Z</time></trkpt>
<trkpt lat="38.659025" lon="-121.194852">
<ele>57</ele>
<time>2026-10-02T02:25:17Z</time></trkpt>
<trkpt lat="38.659149" lon="-121.194815">
<ele>59</ele>
<time>2026-10-02T02:25:22Z</time></trkpt>
<trkpt lat="38.659244" lon="-121.194763">
<ele>58</ele>
<time>2026-10-02T02:25:26Z</time></trkpt>
<trkpt lat="38.659383" lon="-121.194759">
<ele>60</ele>
<time>2026-10-02T02:25:32Z</time></trkpt>
<trkpt lat="38.659529" lon="-121.194614">
<ele>60</ele>
<time>2026-10-02T02:25:39Z</time></trkpt>
<trkpt lat="38.65966" lon="-121.19453">
<ele>60</ele>
<time>2026-10-02T02:25:45Z</time></trkpt>
<trkpt lat="38.659746" lon="-121.194417">
<ele>58</ele>
<time>2026-10-02T02:25:50Z</time></trkpt>
<trkpt lat="38.659746" lon="-121.194417">
<ele>58</ele>
<time>2026-10-02T02:25:50Z</time></trkpt>
<trkpt lat="38.659828" lon="-121.19431">
<ele>58</ele>
<time>2026-10-02T02:25:55Z</time></trkpt>
<trkpt lat="38.659985" lon="-121.194245">
<ele>58</ele>
<time>2026-10-02T02:26:01Z</time></trkpt>
<trkpt lat="38.660189" lon="-121.194021">
<ele>56</ele>
<time>2026-10-02T02:26:12Z</time></trkpt>
<trkpt lat="38.660382" lon="-121.193988">
<ele>58</ele>
<time>2026-10-02T02:26:20Z</time></trkpt>
<trkpt lat="38.660473" lon="-121.193881">
<ele>56</ele>
<time>2026-10-02T02:26:25Z</time></trkpt>
<trkpt lat="38.660557" lon="-121.193857">
<ele>57</ele>
<time>2026-10-02T02:26:28Z</time></trkpt>
<trkpt lat="38.660882" lon="-121.193675">
<ele>58</ele>
<time>2026-10-02T02:26:42Z</time></trkpt>
<trkpt lat="38.661006" lon="-121.193577">
<ele>57</ele>
<time>2026-10-02T02:26:48Z</time></trkpt>
<trkpt lat="38.661126" lon="-121.193516">
<ele>57</ele>
<time>2026-10-02T02:26:53Z</time></trkpt>
<trkpt lat="38.661228" lon="-121.193414">
<ele>57</ele>
<time>2026-10-02T02:26:59Z</time></trkpt>
<trkpt lat="38.661305" lon="-121.1934">
<ele>57</ele>
<time>2026-10-02T02:27:02Z</time></trkpt>
<trkpt lat="38.661429" lon="-121.193311">
<ele>56</ele>
<time>2026-10-02T02:27:07Z</time></trkpt>
<trkpt lat="38.661651" lon="-121.193236">
<ele>57</ele>
<time>2026-10-02T02:27:17Z</time></trkpt>
<trkpt lat="38.661841" lon="-121.193045">
<ele>54</ele>
<time>2026-10-02T02:27:26Z</time></trkpt>
<trkpt lat="38.662103" lon="-121.1929">
<ele>54</ele>
<time>2026-10-02T02:27:38Z</time></trkpt>
<trkpt lat="38.662439" lon="-121.192806">
<ele>54</ele>
<time>2026-10-02T02:27:51Z</time></trkpt>
<trkpt lat="38.662537" lon="-121.192797">
<ele>54</ele>
<time>2026-10-02T02:27:55Z</time></trkpt>
<trkpt lat="38.662577" lon="-121.192736">
<ele>53</ele>
<time>2026-10-02T02:27:58Z</time></trkpt>
<trkpt lat="38.662614" lon="-121.192629">
<ele>52</ele>
<time>2026-10-02T02:28:02Z</time></trkpt>
<trkpt lat="38.662607" lon="-121.192523">
<ele>52</ele>
<time>2026-10-02T02:28:05Z</time></trkpt>
<trkpt lat="38.662607" lon="-121.192523">
<ele>52</ele>
<time>2026-10-02T02:28:05Z</time></trkpt>
<trkpt lat="38.662628" lon="-121.192475">
<ele>51</ele>
<time>2026-10-02T02:28:07Z</time></trkpt>
<trkpt lat="38.662687" lon="-121.19248">
<ele>50</ele>
<time>2026-10-02T02:28:09Z</time></trkpt>
<trkpt lat="38.662778" lon="-121.192452">
<ele>49</ele>
<time>2026-10-02T02:28:13Z</time></trkpt>
<trkpt lat="38.66284" lon="-121.192255">
<ele>48</ele>
<time>2026-10-02T02:28:19Z</time></trkpt>
<trkpt lat="38.663128" lon="-121.192153">
<ele>47</ele>
<time>2026-10-02T02:28:31Z</time></trkpt>
<trkpt lat="38.663317" lon="-121.192041">
<ele>46</ele>
<time>2026-10-02T02:28:40Z</time></trkpt>
<trkpt lat="38.66346" lon="-121.191932">
<ele>43</ele>
<time>2026-10-02T02:28:46Z</time></trkpt>
<trkpt lat="38.66368" lon="-121.191682">
<ele>41</ele>
<time>2026-10-02T02:28:58Z</time></trkpt>
<trkpt lat="38.663712" lon="-121.191725">
<ele>40</ele>
<time>2026-10-02T02:29:00Z</time></trkpt>
<trkpt lat="38.663746" lon="-121.191695">
<ele>40</ele>
<time>2026-10-02T02:29:02Z</time></trkpt>
<trkpt lat="38.664014" lon="-121.191701">
<ele>42</ele>
<time>2026-10-02T02:29:12Z</time></trkpt>
<trkpt lat="38.664069" lon="-121.191739">
<ele>44</ele>
<time>2026-10-02T02:29:15Z</time></trkpt>
<trkpt lat="38.664101" lon="-121.19174">
<ele>45</ele>
<time>2026-10-02T02:29:16Z</time></trkpt>
<trkpt lat="38.664122" lon="-121.191729">
<ele>45</ele>
<time>2026-10-02T02:29:17Z</time></trkpt>
<trkpt lat="38.664175" lon="-121.191614">
<ele>45</ele>
<time>2026-10-02T02:29:21Z</time></trkpt>
<trkpt lat="38.664266" lon="-121.191556">
<ele>47</ele>
<time>2026-10-02T02:29:25Z</time></trkpt>
<trkpt lat="38.664266" lon="-121.191556">
<ele>47</ele>
<time>2026-10-02T02:29:25Z</time></trkpt>
<trkpt lat="38.664396" lon="-121.191473">
<ele>50</ele>
<time>2026-10-02T02:29:31Z</time></trkpt>
<trkpt lat="38.664487" lon="-121.191486">
<ele>53</ele>
<time>2026-10-02T02:29:35Z</time></trkpt>
<trkpt lat="38.664528" lon="-121.191523">
<ele>54</ele>
<time>2026-10-02T02:29:37Z</time></trkpt>
<trkpt lat="38.664501" lon="-121.191803">
<ele>55</ele>
<time>2026-10-02T02:29:46Z</time></trkpt>
<trkpt lat="38.664549" lon="-121.191937">
<ele>56</ele>
<time>2026-10-02T02:29:50Z</time></trkpt>
<trkpt lat="38.664639" lon="-121.192058">
<ele>57</ele>
<time>2026-10-02T02:29:56Z</time></trkpt>
<trkpt lat="38.664867" lon="-121.192238">
<ele>58</ele>
<time>2026-10-02T02:30:06Z</time></trkpt>
<trkpt lat="38.664962" lon="-121.192264">
<ele>58</ele>
<time>2026-10-02T02:30:10Z</time></trkpt>
<trkpt lat="38.66513" lon="-121.19224">
<ele>59</ele>
<time>2026-10-02T02:30:17Z</time></trkpt>
<trkpt lat="38.665441" lon="-121.192152">
<ele>62</ele>
<time>2026-10-02T02:30:30Z</time></trkpt>
<trkpt lat="38.665601" lon="-121.192077">
<ele>63</ele>
<time>2026-10-02T02:30:36Z</time></trkpt>
<trkpt lat="38.665601" lon="-121.192077">
<ele>63</ele>
<time>2026-10-02T02:30:36Z</time></trkpt>
<trkpt lat="38.665676" lon="-121.192042">
<ele>63</ele>
<time>2026-10-02T02:30:40Z</time></trkpt>
<trkpt lat="38.665921" lon="-121.191832">
<ele>65</ele>
<time>2026-10-02T02:30:52Z</time></trkpt>
<trkpt lat="38.666348" lon="-121.191384">
<ele>67</ele>
<time>2026-10-02T02:31:14Z</time></trkpt>
<trkpt lat="38.666441" lon="-121.191358">
<ele>68</ele>
<time>2026-10-02T02:31:17Z</time></trkpt>
<trkpt lat="38.666819" lon="-121.191356">
<ele>74</ele>
<time>2026-10-02T02:31:33Z</time></trkpt>
<trkpt lat="38.667078" lon="-121.191419">
<ele>79</ele>
<time>2026-10-02T02:31:43Z</time></trkpt>
<trkpt lat="38.667175" lon="-121.191418">
<ele>80</ele>
<time>2026-10-02T02:31:47Z</time></trkpt>
<trkpt lat="38.667598" lon="-121.191312">
<ele>78</ele>
<time>2026-10-02T02:32:04Z</time></trkpt>
<trkpt lat="38.66805" lon="-121.191393">
<ele>81</ele>
<time>2026-10-02T02:32:23Z</time></trkpt>
<trkpt lat="38.66805" lon="-121.191393">
<ele>81</ele>
<time>2026-10-02T02:32:23Z</time></trkpt>
<trkpt lat="38.668475" lon="-121.191469">
<ele>82</ele>
<time>2026-10-02T02:32:40Z</time></trkpt>
<trkpt lat="38.669142" lon="-121.19142">
<ele>82</ele>
<time>2026-10-02T02:33:07Z</time></trkpt>
<trkpt lat="38.669281" lon="-121.191428">
<ele>82</ele>
<time>2026-10-02T02:33:12Z</time></trkpt>
<trkpt lat="38.669685" lon="-121.191503">
<ele>79</ele>
<time>2026-10-02T02:33:29Z</time></trkpt>
<trkpt lat="38.669942" lon="-121.191489">
<ele>79</ele>
<time>2026-10-02T02:33:39Z</time></trkpt>
<trkpt lat="38.670367" lon="-121.191415">
<ele>77</ele>
<time>2026-10-02T02:33:56Z</time></trkpt>
<trkpt lat="38.670508" lon="-121.191431">
<ele>78</ele>
<time>2026-10-02T02:34:02Z</time></trkpt>
<trkpt lat="38.670717" lon="-121.191533">
<ele>78</ele>
<time>2026-10-02T02:34:11Z</time></trkpt>
<trkpt lat="38.670898" lon="-121.191583">
<ele>79</ele>
<time>2026-10-02T02:34:18Z</time></trkpt>
<trkpt lat="38.670952" lon="-121.191581">
<ele>79</ele>
<time>2026-10-02T02:34:20Z</time></trkpt>
<trkpt lat="38.670952" lon="-121.191581">
<ele>79</ele>
<time>2026-10-02T02:34:20Z</time></trkpt>
<trkpt lat="38.671162" lon="-121.191572">
<ele>80</ele>
<time>2026-10-02T02:34:29Z</time></trkpt>
<trkpt lat="38.671233" lon="-121.191586">
<ele>79</ele>
<time>2026-10-02T02:34:32Z</time></trkpt>
<trkpt lat="38.671345" lon="-121.191639">
<ele>80</ele>
<time>2026-10-02T02:34:36Z</time></trkpt>
<trkpt lat="38.671646" lon="-121.191718">
<ele>81</ele>
<time>2026-10-02T02:34:49Z</time></trkpt>
<trkpt lat="38.672079" lon="-121.191945">
<ele>81</ele>
<time>2026-10-02T02:35:07Z</time></trkpt>
<trkpt lat="38.672352" lon="-121.192043">
<ele>82</ele>
<time>2026-10-02T02:35:19Z</time></trkpt>
<trkpt lat="38.672775" lon="-121.192016">
<ele>81</ele>
<time>2026-10-02T02:35:36Z</time></trkpt>
<trkpt lat="38.672918" lon="-121.192037">
<ele>76</ele>
<time>2026-10-02T02:35:41Z</time></trkpt>
<trkpt lat="38.673061" lon="-121.192138">
<ele>77</ele>
<time>2026-10-02T02:35:48Z</time></trkpt>
<trkpt lat="38.673252" lon="-121.192232">
<ele>82</ele>
<time>2026-10-02T02:35:56Z</time></trkpt>
<trkpt lat="38.673373" lon="-121.192252">
<ele>82</ele>
<time>2026-10-02T02:36:01Z</time></trkpt>
<trkpt lat="38.673373" lon="-121.192252">
<ele>82</ele>
<time>2026-10-02T02:36:01Z</time></trkpt>
<trkpt lat="38.673773" lon="-121.192317">
<ele>78</ele>
<time>2026-10-02T02:36:17Z</time></trkpt>
<trkpt lat="38.674289" lon="-121.192557">
<ele>82</ele>
<time>2026-10-02T02:36:39Z</time></trkpt>
<trkpt lat="38.674567" lon="-121.192536">
<ele>82</ele>
<time>2026-10-02T02:36:50Z</time></trkpt>
<trkpt lat="38.674699" lon="-121.192604">
<ele>82</ele>
<time>2026-10-02T02:36:56Z</time></trkpt>
<trkpt lat="38.674919" lon="-121.192762">
<ele>81</ele>
<time>2026-10-02T02:37:06Z</time></trkpt>
<trkpt lat="38.675038" lon="-121.192718">
<ele>81</ele>
<time>2026-10-02T02:37:11Z</time></trkpt>
<trkpt lat="38.675078" lon="-121.192643">
<ele>81</ele>
<time>2026-10-02T02:37:14Z</time></trkpt>
<trkpt lat="38.675125" lon="-121.192599">
<ele>81</ele>
<time>2026-10-02T02:37:16Z</time></trkpt>
<trkpt lat="38.675271" lon="-121.192575">
<ele>82</ele>
<time>2026-10-02T02:37:22Z</time></trkpt>
<trkpt lat="38.675402" lon="-121.192613">
<ele>80</ele>
<time>2026-10-02T02:37:28Z</time></trkpt>
<trkpt lat="38.675479" lon="-121.192569">
<ele>80</ele>
<time>2026-10-02T02:37:31Z</time></trkpt>
<trkpt lat="38.675698" lon="-121.192568">
<ele>80</ele>
<time>2026-10-02T02:37:40Z</time></trkpt>
<trkpt lat="38.675827" lon="-121.192658">
<ele>81</ele>
<time>2026-10-02T02:37:46Z</time></trkpt>
<trkpt lat="38.675827" lon="-121.192658">
<ele>81</ele>
<time>2026-10-02T02:37:46Z</time></trkpt>
<trkpt lat="38.675926" lon="-121.192727">
<ele>81</ele>
<time>2026-10-02T02:37:50Z</time></trkpt>
<trkpt lat="38.676027" lon="-121.192764">
<ele>82</ele>
<time>2026-10-02T02:37:54Z</time></trkpt>
<trkpt lat="38.676251" lon="-121.19277">
<ele>82</ele>
<time>2026-10-02T02:38:03Z</time></trkpt>
<trkpt lat="38.6764" lon="-121.192801">
<ele>83</ele>
<time>2026-10-02T02:38:09Z</time></trkpt>
<trkpt lat="38.676516" lon="-121.192858">
<ele>81</ele>
<time>2026-10-02T02:38:14Z</time></trkpt>
<trkpt lat="38.676812" lon="-121.193067">
<ele>81</ele>
<time>2026-10-02T02:38:28Z</time></trkpt>
<trkpt lat="38.676876" lon="-121.193097">
<ele>81</ele>
<time>2026-10-02T02:38:31Z</time></trkpt>
<trkpt lat="38.676923" lon="-121.193097">
<ele>81</ele>
<time>2026-10-02T02:38:33Z</time></trkpt>
<trkpt lat="38.677099" lon="-121.192992">
<ele>78</ele>
<time>2026-10-02T02:38:40Z</time></trkpt>
<trkpt lat="38.677545" lon="-121.192811">
<ele>71</ele>
<time>2026-10-02T02:38:59Z</time></trkpt>
<trkpt lat="38.677804" lon="-121.192638">
<ele>68</ele>
<time>2026-10-02T02:39:11Z</time></trkpt>
<trkpt lat="38.677905" lon="-121.192599">
<ele>66</ele>
<time>2026-10-02T02:39:15Z</time></trkpt>
<trkpt lat="38.678199" lon="-121.192574">
<ele>65</ele>
<time>2026-10-02T02:39:27Z</time></trkpt>
<trkpt lat="38.678377" lon="-121.192508">
<ele>62</ele>
<time>2026-10-02T02:39:34Z</time></trkpt>
<trkpt lat="38.678611" lon="-121.192464">
<ele>60</ele>
<time>2026-10-02T02:39:44Z</time></trkpt>
<trkpt lat="38.678699" lon="-121.192418">
<ele>59</ele>
<time>2026-10-02T02:39:48Z</time></trkpt>
<trkpt lat="38.678708" lon="-121.192382">
<ele>58</ele>
<time>2026-10-02T02:39:49Z</time></trkpt>
<trkpt lat="38.678675" lon="-121.192323">
<ele>56</ele>
<time>2026-10-02T02:39:51Z</time></trkpt>
<trkpt lat="38.678623" lon="-121.192279">
<ele>55</ele>
<time>2026-10-02T02:39:54Z</time></trkpt>
<trkpt lat="38.678623" lon="-121.192279">
<ele>55</ele>
<time>2026-10-02T02:39:54Z</time></trkpt>
<trkpt lat="38.67835" lon="-121.192048">
<ele>52</ele>
<time>2026-10-02T02:40:07Z</time></trkpt>
<trkpt lat="38.678263" lon="-121.191938">
<ele>50</ele>
<time>2026-10-02T02:40:12Z</time></trkpt>
<trkpt lat="38.678315" lon="-121.19185">
<ele>50</ele>
<time>2026-10-02T02:40:15Z</time></trkpt>
<trkpt lat="38.678351" lon="-121.191748">
<ele>49</ele>
<time>2026-10-02T02:40:19Z</time></trkpt>
<trkpt lat="38.67841" lon="-121.191372">
<ele>49</ele>
<time>2026-10-02T02:40:31Z</time></trkpt>
<trkpt lat="38.678853" lon="-121.190432">
<ele>51</ele>
<time>2026-10-02T02:41:05Z</time></trkpt>
<trkpt lat="38.67905" lon="-121.190103">
<ele>52</ele>
<time>2026-10-02T02:41:18Z</time></trkpt>
<trkpt lat="38.680264" lon="-121.188474">
<ele>49</ele>
<time>2026-10-02T02:42:28Z</time></trkpt>
<trkpt lat="38.680282" lon="-121.188406">
<ele>49</ele>
<time>2026-10-02T02:42:31Z</time></trkpt>
<trkpt lat="38.680271" lon="-121.188288">
<ele>49</ele>
<time>2026-10-02T02:42:34Z</time></trkpt>
<trkpt lat="38.680184" lon="-121.188084">
<ele>50</ele>
<time>2026-10-02T02:42:42Z</time></trkpt>
<trkpt lat="38.680184" lon="-121.188084">
<ele>50</ele>
<time>2026-10-02T02:42:42Z</time></trkpt>
<trkpt lat="38.679994" lon="-121.187636">
<ele>53</ele>
<time>2026-10-02T02:42:57Z</time></trkpt>
<trkpt lat="38.679959" lon="-121.187298">
<ele>57</ele>
<time>2026-10-02T02:43:08Z</time></trkpt>
<trkpt lat="38.679961" lon="-121.187162">
<ele>58</ele>
<time>2026-10-02T02:43:12Z</time></trkpt>
<trkpt lat="38.680002" lon="-121.186826">
<ele>60</ele>
<time>2026-10-02T02:43:23Z</time></trkpt>
<trkpt lat="38.680181" lon="-121.186218">
<ele>63</ele>
<time>2026-10-02T02:43:43Z</time></trkpt>
<trkpt lat="38.680189" lon="-121.186141">
<ele>64</ele>
<time>2026-10-02T02:43:46Z</time></trkpt>
<trkpt lat="38.68015" lon="-121.185938">
<ele>60</ele>
<time>2026-10-02T02:43:52Z</time></trkpt>
<trkpt lat="38.680169" lon="-121.185808">
<ele>57</ele>
<time>2026-10-02T02:43:56Z</time></trkpt>
<trkpt lat="38.680191" lon="-121.185762">
<ele>56</ele>
<time>2026-10-02T02:43:58Z</time></trkpt>
<trkpt lat="38.680255" lon="-121.185694">
<ele>54</ele>
<time>2026-10-02T02:44:01Z</time></trkpt>
<trkpt lat="38.680563" lon="-121.185099">
<ele>50</ele>
<time>2026-10-02T02:44:24Z</time></trkpt>
<trkpt lat="38.68098" lon="-121.184162">
<ele>51</ele>
<time>2026-10-02T02:44:58Z</time></trkpt>
<trkpt lat="38.680983" lon="-121.184007">
<ele>51</ele>
<time>2026-10-02T02:45:02Z</time></trkpt>
<trkpt lat="38.680872" lon="-121.183764">
<ele>51</ele>
<time>2026-10-02T02:45:11Z</time></trkpt>
<trkpt lat="38.680872" lon="-121.183764">
<ele>51</ele>
<time>2026-10-02T02:45:11Z</time></trkpt>
<trkpt lat="38.680721" lon="-121.183547">
<ele>50</ele>
<time>2026-10-02T02:45:20Z</time></trkpt>
<trkpt lat="38.680457" lon="-121.183279">
<ele>49</ele>
<time>2026-10-02T02:45:34Z</time></trkpt>
<trkpt lat="38.680379" lon="-121.183091">
<ele>48</ele>
<time>2026-10-02T02:45:40Z</time></trkpt>
<trkpt lat="38.680366" lon="-121.18295">
<ele>46</ele>
<time>2026-10-02T02:45:45Z</time></trkpt>
<trkpt lat="38.680384" lon="-121.182809">
<ele>45</ele>
<time>2026-10-02T02:45:49Z</time></trkpt>
<trkpt lat="38.68086" lon="-121.181774">
<ele>42</ele>
<time>2026-10-02T02:46:27Z</time></trkpt>
<trkpt lat="38.680926" lon="-121.181697">
<ele>43</ele>
<time>2026-10-02T02:46:31Z</time></trkpt>
<trkpt lat="38.681059" lon="-121.181612">
<ele>45</ele>
<time>2026-10-02T02:46:37Z</time></trkpt>
<trkpt lat="38.681118" lon="-121.181595">
<ele>45</ele>
<time>2026-10-02T02:46:39Z</time></trkpt>
<trkpt lat="38.681178" lon="-121.181609">
<ele>46</ele>
<time>2026-10-02T02:46:41Z</time></trkpt>
<trkpt lat="38.681251" lon="-121.181587">
<ele>46</ele>
<time>2026-10-02T02:46:44Z</time></trkpt>
<trkpt lat="38.681251" lon="-121.181587">
<ele>46</ele>
<time>2026-10-02T02:46:44Z</time></trkpt>
<trkpt lat="38.681276" lon="-121.18158">
<ele>46</ele>
<time>2026-10-02T02:46:45Z</time></trkpt>
<trkpt lat="38.681351" lon="-121.181493">
<ele>46</ele>
<time>2026-10-02T02:46:49Z</time></trkpt>
<trkpt lat="38.682019" lon="-121.180035">
<ele>48</ele>
<time>2026-10-02T02:47:42Z</time></trkpt>
<trkpt lat="38.682373" lon="-121.17935">
<ele>48</ele>
<time>2026-10-02T02:48:08Z</time></trkpt>
<trkpt lat="38.682322" lon="-121.179291">
<ele>47</ele>
<time>2026-10-02T02:48:11Z</time></trkpt>
<trkpt lat="38.682193" lon="-121.179214">
<ele>46</ele>
<time>2026-10-02T02:48:17Z</time></trkpt>
<trkpt lat="38.682186" lon="-121.179081">
<ele>44</ele>
<time>2026-10-02T02:48:21Z</time></trkpt>
<trkpt lat="38.682186" lon="-121.179081">
<ele>44</ele>
<time>2026-10-02T02:48:21Z</time></trkpt>
<trkpt lat="38.682171" lon="-121.178933">
<ele>42</ele>
<time>2026-10-02T02:48:25Z</time></trkpt>
<trkpt lat="38.682117" lon="-121.178844">
<ele>41</ele>
<time>2026-10-02T02:48:29Z</time></trkpt>
<trkpt lat="38.682298" lon="-121.178542">
<ele>41</ele>
<time>2026-10-02T02:48:41Z</time></trkpt>
<trkpt lat="38.682332" lon="-121.178406">
<ele>41</ele>
<time>2026-10-02T02:48:45Z</time></trkpt>
<trkpt lat="38.682318" lon="-121.17838">
<ele>41</ele>
<time>2026-10-02T02:48:46Z</time></trkpt>
<trkpt lat="38.68234" lon="-121.178308">
<ele>40</ele>
<time>2026-10-02T02:48:49Z</time></trkpt>
<trkpt lat="38.682399" lon="-121.17822">
<ele>40</ele>
<time>2026-10-02T02:48:52Z</time></trkpt>
<trkpt lat="38.682512" lon="-121.178132">
<ele>40</ele>
<time>2026-10-02T02:48:58Z</time></trkpt>
<trkpt lat="38.682666" lon="-121.178088">
<ele>42</ele>
<time>2026-10-02T02:49:04Z</time></trkpt>
<trkpt lat="38.682764" lon="-121.178081">
<ele>43</ele>
<time>2026-10-02T02:49:08Z</time></trkpt>
<trkpt lat="38.68296" lon="-121.178141">
<ele>46</ele>
<time>2026-10-02T02:49:16Z</time></trkpt>
<trkpt lat="38.682973" lon="-121.177999">
<ele>46</ele>
<time>2026-10-02T02:49:20Z</time></trkpt>
<trkpt lat="38.68296" lon="-121.177775">
<ele>45</ele>
<time>2026-10-02T02:49:27Z</time></trkpt>
<trkpt lat="38.68285" lon="-121.176903">
<ele>47</ele>
<time>2026-10-02T02:49:55Z</time></trkpt>
<trkpt lat="38.682855" lon="-121.176671">
<ele>47</ele>
<time>2026-10-02T02:50:02Z</time></trkpt>
<trkpt lat="38.682855" lon="-121.176671">
<ele>47</ele>
<time>2026-10-02T02:50:02Z</time></trkpt>
<trkpt lat="38.682861" lon="-121.176368">
<ele>48</ele>
<time>2026-10-02T02:50:12Z</time></trkpt>
<trkpt lat="38.682878" lon="-121.176265">
<ele>49</ele>
<time>2026-10-02T02:50:15Z</time></trkpt>
<trkpt lat="38.682963" lon="-121.17603">
<ele>50</ele>
<time>2026-10-02T02:50:23Z</time></trkpt>
<trkpt lat="38.68324" lon="-121.17547">
<ele>51</ele>
<time>2026-10-02T02:50:44Z</time></trkpt>
<trkpt lat="38.683405" lon="-121.175131">
<ele>51</ele>
<time>2026-10-02T02:50:56Z</time></trkpt>
<trkpt lat="38.683472" lon="-121.175001">
<ele>51</ele>
<time>2026-10-02T02:51:01Z</time></trkpt>
<trkpt lat="38.683727" lon="-121.174444">
<ele>54</ele>
<time>2026-10-02T02:51:21Z</time></trkpt>
<trkpt lat="38.683727" lon="-121.174444">
<ele>54</ele>
<time>2026-10-02T02:51:21Z</time></trkpt>
<trkpt lat="38.683985" lon="-121.173882">
<ele>56</ele>
<time>2026-10-02T02:51:42Z</time></trkpt>
<trkpt lat="38.684327" lon="-121.173193">
<ele>57</ele>
<time>2026-10-02T02:52:07Z</time></trkpt>
<trkpt lat="38.684458" lon="-121.17303">
<ele>57</ele>
<time>2026-10-02T02:52:15Z</time></trkpt>
<trkpt lat="38.68528" lon="-121.17209">
<ele>60</ele>
<time>2026-10-02T02:52:59Z</time></trkpt>
<trkpt lat="38.685406" lon="-121.171883">
<ele>58</ele>
<time>2026-10-02T02:53:07Z</time></trkpt>
<trkpt lat="38.685543" lon="-121.171584">
<ele>57</ele>
<time>2026-10-02T02:53:18Z</time></trkpt>
<trkpt lat="38.685906" lon="-121.171032">
<ele>57</ele>
<time>2026-10-02T02:53:41Z</time></trkpt>
<trkpt lat="38.68619" lon="-121.170707">
<ele>58</ele>
<time>2026-10-02T02:53:56Z</time></trkpt>
<trkpt lat="38.68643" lon="-121.170433">
<ele>58</ele>
<time>2026-10-02T02:54:09Z</time></trkpt>
<trkpt lat="38.6865216" lon="-121.1703283">
<ele>58</ele>
<time>2026-10-02T02:54:14Z</time></trkpt>
<trkpt lat="38.686534" lon="-121.170346">
<ele>59</ele>
<time>2026-10-02T02:54:14Z</time></trkpt>
<trkpt lat="38.686752" lon="-121.170148">
<ele>59</ele>
<time>2026-10-02T02:54:25Z</time></trkpt>
<trkpt lat="38.686863" lon="-121.170078">
<ele>59</ele>
<time>2026-10-02T02:54:30Z</time></trkpt>
<trkpt lat="38.686863" lon="-121.170078">
<ele>59</ele>
<time>2026-10-02T02:54:30Z</time></trkpt>
<trkpt lat="38.6872221" lon="-121.1698873">
<ele>62</ele>
<time>2026-10-02T02:54:46Z</time></trkpt>
<trkpt lat="38.687499" lon="-121.169776">
<ele>63</ele>
<time>2026-10-02T02:54:57Z</time></trkpt>
<trkpt lat="38.687909" lon="-121.169739">
<ele>66</ele>
<time>2026-10-02T02:55:14Z</time></trkpt>
<trkpt lat="38.688427" lon="-121.169656">
<ele>65</ele>
<time>2026-10-02T02:55:35Z</time></trkpt>
<trkpt lat="38.688718" lon="-121.169567">
<ele>63</ele>
<time>2026-10-02T02:55:47Z</time></trkpt>
<trkpt lat="38.688814" lon="-121.169572">
<ele>64</ele>
<time>2026-10-02T02:55:50Z</time></trkpt>
<trkpt lat="38.688886" lon="-121.169626">
<ele>65</ele>
<time>2026-10-02T02:55:54Z</time></trkpt>
<trkpt lat="38.689332" lon="-121.17013">
<ele>70</ele>
<time>2026-10-02T02:56:18Z</time></trkpt>
<trkpt lat="38.689421" lon="-121.17025">
<ele>70</ele>
<time>2026-10-02T02:56:23Z</time></trkpt>
<trkpt lat="38.689494" lon="-121.170386">
<ele>71</ele>
<time>2026-10-02T02:56:28Z</time></trkpt>
<trkpt lat="38.689554" lon="-121.170664">
<ele>73</ele>
<time>2026-10-02T02:56:37Z</time></trkpt>
<trkpt lat="38.689581" lon="-121.170731">
<ele>73</ele>
<time>2026-10-02T02:56:39Z</time></trkpt>
<trkpt lat="38.689581" lon="-121.170731">
<ele>73</ele>
<time>2026-10-02T02:56:39Z</time></trkpt>
<trkpt lat="38.689689" lon="-121.170888">
<ele>72</ele>
<time>2026-10-02T02:56:46Z</time></trkpt>
<trkpt lat="38.689982" lon="-121.171089">
<ele>77</ele>
<time>2026-10-02T02:56:59Z</time></trkpt>
<trkpt lat="38.690478" lon="-121.171328">
<ele>79</ele>
<time>2026-10-02T02:57:20Z</time></trkpt>
<trkpt lat="38.690933" lon="-121.171721">
<ele>82</ele>
<time>2026-10-02T02:57:42Z</time></trkpt>
<trkpt lat="38.691101" lon="-121.171802">
<ele>83</ele>
<time>2026-10-02T02:57:50Z</time></trkpt>
<trkpt lat="38.692279" lon="-121.171988">
<ele>90</ele>
<time>2026-10-02T02:58:37Z</time></trkpt>
<trkpt lat="38.692279" lon="-121.171988">
<ele>90</ele>
<time>2026-10-02T02:58:37Z</time></trkpt>
<trkpt lat="38.693183" lon="-121.172134">
<ele>94</ele>
<time>2026-10-02T02:59:14Z</time></trkpt>
<trkpt lat="38.693516" lon="-121.172172">
<ele>95</ele>
<time>2026-10-02T02:59:27Z</time></trkpt>
<trkpt lat="38.693869" lon="-121.172177">
<ele>96</ele>
<time>2026-10-02T02:59:41Z</time></trkpt>
<trkpt lat="38.69424" lon="-121.172141">
<ele>95</ele>
<time>2026-10-02T02:59:56Z</time></trkpt>
<trkpt lat="38.694499" lon="-121.172">
<ele>95</ele>
<time>2026-10-02T03:00:07Z</time></trkpt>
<trkpt lat="38.694997" lon="-121.171843">
<ele>95</ele>
<time>2026-10-02T03:00:28Z</time></trkpt>
<trkpt lat="38.695232" lon="-121.171729">
<ele>97</ele>
<time>2026-10-02T03:00:38Z</time></trkpt>
<trkpt lat="38.695232" lon="-121.171729">
<ele>97</ele>
<time>2026-10-02T03:00:38Z</time></trkpt>
<trkpt lat="38.695439" lon="-121.171628">
<ele>97</ele>
<time>2026-10-02T03:00:47Z</time></trkpt>
<trkpt lat="38.695733" lon="-121.171549">
<ele>96</ele>
<time>2026-10-02T03:00:59Z</time></trkpt>
<trkpt lat="38.697501" lon="-121.171231">
<ele>97</ele>
<time>2026-10-02T03:02:11Z</time></trkpt>
<trkpt lat="38.697607" lon="-121.171188">
<ele>97</ele>
<time>2026-10-02T03:02:15Z</time></trkpt>
<trkpt lat="38.69776" lon="-121.170984">
<ele>100</ele>
<time>2026-10-02T03:02:24Z</time></trkpt>
<trkpt lat="38.697833" lon="-121.170819">
<ele>101</ele>
<time>2026-10-02T03:02:30Z</time></trkpt>
<trkpt lat="38.698009" lon="-121.170588">
<ele>103</ele>
<time>2026-10-02T03:02:40Z</time></trkpt>
<trkpt lat="38.698181" lon="-121.170483">
<ele>103</ele>
<time>2026-10-02T03:02:48Z</time></trkpt>
<trkpt lat="38.698321" lon="-121.170435">
<ele>102</ele>
<time>2026-10-02T03:02:53Z</time></trkpt>
<trkpt lat="38.698394" lon="-121.170372">
<ele>103</ele>
<time>2026-10-02T03:02:57Z</time></trkpt>
<trkpt lat="38.698441" lon="-121.170187">
<ele>102</ele>
<time>2026-10-02T03:03:03Z</time></trkpt>
<trkpt lat="38.698441" lon="-121.170187">
<ele>102</ele>
<time>2026-10-02T03:03:03Z</time></trkpt>
<trkpt lat="38.698498" lon="-121.170025">
<ele>102</ele>
<time>2026-10-02T03:03:08Z</time></trkpt>
<trkpt lat="38.698564" lon="-121.169962">
<ele>102</ele>
<time>2026-10-02T03:03:12Z</time></trkpt>
<trkpt lat="38.698628" lon="-121.169956">
<ele>102</ele>
<time>2026-10-02T03:03:14Z</time></trkpt>
<trkpt lat="38.698747" lon="-121.169983">
<ele>101</ele>
<time>2026-10-02T03:03:19Z</time></trkpt>
<trkpt lat="38.699083" lon="-121.170281">
<ele>100</ele>
<time>2026-10-02T03:03:36Z</time></trkpt>
<trkpt lat="38.69921" lon="-121.170325">
<ele>100</ele>
<time>2026-10-02T03:03:41Z</time></trkpt>
<trkpt lat="38.699271" lon="-121.170319">
<ele>99</ele>
<time>2026-10-02T03:03:43Z</time></trkpt>
<trkpt lat="38.69932" lon="-121.17029">
<ele>99</ele>
<time>2026-10-02T03:03:45Z</time></trkpt>
<trkpt lat="38.699591" lon="-121.169919">
<ele>99</ele>
<time>2026-10-02T03:04:01Z</time></trkpt>
<trkpt lat="38.699612" lon="-121.169736">
<ele>99</ele>
<time>2026-10-02T03:04:07Z</time></trkpt>
<trkpt lat="38.699659" lon="-121.169519">
<ele>98</ele>
<time>2026-10-02T03:04:14Z</time></trkpt>
<trkpt lat="38.699752" lon="-121.169269">
<ele>99</ele>
<time>2026-10-02T03:04:23Z</time></trkpt>
<trkpt lat="38.699795" lon="-121.169202">
<ele>100</ele>
<time>2026-10-02T03:04:26Z</time></trkpt>
<trkpt lat="38.699842" lon="-121.169174">
<ele>101</ele>
<time>2026-10-02T03:04:28Z</time></trkpt>
<trkpt lat="38.699895" lon="-121.16917">
<ele>102</ele>
<time>2026-10-02T03:04:30Z</time></trkpt>
<trkpt lat="38.700028" lon="-121.169216">
<ele>104</ele>
<time>2026-10-02T03:04:35Z</time></trkpt>
<trkpt lat="38.700285" lon="-121.169148">
<ele>104</ele>
<time>2026-10-02T03:04:46Z</time></trkpt>
<trkpt lat="38.700636" lon="-121.169098">
<ele>103</ele>
<time>2026-10-02T03:05:00Z</time></trkpt>
<trkpt lat="38.700816" lon="-121.169039">
<ele>102</ele>
<time>2026-10-02T03:05:07Z</time></trkpt>
<trkpt lat="38.70095" lon="-121.168948">
<ele>100</ele>
<time>2026-10-02T03:05:13Z</time></trkpt>
<trkpt lat="38.701021" lon="-121.168867">
<ele>99</ele>
<time>2026-10-02T03:05:17Z</time></trkpt>
<trkpt lat="38.701219" lon="-121.168581">
<ele>99</ele>
<time>2026-10-02T03:05:29Z</time></trkpt>
<trkpt lat="38.70133" lon="-121.168532">
<ele>98</ele>
<time>2026-10-02T03:05:34Z</time></trkpt>
<trkpt lat="38.701435" lon="-121.168532">
<ele>98</ele>
<time>2026-10-02T03:05:38Z</time></trkpt>
<trkpt lat="38.701435" lon="-121.168532">
<ele>98</ele>
<time>2026-10-02T03:05:38Z</time></trkpt>
<trkpt lat="38.70166" lon="-121.168503">
<ele>101</ele>
<time>2026-10-02T03:05:47Z</time></trkpt>
<trkpt lat="38.70176" lon="-121.16847">
<ele>101</ele>
<time>2026-10-02T03:05:51Z</time></trkpt>
<trkpt lat="38.701999" lon="-121.168341">
<ele>103</ele>
<time>2026-10-02T03:06:02Z</time></trkpt>
<trkpt lat="38.702088" lon="-121.168272">
<ele>104</ele>
<time>2026-10-02T03:06:06Z</time></trkpt>
<trkpt lat="38.703488" lon="-121.166901">
<ele>104</ele>
<time>2026-10-02T03:07:17Z</time></trkpt>
<trkpt lat="38.703747" lon="-121.166703">
<ele>104</ele>
<time>2026-10-02T03:07:29Z</time></trkpt>
<trkpt lat="38.70391" lon="-121.166607">
<ele>105</ele>
<time>2026-10-02T03:07:36Z</time></trkpt>
<trkpt lat="38.704019" lon="-121.166483">
<ele>105</ele>
<time>2026-10-02T03:07:42Z</time></trkpt>
<trkpt lat="38.704121" lon="-121.166253">
<ele>105</ele>
<time>2026-10-02T03:07:50Z</time></trkpt>
<trkpt lat="38.704121" lon="-121.166253">
<ele>105</ele>
<time>2026-10-02T03:07:50Z</time></trkpt>
<trkpt lat="38.704353" lon="-121.165728">
<ele>103</ele>
<time>2026-10-02T03:08:09Z</time></trkpt>
<trkpt lat="38.70444" lon="-121.165571">
<ele>107</ele>
<time>2026-10-02T03:08:15Z</time></trkpt>
<trkpt lat="38.704611" lon="-121.165436">
<ele>106</ele>
<time>2026-10-02T03:08:23Z</time></trkpt>
<trkpt lat="38.704726" lon="-121.165388">
<ele>107</ele>
<time>2026-10-02T03:08:28Z</time></trkpt>
<trkpt lat="38.704801" lon="-121.165397">
<ele>107</ele>
<time>2026-10-02T03:08:31Z</time></trkpt>
<trkpt lat="38.704861" lon="-121.165435">
<ele>106</ele>
<time>2026-10-02T03:08:33Z</time></trkpt>
<trkpt lat="38.704891" lon="-121.165476">
<ele>106</ele>
<time>2026-10-02T03:08:35Z</time></trkpt>
<trkpt lat="38.704915" lon="-121.165555">
<ele>107</ele>
<time>2026-10-02T03:08:38Z</time></trkpt>
<trkpt lat="38.704961" lon="-121.166095">
<ele>107</ele>
<time>2026-10-02T03:08:55Z</time></trkpt>
<trkpt lat="38.704961" lon="-121.166095">
<ele>107</ele>
<time>2026-10-02T03:08:55Z</time></trkpt>
<trkpt lat="38.705077" lon="-121.167548">
<ele>108</ele>
<time>2026-10-02T03:09:40Z</time></trkpt>
<trkpt lat="38.705204" lon="-121.168412">
<ele>108</ele>
<time>2026-10-02T03:10:08Z</time></trkpt>
<trkpt lat="38.705351" lon="-121.169235">
<ele>111</ele>
<time>2026-10-02T03:10:34Z</time></trkpt>
<trkpt lat="38.705398" lon="-121.169364">
<ele>111</ele>
<time>2026-10-02T03:10:39Z</time></trkpt>
<trkpt lat="38.705489" lon="-121.169448">
<ele>112</ele>
<time>2026-10-02T03:10:43Z</time></trkpt>
<trkpt lat="38.705704" lon="-121.169503">
<ele>112</ele>
<time>2026-10-02T03:10:52Z</time></trkpt>
<trkpt lat="38.705757" lon="-121.169495">
<ele>113</ele>
<time>2026-10-02T03:10:54Z</time></trkpt>
<trkpt lat="38.706009" lon="-121.169344">
<ele>113</ele>
<time>2026-10-02T03:11:05Z</time></trkpt>
<trkpt lat="38.706196" lon="-121.169312">
<ele>113</ele>
<time>2026-10-02T03:11:13Z</time></trkpt>
<trkpt lat="38.706418" lon="-121.169328">
<ele>113</ele>
<time>2026-10-02T03:11:22Z</time></trkpt>
<trkpt lat="38.706983" lon="-121.169452">
<ele>114</ele>
<time>2026-10-02T03:11:45Z</time></trkpt>
<trkpt lat="38.70725" lon="-121.169589">
<ele>114</ele>
<time>2026-10-02T03:11:56Z</time></trkpt>
<trkpt lat="38.707643" lon="-121.169908">
<ele>114</ele>
<time>2026-10-02T03:12:15Z</time></trkpt>
<trkpt lat="38.707643" lon="-121.169908">
<ele>114</ele>
<time>2026-10-02T03:12:15Z</time></trkpt>
<trkpt lat="38.708074" lon="-121.170257">
<ele>115</ele>
<time>2026-10-02T03:12:35Z</time></trkpt>
<trkpt lat="38.70818" lon="-121.170255">
<ele>115</ele>
<time>2026-10-02T03:12:40Z</time></trkpt>
<trkpt lat="38.708276" lon="-121.170193">
<ele>116</ele>
<time>2026-10-02T03:12:44Z</time></trkpt>
<trkpt lat="38.708606" lon="-121.169638">
<ele>116</ele>
<time>2026-10-02T03:13:06Z</time></trkpt>
<trkpt lat="38.708899" lon="-121.169284">
<ele>116</ele>
<time>2026-10-02T03:13:22Z</time></trkpt>
<trkpt lat="38.709056" lon="-121.169135">
<ele>116</ele>
<time>2026-10-02T03:13:30Z</time></trkpt>
<trkpt lat="38.709212" lon="-121.169061">
<ele>116</ele>
<time>2026-10-02T03:13:36Z</time></trkpt>
<trkpt lat="38.709365" lon="-121.169114">
<ele>116</ele>
<time>2026-10-02T03:13:43Z</time></trkpt>
<trkpt lat="38.709444" lon="-121.169232">
<ele>116</ele>
<time>2026-10-02T03:13:48Z</time></trkpt>
<trkpt lat="38.709493" lon="-121.169435">
<ele>116</ele>
<time>2026-10-02T03:13:54Z</time></trkpt>
<trkpt lat="38.709742" lon="-121.170962">
<ele>117</ele>
<time>2026-10-02T03:14:43Z</time></trkpt>
<trkpt lat="38.709742" lon="-121.170962">
<ele>117</ele>
<time>2026-10-02T03:14:43Z</time></trkpt>
<trkpt lat="38.709768" lon="-121.171122">
<ele>119</ele>
<time>2026-10-02T03:14:48Z</time></trkpt>
<trkpt lat="38.709834" lon="-121.171278">
<ele>119</ele>
<time>2026-10-02T03:14:54Z</time></trkpt>
<trkpt lat="38.709906" lon="-121.171346">
<ele>119</ele>
<time>2026-10-02T03:14:57Z</time></trkpt>
<trkpt lat="38.710092" lon="-121.171391">
<ele>120</ele>
<time>2026-10-02T03:15:05Z</time></trkpt>
<trkpt lat="38.711076" lon="-121.171455">
<ele>123</ele>
<time>2026-10-02T03:15:44Z</time></trkpt>
<trkpt lat="38.711255" lon="-121.171447">
<ele>123</ele>
<time>2026-10-02T03:15:52Z</time></trkpt>
<trkpt lat="38.711548" lon="-121.171377">
<ele>125</ele>
<time>2026-10-02T03:16:04Z</time></trkpt>
<trkpt lat="38.711911" lon="-121.171206">
<ele>125</ele>
<time>2026-10-02T03:16:19Z</time></trkpt>
<trkpt lat="38.712096" lon="-121.171183">
<ele>125</ele>
<time>2026-10-02T03:16:26Z</time></trkpt>
<trkpt lat="38.712207" lon="-121.171202">
<ele>125</ele>
<time>2026-10-02T03:16:31Z</time></trkpt>
<trkpt lat="38.71271" lon="-121.171372">
<ele>125</ele>
<time>2026-10-02T03:16:52Z</time></trkpt>
<trkpt lat="38.71271" lon="-121.171372">
<ele>125</ele>
<time>2026-10-02T03:16:52Z</time></trkpt>
<trkpt lat="38.71302" lon="-121.171477">
<ele>125</ele>
<time>2026-10-02T03:17:05Z</time></trkpt>
<trkpt lat="38.714125" lon="-121.17171">
<ele>125</ele>
<time>2026-10-02T03:17:50Z</time></trkpt>
<trkpt lat="38.715935" lon="-121.171919">
<ele>127</ele>
<time>2026-10-02T03:19:02Z</time></trkpt>
<trkpt lat="38.715935" lon="-121.171919">
<ele>127</ele>
<time>2026-10-02T03:19:02Z</time></trkpt>
<trkpt lat="38.716488" lon="-121.17197">
<ele>127</ele>
<time>2026-10-02T03:19:25Z</time></trkpt>
<trkpt lat="38.717224" lon="-121.171962">
<ele>129</ele>
<time>2026-10-02T03:19:54Z</time></trkpt>
<trkpt lat="38.71808" lon="-121.171895">
<ele>134</ele>
<time>2026-10-02T03:20:28Z</time></trkpt>
<trkpt lat="38.718574" lon="-121.171735">
<ele>136</ele>
<time>2026-10-02T03:20:49Z</time></trkpt>
<trkpt lat="38.719001" lon="-121.171538">
<ele>139</ele>
<time>2026-10-02T03:21:07Z</time></trkpt>
<trkpt lat="38.719001" lon="-121.171538">
<ele>139</ele>
<time>2026-10-02T03:21:07Z</time></trkpt>
<trkpt lat="38.720404" lon="-121.170763">
<ele>149</ele>
<time>2026-10-02T03:22:08Z</time></trkpt>
<trkpt lat="38.720349" lon="-121.170563">
<ele>149</ele>
<time>2026-10-02T03:22:15Z</time></trkpt>
<trkpt lat="38.720333" lon="-121.169804">
<ele>142</ele>
<time>2026-10-02T03:22:39Z</time></trkpt>
<trkpt lat="38.720262" lon="-121.169783">
<ele>142</ele>
<time>2026-10-02T03:22:42Z</time></trkpt>
<trkpt lat="38.720212" lon="-121.169741">
<ele>142</ele>
<time>2026-10-02T03:22:44Z</time></trkpt>
<trkpt lat="38.720151" lon="-121.169585">
<ele>142</ele>
<time>2026-10-02T03:22:49Z</time></trkpt>
<trkpt lat="38.720094" lon="-121.169363">
<ele>142</ele>
<time>2026-10-02T03:22:57Z</time></trkpt>
<trkpt lat="38.720094" lon="-121.169363">
<ele>142</ele>
<time>2026-10-02T03:22:57Z</time></trkpt>
<trkpt lat="38.719959" lon="-121.168802">
<ele>142</ele>
<time>2026-10-02T03:23:15Z</time></trkpt>
<trkpt lat="38.719846" lon="-121.168613">
<ele>142</ele>
<time>2026-10-02T03:23:23Z</time></trkpt>
<trkpt lat="38.719727" lon="-121.168468">
<ele>142</ele>
<time>2026-10-02T03:23:29Z</time></trkpt>
<trkpt lat="38.719348" lon="-121.168236">
<ele>142</ele>
<time>2026-10-02T03:23:46Z</time></trkpt>
<trkpt lat="38.719282" lon="-121.168153">
<ele>142</ele>
<time>2026-10-02T03:23:50Z</time></trkpt>
<trkpt lat="38.719255" lon="-121.168026">
<ele>142</ele>
<time>2026-10-02T03:23:54Z</time></trkpt>
<trkpt lat="38.719274" lon="-121.167921">
<ele>142</ele>
<time>2026-10-02T03:23:57Z</time></trkpt>
<trkpt lat="38.719364" lon="-121.167825">
<ele>142</ele>
<time>2026-10-02T03:24:02Z</time></trkpt>
<trkpt lat="38.719593" lon="-121.167659">
<ele>142</ele>
<time>2026-10-02T03:24:12Z</time></trkpt>
<trkpt lat="38.719676" lon="-121.167637">
<ele>142</ele>
<time>2026-10-02T03:24:16Z</time></trkpt>
<trkpt lat="38.719676" lon="-121.167637">
<ele>142</ele>
<time>2026-10-02T03:24:16Z</time></trkpt>
<trkpt lat="38.719784" lon="-121.167684">
<ele>142</ele>
<time>2026-10-02T03:24:20Z</time></trkpt>
<trkpt lat="38.719935" lon="-121.167787">
<ele>142</ele>
<time>2026-10-02T03:24:27Z</time></trkpt>
<trkpt lat="38.72001" lon="-121.167794">
<ele>142</ele>
<time>2026-10-02T03:24:30Z</time></trkpt>
<trkpt lat="38.720225" lon="-121.167656">
<ele>142</ele>
<time>2026-10-02T03:24:40Z</time></trkpt>
<trkpt lat="38.720358" lon="-121.167547">
<ele>142</ele>
<time>2026-10-02T03:24:46Z</time></trkpt>
<trkpt lat="38.720608" lon="-121.167246">
<ele>142</ele>
<time>2026-10-02T03:25:00Z</time></trkpt>
<trkpt lat="38.720728" lon="-121.167169">
<ele>142</ele>
<time>2026-10-02T03:25:05Z</time></trkpt>
<trkpt lat="38.721312" lon="-121.167039">
<ele>142</ele>
<time>2026-10-02T03:25:29Z</time></trkpt>
<trkpt lat="38.721623" lon="-121.166937">
<ele>142</ele>
<time>2026-10-02T03:25:42Z</time></trkpt>
<trkpt lat="38.72194" lon="-121.166803">
<ele>143</ele>
<time>2026-10-02T03:25:55Z</time></trkpt>
<trkpt lat="38.722001" lon="-121.166836">
<ele>144</ele>
<time>2026-10-02T03:25:58Z</time></trkpt>
<trkpt lat="38.722018" lon="-121.166877">
<ele>145</ele>
<time>2026-10-02T03:25:59Z</time></trkpt>
<trkpt lat="38.722005" lon="-121.166955">
<ele>145</ele>
<time>2026-10-02T03:26:02Z</time></trkpt>
<trkpt lat="38.721984" lon="-121.167004">
<ele>144</ele>
<time>2026-10-02T03:26:04Z</time></trkpt>
<trkpt lat="38.721919" lon="-121.167063">
<ele>143</ele>
<time>2026-10-02T03:26:07Z</time></trkpt>
<trkpt lat="38.72185" lon="-121.16721">
<ele>143</ele>
<time>2026-10-02T03:26:12Z</time></trkpt>
<trkpt lat="38.721734" lon="-121.167557">
<ele>142</ele>
<time>2026-10-02T03:26:24Z</time></trkpt>
<trkpt lat="38.721735" lon="-121.167557">
<ele>142</ele>
<time>2026-10-02T03:26:24Z</time></trkpt>
<trkpt lat="38.721692" lon="-121.16772">
<ele>142</ele>
<time>2026-10-02T03:26:29Z</time></trkpt>
<trkpt lat="38.721632" lon="-121.168201">
<ele>143</ele>
<time>2026-10-02T03:26:45Z</time></trkpt>
<trkpt lat="38.721604" lon="-121.168615">
<ele>142</ele>
<time>2026-10-02T03:26:58Z</time></trkpt>
<trkpt lat="38.721578" lon="-121.168847">
<ele>142</ele>
<time>2026-10-02T03:27:05Z</time></trkpt>
<trkpt lat="38.7214443" lon="-121.1695036">
<ele>142</ele>
<time>2026-10-02T03:27:26Z</time></trkpt>
<trkpt lat="38.721444" lon="-121.169504">
<ele>142</ele>
<time>2026-10-02T03:27:26Z</time></trkpt>
<trkpt lat="38.72141" lon="-121.169672">
<ele>142</ele>
<time>2026-10-02T03:27:32Z</time></trkpt>
<trkpt lat="38.721354" lon="-121.170167">
<ele>144</ele>
<time>2026-10-02T03:27:47Z</time></trkpt>
<trkpt lat="38.721303" lon="-121.170303">
<ele>145</ele>
<time>2026-10-02T03:27:52Z</time></trkpt>
<trkpt lat="38.721195" lon="-121.17043">
<ele>147</ele>
<time>2026-10-02T03:27:58Z</time></trkpt>
<trkpt lat="38.721195" lon="-121.17043">
<ele>147</ele>
<time>2026-10-02T03:27:58Z</time></trkpt>
<trkpt lat="38.721044" lon="-121.170533">
<ele>148</ele>
<time>2026-10-02T03:28:05Z</time></trkpt>
<trkpt lat="38.72121" lon="-121.170572">
<ele>148</ele>
<time>2026-10-02T03:28:11Z</time></trkpt>
<trkpt lat="38.722906" lon="-121.171201">
<ele>147</ele>
<time>2026-10-02T03:29:22Z</time></trkpt>
<trkpt lat="38.722906" lon="-121.171201">
<ele>147</ele>
<time>2026-10-02T03:29:22Z</time></trkpt>
<trkpt lat="38.724586" lon="-121.171824">
<ele>147</ele>
<time>2026-10-02T03:30:32Z</time></trkpt>
<trkpt lat="38.724586" lon="-121.171825">
<ele>147</ele>
<time>2026-10-02T03:30:32Z</time></trkpt>
<trkpt lat="38.724736" lon="-121.17188">
<ele>149</ele>
<time>2026-10-02T03:30:39Z</time></trkpt>
<trkpt lat="38.724871" lon="-121.171895">
<ele>150</ele>
<time>2026-10-02T03:30:44Z</time></trkpt>
<trkpt lat="38.725218" lon="-121.171768">
<ele>150</ele>
<time>2026-10-02T03:30:59Z</time></trkpt>
<trkpt lat="38.725456" lon="-121.171899">
<ele>151</ele>
<time>2026-10-02T03:31:09Z</time></trkpt>
<trkpt lat="38.726043" lon="-121.172477">
<ele>149</ele>
<time>2026-10-02T03:31:39Z</time></trkpt>
<trkpt lat="38.726043" lon="-121.172477">
<ele>149</ele>
<time>2026-10-02T03:31:39Z</time></trkpt>
<trkpt lat="38.726139" lon="-121.172571">
<ele>149</ele>
<time>2026-10-02T03:31:43Z</time></trkpt>
<trkpt lat="38.726282" lon="-121.172633">
<ele>148</ele>
<time>2026-10-02T03:31:49Z</time></trkpt>
<trkpt lat="38.726422" lon="-121.172579">
<ele>147</ele>
<time>2026-10-02T03:31:55Z</time></trkpt>
<trkpt lat="38.727651" lon="-121.171859">
<ele>146</ele>
<time>2026-10-02T03:32:49Z</time></trkpt>
<trkpt lat="38.727651" lon="-121.171859">
<ele>146</ele>
<time>2026-10-02T03:32:49Z</time></trkpt>
<trkpt lat="38.729178" lon="-121.170964">
<ele>145</ele>
<time>2026-10-02T03:33:57Z</time></trkpt>
<trkpt lat="38.729178" lon="-121.170964">
<ele>145</ele>
<time>2026-10-02T03:33:57Z</time></trkpt>
<trkpt lat="38.730711" lon="-121.170066">
<ele>146</ele>
<time>2026-10-02T03:35:04Z</time></trkpt>
<trkpt lat="38.730711" lon="-121.170066">
<ele>146</ele>
<time>2026-10-02T03:35:04Z</time></trkpt>
<trkpt lat="38.730974" lon="-121.169912">
<ele>146</ele>
<time>2026-10-02T03:35:16Z</time></trkpt>
<trkpt lat="38.7312139" lon="-121.1696911">
<ele>149</ele>
<time>2026-10-02T03:35:28Z</time></trkpt>
<trkpt lat="38.731252" lon="-121.169656">
<ele>149</ele>
<time>2026-10-02T03:35:30Z</time></trkpt>
<trkpt lat="38.731238" lon="-121.169669">
<ele>149</ele>
<time>2026-10-02T03:35:30Z</time></trkpt>
<trkpt lat="38.731252" lon="-121.169656">
<ele>149</ele>
<time>2026-10-02T03:35:31Z</time></trkpt>
<trkpt lat="38.731248" lon="-121.169508">
<ele>150</ele>
<time>2026-10-02T03:35:36Z</time></trkpt>
<trkpt lat="38.731061" lon="-121.169132">
<ele>146</ele>
<time>2026-10-02T03:35:50Z</time></trkpt>
<trkpt lat="38.731052" lon="-121.168761">
<ele>145</ele>
<time>2026-10-02T03:36:01Z</time></trkpt>
<trkpt lat="38.73114" lon="-121.168449">
<ele>145</ele>
<time>2026-10-02T03:36:12Z</time></trkpt>
<trkpt lat="38.73154" lon="-121.167277">
<ele>147</ele>
<time>2026-10-02T03:36:52Z</time></trkpt>
<trkpt lat="38.731627" lon="-121.167092">
<ele>147</ele>
<time>2026-10-02T03:36:58Z</time></trkpt>
<trkpt lat="38.731627" lon="-121.167092">
<ele>147</ele>
<time>2026-10-02T03:36:58Z</time></trkpt>
<trkpt lat="38.731689" lon="-121.16696">
<ele>148</ele>
<time>2026-10-02T03:37:03Z</time></trkpt>
<trkpt lat="38.731878" lon="-121.166672">
<ele>148</ele>
<time>2026-10-02T03:37:15Z</time></trkpt>
<trkpt lat="38.732137" lon="-121.166386">
<ele>148</ele>
<time>2026-10-02T03:37:29Z</time></trkpt>
<trkpt lat="38.732437" lon="-121.166142">
<ele>148</ele>
<time>2026-10-02T03:37:43Z</time></trkpt>
<trkpt lat="38.732705" lon="-121.165987">
<ele>148</ele>
<time>2026-10-02T03:37:55Z</time></trkpt>
<trkpt lat="38.73291" lon="-121.165817">
<ele>147</ele>
<time>2026-10-02T03:38:04Z</time></trkpt>
<trkpt lat="38.733038" lon="-121.165519">
<ele>148</ele>
<time>2026-10-02T03:38:15Z</time></trkpt>
<trkpt lat="38.733038" lon="-121.165519">
<ele>148</ele>
<time>2026-10-02T03:38:15Z</time></trkpt>
<trkpt lat="38.734103" lon="-121.163056">
<ele>147</ele>
<time>2026-10-02T03:39:43Z</time></trkpt>
<trkpt lat="38.734103" lon="-121.163056">
<ele>147</ele>
<time>2026-10-02T03:39:43Z</time></trkpt>
<trkpt lat="38.734168" lon="-121.162904">
<ele>147</ele>
<time>2026-10-02T03:39:48Z</time></trkpt>
<trkpt lat="38.735255" lon="-121.162895">
<ele>147</ele>
<time>2026-10-02T03:40:32Z</time></trkpt>
<trkpt lat="38.735255" lon="-121.162895">
<ele>147</ele>
<time>2026-10-02T03:40:32Z</time></trkpt>
<trkpt lat="38.735434" lon="-121.162894">
<ele>147</ele>
<time>2026-10-02T03:40:39Z</time></trkpt>
<trkpt lat="38.735498" lon="-121.162835">
<ele>148</ele>
<time>2026-10-02T03:40:42Z</time></trkpt>
<trkpt lat="38.735486" lon="-121.162793">
<ele>148</ele>
<time>2026-10-02T03:40:44Z</time></trkpt>
<trkpt lat="38.735637" lon="-121.162716">
<ele>149</ele>
<time>2026-10-02T03:40:50Z</time></trkpt>
<trkpt lat="38.7356491" lon="-121.1626709">
<ele>149</ele>
<time>2026-10-02T03:40:52Z</time></trkpt>
<trkpt lat="38.735693" lon="-121.162508">
<ele>149</ele>
<time>2026-10-02T03:40:57Z</time></trkpt>
<trkpt lat="38.735702" lon="-121.162076">
<ele>148</ele>
<time>2026-10-02T03:41:11Z</time></trkpt>
<trkpt lat="38.735756" lon="-121.161767">
<ele>146</ele>
<time>2026-10-02T03:41:21Z</time></trkpt>
<trkpt lat="38.73578" lon="-121.161469">
<ele>145</ele>
<time>2026-10-02T03:41:30Z</time></trkpt>
<trkpt lat="38.73578" lon="-121.160977">
<ele>148</ele>
<time>2026-10-02T03:41:45Z</time></trkpt>
<trkpt lat="38.73578" lon="-121.160977">
<ele>148</ele>
<time>2026-10-02T03:41:45Z</time></trkpt>
<trkpt lat="38.735809" lon="-121.160724">
<ele>148</ele>
<time>2026-10-02T03:41:53Z</time></trkpt>
<trkpt lat="38.735889" lon="-121.16043">
<ele>147</ele>
<time>2026-10-02T03:42:03Z</time></trkpt>
<trkpt lat="38.736112" lon="-121.159408">
<ele>146</ele>
<time>2026-10-02T03:42:36Z</time></trkpt>
<trkpt lat="38.736193" lon="-121.159163">
<ele>146</ele>
<time>2026-10-02T03:42:44Z</time></trkpt>
<trkpt lat="38.73621" lon="-121.15898">
<ele>145</ele>
<time>2026-10-02T03:42:50Z</time></trkpt>
<trkpt lat="38.736252" lon="-121.158883">
<ele>145</ele>
<time>2026-10-02T03:42:54Z</time></trkpt>
<trkpt lat="38.73631" lon="-121.158821">
<ele>146</ele>
<time>2026-10-02T03:42:57Z</time></trkpt>
<trkpt lat="38.736508" lon="-121.158697">
<ele>147</ele>
<time>2026-10-02T03:43:06Z</time></trkpt>
<trkpt lat="38.7366" lon="-121.158578">
<ele>147</ele>
<time>2026-10-02T03:43:11Z</time></trkpt>
<trkpt lat="38.736678" lon="-121.158344">
<ele>146</ele>
<time>2026-10-02T03:43:19Z</time></trkpt>
<trkpt lat="38.736692" lon="-121.158254">
<ele>146</ele>
<time>2026-10-02T03:43:22Z</time></trkpt>
<trkpt lat="38.73669" lon="-121.15814">
<ele>146</ele>
<time>2026-10-02T03:43:25Z</time></trkpt>
<trkpt lat="38.736711" lon="-121.158036">
<ele>146</ele>
<time>2026-10-02T03:43:29Z</time></trkpt>
<trkpt lat="38.736844" lon="-121.157803">
<ele>146</ele>
<time>2026-10-02T03:43:38Z</time></trkpt>
<trkpt lat="38.737006" lon="-121.157256">
<ele>146</ele>
<time>2026-10-02T03:43:56Z</time></trkpt>
<trkpt lat="38.737156" lon="-121.156931">
<ele>146</ele>
<time>2026-10-02T03:44:08Z</time></trkpt>
<trkpt lat="38.737679" lon="-121.156184">
<ele>147</ele>
<time>2026-10-02T03:44:39Z</time></trkpt>
<trkpt lat="38.737821" lon="-121.155879">
<ele>146</ele>
<time>2026-10-02T03:44:50Z</time></trkpt>
<trkpt lat="38.738072" lon="-121.155529">
<ele>147</ele>
<time>2026-10-02T03:45:05Z</time></trkpt>
<trkpt lat="38.738102" lon="-121.155457">
<ele>148</ele>
<time>2026-10-02T03:45:08Z</time></trkpt>
<trkpt lat="38.738167" lon="-121.155163">
<ele>147</ele>
<time>2026-10-02T03:45:17Z</time></trkpt>
<trkpt lat="38.738167" lon="-121.155163">
<ele>147</ele>
<time>2026-10-02T03:45:17Z</time></trkpt>
<trkpt lat="38.738293" lon="-121.154801">
<ele>147</ele>
<time>2026-10-02T03:45:30Z</time></trkpt>
<trkpt lat="38.738342" lon="-121.15456">
<ele>147</ele>
<time>2026-10-02T03:45:37Z</time></trkpt>
<trkpt lat="38.73845" lon="-121.154258">
<ele>147</ele>
<time>2026-10-02T03:45:48Z</time></trkpt>
<trkpt lat="38.738522" lon="-121.153861">
<ele>147</ele>
<time>2026-10-02T03:46:00Z</time></trkpt>
<trkpt lat="38.738608" lon="-121.153704">
<ele>147</ele>
<time>2026-10-02T03:46:06Z</time></trkpt>
<trkpt lat="38.738749" lon="-121.153299">
<ele>146</ele>
<time>2026-10-02T03:46:20Z</time></trkpt>
<trkpt lat="38.738795" lon="-121.153255">
<ele>146</ele>
<time>2026-10-02T03:46:23Z</time></trkpt>
<trkpt lat="38.738931" lon="-121.153231">
<ele>148</ele>
<time>2026-10-02T03:46:28Z</time></trkpt>
<trkpt lat="38.739044" lon="-121.153134">
<ele>148</ele>
<time>2026-10-02T03:46:34Z</time></trkpt>
<trkpt lat="38.739097" lon="-121.152969">
<ele>146</ele>
<time>2026-10-02T03:46:39Z</time></trkpt>
<trkpt lat="38.739092" lon="-121.152769">
<ele>145</ele>
<time>2026-10-02T03:46:45Z</time></trkpt>
<trkpt lat="38.739098" lon="-121.152693">
<ele>145</ele>
<time>2026-10-02T03:46:48Z</time></trkpt>
<trkpt lat="38.739119" lon="-121.152652">
<ele>145</ele>
<time>2026-10-02T03:46:49Z</time></trkpt>
<trkpt lat="38.739163" lon="-121.15263">
<ele>145</ele>
<time>2026-10-02T03:46:51Z</time></trkpt>
<trkpt lat="38.739414" lon="-121.152648">
<ele>150</ele>
<time>2026-10-02T03:47:01Z</time></trkpt>
<trkpt lat="38.739516" lon="-121.152615">
<ele>152</ele>
<time>2026-10-02T03:47:05Z</time></trkpt>
<trkpt lat="38.739598" lon="-121.152513">
<ele>151</ele>
<time>2026-10-02T03:47:10Z</time></trkpt>
<trkpt lat="38.739701" lon="-121.152428">
<ele>151</ele>
<time>2026-10-02T03:47:15Z</time></trkpt>
<trkpt lat="38.739948" lon="-121.152174">
<ele>144</ele>
<time>2026-10-02T03:47:28Z</time></trkpt>
<trkpt lat="38.740014" lon="-121.152165">
<ele>144</ele>
<time>2026-10-02T03:47:30Z</time></trkpt>
<trkpt lat="38.74018" lon="-121.152312">
<ele>146</ele>
<time>2026-10-02T03:47:38Z</time></trkpt>
<trkpt lat="38.74018" lon="-121.152312">
<ele>146</ele>
<time>2026-10-02T03:47:38Z</time></trkpt>
<trkpt lat="38.740429" lon="-121.152371">
<ele>147</ele>
<time>2026-10-02T03:47:49Z</time></trkpt>
<trkpt lat="38.740514" lon="-121.15228">
<ele>146</ele>
<time>2026-10-02T03:47:53Z</time></trkpt>
<trkpt lat="38.740529" lon="-121.152183">
<ele>145</ele>
<time>2026-10-02T03:47:56Z</time></trkpt>
<trkpt lat="38.740527" lon="-121.15205">
<ele>144</ele>
<time>2026-10-02T03:48:00Z</time></trkpt>
<trkpt lat="38.74046" lon="-121.151838">
<ele>144</ele>
<time>2026-10-02T03:48:07Z</time></trkpt>
<trkpt lat="38.740475" lon="-121.151774">
<ele>144</ele>
<time>2026-10-02T03:48:09Z</time></trkpt>
<trkpt lat="38.74074" lon="-121.15161">
<ele>148</ele>
<time>2026-10-02T03:48:21Z</time></trkpt>
<trkpt lat="38.740787" lon="-121.151525">
<ele>149</ele>
<time>2026-10-02T03:48:25Z</time></trkpt>
<trkpt lat="38.740776" lon="-121.151472">
<ele>149</ele>
<time>2026-10-02T03:48:26Z</time></trkpt>
<trkpt lat="38.740625" lon="-121.151363">
<ele>148</ele>
<time>2026-10-02T03:48:33Z</time></trkpt>
<trkpt lat="38.740559" lon="-121.151273">
<ele>149</ele>
<time>2026-10-02T03:48:37Z</time></trkpt>
<trkpt lat="38.740422" lon="-121.151063">
<ele>148</ele>
<time>2026-10-02T03:48:46Z</time></trkpt>
<trkpt lat="38.74041" lon="-121.15104">
<ele>148</ele>
<time>2026-10-02T03:48:46Z</time></trkpt>
<trkpt lat="38.74034" lon="-121.150904">
<ele>146</ele>
<time>2026-10-02T03:48:52Z</time></trkpt>
<trkpt lat="38.740315" lon="-121.150642">
<ele>148</ele>
<time>2026-10-02T03:49:00Z</time></trkpt>
<trkpt lat="38.740332" lon="-121.150558">
<ele>150</ele>
<time>2026-10-02T03:49:03Z</time></trkpt>
<trkpt lat="38.740414" lon="-121.150432">
<ele>152</ele>
<time>2026-10-02T03:49:08Z</time></trkpt>
<trkpt lat="38.740435" lon="-121.150348">
<ele>154</ele>
<time>2026-10-02T03:49:10Z</time></trkpt>
<trkpt lat="38.740428" lon="-121.150252">
<ele>156</ele>
<time>2026-10-02T03:49:13Z</time></trkpt>
<trkpt lat="38.740372" lon="-121.150017">
<ele>157</ele>
<time>2026-10-02T03:49:21Z</time></trkpt>
<trkpt lat="38.740372" lon="-121.149934">
<ele>157</ele>
<time>2026-10-02T03:49:24Z</time></trkpt>
<trkpt lat="38.74041" lon="-121.149883">
<ele>157</ele>
<time>2026-10-02T03:49:26Z</time></trkpt>
<trkpt lat="38.740592" lon="-121.14975">
<ele>160</ele>
<time>2026-10-02T03:49:34Z</time></trkpt>
<trkpt lat="38.740663" lon="-121.149677">
<ele>162</ele>
<time>2026-10-02T03:49:38Z</time></trkpt>
<trkpt lat="38.740689" lon="-121.149605">
<ele>162</ele>
<time>2026-10-02T03:49:40Z</time></trkpt>
<trkpt lat="38.740674" lon="-121.149453">
<ele>160</ele>
<time>2026-10-02T03:49:45Z</time></trkpt>
<trkpt lat="38.740516" lon="-121.149271">
<ele>156</ele>
<time>2026-10-02T03:49:54Z</time></trkpt>
<trkpt lat="38.740494" lon="-121.149206">
<ele>155</ele>
<time>2026-10-02T03:49:56Z</time></trkpt>
<trkpt lat="38.740498" lon="-121.149088">
<ele>156</ele>
<time>2026-10-02T03:50:00Z</time></trkpt>
<trkpt lat="38.740495" lon="-121.149026">
<ele>156</ele>
<time>2026-10-02T03:50:02Z</time></trkpt>
<trkpt lat="38.740446" lon="-121.148856">
<ele>156</ele>
<time>2026-10-02T03:50:07Z</time></trkpt>
<trkpt lat="38.740443" lon="-121.148762">
<ele>155</ele>
<time>2026-10-02T03:50:10Z</time></trkpt>
<trkpt lat="38.740497" lon="-121.148575">
<ele>155</ele>
<time>2026-10-02T03:50:16Z</time></trkpt>
<trkpt lat="38.740474" lon="-121.148419">
<ele>154</ele>
<time>2026-10-02T03:50:21Z</time></trkpt>
<trkpt lat="38.740485" lon="-121.148335">
<ele>154</ele>
<time>2026-10-02T03:50:24Z</time></trkpt>
<trkpt lat="38.740525" lon="-121.148253">
<ele>156</ele>
<time>2026-10-02T03:50:27Z</time></trkpt>
<trkpt lat="38.740534" lon="-121.148178">
<ele>156</ele>
<time>2026-10-02T03:50:29Z</time></trkpt>
<trkpt lat="38.74051" lon="-121.148136">
<ele>155</ele>
<time>2026-10-02T03:50:31Z</time></trkpt>
<trkpt lat="38.740267" lon="-121.148078">
<ele>150</ele>
<time>2026-10-02T03:50:41Z</time></trkpt>
<trkpt lat="38.740267" lon="-121.148078">
<ele>150</ele>
<time>2026-10-02T03:50:41Z</time></trkpt>
<trkpt lat="38.740179" lon="-121.148057">
<ele>149</ele>
<time>2026-10-02T03:50:45Z</time></trkpt>
<trkpt lat="38.740073" lon="-121.147964">
<ele>147</ele>
<time>2026-10-02T03:50:50Z</time></trkpt>
<trkpt lat="38.740058" lon="-121.147894">
<ele>146</ele>
<time>2026-10-02T03:50:52Z</time></trkpt>
<trkpt lat="38.740075" lon="-121.147821">
<ele>147</ele>
<time>2026-10-02T03:50:54Z</time></trkpt>
<trkpt lat="38.740177" lon="-121.14773">
<ele>149</ele>
<time>2026-10-02T03:50:59Z</time></trkpt>
<trkpt lat="38.740232" lon="-121.147628">
<ele>148</ele>
<time>2026-10-02T03:51:03Z</time></trkpt>
<trkpt lat="38.740381" lon="-121.147445">
<ele>149</ele>
<time>2026-10-02T03:51:11Z</time></trkpt>
<trkpt lat="38.740393" lon="-121.147373">
<ele>148</ele>
<time>2026-10-02T03:51:14Z</time></trkpt>
<trkpt lat="38.740339" lon="-121.147158">
<ele>147</ele>
<time>2026-10-02T03:51:21Z</time></trkpt>
<trkpt lat="38.740332" lon="-121.14695">
<ele>150</ele>
<time>2026-10-02T03:51:27Z</time></trkpt>
<trkpt lat="38.740463" lon="-121.146696">
<ele>153</ele>
<time>2026-10-02T03:51:37Z</time></trkpt>
<trkpt lat="38.740404" lon="-121.146411">
<ele>152</ele>
<time>2026-10-02T03:51:46Z</time></trkpt>
<trkpt lat="38.740322" lon="-121.146194">
<ele>153</ele>
<time>2026-10-02T03:51:54Z</time></trkpt>
<trkpt lat="38.740312" lon="-121.146086">
<ele>154</ele>
<time>2026-10-02T03:51:57Z</time></trkpt>
<trkpt lat="38.740652" lon="-121.145799">
<ele>155</ele>
<time>2026-10-02T03:52:13Z</time></trkpt>
<trkpt lat="38.740719" lon="-121.145792">
<ele>155</ele>
<time>2026-10-02T03:52:16Z</time></trkpt>
<trkpt lat="38.741047" lon="-121.145897">
<ele>158</ele>
<time>2026-10-02T03:52:30Z</time></trkpt>
<trkpt lat="38.741144" lon="-121.145905">
<ele>158</ele>
<time>2026-10-02T03:52:33Z</time></trkpt>
<trkpt lat="38.741144" lon="-121.145905">
<ele>158</ele>
<time>2026-10-02T03:52:33Z</time></trkpt>
<trkpt lat="38.741279" lon="-121.145883">
<ele>159</ele>
<time>2026-10-02T03:52:39Z</time></trkpt>
<trkpt lat="38.741404" lon="-121.145813">
<ele>158</ele>
<time>2026-10-02T03:52:44Z</time></trkpt>
<trkpt lat="38.741636" lon="-121.145808">
<ele>158</ele>
<time>2026-10-02T03:52:54Z</time></trkpt>
<trkpt lat="38.741765" lon="-121.145738">
<ele>157</ele>
<time>2026-10-02T03:52:59Z</time></trkpt>
<trkpt lat="38.74184" lon="-121.145724">
<ele>157</ele>
<time>2026-10-02T03:53:02Z</time></trkpt>
<trkpt lat="38.7419176" lon="-121.1457387">
<ele>157</ele>
<time>2026-10-02T03:53:05Z</time></trkpt>
<trkpt lat="38.741951" lon="-121.145745">
<ele>158</ele>
<time>2026-10-02T03:53:07Z</time></trkpt>
<trkpt lat="38.7419995" lon="-121.1457673">
<ele>157</ele>
<time>2026-10-02T03:53:09Z</time></trkpt>
<trkpt lat="38.742038" lon="-121.145785">
<ele>157</ele>
<time>2026-10-02T03:53:11Z</time></trkpt>
<trkpt lat="38.742064" lon="-121.145817">
<ele>157</ele>
<time>2026-10-02T03:53:12Z</time></trkpt>
<trkpt lat="38.742166" lon="-121.145976">
<ele>155</ele>
<time>2026-10-02T03:53:18Z</time></trkpt>
<trkpt lat="38.742191" lon="-121.146112">
<ele>155</ele>
<time>2026-10-02T03:53:23Z</time></trkpt>
<trkpt lat="38.742178" lon="-121.14617">
<ele>155</ele>
<time>2026-10-02T03:53:25Z</time></trkpt>
<trkpt lat="38.742064" lon="-121.146236">
<ele>158</ele>
<time>2026-10-02T03:53:30Z</time></trkpt>
<trkpt lat="38.742025" lon="-121.146278">
<ele>159</ele>
<time>2026-10-02T03:53:32Z</time></trkpt>
<trkpt lat="38.741989" lon="-121.146404">
<ele>159</ele>
<time>2026-10-02T03:53:36Z</time></trkpt>
<trkpt lat="38.741985" lon="-121.146495">
<ele>159</ele>
<time>2026-10-02T03:53:39Z</time></trkpt>
<trkpt lat="38.742025" lon="-121.146661">
<ele>159</ele>
<time>2026-10-02T03:53:44Z</time></trkpt>
<trkpt lat="38.742031" lon="-121.146777">
<ele>157</ele>
<time>2026-10-02T03:53:48Z</time></trkpt>
<trkpt lat="38.741953" lon="-121.14696">
<ele>156</ele>
<time>2026-10-02T03:53:54Z</time></trkpt>
<trkpt lat="38.741953" lon="-121.14696">
<ele>156</ele>
<time>2026-10-02T03:53:54Z</time></trkpt>
<trkpt lat="38.741923" lon="-121.14703">
<ele>157</ele>
<time>2026-10-02T03:53:57Z</time></trkpt>
<trkpt lat="38.741918" lon="-121.147118">
<ele>158</ele>
<time>2026-10-02T03:54:00Z</time></trkpt>
<trkpt lat="38.741945" lon="-121.147235">
<ele>158</ele>
<time>2026-10-02T03:54:03Z</time></trkpt>
<trkpt lat="38.741991" lon="-121.147338">
<ele>158</ele>
<time>2026-10-02T03:54:07Z</time></trkpt>
<trkpt lat="38.742064" lon="-121.147438">
<ele>157</ele>
<time>2026-10-02T03:54:11Z</time></trkpt>
<trkpt lat="38.742284" lon="-121.147901">
<ele>153</ele>
<time>2026-10-02T03:54:28Z</time></trkpt>
<trkpt lat="38.742341" lon="-121.148126">
<ele>153</ele>
<time>2026-10-02T03:54:36Z</time></trkpt>
<trkpt lat="38.742391" lon="-121.148304">
<ele>153</ele>
<time>2026-10-02T03:54:42Z</time></trkpt>
<trkpt lat="38.742448" lon="-121.148416">
<ele>153</ele>
<time>2026-10-02T03:54:46Z</time></trkpt>
<trkpt lat="38.742489" lon="-121.148466">
<ele>152</ele>
<time>2026-10-02T03:54:48Z</time></trkpt>
<trkpt lat="38.742796" lon="-121.148687">
<ele>149</ele>
<time>2026-10-02T03:55:02Z</time></trkpt>
<trkpt lat="38.742834" lon="-121.14876">
<ele>148</ele>
<time>2026-10-02T03:55:05Z</time></trkpt>
<trkpt lat="38.742854" lon="-121.148988">
<ele>149</ele>
<time>2026-10-02T03:55:12Z</time></trkpt>
<trkpt lat="38.742827" lon="-121.149333">
<ele>150</ele>
<time>2026-10-02T03:55:23Z</time></trkpt>
<trkpt lat="38.742867" lon="-121.149457">
<ele>151</ele>
<time>2026-10-02T03:55:27Z</time></trkpt>
<trkpt lat="38.743106" lon="-121.149503">
<ele>150</ele>
<time>2026-10-02T03:55:37Z</time></trkpt>
<trkpt lat="38.743106" lon="-121.149503">
<ele>150</ele>
<time>2026-10-02T03:55:37Z</time></trkpt>
<trkpt lat="38.743207" lon="-121.149522">
<ele>149</ele>
<time>2026-10-02T03:55:41Z</time></trkpt>
<trkpt lat="38.743311" lon="-121.1495179">
<ele>148</ele>
<time>2026-10-02T03:55:45Z</time></trkpt>
<trkpt lat="38.743311" lon="-121.149518">
<ele>148</ele>
<time>2026-10-02T03:55:45Z</time></trkpt>
<trkpt lat="38.74336" lon="-121.149516">
<ele>147</ele>
<time>2026-10-02T03:55:47Z</time></trkpt>
<trkpt lat="38.743412" lon="-121.149497">
<ele>147</ele>
<time>2026-10-02T03:55:49Z</time></trkpt>
<trkpt lat="38.743534" lon="-121.149573">
<ele>147</ele>
<time>2026-10-02T03:55:55Z</time></trkpt>
<trkpt lat="38.743576" lon="-121.149748">
<ele>147</ele>
<time>2026-10-02T03:56:00Z</time></trkpt>
<trkpt lat="38.743704" lon="-121.149796">
<ele>148</ele>
<time>2026-10-02T03:56:06Z</time></trkpt>
<trkpt lat="38.743722" lon="-121.149776">
<ele>148</ele>
<time>2026-10-02T03:56:07Z</time></trkpt>
<trkpt lat="38.743722" lon="-121.149776">
<ele>148</ele>
<time>2026-10-02T03:56:07Z</time></trkpt>
<trkpt lat="38.74381" lon="-121.149683">
<ele>148</ele>
<time>2026-10-02T03:56:11Z</time></trkpt>
<trkpt lat="38.74393" lon="-121.14964">
<ele>148</ele>
<time>2026-10-02T03:56:16Z</time></trkpt>
<trkpt lat="38.74416" lon="-121.14971">
<ele>151</ele>
<time>2026-10-02T03:56:26Z</time></trkpt>
<trkpt lat="38.744214" lon="-121.149689">
<ele>151</ele>
<time>2026-10-02T03:56:28Z</time></trkpt>
<trkpt lat="38.744628" lon="-121.149382">
<ele>146</ele>
<time>2026-10-02T03:56:47Z</time></trkpt>
<trkpt lat="38.744735" lon="-121.149339">
<ele>145</ele>
<time>2026-10-02T03:56:52Z</time></trkpt>
<trkpt lat="38.7449" lon="-121.149394">
<ele>146</ele>
<time>2026-10-02T03:56:59Z</time></trkpt>
<trkpt lat="38.745176" lon="-121.149389">
<ele>145</ele>
<time>2026-10-02T03:57:10Z</time></trkpt>
<trkpt lat="38.745296" lon="-121.149338">
<ele>145</ele>
<time>2026-10-02T03:57:15Z</time></trkpt>
<trkpt lat="38.745296" lon="-121.149338">
<ele>145</ele>
<time>2026-10-02T03:57:15Z</time></trkpt>
<trkpt lat="38.745482" lon="-121.14926">
<ele>144</ele>
<time>2026-10-02T03:57:22Z</time></trkpt>
<trkpt lat="38.746116" lon="-121.149205">
<ele>143</ele>
<time>2026-10-02T03:57:48Z</time></trkpt>
<trkpt lat="38.746728" lon="-121.149314">
<ele>146</ele>
<time>2026-10-02T03:58:13Z</time></trkpt>
<trkpt lat="38.746777" lon="-121.149308">
<ele>146</ele>
<time>2026-10-02T03:58:15Z</time></trkpt>
<trkpt lat="38.746777" lon="-121.149308">
<ele>146</ele>
<time>2026-10-02T03:58:15Z</time></trkpt>
<trkpt lat="38.746902" lon="-121.149295">
<ele>146</ele>
<time>2026-10-02T03:58:20Z</time></trkpt>
<trkpt lat="38.747038" lon="-121.149281">
<ele>146</ele>
<time>2026-10-02T03:58:25Z</time></trkpt>
<trkpt lat="38.747469" lon="-121.149356">
<ele>147</ele>
<time>2026-10-02T03:58:43Z</time></trkpt>
<trkpt lat="38.747653" lon="-121.14941">
<ele>147</ele>
<time>2026-10-02T03:58:50Z</time></trkpt>
<trkpt lat="38.74777" lon="-121.14941">
<ele>147</ele>
<time>2026-10-02T03:58:55Z</time></trkpt>
<trkpt lat="38.748647" lon="-121.149162">
<ele>147</ele>
<time>2026-10-02T03:59:31Z</time></trkpt>
<trkpt lat="38.748647" lon="-121.149163">
<ele>147</ele>
<time>2026-10-02T03:59:31Z</time></trkpt>
<trkpt lat="38.748929" lon="-121.149083">
<ele>147</ele>
<time>2026-10-02T03:59:42Z</time></trkpt>
<trkpt lat="38.749055" lon="-121.149077">
<ele>147</ele>
<time>2026-10-02T03:59:48Z</time></trkpt>
<trkpt lat="38.749134" lon="-121.149024">
<ele>146</ele>
<time>2026-10-02T03:59:51Z</time></trkpt>
<trkpt lat="38.749318" lon="-121.148762">
<ele>146</ele>
<time>2026-10-02T04:00:02Z</time></trkpt>
<trkpt lat="38.749318" lon="-121.148762">
<ele>146</ele>
<time>2026-10-02T04:00:02Z</time></trkpt>
<trkpt lat="38.749481" lon="-121.14845">
<ele>146</ele>
<time>2026-10-02T04:00:14Z</time></trkpt>
<trkpt lat="38.749738" lon="-121.148188">
<ele>146</ele>
<time>2026-10-02T04:00:27Z</time></trkpt>
<trkpt lat="38.750242" lon="-121.148177">
<ele>146</ele>
<time>2026-10-02T04:00:47Z</time></trkpt>
<trkpt lat="38.750242" lon="-121.148177">
<ele>146</ele>
<time>2026-10-02T04:00:47Z</time></trkpt>
<trkpt lat="38.750284" lon="-121.148176">
<ele>146</ele>
<time>2026-10-02T04:00:49Z</time></trkpt>
<trkpt lat="38.750306" lon="-121.147972">
<ele>150</ele>
<time>2026-10-02T04:00:55Z</time></trkpt>
<trkpt lat="38.750307" lon="-121.147867">
<ele>156</ele>
<time>2026-10-02T04:00:59Z</time></trkpt>
<trkpt lat="38.750308" lon="-121.147777">
<ele>161</ele>
<time>2026-10-02T04:01:01Z</time></trkpt>
<trkpt lat="38.75031" lon="-121.14756">
<ele>166</ele>
<time>2026-10-02T04:01:08Z</time></trkpt>
<trkpt lat="38.75031" lon="-121.147399">
<ele>167</ele>
<time>2026-10-02T04:01:13Z</time></trkpt>
<trkpt lat="38.75031" lon="-121.147399">
<ele>167</ele>
<time>2026-10-02T04:01:13Z</time></trkpt>
<trkpt lat="38.75031" lon="-121.147363">
<ele>168</ele>
<time>2026-10-02T04:01:14Z</time></trkpt>
<trkpt lat="38.750313" lon="-121.147328">
<ele>168</ele>
<time>2026-10-02T04:01:15Z</time></trkpt>
<trkpt lat="38.750522" lon="-121.147342">
<ele>168</ele>
<time>2026-10-02T04:01:24Z</time></trkpt>
<trkpt lat="38.750611" lon="-121.147264">
<ele>167</ele>
<time>2026-10-02T04:01:28Z</time></trkpt>
<trkpt lat="38.750819" lon="-121.14698">
<ele>158</ele>
<time>2026-10-02T04:01:40Z</time></trkpt>
<trkpt lat="38.75098" lon="-121.146855">
<ele>151</ele>
<time>2026-10-02T04:01:48Z</time></trkpt>
<trkpt lat="38.751182" lon="-121.146837">
<ele>147</ele>
<time>2026-10-02T04:01:56Z</time></trkpt>
<trkpt lat="38.75137" lon="-121.146714">
<ele>144</ele>
<time>2026-10-02T04:02:04Z</time></trkpt>
<trkpt lat="38.75137" lon="-121.146714">
<ele>144</ele>
<time>2026-10-02T04:02:04Z</time></trkpt>
<trkpt lat="38.751409" lon="-121.146699">
<ele>144</ele>
<time>2026-10-02T04:02:06Z</time></trkpt>
<trkpt lat="38.751625" lon="-121.146728">
<ele>143</ele>
<time>2026-10-02T04:02:15Z</time></trkpt>
<trkpt lat="38.751797" lon="-121.146639">
<ele>143</ele>
<time>2026-10-02T04:02:22Z</time></trkpt>
<trkpt lat="38.751911" lon="-121.146502">
<ele>144</ele>
<time>2026-10-02T04:02:28Z</time></trkpt>
<trkpt lat="38.752207" lon="-121.146183">
<ele>145</ele>
<time>2026-10-02T04:02:44Z</time></trkpt>
<trkpt lat="38.752353" lon="-121.146173">
<ele>144</ele>
<time>2026-10-02T04:02:50Z</time></trkpt>
<trkpt lat="38.75264" lon="-121.146248">
<ele>143</ele>
<time>2026-10-02T04:03:02Z</time></trkpt>
<trkpt lat="38.753202" lon="-121.146253">
<ele>143</ele>
<time>2026-10-02T04:03:24Z</time></trkpt>
<trkpt lat="38.753202" lon="-121.146253">
<ele>143</ele>
<time>2026-10-02T04:03:24Z</time></trkpt>
<trkpt lat="38.753263" lon="-121.146253">
<ele>143</ele>
<time>2026-10-02T04:03:27Z</time></trkpt>
<trkpt lat="38.753406" lon="-121.14625">
<ele>143</ele>
<time>2026-10-02T04:03:32Z</time></trkpt>
<trkpt lat="38.75355" lon="-121.146206">
<ele>143</ele>
<time>2026-10-02T04:03:38Z</time></trkpt>
<trkpt lat="38.753827" lon="-121.146323">
<ele>143</ele>
<time>2026-10-02T04:03:50Z</time></trkpt>
<trkpt lat="38.753845" lon="-121.146315">
<ele>143</ele>
<time>2026-10-02T04:03:51Z</time></trkpt>
<trkpt lat="38.754002" lon="-121.14651">
<ele>144</ele>
<time>2026-10-02T04:03:59Z</time></trkpt>
<trkpt lat="38.754002" lon="-121.14651">
<ele>144</ele>
<time>2026-10-02T04:03:59Z</time></trkpt>
<trkpt lat="38.75437" lon="-121.146965">
<ele>144</ele>
<time>2026-10-02T04:04:20Z</time></trkpt>
<trkpt lat="38.754671" lon="-121.147284">
<ele>144</ele>
<time>2026-10-02T04:04:36Z</time></trkpt>
<trkpt lat="38.754969" lon="-121.147485">
<ele>142</ele>
<time>2026-10-02T04:04:49Z</time></trkpt>
<trkpt lat="38.755268" lon="-121.147471">
<ele>143</ele>
<time>2026-10-02T04:05:01Z</time></trkpt>
<trkpt lat="38.755268" lon="-121.147471">
<ele>143</ele>
<time>2026-10-02T04:05:01Z</time></trkpt>
<trkpt lat="38.755387" lon="-121.147465">
<ele>143</ele>
<time>2026-10-02T04:05:06Z</time></trkpt>
<trkpt lat="38.756535" lon="-121.147031">
<ele>142</ele>
<time>2026-10-02T04:05:54Z</time></trkpt>
<trkpt lat="38.757014" lon="-121.146838">
<ele>142</ele>
<time>2026-10-02T04:06:14Z</time></trkpt>
<trkpt lat="38.757014" lon="-121.146838">
<ele>142</ele>
<time>2026-10-02T04:06:14Z</time></trkpt>
<trkpt lat="38.757229" lon="-121.146752">
<ele>143</ele>
<time>2026-10-02T04:06:23Z</time></trkpt>
<trkpt lat="38.757267" lon="-121.146907">
<ele>143</ele>
<time>2026-10-02T04:06:28Z</time></trkpt>
<trkpt lat="38.757298" lon="-121.146972">
<ele>143</ele>
<time>2026-10-02T04:06:30Z</time></trkpt>
<trkpt lat="38.757298" lon="-121.146972">
<ele>143</ele>
<time>2026-10-02T04:06:30Z</time></trkpt>
<trkpt lat="38.757337" lon="-121.147057">
<ele>143</ele>
<time>2026-10-02T04:06:33Z</time></trkpt>
<trkpt lat="38.757555" lon="-121.147447">
<ele>143</ele>
<time>2026-10-02T04:06:48Z</time></trkpt>
<trkpt lat="38.757634" lon="-121.147409">
<ele>143</ele>
<time>2026-10-02T04:06:52Z</time></trkpt>
<trkpt lat="38.757634" lon="-121.147409">
<ele>143</ele>
<time>2026-10-02T04:06:52Z</time></trkpt>
<trkpt lat="38.757717" lon="-121.147368">
<ele>143</ele>
<time>2026-10-02T04:06:55Z</time></trkpt>
<trkpt lat="38.75798" lon="-121.147229">
<ele>143</ele>
<time>2026-10-02T04:07:07Z</time></trkpt>
<trkpt lat="38.758093" lon="-121.147136">
<ele>143</ele>
<time>2026-10-02T04:07:12Z</time></trkpt>
<trkpt lat="38.758207" lon="-121.146962">
<ele>143</ele>
<time>2026-10-02T04:07:19Z</time></trkpt>
<trkpt lat="38.758304" lon="-121.146676">
<ele>143</ele>
<time>2026-10-02T04:07:29Z</time></trkpt>
<trkpt lat="38.758369" lon="-121.146573">
<ele>143</ele>
<time>2026-10-02T04:07:33Z</time></trkpt>
<trkpt lat="38.758423" lon="-121.146541">
<ele>143</ele>
<time>2026-10-02T04:07:36Z</time></trkpt>
<trkpt lat="38.758531" lon="-121.146533">
<ele>142</ele>
<time>2026-10-02T04:07:40Z</time></trkpt>
<trkpt lat="38.758878" lon="-121.146573">
<ele>142</ele>
<time>2026-10-02T04:07:54Z</time></trkpt>
<trkpt lat="38.758961" lon="-121.146538">
<ele>142</ele>
<time>2026-10-02T04:07:57Z</time></trkpt>
<trkpt lat="38.759127" lon="-121.146376">
<ele>142</ele>
<time>2026-10-02T04:08:06Z</time></trkpt>
<trkpt lat="38.759127" lon="-121.146376">
<ele>142</ele>
<time>2026-10-02T04:08:06Z</time></trkpt>
<trkpt lat="38.75916" lon="-121.146344">
<ele>142</ele>
<time>2026-10-02T04:08:07Z</time></trkpt>
<trkpt lat="38.759327" lon="-121.146263">
<ele>142</ele>
<time>2026-10-02T04:08:15Z</time></trkpt>
<trkpt lat="38.759533" lon="-121.146104">
<ele>142</ele>
<time>2026-10-02T04:08:24Z</time></trkpt>
<trkpt lat="38.759773" lon="-121.1458">
<ele>142</ele>
<time>2026-10-02T04:08:38Z</time></trkpt>
<trkpt lat="38.759904" lon="-121.145685">
<ele>142</ele>
<time>2026-10-02T04:08:44Z</time></trkpt>
<trkpt lat="38.760102" lon="-121.145625">
<ele>142</ele>
<time>2026-10-02T04:08:52Z</time></trkpt>
<trkpt lat="38.76055" lon="-121.145593">
<ele>142</ele>
<time>2026-10-02T04:09:10Z</time></trkpt>
<trkpt lat="38.76055" lon="-121.145593">
<ele>142</ele>
<time>2026-10-02T04:09:10Z</time></trkpt>
<trkpt lat="38.761026" lon="-121.145634">
<ele>142</ele>
<time>2026-10-02T04:09:29Z</time></trkpt>
<trkpt lat="38.76145" lon="-121.145582">
<ele>142</ele>
<time>2026-10-02T04:09:46Z</time></trkpt>
<trkpt lat="38.761573" lon="-121.145496">
<ele>142</ele>
<time>2026-10-02T04:09:52Z</time></trkpt>
<trkpt lat="38.761874" lon="-121.145154">
<ele>142</ele>
<time>2026-10-02T04:10:08Z</time></trkpt>
<trkpt lat="38.762024" lon="-121.145033">
<ele>142</ele>
<time>2026-10-02T04:10:15Z</time></trkpt>
<trkpt lat="38.762086" lon="-121.145015">
<ele>142</ele>
<time>2026-10-02T04:10:18Z</time></trkpt>
<trkpt lat="38.762086" lon="-121.145015">
<ele>142</ele>
<time>2026-10-02T04:10:18Z</time></trkpt>
<trkpt lat="38.762543" lon="-121.145068">
<ele>142</ele>
<time>2026-10-02T04:10:36Z</time></trkpt>
<trkpt lat="38.762812" lon="-121.144999">
<ele>142</ele>
<time>2026-10-02T04:10:47Z</time></trkpt>
<trkpt lat="38.763017" lon="-121.144988">
<ele>143</ele>
<time>2026-10-02T04:10:55Z</time></trkpt>
<trkpt lat="38.763288" lon="-121.144943">
<ele>143</ele>
<time>2026-10-02T04:11:06Z</time></trkpt>
<trkpt lat="38.763288" lon="-121.144943">
<ele>143</ele>
<time>2026-10-02T04:11:06Z</time></trkpt>
<trkpt lat="38.763617" lon="-121.144843">
<ele>143</ele>
<time>2026-10-02T04:11:20Z</time></trkpt>
<trkpt lat="38.763596" lon="-121.144899">
<ele>143</ele>
<time>2026-10-02T04:11:22Z</time></trkpt>
<trkpt lat="38.76361" lon="-121.145113">
<ele>143</ele>
<time>2026-10-02T04:11:28Z</time></trkpt>
<trkpt lat="38.763855" lon="-121.145023">
<ele>145</ele>
<time>2026-10-02T04:11:39Z</time></trkpt>
<trkpt lat="38.763855" lon="-121.145023">
<ele>145</ele>
<time>2026-10-02T04:11:39Z</time></trkpt>
<trkpt lat="38.764205" lon="-121.144894">
<ele>146</ele>
<time>2026-10-02T04:11:53Z</time></trkpt>
<trkpt lat="38.764759" lon="-121.144645">
<ele>148</ele>
<time>2026-10-02T04:12:17Z</time></trkpt>
<trkpt lat="38.764899" lon="-121.144561">
<ele>148</ele>
<time>2026-10-02T04:12:23Z</time></trkpt>
<trkpt lat="38.76497" lon="-121.144561">
<ele>148</ele>
<time>2026-10-02T04:12:26Z</time></trkpt>
<trkpt lat="38.765033" lon="-121.144596">
<ele>148</ele>
<time>2026-10-02T04:12:29Z</time></trkpt>
<trkpt lat="38.765106" lon="-121.144594">
<ele>148</ele>
<time>2026-10-02T04:12:32Z</time></trkpt>
<trkpt lat="38.765217" lon="-121.144481">
<ele>149</ele>
<time>2026-10-02T04:12:37Z</time></trkpt>
<trkpt lat="38.765355" lon="-121.144437">
<ele>149</ele>
<time>2026-10-02T04:12:43Z</time></trkpt>
<trkpt lat="38.765484" lon="-121.144414">
<ele>149</ele>
<time>2026-10-02T04:12:48Z</time></trkpt>
<trkpt lat="38.765646" lon="-121.144351">
<ele>149</ele>
<time>2026-10-02T04:12:55Z</time></trkpt>
<trkpt lat="38.765969" lon="-121.144253">
<ele>148</ele>
<time>2026-10-02T04:13:08Z</time></trkpt>
<trkpt lat="38.766227" lon="-121.144181">
<ele>146</ele>
<time>2026-10-02T04:13:19Z</time></trkpt>
<trkpt lat="38.766353" lon="-121.144144">
<ele>145</ele>
<time>2026-10-02T04:13:24Z</time></trkpt>
<trkpt lat="38.766377" lon="-121.144138">
<ele>145</ele>
<time>2026-10-02T04:13:25Z</time></trkpt>
<trkpt lat="38.766377" lon="-121.144138">
<ele>145</ele>
<time>2026-10-02T04:13:25Z</time></trkpt>
<trkpt lat="38.766353" lon="-121.144144">
<ele>145</ele>
<time>2026-10-02T04:13:26Z</time></trkpt>
<trkpt lat="38.766459" lon="-121.143648">
<ele>145</ele>
<time>2026-10-02T04:13:42Z</time></trkpt>
<trkpt lat="38.766526" lon="-121.143486">
<ele>145</ele>
<time>2026-10-02T04:13:48Z</time></trkpt>
<trkpt lat="38.766624" lon="-121.143373">
<ele>145</ele>
<time>2026-10-02T04:13:53Z</time></trkpt>
<trkpt lat="38.766827" lon="-121.143231">
<ele>145</ele>
<time>2026-10-02T04:14:02Z</time></trkpt>
<trkpt lat="38.767128" lon="-121.143077">
<ele>145</ele>
<time>2026-10-02T04:14:15Z</time></trkpt>
<trkpt lat="38.767187" lon="-121.143031">
<ele>145</ele>
<time>2026-10-02T04:14:18Z</time></trkpt>
<trkpt lat="38.767246" lon="-121.142899">
<ele>146</ele>
<time>2026-10-02T04:14:23Z</time></trkpt>
<trkpt lat="38.767278" lon="-121.14269">
<ele>147</ele>
<time>2026-10-02T04:14:29Z</time></trkpt>
<trkpt lat="38.767261" lon="-121.142485">
<ele>148</ele>
<time>2026-10-02T04:14:36Z</time></trkpt>
<trkpt lat="38.767226" lon="-121.142356">
<ele>149</ele>
<time>2026-10-02T04:14:40Z</time></trkpt>
<trkpt lat="38.767219" lon="-121.142245">
<ele>150</ele>
<time>2026-10-02T04:14:44Z</time></trkpt>
<trkpt lat="38.767262" lon="-121.142035">
<ele>152</ele>
<time>2026-10-02T04:14:50Z</time></trkpt>
<trkpt lat="38.76727" lon="-121.1419">
<ele>153</ele>
<time>2026-10-02T04:14:55Z</time></trkpt>
<trkpt lat="38.767247" lon="-121.141818">
<ele>154</ele>
<time>2026-10-02T04:14:57Z</time></trkpt>
<trkpt lat="38.767149" lon="-121.141629">
<ele>156</ele>
<time>2026-10-02T04:15:04Z</time></trkpt>
<trkpt lat="38.767137" lon="-121.141532">
<ele>157</ele>
<time>2026-10-02T04:15:08Z</time></trkpt>
<trkpt lat="38.767148" lon="-121.141467">
<ele>158</ele>
<time>2026-10-02T04:15:10Z</time></trkpt>
<trkpt lat="38.767235" lon="-121.141252">
<ele>160</ele>
<time>2026-10-02T04:15:17Z</time></trkpt>
<trkpt lat="38.767322" lon="-121.140689">
<ele>161</ele>
<time>2026-10-02T04:15:35Z</time></trkpt>
<trkpt lat="38.767335" lon="-121.140525">
<ele>160</ele>
<time>2026-10-02T04:15:40Z</time></trkpt>
<trkpt lat="38.767285" lon="-121.139988">
<ele>162</ele>
<time>2026-10-02T04:15:57Z</time></trkpt>
<trkpt lat="38.7673" lon="-121.139673">
<ele>162</ele>
<time>2026-10-02T04:16:07Z</time></trkpt>
<trkpt lat="38.7673" lon="-121.139673">
<ele>162</ele>
<time>2026-10-02T04:16:07Z</time></trkpt>
<trkpt lat="38.767315" lon="-121.139357">
<ele>163</ele>
<time>2026-10-02T04:16:17Z</time></trkpt>
<trkpt lat="38.767306" lon="-121.139133">
<ele>165</ele>
<time>2026-10-02T04:16:24Z</time></trkpt>
<trkpt lat="38.767331" lon="-121.138851">
<ele>167</ele>
<time>2026-10-02T04:16:33Z</time></trkpt>
<trkpt lat="38.767313" lon="-121.138637">
<ele>168</ele>
<time>2026-10-02T04:16:40Z</time></trkpt>
<trkpt lat="38.767359" lon="-121.138282">
<ele>170</ele>
<time>2026-10-02T04:16:51Z</time></trkpt>
<trkpt lat="38.767351" lon="-121.138115">
<ele>171</ele>
<time>2026-10-02T04:16:56Z</time></trkpt>
<trkpt lat="38.767364" lon="-121.137946">
<ele>172</ele>
<time>2026-10-02T04:17:01Z</time></trkpt>
<trkpt lat="38.767323" lon="-121.137214">
<ele>169</ele>
<time>2026-10-02T04:17:24Z</time></trkpt>
<trkpt lat="38.767292" lon="-121.137049">
<ele>167</ele>
<time>2026-10-02T04:17:30Z</time></trkpt>
<trkpt lat="38.767292" lon="-121.136961">
<ele>166</ele>
<time>2026-10-02T04:17:32Z</time></trkpt>
<trkpt lat="38.767368" lon="-121.136684">
<ele>165</ele>
<time>2026-10-02T04:17:41Z</time></trkpt>
<trkpt lat="38.767348" lon="-121.136253">
<ele>162</ele>
<time>2026-10-02T04:17:55Z</time></trkpt>
<trkpt lat="38.767386" lon="-121.13603">
<ele>162</ele>
<time>2026-10-02T04:18:02Z</time></trkpt>
<trkpt lat="38.767435" lon="-121.135924">
<ele>161</ele>
<time>2026-10-02T04:18:06Z</time></trkpt>
<trkpt lat="38.767485" lon="-121.135862">
<ele>161</ele>
<time>2026-10-02T04:18:09Z</time></trkpt>
<trkpt lat="38.767739" lon="-121.135646">
<ele>162</ele>
<time>2026-10-02T04:18:21Z</time></trkpt>
<trkpt lat="38.767739" lon="-121.135646">
<ele>162</ele>
<time>2026-10-02T04:18:21Z</time></trkpt>
<trkpt lat="38.767882" lon="-121.135612">
<ele>162</ele>
<time>2026-10-02T04:18:27Z</time></trkpt>
<trkpt lat="38.768007" lon="-121.135625">
<ele>163</ele>
<time>2026-10-02T04:18:32Z</time></trkpt>
<trkpt lat="38.768309" lon="-121.135604">
<ele>161</ele>
<time>2026-10-02T04:18:44Z</time></trkpt>
<trkpt lat="38.768427" lon="-121.135531">
<ele>161</ele>
<time>2026-10-02T04:18:49Z</time></trkpt>
<trkpt lat="38.768545" lon="-121.135392">
<ele>161</ele>
<time>2026-10-02T04:18:56Z</time></trkpt>
<trkpt lat="38.768665" lon="-121.135223">
<ele>161</ele>
<time>2026-10-02T04:19:03Z</time></trkpt>
<trkpt lat="38.768799" lon="-121.134967">
<ele>162</ele>
<time>2026-10-02T04:19:12Z</time></trkpt>
<trkpt lat="38.768913" lon="-121.134841">
<ele>160</ele>
<time>2026-10-02T04:19:18Z</time></trkpt>
<trkpt lat="38.768967" lon="-121.134753">
<ele>160</ele>
<time>2026-10-02T04:19:22Z</time></trkpt>
<trkpt lat="38.769052" lon="-121.134552">
<ele>159</ele>
<time>2026-10-02T04:19:29Z</time></trkpt>
<trkpt lat="38.769092" lon="-121.134357">
<ele>157</ele>
<time>2026-10-02T04:19:35Z</time></trkpt>
<trkpt lat="38.769109" lon="-121.134162">
<ele>155</ele>
<time>2026-10-02T04:19:41Z</time></trkpt>
<trkpt lat="38.7691" lon="-121.13405">
<ele>154</ele>
<time>2026-10-02T04:19:45Z</time></trkpt>
<trkpt lat="38.769064" lon="-121.133976">
<ele>155</ele>
<time>2026-10-02T04:19:48Z</time></trkpt>
<trkpt lat="38.769064" lon="-121.133976">
<ele>155</ele>
<time>2026-10-02T04:19:48Z</time></trkpt>
<trkpt lat="38.769029" lon="-121.133902">
<ele>155</ele>
<time>2026-10-02T04:19:50Z</time></trkpt>
<trkpt lat="38.769019" lon="-121.133775">
<ele>154</ele>
<time>2026-10-02T04:19:54Z</time></trkpt>
<trkpt lat="38.769044" lon="-121.13369">
<ele>153</ele>
<time>2026-10-02T04:19:57Z</time></trkpt>
<trkpt lat="38.769124" lon="-121.133606">
<ele>152</ele>
<time>2026-10-02T04:20:01Z</time></trkpt>
<trkpt lat="38.769214" lon="-121.133577">
<ele>151</ele>
<time>2026-10-02T04:20:05Z</time></trkpt>
<trkpt lat="38.769317" lon="-121.133601">
<ele>150</ele>
<time>2026-10-02T04:20:09Z</time></trkpt>
<trkpt lat="38.769592" lon="-121.133727">
<ele>150</ele>
<time>2026-10-02T04:20:21Z</time></trkpt>
<trkpt lat="38.769805" lon="-121.133932">
<ele>149</ele>
<time>2026-10-02T04:20:32Z</time></trkpt>
<trkpt lat="38.769935" lon="-121.133994">
<ele>151</ele>
<time>2026-10-02T04:20:37Z</time></trkpt>
<trkpt lat="38.770216" lon="-121.133913">
<ele>154</ele>
<time>2026-10-02T04:20:49Z</time></trkpt>
<trkpt lat="38.770555" lon="-121.133889">
<ele>157</ele>
<time>2026-10-02T04:21:02Z</time></trkpt>
<trkpt lat="38.770695" lon="-121.13391">
<ele>155</ele>
<time>2026-10-02T04:21:08Z</time></trkpt>
<trkpt lat="38.770928" lon="-121.133996">
<ele>155</ele>
<time>2026-10-02T04:21:18Z</time></trkpt>
<trkpt lat="38.77101" lon="-121.133966">
<ele>156</ele>
<time>2026-10-02T04:21:21Z</time></trkpt>
<trkpt lat="38.77111" lon="-121.133823">
<ele>156</ele>
<time>2026-10-02T04:21:27Z</time></trkpt>
<trkpt lat="38.77111" lon="-121.133823">
<ele>156</ele>
<time>2026-10-02T04:21:27Z</time></trkpt>
<trkpt lat="38.771175" lon="-121.133794">
<ele>156</ele>
<time>2026-10-02T04:21:30Z</time></trkpt>
<trkpt lat="38.771449" lon="-121.133763">
<ele>157</ele>
<time>2026-10-02T04:21:41Z</time></trkpt>
<trkpt lat="38.771716" lon="-121.13377">
<ele>158</ele>
<time>2026-10-02T04:21:52Z</time></trkpt>
<trkpt lat="38.771836" lon="-121.133746">
<ele>157</ele>
<time>2026-10-02T04:21:57Z</time></trkpt>
<trkpt lat="38.772016" lon="-121.13366">
<ele>154</ele>
<time>2026-10-02T04:22:04Z</time></trkpt>
<trkpt lat="38.772192" lon="-121.133652">
<ele>152</ele>
<time>2026-10-02T04:22:11Z</time></trkpt>
<trkpt lat="38.772407" lon="-121.133683">
<ele>151</ele>
<time>2026-10-02T04:22:20Z</time></trkpt>
<trkpt lat="38.772527" lon="-121.133783">
<ele>152</ele>
<time>2026-10-02T04:22:26Z</time></trkpt>
<trkpt lat="38.772631" lon="-121.133751">
<ele>151</ele>
<time>2026-10-02T04:22:30Z</time></trkpt>
<trkpt lat="38.772924" lon="-121.133717">
<ele>153</ele>
<time>2026-10-02T04:22:42Z</time></trkpt>
<trkpt lat="38.772995" lon="-121.133238">
<ele>153</ele>
<time>2026-10-02T04:22:57Z</time></trkpt>
<trkpt lat="38.773093" lon="-121.132794">
<ele>152</ele>
<time>2026-10-02T04:23:11Z</time></trkpt>
<trkpt lat="38.773031" lon="-121.132597">
<ele>154</ele>
<time>2026-10-02T04:23:18Z</time></trkpt>
<trkpt lat="38.773031" lon="-121.132597">
<ele>154</ele>
<time>2026-10-02T04:23:18Z</time></trkpt>
<trkpt lat="38.772751" lon="-121.131696">
<ele>155</ele>
<time>2026-10-02T04:23:48Z</time></trkpt>
<trkpt lat="38.772489" lon="-121.131218">
<ele>156</ele>
<time>2026-10-02T04:24:07Z</time></trkpt>
<trkpt lat="38.772454" lon="-121.131036">
<ele>159</ele>
<time>2026-10-02T04:24:12Z</time></trkpt>
<trkpt lat="38.77256" lon="-121.130888">
<ele>162</ele>
<time>2026-10-02T04:24:19Z</time></trkpt>
<trkpt lat="38.772591" lon="-121.130671">
<ele>165</ele>
<time>2026-10-02T04:24:26Z</time></trkpt>
<trkpt lat="38.772502" lon="-121.130472">
<ele>165</ele>
<time>2026-10-02T04:24:33Z</time></trkpt>
<trkpt lat="38.772454" lon="-121.130398">
<ele>164</ele>
<time>2026-10-02T04:24:36Z</time></trkpt>
<trkpt lat="38.772525" lon="-121.130239">
<ele>165</ele>
<time>2026-10-02T04:24:42Z</time></trkpt>
<trkpt lat="38.772538" lon="-121.129806">
<ele>162</ele>
<time>2026-10-02T04:24:55Z</time></trkpt>
<trkpt lat="38.772635" lon="-121.129618">
<ele>161</ele>
<time>2026-10-02T04:25:02Z</time></trkpt>
<trkpt lat="38.773079" lon="-121.129146">
<ele>158</ele>
<time>2026-10-02T04:25:25Z</time></trkpt>
<trkpt lat="38.773479" lon="-121.128753">
<ele>156</ele>
<time>2026-10-02T04:25:45Z</time></trkpt>
<trkpt lat="38.774042" lon="-121.12812">
<ele>157</ele>
<time>2026-10-02T04:26:15Z</time></trkpt>
<trkpt lat="38.774042" lon="-121.12812">
<ele>157</ele>
<time>2026-10-02T04:26:15Z</time></trkpt>
<trkpt lat="38.774162" lon="-121.127985">
<ele>158</ele>
<time>2026-10-02T04:26:22Z</time></trkpt>
<trkpt lat="38.774375" lon="-121.127996">
<ele>157</ele>
<time>2026-10-02T04:26:30Z</time></trkpt>
<trkpt lat="38.774854" lon="-121.128469">
<ele>156</ele>
<time>2026-10-02T04:26:55Z</time></trkpt>
<trkpt lat="38.775072" lon="-121.128457">
<ele>157</ele>
<time>2026-10-02T04:27:03Z</time></trkpt>
<trkpt lat="38.775369" lon="-121.128298">
<ele>158</ele>
<time>2026-10-02T04:27:16Z</time></trkpt>
<trkpt lat="38.775582" lon="-121.128241">
<ele>159</ele>
<time>2026-10-02T04:27:25Z</time></trkpt>
<trkpt lat="38.776017" lon="-121.12823">
<ele>159</ele>
<time>2026-10-02T04:27:42Z</time></trkpt>
<trkpt lat="38.776168" lon="-121.128287">
<ele>159</ele>
<time>2026-10-02T04:27:49Z</time></trkpt>
<trkpt lat="38.776651" lon="-121.128417">
<ele>161</ele>
<time>2026-10-02T04:28:08Z</time></trkpt>
<trkpt lat="38.77694" lon="-121.128292">
<ele>161</ele>
<time>2026-10-02T04:28:21Z</time></trkpt>
<trkpt lat="38.7771" lon="-121.128361">
<ele>163</ele>
<time>2026-10-02T04:28:27Z</time></trkpt>
<trkpt lat="38.777252" lon="-121.12856">
<ele>163</ele>
<time>2026-10-02T04:28:36Z</time></trkpt>
<trkpt lat="38.777252" lon="-121.12856">
<ele>163</ele>
<time>2026-10-02T04:28:36Z</time></trkpt>
<trkpt lat="38.777379" lon="-121.128725">
<ele>161</ele>
<time>2026-10-02T04:28:43Z</time></trkpt>
<trkpt lat="38.777601" lon="-121.129078">
<ele>159</ele>
<time>2026-10-02T04:28:58Z</time></trkpt>
<trkpt lat="38.77828" lon="-121.12955">
<ele>153</ele>
<time>2026-10-02T04:29:29Z</time></trkpt>
<trkpt lat="38.778524" lon="-121.12963">
<ele>151</ele>
<time>2026-10-02T04:29:39Z</time></trkpt>
<trkpt lat="38.778755" lon="-121.129613">
<ele>152</ele>
<time>2026-10-02T04:29:48Z</time></trkpt>
<trkpt lat="38.778901" lon="-121.129488">
<ele>154</ele>
<time>2026-10-02T04:29:55Z</time></trkpt>
<trkpt lat="38.778985" lon="-121.129283">
<ele>156</ele>
<time>2026-10-02T04:30:02Z</time></trkpt>
<trkpt lat="38.779083" lon="-121.129135">
<ele>156</ele>
<time>2026-10-02T04:30:08Z</time></trkpt>
<trkpt lat="38.779083" lon="-121.129135">
<ele>156</ele>
<time>2026-10-02T04:30:08Z</time></trkpt>
<trkpt lat="38.779274" lon="-121.129021">
<ele>157</ele>
<time>2026-10-02T04:30:17Z</time></trkpt>
<trkpt lat="38.77934" lon="-121.128913">
<ele>156</ele>
<time>2026-10-02T04:30:21Z</time></trkpt>
<trkpt lat="38.779398" lon="-121.128742">
<ele>154</ele>
<time>2026-10-02T04:30:27Z</time></trkpt>
<trkpt lat="38.779558" lon="-121.128537">
<ele>151</ele>
<time>2026-10-02T04:30:36Z</time></trkpt>
<trkpt lat="38.780024" lon="-121.12844">
<ele>146</ele>
<time>2026-10-02T04:30:55Z</time></trkpt>
<trkpt lat="38.780277" lon="-121.128315">
<ele>145</ele>
<time>2026-10-02T04:31:06Z</time></trkpt>
<trkpt lat="38.780334" lon="-121.128013">
<ele>147</ele>
<time>2026-10-02T04:31:15Z</time></trkpt>
<trkpt lat="38.780339" lon="-121.127592">
<ele>147</ele>
<time>2026-10-02T04:31:28Z</time></trkpt>
<trkpt lat="38.78041" lon="-121.127376">
<ele>149</ele>
<time>2026-10-02T04:31:36Z</time></trkpt>
<trkpt lat="38.780508" lon="-121.127246">
<ele>151</ele>
<time>2026-10-02T04:31:41Z</time></trkpt>
<trkpt lat="38.780508" lon="-121.127245">
<ele>151</ele>
<time>2026-10-02T04:31:41Z</time></trkpt>
<trkpt lat="38.780645" lon="-121.127063">
<ele>148</ele>
<time>2026-10-02T04:31:49Z</time></trkpt>
<trkpt lat="38.780876" lon="-121.126966">
<ele>149</ele>
<time>2026-10-02T04:31:59Z</time></trkpt>
<trkpt lat="38.781089" lon="-121.126909">
<ele>145</ele>
<time>2026-10-02T04:32:08Z</time></trkpt>
<trkpt lat="38.781199" lon="-121.126676">
<ele>144</ele>
<time>2026-10-02T04:32:16Z</time></trkpt>
<trkpt lat="38.781137" lon="-121.126408">
<ele>146</ele>
<time>2026-10-02T04:32:25Z</time></trkpt>
<trkpt lat="38.780995" lon="-121.126124">
<ele>146</ele>
<time>2026-10-02T04:32:36Z</time></trkpt>
<trkpt lat="38.780907" lon="-121.125805">
<ele>149</ele>
<time>2026-10-02T04:32:46Z</time></trkpt>
<trkpt lat="38.780707" lon="-121.1256">
<ele>153</ele>
<time>2026-10-02T04:32:56Z</time></trkpt>
<trkpt lat="38.780423" lon="-121.125828">
<ele>150</ele>
<time>2026-10-02T04:33:10Z</time></trkpt>
<trkpt lat="38.78009" lon="-121.125742">
<ele>149</ele>
<time>2026-10-02T04:33:24Z</time></trkpt>
<trkpt lat="38.779948" lon="-121.125395">
<ele>152</ele>
<time>2026-10-02T04:33:36Z</time></trkpt>
<trkpt lat="38.779966" lon="-121.125088">
<ele>154</ele>
<time>2026-10-02T04:33:45Z</time></trkpt>
<trkpt lat="38.780316" lon="-121.12498">
<ele>158</ele>
<time>2026-10-02T04:34:00Z</time></trkpt>
<trkpt lat="38.780503" lon="-121.124615">
<ele>162</ele>
<time>2026-10-02T04:34:13Z</time></trkpt>
<trkpt lat="38.78064" lon="-121.124513">
<ele>167</ele>
<time>2026-10-02T04:34:20Z</time></trkpt>
<trkpt lat="38.780663" lon="-121.124331">
<ele>167</ele>
<time>2026-10-02T04:34:26Z</time></trkpt>
<trkpt lat="38.780662" lon="-121.124331">
<ele>167</ele>
<time>2026-10-02T04:34:26Z</time></trkpt>
<trkpt lat="38.780827" lon="-121.124257">
<ele>170</ele>
<time>2026-10-02T04:34:33Z</time></trkpt>
<trkpt lat="38.781315" lon="-121.124297">
<ele>164</ele>
<time>2026-10-02T04:34:52Z</time></trkpt>
<trkpt lat="38.781585" lon="-121.124405">
<ele>162</ele>
<time>2026-10-02T04:35:04Z</time></trkpt>
<trkpt lat="38.781867" lon="-121.124367">
<ele>160</ele>
<time>2026-10-02T04:35:15Z</time></trkpt>
<trkpt lat="38.781859" lon="-121.12378">
<ele>160</ele>
<time>2026-10-02T04:35:33Z</time></trkpt>
<trkpt lat="38.781947" lon="-121.12356">
<ele>159</ele>
<time>2026-10-02T04:35:41Z</time></trkpt>
<trkpt lat="38.782077" lon="-121.123366">
<ele>157</ele>
<time>2026-10-02T04:35:49Z</time></trkpt>
<trkpt lat="38.782143" lon="-121.123181">
<ele>155</ele>
<time>2026-10-02T04:35:55Z</time></trkpt>
<trkpt lat="38.782171" lon="-121.122905">
<ele>150</ele>
<time>2026-10-02T04:36:04Z</time></trkpt>
<trkpt lat="38.782361" lon="-121.12252">
<ele>146</ele>
<time>2026-10-02T04:36:18Z</time></trkpt>
<trkpt lat="38.782612" lon="-121.122396">
<ele>148</ele>
<time>2026-10-02T04:36:29Z</time></trkpt>
<trkpt lat="38.782678" lon="-121.122247">
<ele>146</ele>
<time>2026-10-02T04:36:34Z</time></trkpt>
<trkpt lat="38.783004" lon="-121.122045">
<ele>150</ele>
<time>2026-10-02T04:36:49Z</time></trkpt>
<trkpt lat="38.782996" lon="-121.121975">
<ele>147</ele>
<time>2026-10-02T04:36:51Z</time></trkpt>
<trkpt lat="38.782736" lon="-121.121883">
<ele>144</ele>
<time>2026-10-02T04:37:02Z</time></trkpt>
<trkpt lat="38.782678" lon="-121.121755">
<ele>148</ele>
<time>2026-10-02T04:37:07Z</time></trkpt>
<trkpt lat="38.782187" lon="-121.121737">
<ele>145</ele>
<time>2026-10-02T04:37:26Z</time></trkpt>
<trkpt lat="38.781975" lon="-121.121759">
<ele>144</ele>
<time>2026-10-02T04:37:35Z</time></trkpt>
<trkpt lat="38.781776" lon="-121.121706">
<ele>144</ele>
<time>2026-10-02T04:37:43Z</time></trkpt>
<trkpt lat="38.781509" lon="-121.121288">
<ele>150</ele>
<time>2026-10-02T04:38:00Z</time></trkpt>
<trkpt lat="38.781511" lon="-121.121161">
<ele>154</ele>
<time>2026-10-02T04:38:04Z</time></trkpt>
<trkpt lat="38.781448" lon="-121.120945">
<ele>157</ele>
<time>2026-10-02T04:38:11Z</time></trkpt>
<trkpt lat="38.781299" lon="-121.120722">
<ele>157</ele>
<time>2026-10-02T04:38:20Z</time></trkpt>
<trkpt lat="38.781263" lon="-121.120598">
<ele>159</ele>
<time>2026-10-02T04:38:24Z</time></trkpt>
<trkpt lat="38.78131" lon="-121.120481">
<ele>162</ele>
<time>2026-10-02T04:38:28Z</time></trkpt>
<trkpt lat="38.781305" lon="-121.12041">
<ele>162</ele>
<time>2026-10-02T04:38:31Z</time></trkpt>
<trkpt lat="38.781202" lon="-121.120269">
<ele>160</ele>
<time>2026-10-02T04:38:37Z</time></trkpt>
<trkpt lat="38.781205" lon="-121.119694">
<ele>164</ele>
<time>2026-10-02T04:38:55Z</time></trkpt>
<trkpt lat="38.781205" lon="-121.119694">
<ele>164</ele>
<time>2026-10-02T04:38:55Z</time></trkpt>
<trkpt lat="38.781158" lon="-121.119211">
<ele>160</ele>
<time>2026-10-02T04:39:10Z</time></trkpt>
<trkpt lat="38.781172" lon="-121.118952">
<ele>157</ele>
<time>2026-10-02T04:39:18Z</time></trkpt>
<trkpt lat="38.780982" lon="-121.118704">
<ele>150</ele>
<time>2026-10-02T04:39:29Z</time></trkpt>
<trkpt lat="38.780951" lon="-121.118616">
<ele>149</ele>
<time>2026-10-02T04:39:32Z</time></trkpt>
<trkpt lat="38.78107" lon="-121.118322">
<ele>152</ele>
<time>2026-10-02T04:39:42Z</time></trkpt>
<trkpt lat="38.781191" lon="-121.118202">
<ele>154</ele>
<time>2026-10-02T04:39:48Z</time></trkpt>
<trkpt lat="38.781227" lon="-121.118039">
<ele>154</ele>
<time>2026-10-02T04:39:54Z</time></trkpt>
<trkpt lat="38.781357" lon="-121.117897">
<ele>157</ele>
<time>2026-10-02T04:40:00Z</time></trkpt>
<trkpt lat="38.781503" lon="-121.117887">
<ele>161</ele>
<time>2026-10-02T04:40:06Z</time></trkpt>
<trkpt lat="38.781556" lon="-121.117788">
<ele>160</ele>
<time>2026-10-02T04:40:10Z</time></trkpt>
<trkpt lat="38.781694" lon="-121.117774">
<ele>162</ele>
<time>2026-10-02T04:40:16Z</time></trkpt>
<trkpt lat="38.781914" lon="-121.117919">
<ele>160</ele>
<time>2026-10-02T04:40:25Z</time></trkpt>
<trkpt lat="38.782389" lon="-121.118117">
<ele>163</ele>
<time>2026-10-02T04:40:45Z</time></trkpt>
<trkpt lat="38.782507" lon="-121.118149">
<ele>165</ele>
<time>2026-10-02T04:40:50Z</time></trkpt>
<trkpt lat="38.782554" lon="-121.118103">
<ele>165</ele>
<time>2026-10-02T04:40:53Z</time></trkpt>
<trkpt lat="38.782549" lon="-121.11749">
<ele>162</ele>
<time>2026-10-02T04:41:12Z</time></trkpt>
<trkpt lat="38.782676" lon="-121.117243">
<ele>162</ele>
<time>2026-10-02T04:41:21Z</time></trkpt>
<trkpt lat="38.782825" lon="-121.117016">
<ele>162</ele>
<time>2026-10-02T04:41:30Z</time></trkpt>
<trkpt lat="38.782949" lon="-121.116984">
<ele>162</ele>
<time>2026-10-02T04:41:35Z</time></trkpt>
<trkpt lat="38.78315" lon="-121.116765">
<ele>159</ele>
<time>2026-10-02T04:41:46Z</time></trkpt>
<trkpt lat="38.783299" lon="-121.116673">
<ele>161</ele>
<time>2026-10-02T04:41:53Z</time></trkpt>
<trkpt lat="38.783294" lon="-121.116602">
<ele>159</ele>
<time>2026-10-02T04:41:55Z</time></trkpt>
<trkpt lat="38.783181" lon="-121.116475">
<ele>155</ele>
<time>2026-10-02T04:42:01Z</time></trkpt>
<trkpt lat="38.783056" lon="-121.116503">
<ele>153</ele>
<time>2026-10-02T04:42:06Z</time></trkpt>
<trkpt lat="38.782902" lon="-121.116468">
<ele>152</ele>
<time>2026-10-02T04:42:12Z</time></trkpt>
<trkpt lat="38.782739" lon="-121.116142">
<ele>149</ele>
<time>2026-10-02T04:42:24Z</time></trkpt>
<trkpt lat="38.782844" lon="-121.116032">
<ele>149</ele>
<time>2026-10-02T04:42:30Z</time></trkpt>
<trkpt lat="38.782808" lon="-121.115887">
<ele>147</ele>
<time>2026-10-02T04:42:34Z</time></trkpt>
<trkpt lat="38.782728" lon="-121.115781">
<ele>145</ele>
<time>2026-10-02T04:42:39Z</time></trkpt>
<trkpt lat="38.782703" lon="-121.115657">
<ele>145</ele>
<time>2026-10-02T04:42:43Z</time></trkpt>
<trkpt lat="38.782872" lon="-121.115381">
<ele>150</ele>
<time>2026-10-02T04:42:54Z</time></trkpt>
<trkpt lat="38.782861" lon="-121.115126">
<ele>150</ele>
<time>2026-10-02T04:43:02Z</time></trkpt>
<trkpt lat="38.782916" lon="-121.11496">
<ele>154</ele>
<time>2026-10-02T04:43:08Z</time></trkpt>
<trkpt lat="38.782921" lon="-121.114797">
<ele>155</ele>
<time>2026-10-02T04:43:13Z</time></trkpt>
<trkpt lat="38.783051" lon="-121.114429">
<ele>159</ele>
<time>2026-10-02T04:43:25Z</time></trkpt>
<trkpt lat="38.783164" lon="-121.114263">
<ele>158</ele>
<time>2026-10-02T04:43:32Z</time></trkpt>
<trkpt lat="38.783001" lon="-121.114252">
<ele>154</ele>
<time>2026-10-02T04:43:39Z</time></trkpt>
<trkpt lat="38.783001" lon="-121.114252">
<ele>154</ele>
<time>2026-10-02T04:43:39Z</time></trkpt>
<trkpt lat="38.783048" lon="-121.114121">
<ele>152</ele>
<time>2026-10-02T04:43:43Z</time></trkpt>
<trkpt lat="38.78341" lon="-121.113803">
<ele>147</ele>
<time>2026-10-02T04:44:01Z</time></trkpt>
<trkpt lat="38.783713" lon="-121.113488">
<ele>144</ele>
<time>2026-10-02T04:44:17Z</time></trkpt>
<trkpt lat="38.78397" lon="-121.113498">
<ele>146</ele>
<time>2026-10-02T04:44:27Z</time></trkpt>
<trkpt lat="38.784135" lon="-121.113583">
<ele>148</ele>
<time>2026-10-02T04:44:34Z</time></trkpt>
<trkpt lat="38.784268" lon="-121.113597">
<ele>151</ele>
<time>2026-10-02T04:44:39Z</time></trkpt>
<trkpt lat="38.784419" lon="-121.113498">
<ele>151</ele>
<time>2026-10-02T04:44:46Z</time></trkpt>
<trkpt lat="38.78469" lon="-121.113176">
<ele>144</ele>
<time>2026-10-02T04:45:01Z</time></trkpt>
<trkpt lat="38.784858" lon="-121.11312">
<ele>143</ele>
<time>2026-10-02T04:45:08Z</time></trkpt>
<trkpt lat="38.785062" lon="-121.113282">
<ele>152</ele>
<time>2026-10-02T04:45:17Z</time></trkpt>
<trkpt lat="38.785211" lon="-121.113208">
<ele>149</ele>
<time>2026-10-02T04:45:24Z</time></trkpt>
<trkpt lat="38.785308" lon="-121.113233">
<ele>151</ele>
<time>2026-10-02T04:45:28Z</time></trkpt>
<trkpt lat="38.785349" lon="-121.113038">
<ele>147</ele>
<time>2026-10-02T04:45:34Z</time></trkpt>
<trkpt lat="38.785344" lon="-121.112776">
<ele>145</ele>
<time>2026-10-02T04:45:42Z</time></trkpt>
<trkpt lat="38.785454" lon="-121.1125">
<ele>148</ele>
<time>2026-10-02T04:45:52Z</time></trkpt>
<trkpt lat="38.785545" lon="-121.112447">
<ele>150</ele>
<time>2026-10-02T04:45:56Z</time></trkpt>
<trkpt lat="38.785664" lon="-121.112429">
<ele>151</ele>
<time>2026-10-02T04:46:01Z</time></trkpt>
<trkpt lat="38.785914" lon="-121.1125">
<ele>156</ele>
<time>2026-10-02T04:46:11Z</time></trkpt>
<trkpt lat="38.785995" lon="-121.112444">
<ele>158</ele>
<time>2026-10-02T04:46:15Z</time></trkpt>
<trkpt lat="38.786008" lon="-121.112291">
<ele>157</ele>
<time>2026-10-02T04:46:20Z</time></trkpt>
<trkpt lat="38.786094" lon="-121.112263">
<ele>160</ele>
<time>2026-10-02T04:46:23Z</time></trkpt>
<trkpt lat="38.786179" lon="-121.112327">
<ele>163</ele>
<time>2026-10-02T04:46:27Z</time></trkpt>
<trkpt lat="38.786254" lon="-121.112252">
<ele>166</ele>
<time>2026-10-02T04:46:31Z</time></trkpt>
<trkpt lat="38.786229" lon="-121.111955">
<ele>164</ele>
<time>2026-10-02T04:46:40Z</time></trkpt>
<trkpt lat="38.786036" lon="-121.111732">
<ele>155</ele>
<time>2026-10-02T04:46:51Z</time></trkpt>
<trkpt lat="38.78603" lon="-121.111665">
<ele>153</ele>
<time>2026-10-02T04:46:53Z</time></trkpt>
<trkpt lat="38.786091" lon="-121.111467">
<ele>150</ele>
<time>2026-10-02T04:46:59Z</time></trkpt>
<trkpt lat="38.786257" lon="-121.111509">
<ele>153</ele>
<time>2026-10-02T04:47:06Z</time></trkpt>
<trkpt lat="38.786326" lon="-121.111488">
<ele>153</ele>
<time>2026-10-02T04:47:09Z</time></trkpt>
<trkpt lat="38.786395" lon="-121.111134">
<ele>150</ele>
<time>2026-10-02T04:47:20Z</time></trkpt>
<trkpt lat="38.786395" lon="-121.111134">
<ele>150</ele>
<time>2026-10-02T04:47:20Z</time></trkpt>
<trkpt lat="38.786533" lon="-121.111056">
<ele>153</ele>
<time>2026-10-02T04:47:26Z</time></trkpt>
<trkpt lat="38.786784" lon="-121.110964">
<ele>155</ele>
<time>2026-10-02T04:47:37Z</time></trkpt>
<trkpt lat="38.787037" lon="-121.111056">
<ele>162</ele>
<time>2026-10-02T04:47:47Z</time></trkpt>
<trkpt lat="38.787275" lon="-121.11072">
<ele>156</ele>
<time>2026-10-02T04:48:02Z</time></trkpt>
<trkpt lat="38.787644" lon="-121.110653">
<ele>159</ele>
<time>2026-10-02T04:48:17Z</time></trkpt>
<trkpt lat="38.78768" lon="-121.110554">
<ele>155</ele>
<time>2026-10-02T04:48:20Z</time></trkpt>
<trkpt lat="38.787633" lon="-121.110426">
<ele>155</ele>
<time>2026-10-02T04:48:24Z</time></trkpt>
<trkpt lat="38.787636" lon="-121.110249">
<ele>155</ele>
<time>2026-10-02T04:48:30Z</time></trkpt>
<trkpt lat="38.787694" lon="-121.110062">
<ele>155</ele>
<time>2026-10-02T04:48:36Z</time></trkpt>
<trkpt lat="38.78784" lon="-121.110019">
<ele>157</ele>
<time>2026-10-02T04:48:42Z</time></trkpt>
<trkpt lat="38.787931" lon="-121.109648">
<ele>152</ele>
<time>2026-10-02T04:48:54Z</time></trkpt>
<trkpt lat="38.787931" lon="-121.109648">
<ele>152</ele>
<time>2026-10-02T04:48:54Z</time></trkpt>
<trkpt lat="38.788061" lon="-121.109549">
<ele>154</ele>
<time>2026-10-02T04:49:00Z</time></trkpt>
<trkpt lat="38.788328" lon="-121.10946">
<ele>154</ele>
<time>2026-10-02T04:49:12Z</time></trkpt>
<trkpt lat="38.788676" lon="-121.109209">
<ele>149</ele>
<time>2026-10-02T04:49:28Z</time></trkpt>
<trkpt lat="38.788751" lon="-121.109173">
<ele>149</ele>
<time>2026-10-02T04:49:31Z</time></trkpt>
<trkpt lat="38.789002" lon="-121.109149">
<ele>149</ele>
<time>2026-10-02T04:49:41Z</time></trkpt>
<trkpt lat="38.789164" lon="-121.10894">
<ele>149</ele>
<time>2026-10-02T04:49:50Z</time></trkpt>
<trkpt lat="38.789468" lon="-121.108823">
<ele>151</ele>
<time>2026-10-02T04:50:03Z</time></trkpt>
<trkpt lat="38.789755" lon="-121.108773">
<ele>151</ele>
<time>2026-10-02T04:50:14Z</time></trkpt>
<trkpt lat="38.790014" lon="-121.108692">
<ele>148</ele>
<time>2026-10-02T04:50:25Z</time></trkpt>
<trkpt lat="38.790157" lon="-121.108788">
<ele>148</ele>
<time>2026-10-02T04:50:31Z</time></trkpt>
<trkpt lat="38.790585" lon="-121.108986">
<ele>149</ele>
<time>2026-10-02T04:50:50Z</time></trkpt>
<trkpt lat="38.790811" lon="-121.109134">
<ele>153</ele>
<time>2026-10-02T04:51:00Z</time></trkpt>
<trkpt lat="38.790911" lon="-121.109149">
<ele>152</ele>
<time>2026-10-02T04:51:04Z</time></trkpt>
<trkpt lat="38.79104" lon="-121.109269">
<ele>157</ele>
<time>2026-10-02T04:51:10Z</time></trkpt>
<trkpt lat="38.791228" lon="-121.109224">
<ele>152</ele>
<time>2026-10-02T04:51:18Z</time></trkpt>
<trkpt lat="38.791228" lon="-121.109224">
<ele>152</ele>
<time>2026-10-02T04:51:18Z</time></trkpt>
<trkpt lat="38.791377" lon="-121.109188">
<ele>148</ele>
<time>2026-10-02T04:51:24Z</time></trkpt>
<trkpt lat="38.79152" lon="-121.10918">
<ele>144</ele>
<time>2026-10-02T04:51:30Z</time></trkpt>
<trkpt lat="38.791757" lon="-121.109379">
<ele>147</ele>
<time>2026-10-02T04:51:41Z</time></trkpt>
<trkpt lat="38.791859" lon="-121.109361">
<ele>145</ele>
<time>2026-10-02T04:51:45Z</time></trkpt>
<trkpt lat="38.792042" lon="-121.109467">
<ele>149</ele>
<time>2026-10-02T04:51:53Z</time></trkpt>
<trkpt lat="38.792306" lon="-121.109421">
<ele>146</ele>
<time>2026-10-02T04:52:04Z</time></trkpt>
<trkpt lat="38.792599" lon="-121.109616">
<ele>151</ele>
<time>2026-10-02T04:52:17Z</time></trkpt>
<trkpt lat="38.792808" lon="-121.109591">
<ele>152</ele>
<time>2026-10-02T04:52:26Z</time></trkpt>
<trkpt lat="38.793137" lon="-121.109478">
<ele>159</ele>
<time>2026-10-02T04:52:39Z</time></trkpt>
<trkpt lat="38.793255" lon="-121.109382">
<ele>161</ele>
<time>2026-10-02T04:52:45Z</time></trkpt>
<trkpt lat="38.793567" lon="-121.109275">
<ele>162</ele>
<time>2026-10-02T04:52:58Z</time></trkpt>
<trkpt lat="38.793567" lon="-121.109275">
<ele>162</ele>
<time>2026-10-02T04:52:58Z</time></trkpt>
<trkpt lat="38.793647" lon="-121.109248">
<ele>162</ele>
<time>2026-10-02T04:53:01Z</time></trkpt>
<trkpt lat="38.793796" lon="-121.109495">
<ele>163</ele>
<time>2026-10-02T04:53:11Z</time></trkpt>
<trkpt lat="38.794064" lon="-121.109343">
<ele>160</ele>
<time>2026-10-02T04:53:23Z</time></trkpt>
<trkpt lat="38.794138" lon="-121.109343">
<ele>161</ele>
<time>2026-10-02T04:53:26Z</time></trkpt>
<trkpt lat="38.794174" lon="-121.109435">
<ele>160</ele>
<time>2026-10-02T04:53:29Z</time></trkpt>
<trkpt lat="38.794281" lon="-121.109329">
<ele>163</ele>
<time>2026-10-02T04:53:34Z</time></trkpt>
<trkpt lat="38.794499" lon="-121.10929">
<ele>166</ele>
<time>2026-10-02T04:53:43Z</time></trkpt>
<trkpt lat="38.794563" lon="-121.109219">
<ele>167</ele>
<time>2026-10-02T04:53:46Z</time></trkpt>
<trkpt lat="38.794596" lon="-121.108993">
<ele>164</ele>
<time>2026-10-02T04:53:54Z</time></trkpt>
<trkpt lat="38.794684" lon="-121.108904">
<ele>165</ele>
<time>2026-10-02T04:53:58Z</time></trkpt>
<trkpt lat="38.79491" lon="-121.108579">
<ele>166</ele>
<time>2026-10-02T04:54:12Z</time></trkpt>
<trkpt lat="38.795035" lon="-121.10831">
<ele>163</ele>
<time>2026-10-02T04:54:21Z</time></trkpt>
<trkpt lat="38.795434" lon="-121.10802">
<ele>165</ele>
<time>2026-10-02T04:54:40Z</time></trkpt>
<trkpt lat="38.795502" lon="-121.108064">
<ele>167</ele>
<time>2026-10-02T04:54:43Z</time></trkpt>
<trkpt lat="38.795502" lon="-121.108064">
<ele>167</ele>
<time>2026-10-02T04:54:43Z</time></trkpt>
<trkpt lat="38.795622" lon="-121.108143">
<ele>169</ele>
<time>2026-10-02T04:54:48Z</time></trkpt>
<trkpt lat="38.795697" lon="-121.108253">
<ele>172</ele>
<time>2026-10-02T04:54:53Z</time></trkpt>
<trkpt lat="38.795956" lon="-121.10831">
<ele>172</ele>
<time>2026-10-02T04:55:03Z</time></trkpt>
<trkpt lat="38.79611" lon="-121.108264">
<ele>169</ele>
<time>2026-10-02T04:55:10Z</time></trkpt>
<trkpt lat="38.796212" lon="-121.108296">
<ele>170</ele>
<time>2026-10-02T04:55:14Z</time></trkpt>
<trkpt lat="38.796397" lon="-121.108175">
<ele>166</ele>
<time>2026-10-02T04:55:22Z</time></trkpt>
<trkpt lat="38.796524" lon="-121.108193">
<ele>168</ele>
<time>2026-10-02T04:55:27Z</time></trkpt>
<trkpt lat="38.79675" lon="-121.10826">
<ele>172</ele>
<time>2026-10-02T04:55:37Z</time></trkpt>
<trkpt lat="38.796905" lon="-121.10825">
<ele>172</ele>
<time>2026-10-02T04:55:43Z</time></trkpt>
<trkpt lat="38.797097" lon="-121.1084156">
<ele>175</ele>
<time>2026-10-02T04:55:52Z</time></trkpt>
<trkpt lat="38.797097" lon="-121.108416">
<ele>175</ele>
<time>2026-10-02T04:55:52Z</time></trkpt>
<trkpt lat="38.7971218" lon="-121.1084372">
<ele>175</ele>
<time>2026-10-02T04:55:53Z</time></trkpt>
<trkpt lat="38.797167" lon="-121.108476">
<ele>176</ele>
<time>2026-10-02T04:55:56Z</time></trkpt>
<trkpt lat="38.797309" lon="-121.108474">
<ele>177</ele>
<time>2026-10-02T04:56:01Z</time></trkpt>
<trkpt lat="38.797372" lon="-121.108409">
<ele>178</ele>
<time>2026-10-02T04:56:05Z</time></trkpt>
<trkpt lat="38.797493" lon="-121.108466">
<ele>180</ele>
<time>2026-10-02T04:56:10Z</time></trkpt>
<trkpt lat="38.797603" lon="-121.108547">
<ele>181</ele>
<time>2026-10-02T04:56:15Z</time></trkpt>
<trkpt lat="38.797917" lon="-121.108998">
<ele>182</ele>
<time>2026-10-02T04:56:34Z</time></trkpt>
<trkpt lat="38.798231" lon="-121.109197">
<ele>184</ele>
<time>2026-10-02T04:56:48Z</time></trkpt>
<trkpt lat="38.798339" lon="-121.109531">
<ele>188</ele>
<time>2026-10-02T04:56:59Z</time></trkpt>
<trkpt lat="38.798339" lon="-121.109531">
<ele>188</ele>
<time>2026-10-02T04:56:59Z</time></trkpt>
<trkpt lat="38.798575" lon="-121.109713">
<ele>191</ele>
<time>2026-10-02T04:57:10Z</time></trkpt>
<trkpt lat="38.798575" lon="-121.109713">
<ele>191</ele>
<time>2026-10-02T04:57:10Z</time></trkpt>
<trkpt lat="38.798596" lon="-121.109729">
<ele>191</ele>
<time>2026-10-02T04:57:11Z</time></trkpt>
<trkpt lat="38.7987221" lon="-121.1094545">
<ele>190</ele>
<time>2026-10-02T04:57:21Z</time></trkpt>
<trkpt lat="38.798866" lon="-121.109141">
<ele>187</ele>
<time>2026-10-02T04:57:32Z</time></trkpt>
<trkpt lat="38.798924" lon="-121.109103">
<ele>185</ele>
<time>2026-10-02T04:57:35Z</time></trkpt>
<trkpt lat="38.798998" lon="-121.109127">
<ele>184</ele>
<time>2026-10-02T04:57:38Z</time></trkpt>
<trkpt lat="38.799211" lon="-121.10939">
<ele>182</ele>
<time>2026-10-02T04:57:50Z</time></trkpt>
<trkpt lat="38.799211" lon="-121.10939">
<ele>182</ele>
<time>2026-10-02T04:57:50Z</time></trkpt>
<trkpt lat="38.799373" lon="-121.109506">
<ele>180</ele>
<time>2026-10-02T04:57:57Z</time></trkpt>
<trkpt lat="38.799497" lon="-121.109499">
<ele>179</ele>
<time>2026-10-02T04:58:02Z</time></trkpt>
<trkpt lat="38.799702" lon="-121.109287">
<ele>177</ele>
<time>2026-10-02T04:58:13Z</time></trkpt>
<trkpt lat="38.799975" lon="-121.108614">
<ele>179</ele>
<time>2026-10-02T04:58:36Z</time></trkpt>
<trkpt lat="38.800016" lon="-121.108412">
<ele>179</ele>
<time>2026-10-02T04:58:43Z</time></trkpt>
<trkpt lat="38.800027" lon="-121.108062">
<ele>175</ele>
<time>2026-10-02T04:58:54Z</time></trkpt>
<trkpt lat="38.799983" lon="-121.107836">
<ele>173</ele>
<time>2026-10-02T04:59:01Z</time></trkpt>
<trkpt lat="38.800046" lon="-121.107655">
<ele>172</ele>
<time>2026-10-02T04:59:07Z</time></trkpt>
<trkpt lat="38.800179" lon="-121.107535">
<ele>170</ele>
<time>2026-10-02T04:59:14Z</time></trkpt>
<trkpt lat="38.800468" lon="-121.10751">
<ele>167</ele>
<time>2026-10-02T04:59:26Z</time></trkpt>
<trkpt lat="38.800772" lon="-121.107559">
<ele>163</ele>
<time>2026-10-02T04:59:38Z</time></trkpt>
<trkpt lat="38.800788" lon="-121.107386">
<ele>159</ele>
<time>2026-10-02T04:59:43Z</time></trkpt>
<trkpt lat="38.800973" lon="-121.107195">
<ele>154</ele>
<time>2026-10-02T04:59:53Z</time></trkpt>
<trkpt lat="38.801345" lon="-121.107234">
<ele>151</ele>
<time>2026-10-02T05:00:08Z</time></trkpt>
<trkpt lat="38.801533" lon="-121.107326">
<ele>150</ele>
<time>2026-10-02T05:00:16Z</time></trkpt>
<trkpt lat="38.801897" lon="-121.107344">
<ele>147</ele>
<time>2026-10-02T05:00:30Z</time></trkpt>
<trkpt lat="38.802021" lon="-121.107255">
<ele>146</ele>
<time>2026-10-02T05:00:36Z</time></trkpt>
<trkpt lat="38.802106" lon="-121.107117">
<ele>145</ele>
<time>2026-10-02T05:00:42Z</time></trkpt>
<trkpt lat="38.802106" lon="-121.107117">
<ele>145</ele>
<time>2026-10-02T05:00:42Z</time></trkpt>
<trkpt lat="38.802545" lon="-121.106887">
<ele>144</ele>
<time>2026-10-02T05:01:01Z</time></trkpt>
<trkpt lat="38.802722" lon="-121.106876">
<ele>144</ele>
<time>2026-10-02T05:01:08Z</time></trkpt>
<trkpt lat="38.802799" lon="-121.106724">
<ele>144</ele>
<time>2026-10-02T05:01:13Z</time></trkpt>
<trkpt lat="38.802821" lon="-121.106526">
<ele>143</ele>
<time>2026-10-02T05:01:20Z</time></trkpt>
<trkpt lat="38.802896" lon="-121.106392">
<ele>144</ele>
<time>2026-10-02T05:01:25Z</time></trkpt>
<trkpt lat="38.803367" lon="-121.105917">
<ele>147</ele>
<time>2026-10-02T05:01:49Z</time></trkpt>
<trkpt lat="38.803458" lon="-121.105751">
<ele>147</ele>
<time>2026-10-02T05:01:55Z</time></trkpt>
<trkpt lat="38.803635" lon="-121.105747">
<ele>148</ele>
<time>2026-10-02T05:02:02Z</time></trkpt>
<trkpt lat="38.804214" lon="-121.105252">
<ele>147</ele>
<time>2026-10-02T05:02:30Z</time></trkpt>
<trkpt lat="38.804297" lon="-121.105132">
<ele>148</ele>
<time>2026-10-02T05:02:35Z</time></trkpt>
<trkpt lat="38.804338" lon="-121.104969">
<ele>147</ele>
<time>2026-10-02T05:02:40Z</time></trkpt>
<trkpt lat="38.804426" lon="-121.104933">
<ele>147</ele>
<time>2026-10-02T05:02:44Z</time></trkpt>
<trkpt lat="38.804515" lon="-121.104926">
<ele>147</ele>
<time>2026-10-02T05:02:48Z</time></trkpt>
<trkpt lat="38.804515" lon="-121.104927">
<ele>147</ele>
<time>2026-10-02T05:02:48Z</time></trkpt>
<trkpt lat="38.804672" lon="-121.105029">
<ele>146</ele>
<time>2026-10-02T05:02:55Z</time></trkpt>
<trkpt lat="38.804812" lon="-121.105089">
<ele>147</ele>
<time>2026-10-02T05:03:01Z</time></trkpt>
<trkpt lat="38.804868" lon="-121.105071">
<ele>147</ele>
<time>2026-10-02T05:03:03Z</time></trkpt>
<trkpt lat="38.804881" lon="-121.104926">
<ele>146</ele>
<time>2026-10-02T05:03:08Z</time></trkpt>
<trkpt lat="38.804931" lon="-121.104887">
<ele>147</ele>
<time>2026-10-02T05:03:10Z</time></trkpt>
<trkpt lat="38.805472" lon="-121.104887">
<ele>146</ele>
<time>2026-10-02T05:03:32Z</time></trkpt>
<trkpt lat="38.805673" lon="-121.105146">
<ele>148</ele>
<time>2026-10-02T05:03:43Z</time></trkpt>
<trkpt lat="38.805687" lon="-121.105241">
<ele>150</ele>
<time>2026-10-02T05:03:46Z</time></trkpt>
<trkpt lat="38.805778" lon="-121.105192">
<ele>149</ele>
<time>2026-10-02T05:03:50Z</time></trkpt>
<trkpt lat="38.805769" lon="-121.1051">
<ele>148</ele>
<time>2026-10-02T05:03:53Z</time></trkpt>
<trkpt lat="38.805938" lon="-121.104544">
<ele>148</ele>
<time>2026-10-02T05:04:12Z</time></trkpt>
<trkpt lat="38.806178" lon="-121.104148">
<ele>148</ele>
<time>2026-10-02T05:04:27Z</time></trkpt>
<trkpt lat="38.806161" lon="-121.103801">
<ele>144</ele>
<time>2026-10-02T05:04:38Z</time></trkpt>
<trkpt lat="38.806255" lon="-121.103631">
<ele>144</ele>
<time>2026-10-02T05:04:45Z</time></trkpt>
<trkpt lat="38.80647" lon="-121.103574">
<ele>145</ele>
<time>2026-10-02T05:04:53Z</time></trkpt>
<trkpt lat="38.80671" lon="-121.103677">
<ele>146</ele>
<time>2026-10-02T05:05:03Z</time></trkpt>
<trkpt lat="38.807223" lon="-121.104151">
<ele>142</ele>
<time>2026-10-02T05:05:29Z</time></trkpt>
<trkpt lat="38.807223" lon="-121.104151">
<ele>142</ele>
<time>2026-10-02T05:05:29Z</time></trkpt>
<trkpt lat="38.807278" lon="-121.104516">
<ele>145</ele>
<time>2026-10-02T05:05:40Z</time></trkpt>
<trkpt lat="38.807242" lon="-121.104647">
<ele>145</ele>
<time>2026-10-02T05:05:45Z</time></trkpt>
<trkpt lat="38.807165" lon="-121.104696">
<ele>147</ele>
<time>2026-10-02T05:05:48Z</time></trkpt>
<trkpt lat="38.807168" lon="-121.104788">
<ele>149</ele>
<time>2026-10-02T05:05:51Z</time></trkpt>
<trkpt lat="38.807399" lon="-121.104845">
<ele>149</ele>
<time>2026-10-02T05:06:01Z</time></trkpt>
<trkpt lat="38.807559" lon="-121.104636">
<ele>145</ele>
<time>2026-10-02T05:06:10Z</time></trkpt>
<trkpt lat="38.807678" lon="-121.104572">
<ele>145</ele>
<time>2026-10-02T05:06:15Z</time></trkpt>
<trkpt lat="38.807912" lon="-121.104608">
<ele>146</ele>
<time>2026-10-02T05:06:24Z</time></trkpt>
<trkpt lat="38.808114" lon="-121.104576">
<ele>146</ele>
<time>2026-10-02T05:06:32Z</time></trkpt>
<trkpt lat="38.808334" lon="-121.104417">
<ele>147</ele>
<time>2026-10-02T05:06:43Z</time></trkpt>
<trkpt lat="38.808574" lon="-121.10431">
<ele>146</ele>
<time>2026-10-02T05:06:53Z</time></trkpt>
<trkpt lat="38.808762" lon="-121.104296">
<ele>144</ele>
<time>2026-10-02T05:07:00Z</time></trkpt>
<trkpt lat="38.80888" lon="-121.104335">
<ele>144</ele>
<time>2026-10-02T05:07:05Z</time></trkpt>
<trkpt lat="38.809016" lon="-121.104434">
<ele>143</ele>
<time>2026-10-02T05:07:11Z</time></trkpt>
<trkpt lat="38.809134" lon="-121.104693">
<ele>144</ele>
<time>2026-10-02T05:07:21Z</time></trkpt>
<trkpt lat="38.809198" lon="-121.105008">
<ele>147</ele>
<time>2026-10-02T05:07:31Z</time></trkpt>
<trkpt lat="38.809275" lon="-121.105032">
<ele>146</ele>
<time>2026-10-02T05:07:34Z</time></trkpt>
<trkpt lat="38.809424" lon="-121.105287">
<ele>151</ele>
<time>2026-10-02T05:07:44Z</time></trkpt>
<trkpt lat="38.809553" lon="-121.105386">
<ele>150</ele>
<time>2026-10-02T05:07:50Z</time></trkpt>
<trkpt lat="38.809622" lon="-121.105489">
<ele>150</ele>
<time>2026-10-02T05:07:54Z</time></trkpt>
<trkpt lat="38.809644" lon="-121.105609">
<ele>150</ele>
<time>2026-10-02T05:07:58Z</time></trkpt>
<trkpt lat="38.809479" lon="-121.105921">
<ele>157</ele>
<time>2026-10-02T05:08:10Z</time></trkpt>
<trkpt lat="38.809526" lon="-121.105992">
<ele>157</ele>
<time>2026-10-02T05:08:13Z</time></trkpt>
<trkpt lat="38.809664" lon="-121.106034">
<ele>156</ele>
<time>2026-10-02T05:08:19Z</time></trkpt>
<trkpt lat="38.809821" lon="-121.106165">
<ele>154</ele>
<time>2026-10-02T05:08:26Z</time></trkpt>
<trkpt lat="38.809821" lon="-121.106165">
<ele>154</ele>
<time>2026-10-02T05:08:26Z</time></trkpt>
<trkpt lat="38.809829" lon="-121.106268">
<ele>154</ele>
<time>2026-10-02T05:08:29Z</time></trkpt>
<trkpt lat="38.809735" lon="-121.106611">
<ele>160</ele>
<time>2026-10-02T05:08:41Z</time></trkpt>
<trkpt lat="38.809846" lon="-121.10694">
<ele>162</ele>
<time>2026-10-02T05:08:52Z</time></trkpt>
<trkpt lat="38.810011" lon="-121.106993">
<ele>162</ele>
<time>2026-10-02T05:08:59Z</time></trkpt>
<trkpt lat="38.810069" lon="-121.106947">
<ele>161</ele>
<time>2026-10-02T05:09:01Z</time></trkpt>
<trkpt lat="38.810248" lon="-121.106997">
<ele>161</ele>
<time>2026-10-02T05:09:09Z</time></trkpt>
<trkpt lat="38.81035" lon="-121.107057">
<ele>161</ele>
<time>2026-10-02T05:09:13Z</time></trkpt>
<trkpt lat="38.810417" lon="-121.107135">
<ele>162</ele>
<time>2026-10-02T05:09:17Z</time></trkpt>
<trkpt lat="38.810543" lon="-121.107191">
<ele>162</ele>
<time>2026-10-02T05:09:22Z</time></trkpt>
<trkpt lat="38.810681" lon="-121.107177">
<ele>163</ele>
<time>2026-10-02T05:09:28Z</time></trkpt>
<trkpt lat="38.810949" lon="-121.107">
<ele>159</ele>
<time>2026-10-02T05:09:40Z</time></trkpt>
<trkpt lat="38.811062" lon="-121.107025">
<ele>158</ele>
<time>2026-10-02T05:09:44Z</time></trkpt>
<trkpt lat="38.81112" lon="-121.107096">
<ele>159</ele>
<time>2026-10-02T05:09:48Z</time></trkpt>
<trkpt lat="38.81112" lon="-121.107096">
<ele>159</ele>
<time>2026-10-02T05:09:48Z</time></trkpt>
<trkpt lat="38.811211" lon="-121.10739">
<ele>161</ele>
<time>2026-10-02T05:09:58Z</time></trkpt>
<trkpt lat="38.811553" lon="-121.107637">
<ele>161</ele>
<time>2026-10-02T05:10:13Z</time></trkpt>
<trkpt lat="38.811878" lon="-121.107464">
<ele>155</ele>
<time>2026-10-02T05:10:27Z</time></trkpt>
<trkpt lat="38.812052" lon="-121.107559">
<ele>158</ele>
<time>2026-10-02T05:10:35Z</time></trkpt>
<trkpt lat="38.812226" lon="-121.107531">
<ele>162</ele>
<time>2026-10-02T05:10:42Z</time></trkpt>
<trkpt lat="38.8124" lon="-121.107721">
<ele>161</ele>
<time>2026-10-02T05:10:51Z</time></trkpt>
<trkpt lat="38.812565" lon="-121.107904">
<ele>157</ele>
<time>2026-10-02T05:11:00Z</time></trkpt>
<trkpt lat="38.812679" lon="-121.107941">
<ele>155</ele>
<time>2026-10-02T05:11:05Z</time></trkpt>
<trkpt lat="38.812768" lon="-121.108026">
<ele>153</ele>
<time>2026-10-02T05:11:09Z</time></trkpt>
<trkpt lat="38.812939" lon="-121.108034">
<ele>153</ele>
<time>2026-10-02T05:11:16Z</time></trkpt>
<trkpt lat="38.813028" lon="-121.108095">
<ele>152</ele>
<time>2026-10-02T05:11:20Z</time></trkpt>
<trkpt lat="38.81311" lon="-121.108327">
<ele>149</ele>
<time>2026-10-02T05:11:28Z</time></trkpt>
<trkpt lat="38.813031" lon="-121.108408">
<ele>147</ele>
<time>2026-10-02T05:11:32Z</time></trkpt>
<trkpt lat="38.812964" lon="-121.108396">
<ele>147</ele>
<time>2026-10-02T05:11:35Z</time></trkpt>
<trkpt lat="38.812869" lon="-121.108457">
<ele>147</ele>
<time>2026-10-02T05:11:39Z</time></trkpt>
<trkpt lat="38.812926" lon="-121.108534">
<ele>146</ele>
<time>2026-10-02T05:11:42Z</time></trkpt>
<trkpt lat="38.81299" lon="-121.108774">
<ele>142</ele>
<time>2026-10-02T05:11:50Z</time></trkpt>
<trkpt lat="38.81299" lon="-121.108774">
<ele>142</ele>
<time>2026-10-02T05:11:50Z</time></trkpt>
<trkpt lat="38.81286" lon="-121.108973">
<ele>146</ele>
<time>2026-10-02T05:11:58Z</time></trkpt>
<trkpt lat="38.812853" lon="-121.109148">
<ele>147</ele>
<time>2026-10-02T05:12:04Z</time></trkpt>
<trkpt lat="38.812929" lon="-121.10925">
<ele>147</ele>
<time>2026-10-02T05:12:08Z</time></trkpt>
<trkpt lat="38.813047" lon="-121.109299">
<ele>145</ele>
<time>2026-10-02T05:12:13Z</time></trkpt>
<trkpt lat="38.813104" lon="-121.10938">
<ele>146</ele>
<time>2026-10-02T05:12:17Z</time></trkpt>
<trkpt lat="38.813132" lon="-121.109567">
<ele>150</ele>
<time>2026-10-02T05:12:22Z</time></trkpt>
<trkpt lat="38.813338" lon="-121.109648">
<ele>150</ele>
<time>2026-10-02T05:12:31Z</time></trkpt>
<trkpt lat="38.813401" lon="-121.109652">
<ele>150</ele>
<time>2026-10-02T05:12:34Z</time></trkpt>
<trkpt lat="38.813889" lon="-121.109815">
<ele>153</ele>
<time>2026-10-02T05:12:54Z</time></trkpt>
<trkpt lat="38.814119" lon="-121.109982">
<ele>154</ele>
<time>2026-10-02T05:13:04Z</time></trkpt>
<trkpt lat="38.814344" lon="-121.110001">
<ele>152</ele>
<time>2026-10-02T05:13:13Z</time></trkpt>
<trkpt lat="38.814497" lon="-121.110094">
<ele>156</ele>
<time>2026-10-02T05:13:20Z</time></trkpt>
<trkpt lat="38.81481" lon="-121.110094">
<ele>155</ele>
<time>2026-10-02T05:13:33Z</time></trkpt>
<trkpt lat="38.81481" lon="-121.110094">
<ele>155</ele>
<time>2026-10-02T05:13:33Z</time></trkpt>
<trkpt lat="38.814999" lon="-121.110412">
<ele>155</ele>
<time>2026-10-02T05:13:45Z</time></trkpt>
<trkpt lat="38.814905" lon="-121.110813">
<ele>154</ele>
<time>2026-10-02T05:13:58Z</time></trkpt>
<trkpt lat="38.815043" lon="-121.110869">
<ele>153</ele>
<time>2026-10-02T05:14:04Z</time></trkpt>
<trkpt lat="38.815392" lon="-121.110757">
<ele>152</ele>
<time>2026-10-02T05:14:19Z</time></trkpt>
<trkpt lat="38.815632" lon="-121.110598">
<ele>147</ele>
<time>2026-10-02T05:14:29Z</time></trkpt>
<trkpt lat="38.816411" lon="-121.111121">
<ele>156</ele>
<time>2026-10-02T05:15:05Z</time></trkpt>
<trkpt lat="38.816375" lon="-121.110981">
<ele>155</ele>
<time>2026-10-02T05:15:09Z</time></trkpt>
<trkpt lat="38.816418" lon="-121.110776">
<ele>156</ele>
<time>2026-10-02T05:15:16Z</time></trkpt>
<trkpt lat="38.816557" lon="-121.110477">
<ele>157</ele>
<time>2026-10-02T05:15:27Z</time></trkpt>
<trkpt lat="38.816691" lon="-121.110369">
<ele>159</ele>
<time>2026-10-02T05:15:33Z</time></trkpt>
<trkpt lat="38.81691" lon="-121.110052">
<ele>159</ele>
<time>2026-10-02T05:15:46Z</time></trkpt>
<trkpt lat="38.817015" lon="-121.11001">
<ele>158</ele>
<time>2026-10-02T05:15:51Z</time></trkpt>
<trkpt lat="38.817015" lon="-121.11001">
<ele>158</ele>
<time>2026-10-02T05:15:51Z</time></trkpt>
<trkpt lat="38.817441" lon="-121.110435">
<ele>168</ele>
<time>2026-10-02T05:16:12Z</time></trkpt>
<trkpt lat="38.817666" lon="-121.110285">
<ele>168</ele>
<time>2026-10-02T05:16:22Z</time></trkpt>
<trkpt lat="38.817783" lon="-121.110127">
<ele>169</ele>
<time>2026-10-02T05:16:29Z</time></trkpt>
<trkpt lat="38.818176" lon="-121.110206">
<ele>172</ele>
<time>2026-10-02T05:16:45Z</time></trkpt>
<trkpt lat="38.818285" lon="-121.110183">
<ele>170</ele>
<time>2026-10-02T05:16:50Z</time></trkpt>
<trkpt lat="38.818631" lon="-121.109711">
<ele>167</ele>
<time>2026-10-02T05:17:10Z</time></trkpt>
<trkpt lat="38.818714" lon="-121.109646">
<ele>164</ele>
<time>2026-10-02T05:17:14Z</time></trkpt>
<trkpt lat="38.818944" lon="-121.109874">
<ele>164</ele>
<time>2026-10-02T05:17:25Z</time></trkpt>
<trkpt lat="38.819188" lon="-121.109898">
<ele>162</ele>
<time>2026-10-02T05:17:35Z</time></trkpt>
<trkpt lat="38.819275" lon="-121.109314">
<ele>152</ele>
<time>2026-10-02T05:17:54Z</time></trkpt>
<trkpt lat="38.819275" lon="-121.109314">
<ele>152</ele>
<time>2026-10-02T05:17:54Z</time></trkpt>
<trkpt lat="38.819358" lon="-121.109235">
<ele>151</ele>
<time>2026-10-02T05:17:58Z</time></trkpt>
<trkpt lat="38.819628" lon="-121.109356">
<ele>151</ele>
<time>2026-10-02T05:18:09Z</time></trkpt>
<trkpt lat="38.820082" lon="-121.108926">
<ele>155</ele>
<time>2026-10-02T05:18:32Z</time></trkpt>
<trkpt lat="38.820195" lon="-121.108707">
<ele>157</ele>
<time>2026-10-02T05:18:40Z</time></trkpt>
<trkpt lat="38.82033" lon="-121.108609">
<ele>159</ele>
<time>2026-10-02T05:18:46Z</time></trkpt>
<trkpt lat="38.820741" lon="-121.108623">
<ele>158</ele>
<time>2026-10-02T05:19:03Z</time></trkpt>
<trkpt lat="38.820839" lon="-121.108665">
<ele>158</ele>
<time>2026-10-02T05:19:07Z</time></trkpt>
<trkpt lat="38.820981" lon="-121.108884">
<ele>161</ele>
<time>2026-10-02T05:19:16Z</time></trkpt>
<trkpt lat="38.821087" lon="-121.108912">
<ele>160</ele>
<time>2026-10-02T05:19:20Z</time></trkpt>
<trkpt lat="38.82113" lon="-121.10888">
<ele>159</ele>
<time>2026-10-02T05:19:22Z</time></trkpt>
<trkpt lat="38.82121" lon="-121.108614">
<ele>153</ele>
<time>2026-10-02T05:19:31Z</time></trkpt>
<trkpt lat="38.821338" lon="-121.1086">
<ele>153</ele>
<time>2026-10-02T05:19:36Z</time></trkpt>
<trkpt lat="38.821327" lon="-121.108441">
<ele>152</ele>
<time>2026-10-02T05:19:41Z</time></trkpt>
<trkpt lat="38.821454" lon="-121.108011">
<ele>155</ele>
<time>2026-10-02T05:19:56Z</time></trkpt>
<trkpt lat="38.82156" lon="-121.107413">
<ele>156</ele>
<time>2026-10-02T05:20:15Z</time></trkpt>
<trkpt lat="38.82156" lon="-121.107077">
<ele>154</ele>
<time>2026-10-02T05:20:25Z</time></trkpt>
<trkpt lat="38.82156" lon="-121.107077">
<ele>154</ele>
<time>2026-10-02T05:20:25Z</time></trkpt>
<trkpt lat="38.821782" lon="-121.106774">
<ele>153</ele>
<time>2026-10-02T05:20:38Z</time></trkpt>
<trkpt lat="38.822011" lon="-121.10668">
<ele>153</ele>
<time>2026-10-02T05:20:48Z</time></trkpt>
<trkpt lat="38.822651" lon="-121.106764">
<ele>156</ele>
<time>2026-10-02T05:21:14Z</time></trkpt>
<trkpt lat="38.822757" lon="-121.106699">
<ele>155</ele>
<time>2026-10-02T05:21:18Z</time></trkpt>
<trkpt lat="38.822607" lon="-121.106288">
<ele>153</ele>
<time>2026-10-02T05:21:33Z</time></trkpt>
<trkpt lat="38.822655" lon="-121.105751">
<ele>155</ele>
<time>2026-10-02T05:21:49Z</time></trkpt>
<trkpt lat="38.822444" lon="-121.105134">
<ele>149</ele>
<time>2026-10-02T05:22:10Z</time></trkpt>
<trkpt lat="38.822196" lon="-121.104751">
<ele>148</ele>
<time>2026-10-02T05:22:26Z</time></trkpt>
<trkpt lat="38.822062" lon="-121.104261">
<ele>151</ele>
<time>2026-10-02T05:22:42Z</time></trkpt>
<trkpt lat="38.822102" lon="-121.104046">
<ele>153</ele>
<time>2026-10-02T05:22:49Z</time></trkpt>
<trkpt lat="38.822062" lon="-121.103925">
<ele>152</ele>
<time>2026-10-02T05:22:53Z</time></trkpt>
<trkpt lat="38.822025" lon="-121.10328">
<ele>152</ele>
<time>2026-10-02T05:23:13Z</time></trkpt>
<trkpt lat="38.822081" lon="-121.103153">
<ele>152</ele>
<time>2026-10-02T05:23:18Z</time></trkpt>
<trkpt lat="38.822081" lon="-121.103153">
<ele>152</ele>
<time>2026-10-02T05:23:18Z</time></trkpt>
<trkpt lat="38.822145" lon="-121.103005">
<ele>152</ele>
<time>2026-10-02T05:23:23Z</time></trkpt>
<trkpt lat="38.822451" lon="-121.102837">
<ele>154</ele>
<time>2026-10-02T05:23:37Z</time></trkpt>
<trkpt lat="38.822597" lon="-121.102491">
<ele>153</ele>
<time>2026-10-02T05:23:49Z</time></trkpt>
<trkpt lat="38.822509" lon="-121.101959">
<ele>151</ele>
<time>2026-10-02T05:24:06Z</time></trkpt>
<trkpt lat="38.822615" lon="-121.101781">
<ele>151</ele>
<time>2026-10-02T05:24:13Z</time></trkpt>
<trkpt lat="38.822851" lon="-121.101749">
<ele>156</ele>
<time>2026-10-02T05:24:22Z</time></trkpt>
<trkpt lat="38.822928" lon="-121.101599">
<ele>154</ele>
<time>2026-10-02T05:24:28Z</time></trkpt>
<trkpt lat="38.823473" lon="-121.10103">
<ele>157</ele>
<time>2026-10-02T05:24:56Z</time></trkpt>
<trkpt lat="38.823586" lon="-121.10081">
<ele>154</ele>
<time>2026-10-02T05:25:04Z</time></trkpt>
<trkpt lat="38.823735" lon="-121.100661">
<ele>152</ele>
<time>2026-10-02T05:25:12Z</time></trkpt>
<trkpt lat="38.824001" lon="-121.10067">
<ele>154</ele>
<time>2026-10-02T05:25:23Z</time></trkpt>
<trkpt lat="38.824449" lon="-121.100455">
<ele>153</ele>
<time>2026-10-02T05:25:42Z</time></trkpt>
<trkpt lat="38.824416" lon="-121.100376">
<ele>151</ele>
<time>2026-10-02T05:25:45Z</time></trkpt>
<trkpt lat="38.82423" lon="-121.100408">
<ele>150</ele>
<time>2026-10-02T05:25:52Z</time></trkpt>
<trkpt lat="38.823623" lon="-121.100147">
<ele>149</ele>
<time>2026-10-02T05:26:18Z</time></trkpt>
<trkpt lat="38.823117" lon="-121.100469">
<ele>146</ele>
<time>2026-10-02T05:26:40Z</time></trkpt>
<trkpt lat="38.82268" lon="-121.100567">
<ele>142</ele>
<time>2026-10-02T05:26:58Z</time></trkpt>
<trkpt lat="38.822388" lon="-121.100152">
<ele>143</ele>
<time>2026-10-02T05:27:16Z</time></trkpt>
<trkpt lat="38.822422" lon="-121.099825">
<ele>145</ele>
<time>2026-10-02T05:27:26Z</time></trkpt>
<trkpt lat="38.822375" lon="-121.099526">
<ele>146</ele>
<time>2026-10-02T05:27:35Z</time></trkpt>
<trkpt lat="38.822487" lon="-121.098779">
<ele>144</ele>
<time>2026-10-02T05:27:59Z</time></trkpt>
<trkpt lat="38.822393" lon="-121.098624">
<ele>144</ele>
<time>2026-10-02T05:28:05Z</time></trkpt>
<trkpt lat="38.822298" lon="-121.098517">
<ele>145</ele>
<time>2026-10-02T05:28:10Z</time></trkpt>
<trkpt lat="38.822207" lon="-121.098284">
<ele>147</ele>
<time>2026-10-02T05:28:19Z</time></trkpt>
<trkpt lat="38.8222" lon="-121.097919">
<ele>148</ele>
<time>2026-10-02T05:28:30Z</time></trkpt>
<trkpt lat="38.822266" lon="-121.09719">
<ele>158</ele>
<time>2026-10-02T05:28:53Z</time></trkpt>
<trkpt lat="38.822266" lon="-121.09719">
<ele>158</ele>
<time>2026-10-02T05:28:53Z</time></trkpt>
<trkpt lat="38.822309" lon="-121.09671">
<ele>159</ele>
<time>2026-10-02T05:29:08Z</time></trkpt>
<trkpt lat="38.822349" lon="-121.095262">
<ele>156</ele>
<time>2026-10-02T05:29:53Z</time></trkpt>
<trkpt lat="38.822236" lon="-121.095127">
<ele>153</ele>
<time>2026-10-02T05:29:59Z</time></trkpt>
<trkpt lat="38.822207" lon="-121.0948">
<ele>151</ele>
<time>2026-10-02T05:30:10Z</time></trkpt>
<trkpt lat="38.822251" lon="-121.094702">
<ele>150</ele>
<time>2026-10-02T05:30:13Z</time></trkpt>
<trkpt lat="38.822153" lon="-121.094529">
<ele>149</ele>
<time>2026-10-02T05:30:20Z</time></trkpt>
<trkpt lat="38.821818" lon="-121.094393">
<ele>144</ele>
<time>2026-10-02T05:30:34Z</time></trkpt>
<trkpt lat="38.8218" lon="-121.094281">
<ele>143</ele>
<time>2026-10-02T05:30:38Z</time></trkpt>
<trkpt lat="38.821934" lon="-121.09395">
<ele>142</ele>
<time>2026-10-02T05:30:49Z</time></trkpt>
<trkpt lat="38.821902" lon="-121.0938">
<ele>142</ele>
<time>2026-10-02T05:30:54Z</time></trkpt>
<trkpt lat="38.821723" lon="-121.093712">
<ele>142</ele>
<time>2026-10-02T05:31:02Z</time></trkpt>
<trkpt lat="38.821647" lon="-121.09352">
<ele>143</ele>
<time>2026-10-02T05:31:08Z</time></trkpt>
<trkpt lat="38.821563" lon="-121.093221">
<ele>143</ele>
<time>2026-10-02T05:31:18Z</time></trkpt>
<trkpt lat="38.821563" lon="-121.093221">
<ele>143</ele>
<time>2026-10-02T05:31:18Z</time></trkpt>
<trkpt lat="38.821236" lon="-121.093076">
<ele>146</ele>
<time>2026-10-02T05:31:32Z</time></trkpt>
<trkpt lat="38.821199" lon="-121.09295">
<ele>146</ele>
<time>2026-10-02T05:31:36Z</time></trkpt>
<trkpt lat="38.821007" lon="-121.092992">
<ele>151</ele>
<time>2026-10-02T05:31:44Z</time></trkpt>
<trkpt lat="38.82101" lon="-121.093091">
<ele>151</ele>
<time>2026-10-02T05:31:47Z</time></trkpt>
<trkpt lat="38.820836" lon="-121.093459">
<ele>153</ele>
<time>2026-10-02T05:32:01Z</time></trkpt>
<trkpt lat="38.820778" lon="-121.093476">
<ele>153</ele>
<time>2026-10-02T05:32:03Z</time></trkpt>
<trkpt lat="38.820778" lon="-121.093476">
<ele>153</ele>
<time>2026-10-02T05:32:03Z</time></trkpt>
<trkpt lat="38.820625" lon="-121.09352">
<ele>153</ele>
<time>2026-10-02T05:32:09Z</time></trkpt>
<trkpt lat="38.820414" lon="-121.093338">
<ele>155</ele>
<time>2026-10-02T05:32:20Z</time></trkpt>
<trkpt lat="38.820363" lon="-121.093058">
<ele>156</ele>
<time>2026-10-02T05:32:29Z</time></trkpt>
<trkpt lat="38.820068" lon="-121.092876">
<ele>152</ele>
<time>2026-10-02T05:32:42Z</time></trkpt>
<trkpt lat="38.819944" lon="-121.092656">
<ele>154</ele>
<time>2026-10-02T05:32:50Z</time></trkpt>
<trkpt lat="38.81958" lon="-121.092469">
<ele>154</ele>
<time>2026-10-02T05:33:06Z</time></trkpt>
<trkpt lat="38.819388" lon="-121.092152">
<ele>156</ele>
<time>2026-10-02T05:33:18Z</time></trkpt>
<trkpt lat="38.81934" lon="-121.091176">
<ele>158</ele>
<time>2026-10-02T05:33:49Z</time></trkpt>
<trkpt lat="38.819282" lon="-121.090821">
<ele>160</ele>
<time>2026-10-02T05:34:00Z</time></trkpt>
<trkpt lat="38.8193" lon="-121.090639">
<ele>162</ele>
<time>2026-10-02T05:34:06Z</time></trkpt>
<trkpt lat="38.81944" lon="-121.090392">
<ele>164</ele>
<time>2026-10-02T05:34:16Z</time></trkpt>
<trkpt lat="38.81944" lon="-121.090392">
<ele>164</ele>
<time>2026-10-02T05:34:16Z</time></trkpt>
<trkpt lat="38.819482" lon="-121.090317">
<ele>164</ele>
<time>2026-10-02T05:34:18Z</time></trkpt>
<trkpt lat="38.819515" lon="-121.089896">
<ele>160</ele>
<time>2026-10-02T05:34:32Z</time></trkpt>
<trkpt lat="38.81966" lon="-121.089715">
<ele>161</ele>
<time>2026-10-02T05:34:40Z</time></trkpt>
<trkpt lat="38.8194399" lon="-121.0896671">
<ele>156</ele>
<time>2026-10-02T05:34:49Z</time></trkpt>
<trkpt lat="38.819352" lon="-121.0898495">
<ele>157</ele>
<time>2026-10-02T05:34:55Z</time></trkpt>
<trkpt lat="38.8193185" lon="-121.0898066">
<ele>156</ele>
<time>2026-10-02T05:34:57Z</time></trkpt>
<trkpt lat="38.8193979" lon="-121.089592">
<ele>155</ele>
<time>2026-10-02T05:35:05Z</time></trkpt>
<trkpt lat="38.8196569" lon="-121.0896617">
<ele>160</ele>
<time>2026-10-02T05:35:15Z</time></trkpt>
<trkpt lat="38.819674" lon="-121.089705">
<ele>161</ele>
<time>2026-10-02T05:35:17Z</time></trkpt>
<trkpt lat="38.819777" lon="-121.089639">
<ele>160</ele>
<time>2026-10-02T05:35:21Z</time></trkpt>
<trkpt lat="38.820017" lon="-121.08963">
<ele>161</ele>
<time>2026-10-02T05:35:31Z</time></trkpt>
<trkpt lat="38.820126" lon="-121.089729">
<ele>162</ele>
<time>2026-10-02T05:35:36Z</time></trkpt>
<trkpt lat="38.820126" lon="-121.089729">
<ele>162</ele>
<time>2026-10-02T05:35:36Z</time></trkpt>
<trkpt lat="38.820192" lon="-121.089789">
<ele>163</ele>
<time>2026-10-02T05:35:40Z</time></trkpt>
<trkpt lat="38.82033" lon="-121.089789">
<ele>164</ele>
<time>2026-10-02T05:35:45Z</time></trkpt>
<trkpt lat="38.82037" lon="-121.089709">
<ele>164</ele>
<time>2026-10-02T05:35:48Z</time></trkpt>
<trkpt lat="38.820257" lon="-121.089555">
<ele>161</ele>
<time>2026-10-02T05:35:55Z</time></trkpt>
<trkpt lat="38.820195" lon="-121.08921">
<ele>161</ele>
<time>2026-10-02T05:36:06Z</time></trkpt>
<trkpt lat="38.820264" lon="-121.08906">
<ele>162</ele>
<time>2026-10-02T05:36:11Z</time></trkpt>
<trkpt lat="38.820264" lon="-121.08892">
<ele>162</ele>
<time>2026-10-02T05:36:16Z</time></trkpt>
<trkpt lat="38.820195" lon="-121.088794">
<ele>160</ele>
<time>2026-10-02T05:36:20Z</time></trkpt>
<trkpt lat="38.820294" lon="-121.088561">
<ele>163</ele>
<time>2026-10-02T05:36:29Z</time></trkpt>
<trkpt lat="38.820246" lon="-121.088472">
<ele>162</ele>
<time>2026-10-02T05:36:32Z</time></trkpt>
<trkpt lat="38.819999" lon="-121.088355">
<ele>161</ele>
<time>2026-10-02T05:36:43Z</time></trkpt>
<trkpt lat="38.819933" lon="-121.088224">
<ele>161</ele>
<time>2026-10-02T05:36:48Z</time></trkpt>
<trkpt lat="38.819901" lon="-121.088061">
<ele>162</ele>
<time>2026-10-02T05:36:53Z</time></trkpt>
<trkpt lat="38.819966" lon="-121.087766">
<ele>162</ele>
<time>2026-10-02T05:37:02Z</time></trkpt>
<trkpt lat="38.819966" lon="-121.087766">
<ele>162</ele>
<time>2026-10-02T05:37:02Z</time></trkpt>
<trkpt lat="38.819977" lon="-121.087715">
<ele>162</ele>
<time>2026-10-02T05:37:04Z</time></trkpt>
<trkpt lat="38.820104" lon="-121.08751">
<ele>164</ele>
<time>2026-10-02T05:37:12Z</time></trkpt>
<trkpt lat="38.820133" lon="-121.087001">
<ele>169</ele>
<time>2026-10-02T05:37:28Z</time></trkpt>
<trkpt lat="38.820239" lon="-121.086585">
<ele>171</ele>
<time>2026-10-02T05:37:42Z</time></trkpt>
<trkpt lat="38.82033" lon="-121.086501">
<ele>170</ele>
<time>2026-10-02T05:37:46Z</time></trkpt>
<trkpt lat="38.820432" lon="-121.08652">
<ele>168</ele>
<time>2026-10-02T05:37:50Z</time></trkpt>
<trkpt lat="38.820628" lon="-121.08673">
<ele>165</ele>
<time>2026-10-02T05:38:01Z</time></trkpt>
<trkpt lat="38.820716" lon="-121.087024">
<ele>165</ele>
<time>2026-10-02T05:38:10Z</time></trkpt>
<trkpt lat="38.821058" lon="-121.087613">
<ele>164</ele>
<time>2026-10-02T05:38:33Z</time></trkpt>
<trkpt lat="38.82117" lon="-121.087692">
<ele>165</ele>
<time>2026-10-02T05:38:39Z</time></trkpt>
<trkpt lat="38.821538" lon="-121.08737">
<ele>164</ele>
<time>2026-10-02T05:38:56Z</time></trkpt>
<trkpt lat="38.821789" lon="-121.08729">
<ele>164</ele>
<time>2026-10-02T05:39:07Z</time></trkpt>
<trkpt lat="38.821945" lon="-121.0874">
<ele>164</ele>
<time>2026-10-02T05:39:14Z</time></trkpt>
<trkpt lat="38.821945" lon="-121.0874">
<ele>164</ele>
<time>2026-10-02T05:39:14Z</time></trkpt>
<trkpt lat="38.822324" lon="-121.087664">
<ele>164</ele>
<time>2026-10-02T05:39:31Z</time></trkpt>
<trkpt lat="38.822473" lon="-121.087996">
<ele>166</ele>
<time>2026-10-02T05:39:43Z</time></trkpt>
<trkpt lat="38.822848" lon="-121.087879">
<ele>168</ele>
<time>2026-10-02T05:39:59Z</time></trkpt>
<trkpt lat="38.822902" lon="-121.087673">
<ele>168</ele>
<time>2026-10-02T05:40:05Z</time></trkpt>
<trkpt lat="38.822884" lon="-121.087552">
<ele>167</ele>
<time>2026-10-02T05:40:09Z</time></trkpt>
<trkpt lat="38.823059" lon="-121.087099">
<ele>165</ele>
<time>2026-10-02T05:40:25Z</time></trkpt>
<trkpt lat="38.823288" lon="-121.087029">
<ele>162</ele>
<time>2026-10-02T05:40:34Z</time></trkpt>
<trkpt lat="38.82343" lon="-121.087136">
<ele>160</ele>
<time>2026-10-02T05:40:41Z</time></trkpt>
<trkpt lat="38.823539" lon="-121.087407">
<ele>164</ele>
<time>2026-10-02T05:40:51Z</time></trkpt>
<trkpt lat="38.823917" lon="-121.088145">
<ele>171</ele>
<time>2026-10-02T05:41:18Z</time></trkpt>
<trkpt lat="38.824248" lon="-121.088252">
<ele>172</ele>
<time>2026-10-02T05:41:32Z</time></trkpt>
<trkpt lat="38.824347" lon="-121.088308">
<ele>173</ele>
<time>2026-10-02T05:41:36Z</time></trkpt>
<trkpt lat="38.824496" lon="-121.088612">
<ele>177</ele>
<time>2026-10-02T05:41:47Z</time></trkpt>
<trkpt lat="38.824601" lon="-121.089">
<ele>175</ele>
<time>2026-10-02T05:42:00Z</time></trkpt>
<trkpt lat="38.824601" lon="-121.089191">
<ele>173</ele>
<time>2026-10-02T05:42:06Z</time></trkpt>
<trkpt lat="38.824467" lon="-121.089485">
<ele>170</ele>
<time>2026-10-02T05:42:17Z</time></trkpt>
<trkpt lat="38.824537" lon="-121.089561">
<ele>169</ele>
<time>2026-10-02T05:42:20Z</time></trkpt>
<trkpt lat="38.824537" lon="-121.089561">
<ele>169</ele>
<time>2026-10-02T05:42:20Z</time></trkpt>
<trkpt lat="38.824834" lon="-121.089882">
<ele>168</ele>
<time>2026-10-02T05:42:36Z</time></trkpt>
<trkpt lat="38.825074" lon="-121.089952">
<ele>165</ele>
<time>2026-10-02T05:42:46Z</time></trkpt>
<trkpt lat="38.825278" lon="-121.090055">
<ele>163</ele>
<time>2026-10-02T05:42:55Z</time></trkpt>
<trkpt lat="38.825525" lon="-121.090359">
<ele>163</ele>
<time>2026-10-02T05:43:08Z</time></trkpt>
<trkpt lat="38.82578" lon="-121.090816">
<ele>168</ele>
<time>2026-10-02T05:43:26Z</time></trkpt>
<trkpt lat="38.826046" lon="-121.090471">
<ele>163</ele>
<time>2026-10-02T05:43:41Z</time></trkpt>
<trkpt lat="38.826202" lon="-121.090391">
<ele>158</ele>
<time>2026-10-02T05:43:48Z</time></trkpt>
<trkpt lat="38.826508" lon="-121.090629">
<ele>156</ele>
<time>2026-10-02T05:44:02Z</time></trkpt>
<trkpt lat="38.826777" lon="-121.091078">
<ele>159</ele>
<time>2026-10-02T05:44:20Z</time></trkpt>
<trkpt lat="38.827242" lon="-121.091586">
<ele>160</ele>
<time>2026-10-02T05:44:44Z</time></trkpt>
<trkpt lat="38.827242" lon="-121.091586">
<ele>160</ele>
<time>2026-10-02T05:44:44Z</time></trkpt>
<trkpt lat="38.827315" lon="-121.091666">
<ele>160</ele>
<time>2026-10-02T05:44:48Z</time></trkpt>
<trkpt lat="38.827752" lon="-121.091872">
<ele>156</ele>
<time>2026-10-02T05:45:07Z</time></trkpt>
<trkpt lat="38.828956" lon="-121.092151">
<ele>147</ele>
<time>2026-10-02T05:45:56Z</time></trkpt>
<trkpt lat="38.829364" lon="-121.09239">
<ele>146</ele>
<time>2026-10-02T05:46:14Z</time></trkpt>
<trkpt lat="38.829582" lon="-121.092315">
<ele>145</ele>
<time>2026-10-02T05:46:23Z</time></trkpt>
<trkpt lat="38.829658" lon="-121.092194">
<ele>145</ele>
<time>2026-10-02T05:46:28Z</time></trkpt>
<trkpt lat="38.829655" lon="-121.092082">
<ele>145</ele>
<time>2026-10-02T05:46:31Z</time></trkpt>
<trkpt lat="38.82952" lon="-121.092035">
<ele>144</ele>
<time>2026-10-02T05:46:37Z</time></trkpt>
<trkpt lat="38.829425" lon="-121.091918">
<ele>143</ele>
<time>2026-10-02T05:46:42Z</time></trkpt>
<trkpt lat="38.829404" lon="-121.091363">
<ele>143</ele>
<time>2026-10-02T05:46:59Z</time></trkpt>
<trkpt lat="38.829615" lon="-121.09098">
<ele>143</ele>
<time>2026-10-02T05:47:14Z</time></trkpt>
<trkpt lat="38.829797" lon="-121.090891">
<ele>143</ele>
<time>2026-10-02T05:47:22Z</time></trkpt>
<trkpt lat="38.82984" lon="-121.090961">
<ele>143</ele>
<time>2026-10-02T05:47:25Z</time></trkpt>
<trkpt lat="38.830113" lon="-121.091115">
<ele>145</ele>
<time>2026-10-02T05:47:37Z</time></trkpt>
<trkpt lat="38.830321" lon="-121.091092">
<ele>144</ele>
<time>2026-10-02T05:47:45Z</time></trkpt>
<trkpt lat="38.830321" lon="-121.091092">
<ele>144</ele>
<time>2026-10-02T05:47:45Z</time></trkpt>
<trkpt lat="38.830451" lon="-121.091078">
<ele>143</ele>
<time>2026-10-02T05:47:50Z</time></trkpt>
<trkpt lat="38.830655" lon="-121.09091">
<ele>143</ele>
<time>2026-10-02T05:48:00Z</time></trkpt>
<trkpt lat="38.830968" lon="-121.090756">
<ele>143</ele>
<time>2026-10-02T05:48:13Z</time></trkpt>
<trkpt lat="38.831092" lon="-121.090798">
<ele>144</ele>
<time>2026-10-02T05:48:18Z</time></trkpt>
<trkpt lat="38.831281" lon="-121.091087">
<ele>145</ele>
<time>2026-10-02T05:48:30Z</time></trkpt>
<trkpt lat="38.831688" lon="-121.091293">
<ele>145</ele>
<time>2026-10-02T05:48:48Z</time></trkpt>
<trkpt lat="38.831863" lon="-121.091148">
<ele>146</ele>
<time>2026-10-02T05:48:56Z</time></trkpt>
<trkpt lat="38.832194" lon="-121.090713">
<ele>145</ele>
<time>2026-10-02T05:49:15Z</time></trkpt>
<trkpt lat="38.832368" lon="-121.090698">
<ele>146</ele>
<time>2026-10-02T05:49:22Z</time></trkpt>
<trkpt lat="38.832368" lon="-121.090698">
<ele>146</ele>
<time>2026-10-02T05:49:22Z</time></trkpt>
<trkpt lat="38.832445" lon="-121.090691">
<ele>147</ele>
<time>2026-10-02T05:49:25Z</time></trkpt>
<trkpt lat="38.832519" lon="-121.090691">
<ele>147</ele>
<time>2026-10-02T05:49:28Z</time></trkpt>
<trkpt lat="38.832612" lon="-121.090725">
<ele>146</ele>
<time>2026-10-02T05:49:32Z</time></trkpt>
<trkpt lat="38.833154" lon="-121.091008">
<ele>145</ele>
<time>2026-10-02T05:49:56Z</time></trkpt>
<trkpt lat="38.833896" lon="-121.091515">
<ele>146</ele>
<time>2026-10-02T05:50:29Z</time></trkpt>
<trkpt lat="38.833969" lon="-121.091592">
<ele>147</ele>
<time>2026-10-02T05:50:33Z</time></trkpt>
<trkpt lat="38.834464" lon="-121.092339">
<ele>147</ele>
<time>2026-10-02T05:51:04Z</time></trkpt>
<trkpt lat="38.834578" lon="-121.09245">
<ele>149</ele>
<time>2026-10-02T05:51:09Z</time></trkpt>
<trkpt lat="38.835093" lon="-121.092776">
<ele>143</ele>
<time>2026-10-02T05:51:32Z</time></trkpt>
<trkpt lat="38.835279" lon="-121.093202">
<ele>147</ele>
<time>2026-10-02T05:51:48Z</time></trkpt>
<trkpt lat="38.835456" lon="-121.093693">
<ele>152</ele>
<time>2026-10-02T05:52:04Z</time></trkpt>
<trkpt lat="38.835696" lon="-121.094033">
<ele>157</ele>
<time>2026-10-02T05:52:19Z</time></trkpt>
<trkpt lat="38.835873" lon="-121.094052">
<ele>150</ele>
<time>2026-10-02T05:52:26Z</time></trkpt>
<trkpt lat="38.835873" lon="-121.094052">
<ele>150</ele>
<time>2026-10-02T05:52:26Z</time></trkpt>
<trkpt lat="38.836138" lon="-121.094136">
<ele>150</ele>
<time>2026-10-02T05:52:37Z</time></trkpt>
<trkpt lat="38.836363" lon="-121.094089">
<ele>148</ele>
<time>2026-10-02T05:52:46Z</time></trkpt>
<trkpt lat="38.836465" lon="-121.094141">
<ele>149</ele>
<time>2026-10-02T05:52:50Z</time></trkpt>
<trkpt lat="38.836514" lon="-121.094242">
<ele>150</ele>
<time>2026-10-02T05:52:54Z</time></trkpt>
<trkpt lat="38.83664" lon="-121.094317">
<ele>153</ele>
<time>2026-10-02T05:53:00Z</time></trkpt>
<trkpt lat="38.836706" lon="-121.094098">
<ele>151</ele>
<time>2026-10-02T05:53:07Z</time></trkpt>
<trkpt lat="38.836685" lon="-121.093978">
<ele>149</ele>
<time>2026-10-02T05:53:11Z</time></trkpt>
<trkpt lat="38.836594" lon="-121.093796">
<ele>150</ele>
<time>2026-10-02T05:53:18Z</time></trkpt>
<trkpt lat="38.836549" lon="-121.093737">
<ele>151</ele>
<time>2026-10-02T05:53:20Z</time></trkpt>
<trkpt lat="38.836324" lon="-121.09361">
<ele>147</ele>
<time>2026-10-02T05:53:30Z</time></trkpt>
<trkpt lat="38.836261" lon="-121.093533">
<ele>147</ele>
<time>2026-10-02T05:53:34Z</time></trkpt>
<trkpt lat="38.835774" lon="-121.092553">
<ele>144</ele>
<time>2026-10-02T05:54:10Z</time></trkpt>
<trkpt lat="38.835614" lon="-121.09185">
<ele>149</ele>
<time>2026-10-02T05:54:33Z</time></trkpt>
<trkpt lat="38.835694" lon="-121.091572">
<ele>151</ele>
<time>2026-10-02T05:54:42Z</time></trkpt>
<trkpt lat="38.8357" lon="-121.09132">
<ele>150</ele>
<time>2026-10-02T05:54:50Z</time></trkpt>
<trkpt lat="38.835527" lon="-121.090956">
<ele>149</ele>
<time>2026-10-02T05:55:03Z</time></trkpt>
<trkpt lat="38.83551" lon="-121.090671">
<ele>150</ele>
<time>2026-10-02T05:55:12Z</time></trkpt>
<trkpt lat="38.835285" lon="-121.090283">
<ele>149</ele>
<time>2026-10-02T05:55:27Z</time></trkpt>
<trkpt lat="38.83534" lon="-121.090003">
<ele>149</ele>
<time>2026-10-02T05:55:36Z</time></trkpt>
<trkpt lat="38.83534" lon="-121.090003">
<ele>149</ele>
<time>2026-10-02T05:55:36Z</time></trkpt>
<trkpt lat="38.835376" lon="-121.089823">
<ele>149</ele>
<time>2026-10-02T05:55:42Z</time></trkpt>
<trkpt lat="38.835294" lon="-121.089039">
<ele>150</ele>
<time>2026-10-02T05:56:07Z</time></trkpt>
<trkpt lat="38.835407" lon="-121.088728">
<ele>152</ele>
<time>2026-10-02T05:56:17Z</time></trkpt>
<trkpt lat="38.835481" lon="-121.087986">
<ele>154</ele>
<time>2026-10-02T05:56:41Z</time></trkpt>
<trkpt lat="38.835547" lon="-121.087757">
<ele>154</ele>
<time>2026-10-02T05:56:48Z</time></trkpt>
<trkpt lat="38.835889" lon="-121.087295">
<ele>154</ele>
<time>2026-10-02T05:57:08Z</time></trkpt>
<trkpt lat="38.836096" lon="-121.086895">
<ele>152</ele>
<time>2026-10-02T05:57:23Z</time></trkpt>
<trkpt lat="38.83606" lon="-121.086645">
<ele>152</ele>
<time>2026-10-02T05:57:31Z</time></trkpt>
<trkpt lat="38.836092" lon="-121.086314">
<ele>154</ele>
<time>2026-10-02T05:57:42Z</time></trkpt>
<trkpt lat="38.836245" lon="-121.085686">
<ele>151</ele>
<time>2026-10-02T05:58:02Z</time></trkpt>
<trkpt lat="38.836485" lon="-121.085294">
<ele>148</ele>
<time>2026-10-02T05:58:18Z</time></trkpt>
<trkpt lat="38.836504" lon="-121.084829">
<ele>149</ele>
<time>2026-10-02T05:58:32Z</time></trkpt>
<trkpt lat="38.836485" lon="-121.084672">
<ele>149</ele>
<time>2026-10-02T05:58:37Z</time></trkpt>
<trkpt lat="38.83624" lon="-121.08443">
<ele>148</ele>
<time>2026-10-02T05:58:50Z</time></trkpt>
<trkpt lat="38.836176" lon="-121.084296">
<ele>148</ele>
<time>2026-10-02T05:58:54Z</time></trkpt>
<trkpt lat="38.836163" lon="-121.084026">
<ele>148</ele>
<time>2026-10-02T05:59:03Z</time></trkpt>
<trkpt lat="38.836218" lon="-121.08368">
<ele>148</ele>
<time>2026-10-02T05:59:14Z</time></trkpt>
<trkpt lat="38.836233" lon="-121.083456">
<ele>147</ele>
<time>2026-10-02T05:59:21Z</time></trkpt>
<trkpt lat="38.836313" lon="-121.083367">
<ele>148</ele>
<time>2026-10-02T05:59:25Z</time></trkpt>
<trkpt lat="38.836722" lon="-121.083131">
<ele>150</ele>
<time>2026-10-02T05:59:43Z</time></trkpt>
<trkpt lat="38.836767" lon="-121.082839">
<ele>150</ele>
<time>2026-10-02T05:59:52Z</time></trkpt>
<trkpt lat="38.836955" lon="-121.082573">
<ele>152</ele>
<time>2026-10-02T06:00:04Z</time></trkpt>
<trkpt lat="38.83698" lon="-121.082302">
<ele>152</ele>
<time>2026-10-02T06:00:12Z</time></trkpt>
<trkpt lat="38.837049" lon="-121.082113">
<ele>153</ele>
<time>2026-10-02T06:00:19Z</time></trkpt>
<trkpt lat="38.837233" lon="-121.081824">
<ele>153</ele>
<time>2026-10-02T06:00:30Z</time></trkpt>
<trkpt lat="38.837266" lon="-121.081795">
<ele>153</ele>
<time>2026-10-02T06:00:32Z</time></trkpt>
<trkpt lat="38.837266" lon="-121.081796">
<ele>153</ele>
<time>2026-10-02T06:00:32Z</time></trkpt>
<trkpt lat="38.837637" lon="-121.081483">
<ele>152</ele>
<time>2026-10-02T06:00:50Z</time></trkpt>
<trkpt lat="38.837748" lon="-121.081436">
<ele>153</ele>
<time>2026-10-02T06:00:54Z</time></trkpt>
<trkpt lat="38.838035" lon="-121.08159">
<ele>159</ele>
<time>2026-10-02T06:01:07Z</time></trkpt>
<trkpt lat="38.838211" lon="-121.080859">
<ele>152</ele>
<time>2026-10-02T06:01:31Z</time></trkpt>
<trkpt lat="38.838406" lon="-121.08074">
<ele>152</ele>
<time>2026-10-02T06:01:39Z</time></trkpt>
<trkpt lat="38.838813" lon="-121.080768">
<ele>147</ele>
<time>2026-10-02T06:01:56Z</time></trkpt>
<trkpt lat="38.838917" lon="-121.080997">
<ele>153</ele>
<time>2026-10-02T06:02:04Z</time></trkpt>
<trkpt lat="38.839312" lon="-121.08117">
<ele>153</ele>
<time>2026-10-02T06:02:21Z</time></trkpt>
<trkpt lat="38.839326" lon="-121.080883">
<ele>150</ele>
<time>2026-10-02T06:02:30Z</time></trkpt>
<trkpt lat="38.839375" lon="-121.080726">
<ele>151</ele>
<time>2026-10-02T06:02:35Z</time></trkpt>
<trkpt lat="38.839252" lon="-121.080647">
<ele>146</ele>
<time>2026-10-02T06:02:41Z</time></trkpt>
<trkpt lat="38.839141" lon="-121.080364">
<ele>146</ele>
<time>2026-10-02T06:02:50Z</time></trkpt>
<trkpt lat="38.839161" lon="-121.079867">
<ele>149</ele>
<time>2026-10-02T06:03:06Z</time></trkpt>
<trkpt lat="38.839303" lon="-121.079659">
<ele>150</ele>
<time>2026-10-02T06:03:15Z</time></trkpt>
<trkpt lat="38.839812" lon="-121.079005">
<ele>150</ele>
<time>2026-10-02T06:03:43Z</time></trkpt>
<trkpt lat="38.83995" lon="-121.078984">
<ele>152</ele>
<time>2026-10-02T06:03:49Z</time></trkpt>
<trkpt lat="38.840368" lon="-121.078389">
<ele>149</ele>
<time>2026-10-02T06:04:14Z</time></trkpt>
<trkpt lat="38.840542" lon="-121.078224">
<ele>150</ele>
<time>2026-10-02T06:04:23Z</time></trkpt>
<trkpt lat="38.840542" lon="-121.078224">
<ele>150</ele>
<time>2026-10-02T06:04:23Z</time></trkpt>
<trkpt lat="38.840694" lon="-121.078167">
<ele>150</ele>
<time>2026-10-02T06:04:29Z</time></trkpt>
<trkpt lat="38.84099" lon="-121.078223">
<ele>152</ele>
<time>2026-10-02T06:04:41Z</time></trkpt>
<trkpt lat="38.841089" lon="-121.077941">
<ele>150</ele>
<time>2026-10-02T06:04:51Z</time></trkpt>
<trkpt lat="38.841189" lon="-121.077723">
<ele>150</ele>
<time>2026-10-02T06:04:59Z</time></trkpt>
<trkpt lat="38.841345" lon="-121.077567">
<ele>150</ele>
<time>2026-10-02T06:05:07Z</time></trkpt>
<trkpt lat="38.841461" lon="-121.077581">
<ele>150</ele>
<time>2026-10-02T06:05:11Z</time></trkpt>
<trkpt lat="38.841665" lon="-121.077653">
<ele>151</ele>
<time>2026-10-02T06:05:20Z</time></trkpt>
<trkpt lat="38.841629" lon="-121.077404">
<ele>149</ele>
<time>2026-10-02T06:05:28Z</time></trkpt>
<trkpt lat="38.841658" lon="-121.077301">
<ele>150</ele>
<time>2026-10-02T06:05:31Z</time></trkpt>
<trkpt lat="38.841816" lon="-121.076958">
<ele>150</ele>
<time>2026-10-02T06:05:43Z</time></trkpt>
<trkpt lat="38.84204" lon="-121.076796">
<ele>151</ele>
<time>2026-10-02T06:05:54Z</time></trkpt>
<trkpt lat="38.842158" lon="-121.076631">
<ele>151</ele>
<time>2026-10-02T06:06:01Z</time></trkpt>
<trkpt lat="38.842418" lon="-121.076376">
<ele>153</ele>
<time>2026-10-02T06:06:14Z</time></trkpt>
<trkpt lat="38.842598" lon="-121.076257">
<ele>153</ele>
<time>2026-10-02T06:06:22Z</time></trkpt>
<trkpt lat="38.84274" lon="-121.076262">
<ele>155</ele>
<time>2026-10-02T06:06:28Z</time></trkpt>
<trkpt lat="38.842787" lon="-121.076084">
<ele>154</ele>
<time>2026-10-02T06:06:34Z</time></trkpt>
<trkpt lat="38.843056" lon="-121.075806">
<ele>153</ele>
<time>2026-10-02T06:06:47Z</time></trkpt>
<trkpt lat="38.843306" lon="-121.075601">
<ele>153</ele>
<time>2026-10-02T06:06:59Z</time></trkpt>
<trkpt lat="38.843491" lon="-121.075337">
<ele>157</ele>
<time>2026-10-02T06:07:10Z</time></trkpt>
<trkpt lat="38.843589" lon="-121.075253">
<ele>158</ele>
<time>2026-10-02T06:07:15Z</time></trkpt>
<trkpt lat="38.843777" lon="-121.075209">
<ele>156</ele>
<time>2026-10-02T06:07:23Z</time></trkpt>
<trkpt lat="38.844017" lon="-121.075304">
<ele>154</ele>
<time>2026-10-02T06:07:33Z</time></trkpt>
<trkpt lat="38.844075" lon="-121.075412">
<ele>156</ele>
<time>2026-10-02T06:07:37Z</time></trkpt>
<trkpt lat="38.844264" lon="-121.075311">
<ele>151</ele>
<time>2026-10-02T06:07:45Z</time></trkpt>
<trkpt lat="38.844319" lon="-121.075197">
<ele>151</ele>
<time>2026-10-02T06:07:49Z</time></trkpt>
<trkpt lat="38.844197" lon="-121.074534">
<ele>164</ele>
<time>2026-10-02T06:08:11Z</time></trkpt>
<trkpt lat="38.843942" lon="-121.074366">
<ele>158</ele>
<time>2026-10-02T06:08:22Z</time></trkpt>
<trkpt lat="38.84391" lon="-121.074295">
<ele>158</ele>
<time>2026-10-02T06:08:25Z</time></trkpt>
<trkpt lat="38.84391" lon="-121.074295">
<ele>158</ele>
<time>2026-10-02T06:08:25Z</time></trkpt>
<trkpt lat="38.843877" lon="-121.074221">
<ele>158</ele>
<time>2026-10-02T06:08:27Z</time></trkpt>
<trkpt lat="38.843573" lon="-121.073892">
<ele>155</ele>
<time>2026-10-02T06:08:43Z</time></trkpt>
<trkpt lat="38.843611" lon="-121.073598">
<ele>157</ele>
<time>2026-10-02T06:08:52Z</time></trkpt>
<trkpt lat="38.843813" lon="-121.073299">
<ele>156</ele>
<time>2026-10-02T06:09:05Z</time></trkpt>
<trkpt lat="38.843917" lon="-121.07321">
<ele>156</ele>
<time>2026-10-02T06:09:10Z</time></trkpt>
<trkpt lat="38.844119" lon="-121.073145">
<ele>156</ele>
<time>2026-10-02T06:09:18Z</time></trkpt>
<trkpt lat="38.844329" lon="-121.073156">
<ele>162</ele>
<time>2026-10-02T06:09:27Z</time></trkpt>
<trkpt lat="38.844411" lon="-121.073044">
<ele>159</ele>
<time>2026-10-02T06:09:31Z</time></trkpt>
<trkpt lat="38.844124" lon="-121.072827">
<ele>158</ele>
<time>2026-10-02T06:09:45Z</time></trkpt>
<trkpt lat="38.843933" lon="-121.072558">
<ele>159</ele>
<time>2026-10-02T06:09:56Z</time></trkpt>
<trkpt lat="38.843853" lon="-121.072381">
<ele>158</ele>
<time>2026-10-02T06:10:02Z</time></trkpt>
<trkpt lat="38.843846" lon="-121.072054">
<ele>161</ele>
<time>2026-10-02T06:10:13Z</time></trkpt>
<trkpt lat="38.843933" lon="-121.071755">
<ele>164</ele>
<time>2026-10-02T06:10:23Z</time></trkpt>
<trkpt lat="38.844166" lon="-121.071468">
<ele>169</ele>
<time>2026-10-02T06:10:36Z</time></trkpt>
<trkpt lat="38.844179" lon="-121.071312">
<ele>167</ele>
<time>2026-10-02T06:10:40Z</time></trkpt>
<trkpt lat="38.844413" lon="-121.071057">
<ele>175</ele>
<time>2026-10-02T06:10:53Z</time></trkpt>
<trkpt lat="38.84424" lon="-121.070765">
<ele>166</ele>
<time>2026-10-02T06:11:04Z</time></trkpt>
<trkpt lat="38.844229" lon="-121.070625">
<ele>167</ele>
<time>2026-10-02T06:11:09Z</time></trkpt>
<trkpt lat="38.84447" lon="-121.070144">
<ele>174</ele>
<time>2026-10-02T06:11:26Z</time></trkpt>
<trkpt lat="38.844315" lon="-121.069824">
<ele>168</ele>
<time>2026-10-02T06:11:38Z</time></trkpt>
<trkpt lat="38.844402" lon="-121.069413">
<ele>171</ele>
<time>2026-10-02T06:11:52Z</time></trkpt>
<trkpt lat="38.844859" lon="-121.068727">
<ele>177</ele>
<time>2026-10-02T06:12:20Z</time></trkpt>
<trkpt lat="38.844884" lon="-121.068489">
<ele>173</ele>
<time>2026-10-02T06:12:27Z</time></trkpt>
<trkpt lat="38.844966" lon="-121.068411">
<ele>176</ele>
<time>2026-10-02T06:12:31Z</time></trkpt>
<trkpt lat="38.844766" lon="-121.067816">
<ele>172</ele>
<time>2026-10-02T06:12:52Z</time></trkpt>
<trkpt lat="38.844794" lon="-121.067754">
<ele>173</ele>
<time>2026-10-02T06:12:54Z</time></trkpt>
<trkpt lat="38.844794" lon="-121.067754">
<ele>173</ele>
<time>2026-10-02T06:12:54Z</time></trkpt>
<trkpt lat="38.844919" lon="-121.06748">
<ele>172</ele>
<time>2026-10-02T06:13:04Z</time></trkpt>
<trkpt lat="38.845646" lon="-121.067083">
<ele>169</ele>
<time>2026-10-02T06:13:35Z</time></trkpt>
<trkpt lat="38.846204" lon="-121.067155">
<ele>179</ele>
<time>2026-10-02T06:13:58Z</time></trkpt>
<trkpt lat="38.846226" lon="-121.067053">
<ele>177</ele>
<time>2026-10-02T06:14:01Z</time></trkpt>
<trkpt lat="38.845679" lon="-121.066649">
<ele>171</ele>
<time>2026-10-02T06:14:26Z</time></trkpt>
<trkpt lat="38.845512" lon="-121.066399">
<ele>175</ele>
<time>2026-10-02T06:14:37Z</time></trkpt>
<trkpt lat="38.845473" lon="-121.066193">
<ele>177</ele>
<time>2026-10-02T06:14:43Z</time></trkpt>
<trkpt lat="38.845599" lon="-121.065971">
<ele>184</ele>
<time>2026-10-02T06:14:52Z</time></trkpt>
<trkpt lat="38.845515" lon="-121.065645">
<ele>182</ele>
<time>2026-10-02T06:15:03Z</time></trkpt>
<trkpt lat="38.84533" lon="-121.065276">
<ele>180</ele>
<time>2026-10-02T06:15:16Z</time></trkpt>
<trkpt lat="38.845397" lon="-121.064687">
<ele>183</ele>
<time>2026-10-02T06:15:35Z</time></trkpt>
<trkpt lat="38.845535" lon="-121.064552">
<ele>187</ele>
<time>2026-10-02T06:15:42Z</time></trkpt>
<trkpt lat="38.845888" lon="-121.064458">
<ele>203</ele>
<time>2026-10-02T06:15:56Z</time></trkpt>
<trkpt lat="38.845824" lon="-121.064239">
<ele>195</ele>
<time>2026-10-02T06:16:04Z</time></trkpt>
<trkpt lat="38.845841" lon="-121.064078">
<ele>191</ele>
<time>2026-10-02T06:16:09Z</time></trkpt>
<trkpt lat="38.846061" lon="-121.063952">
<ele>196</ele>
<time>2026-10-02T06:16:18Z</time></trkpt>
<trkpt lat="38.846108" lon="-121.06383">
<ele>195</ele>
<time>2026-10-02T06:16:23Z</time></trkpt>
<trkpt lat="38.846094" lon="-121.063732">
<ele>196</ele>
<time>2026-10-02T06:16:26Z</time></trkpt>
<trkpt lat="38.84573" lon="-121.063333">
<ele>184</ele>
<time>2026-10-02T06:16:45Z</time></trkpt>
<trkpt lat="38.845748" lon="-121.062625">
<ele>177</ele>
<time>2026-10-02T06:17:07Z</time></trkpt>
<trkpt lat="38.846014" lon="-121.062147">
<ele>181</ele>
<time>2026-10-02T06:17:25Z</time></trkpt>
<trkpt lat="38.845992" lon="-121.061911">
<ele>170</ele>
<time>2026-10-02T06:17:33Z</time></trkpt>
<trkpt lat="38.846328" lon="-121.061383">
<ele>176</ele>
<time>2026-10-02T06:17:54Z</time></trkpt>
<trkpt lat="38.846261" lon="-121.061024">
<ele>160</ele>
<time>2026-10-02T06:18:05Z</time></trkpt>
<trkpt lat="38.846517" lon="-121.060818">
<ele>165</ele>
<time>2026-10-02T06:18:18Z</time></trkpt>
<trkpt lat="38.84655" lon="-121.060522">
<ele>159</ele>
<time>2026-10-02T06:18:27Z</time></trkpt>
<trkpt lat="38.84688" lon="-121.060038">
<ele>159</ele>
<time>2026-10-02T06:18:47Z</time></trkpt>
<trkpt lat="38.84688" lon="-121.060038">
<ele>159</ele>
<time>2026-10-02T06:18:47Z</time></trkpt>
<trkpt lat="38.846948" lon="-121.059938">
<ele>157</ele>
<time>2026-10-02T06:18:51Z</time></trkpt>
<trkpt lat="38.847035" lon="-121.05987">
<ele>155</ele>
<time>2026-10-02T06:18:55Z</time></trkpt>
<trkpt lat="38.847327" lon="-121.059795">
<ele>159</ele>
<time>2026-10-02T06:19:07Z</time></trkpt>
<trkpt lat="38.847392" lon="-121.059716">
<ele>156</ele>
<time>2026-10-02T06:19:11Z</time></trkpt>
<trkpt lat="38.847617" lon="-121.059672">
<ele>157</ele>
<time>2026-10-02T06:19:20Z</time></trkpt>
<trkpt lat="38.848136" lon="-121.059475">
<ele>157</ele>
<time>2026-10-02T06:19:42Z</time></trkpt>
<trkpt lat="38.848323" lon="-121.059457">
<ele>160</ele>
<time>2026-10-02T06:19:49Z</time></trkpt>
<trkpt lat="38.848279" lon="-121.059326">
<ele>157</ele>
<time>2026-10-02T06:19:54Z</time></trkpt>
<trkpt lat="38.84831" lon="-121.059216">
<ele>157</ele>
<time>2026-10-02T06:19:57Z</time></trkpt>
<trkpt lat="38.848459" lon="-121.059069">
<ele>158</ele>
<time>2026-10-02T06:20:05Z</time></trkpt>
<trkpt lat="38.848719" lon="-121.058966">
<ele>160</ele>
<time>2026-10-02T06:20:16Z</time></trkpt>
<trkpt lat="38.849069" lon="-121.058943">
<ele>161</ele>
<time>2026-10-02T06:20:30Z</time></trkpt>
<trkpt lat="38.849261" lon="-121.059036">
<ele>162</ele>
<time>2026-10-02T06:20:38Z</time></trkpt>
<trkpt lat="38.849472" lon="-121.059307">
<ele>164</ele>
<time>2026-10-02T06:20:50Z</time></trkpt>
<trkpt lat="38.849552" lon="-121.059387">
<ele>168</ele>
<time>2026-10-02T06:20:54Z</time></trkpt>
<trkpt lat="38.849805" lon="-121.059142">
<ele>168</ele>
<time>2026-10-02T06:21:07Z</time></trkpt>
<trkpt lat="38.850049" lon="-121.059158">
<ele>170</ele>
<time>2026-10-02T06:21:16Z</time></trkpt>
<trkpt lat="38.850146" lon="-121.059252">
<ele>170</ele>
<time>2026-10-02T06:21:21Z</time></trkpt>
<trkpt lat="38.850146" lon="-121.059252">
<ele>170</ele>
<time>2026-10-02T06:21:21Z</time></trkpt>
<trkpt lat="38.850687" lon="-121.059697">
<ele>177</ele>
<time>2026-10-02T06:21:47Z</time></trkpt>
<trkpt lat="38.850749" lon="-121.059576">
<ele>178</ele>
<time>2026-10-02T06:21:52Z</time></trkpt>
<trkpt lat="38.850885" lon="-121.059223">
<ele>180</ele>
<time>2026-10-02T06:22:04Z</time></trkpt>
<trkpt lat="38.851069" lon="-121.058943">
<ele>181</ele>
<time>2026-10-02T06:22:15Z</time></trkpt>
<trkpt lat="38.851374" lon="-121.058866">
<ele>178</ele>
<time>2026-10-02T06:22:28Z</time></trkpt>
<trkpt lat="38.851816" lon="-121.059043">
<ele>173</ele>
<time>2026-10-02T06:22:46Z</time></trkpt>
<trkpt lat="38.851935" lon="-121.059121">
<ele>172</ele>
<time>2026-10-02T06:22:52Z</time></trkpt>
<trkpt lat="38.851969" lon="-121.059191">
<ele>174</ele>
<time>2026-10-02T06:22:54Z</time></trkpt>
<trkpt lat="38.852326" lon="-121.059443">
<ele>169</ele>
<time>2026-10-02T06:23:11Z</time></trkpt>
<trkpt lat="38.852453" lon="-121.059662">
<ele>171</ele>
<time>2026-10-02T06:23:19Z</time></trkpt>
<trkpt lat="38.852576" lon="-121.06002">
<ele>174</ele>
<time>2026-10-02T06:23:31Z</time></trkpt>
<trkpt lat="38.852687" lon="-121.060005">
<ele>170</ele>
<time>2026-10-02T06:23:36Z</time></trkpt>
<trkpt lat="38.852844" lon="-121.059861">
<ele>164</ele>
<time>2026-10-02T06:23:43Z</time></trkpt>
<trkpt lat="38.852944" lon="-121.059837">
<ele>165</ele>
<time>2026-10-02T06:23:48Z</time></trkpt>
<trkpt lat="38.853222" lon="-121.060024">
<ele>176</ele>
<time>2026-10-02T06:24:00Z</time></trkpt>
<trkpt lat="38.853222" lon="-121.060024">
<ele>176</ele>
<time>2026-10-02T06:24:00Z</time></trkpt>
<trkpt lat="38.853295" lon="-121.060073">
<ele>177</ele>
<time>2026-10-02T06:24:03Z</time></trkpt>
<trkpt lat="38.85362" lon="-121.060125">
<ele>170</ele>
<time>2026-10-02T06:24:17Z</time></trkpt>
<trkpt lat="38.853767" lon="-121.060323">
<ele>178</ele>
<time>2026-10-02T06:24:25Z</time></trkpt>
<trkpt lat="38.853926" lon="-121.060202">
<ele>166</ele>
<time>2026-10-02T06:24:32Z</time></trkpt>
<trkpt lat="38.85424" lon="-121.060251">
<ele>163</ele>
<time>2026-10-02T06:24:45Z</time></trkpt>
<trkpt lat="38.854306" lon="-121.060337">
<ele>165</ele>
<time>2026-10-02T06:24:49Z</time></trkpt>
<trkpt lat="38.854388" lon="-121.060388">
<ele>166</ele>
<time>2026-10-02T06:24:53Z</time></trkpt>
<trkpt lat="38.8546" lon="-121.06036">
<ele>161</ele>
<time>2026-10-02T06:25:01Z</time></trkpt>
<trkpt lat="38.854815" lon="-121.060412">
<ele>162</ele>
<time>2026-10-02T06:25:10Z</time></trkpt>
<trkpt lat="38.854922" lon="-121.06036">
<ele>157</ele>
<time>2026-10-02T06:25:14Z</time></trkpt>
<trkpt lat="38.855108" lon="-121.060475">
<ele>161</ele>
<time>2026-10-02T06:25:23Z</time></trkpt>
<trkpt lat="38.855409" lon="-121.060519">
<ele>158</ele>
<time>2026-10-02T06:25:35Z</time></trkpt>
<trkpt lat="38.855569" lon="-121.060718">
<ele>165</ele>
<time>2026-10-02T06:25:44Z</time></trkpt>
<trkpt lat="38.85572" lon="-121.060851">
<ele>166</ele>
<time>2026-10-02T06:25:51Z</time></trkpt>
<trkpt lat="38.855846" lon="-121.061112">
<ele>171</ele>
<time>2026-10-02T06:26:01Z</time></trkpt>
<trkpt lat="38.856126" lon="-121.06143">
<ele>170</ele>
<time>2026-10-02T06:26:16Z</time></trkpt>
<trkpt lat="38.856255" lon="-121.061448">
<ele>168</ele>
<time>2026-10-02T06:26:21Z</time></trkpt>
<trkpt lat="38.856255" lon="-121.061448">
<ele>168</ele>
<time>2026-10-02T06:26:21Z</time></trkpt>
<trkpt lat="38.85633" lon="-121.061458">
<ele>166</ele>
<time>2026-10-02T06:26:24Z</time></trkpt>
<trkpt lat="38.856637" lon="-121.061593">
<ele>164</ele>
<time>2026-10-02T06:26:37Z</time></trkpt>
<trkpt lat="38.856728" lon="-121.061675">
<ele>165</ele>
<time>2026-10-02T06:26:41Z</time></trkpt>
<trkpt lat="38.856777" lon="-121.061764">
<ele>165</ele>
<time>2026-10-02T06:26:45Z</time></trkpt>
<trkpt lat="38.856886" lon="-121.062168">
<ele>170</ele>
<time>2026-10-02T06:26:58Z</time></trkpt>
<trkpt lat="38.856955" lon="-121.062282">
<ele>170</ele>
<time>2026-10-02T06:27:03Z</time></trkpt>
<trkpt lat="38.857148" lon="-121.062196">
<ele>168</ele>
<time>2026-10-02T06:27:11Z</time></trkpt>
<trkpt lat="38.857253" lon="-121.062205">
<ele>167</ele>
<time>2026-10-02T06:27:15Z</time></trkpt>
<trkpt lat="38.85749" lon="-121.062441">
<ele>171</ele>
<time>2026-10-02T06:27:27Z</time></trkpt>
<trkpt lat="38.857699" lon="-121.062569">
<ele>170</ele>
<time>2026-10-02T06:27:36Z</time></trkpt>
<trkpt lat="38.857808" lon="-121.062789">
<ele>172</ele>
<time>2026-10-02T06:27:44Z</time></trkpt>
<trkpt lat="38.85791" lon="-121.062878">
<ele>173</ele>
<time>2026-10-02T06:27:49Z</time></trkpt>
<trkpt lat="38.858106" lon="-121.062864">
<ele>169</ele>
<time>2026-10-02T06:27:57Z</time></trkpt>
<trkpt lat="38.858186" lon="-121.062938">
<ele>169</ele>
<time>2026-10-02T06:28:01Z</time></trkpt>
<trkpt lat="38.858302" lon="-121.063109">
<ele>171</ele>
<time>2026-10-02T06:28:08Z</time></trkpt>
<trkpt lat="38.858406" lon="-121.063118">
<ele>172</ele>
<time>2026-10-02T06:28:13Z</time></trkpt>
<trkpt lat="38.858615" lon="-121.063013">
<ele>171</ele>
<time>2026-10-02T06:28:22Z</time></trkpt>
<trkpt lat="38.859002" lon="-121.062906">
<ele>165</ele>
<time>2026-10-02T06:28:37Z</time></trkpt>
<trkpt lat="38.859254" lon="-121.063027">
<ele>166</ele>
<time>2026-10-02T06:28:48Z</time></trkpt>
<trkpt lat="38.859254" lon="-121.063027">
<ele>166</ele>
<time>2026-10-02T06:28:48Z</time></trkpt>
<trkpt lat="38.859395" lon="-121.063095">
<ele>164</ele>
<time>2026-10-02T06:28:54Z</time></trkpt>
<trkpt lat="38.859453" lon="-121.063204">
<ele>165</ele>
<time>2026-10-02T06:28:58Z</time></trkpt>
<trkpt lat="38.859548" lon="-121.063298">
<ele>163</ele>
<time>2026-10-02T06:29:03Z</time></trkpt>
<trkpt lat="38.85973" lon="-121.063529">
<ele>160</ele>
<time>2026-10-02T06:29:13Z</time></trkpt>
<trkpt lat="38.859792" lon="-121.06373">
<ele>160</ele>
<time>2026-10-02T06:29:20Z</time></trkpt>
<trkpt lat="38.859799" lon="-121.063891">
<ele>161</ele>
<time>2026-10-02T06:29:25Z</time></trkpt>
<trkpt lat="38.859913" lon="-121.063893">
<ele>158</ele>
<time>2026-10-02T06:29:30Z</time></trkpt>
<trkpt lat="38.860052" lon="-121.063763">
<ele>157</ele>
<time>2026-10-02T06:29:37Z</time></trkpt>
<trkpt lat="38.860106" lon="-121.063473">
<ele>157</ele>
<time>2026-10-02T06:29:46Z</time></trkpt>
<trkpt lat="38.860153" lon="-121.063391">
<ele>158</ele>
<time>2026-10-02T06:29:49Z</time></trkpt>
<trkpt lat="38.860177" lon="-121.063125">
<ele>157</ele>
<time>2026-10-02T06:29:57Z</time></trkpt>
<trkpt lat="38.860135" lon="-121.062871">
<ele>152</ele>
<time>2026-10-02T06:30:06Z</time></trkpt>
<trkpt lat="38.860157" lon="-121.062758">
<ele>151</ele>
<time>2026-10-02T06:30:09Z</time></trkpt>
<trkpt lat="38.860326" lon="-121.062658">
<ele>149</ele>
<time>2026-10-02T06:30:17Z</time></trkpt>
<trkpt lat="38.860315" lon="-121.062537">
<ele>145</ele>
<time>2026-10-02T06:30:20Z</time></trkpt>
<trkpt lat="38.860562" lon="-121.062439">
<ele>145</ele>
<time>2026-10-02T06:30:31Z</time></trkpt>
<trkpt lat="38.860619" lon="-121.062488">
<ele>147</ele>
<time>2026-10-02T06:30:34Z</time></trkpt>
<trkpt lat="38.86075" lon="-121.062067">
<ele>149</ele>
<time>2026-10-02T06:30:48Z</time></trkpt>
<trkpt lat="38.860832" lon="-121.062016">
<ele>150</ele>
<time>2026-10-02T06:30:51Z</time></trkpt>
<trkpt lat="38.861086" lon="-121.061764">
<ele>151</ele>
<time>2026-10-02T06:31:04Z</time></trkpt>
<trkpt lat="38.861202" lon="-121.061488">
<ele>148</ele>
<time>2026-10-02T06:31:14Z</time></trkpt>
<trkpt lat="38.861386" lon="-121.061374">
<ele>149</ele>
<time>2026-10-02T06:31:22Z</time></trkpt>
<trkpt lat="38.861539" lon="-121.061353">
<ele>153</ele>
<time>2026-10-02T06:31:28Z</time></trkpt>
<trkpt lat="38.861759" lon="-121.061166">
<ele>154</ele>
<time>2026-10-02T06:31:39Z</time></trkpt>
<trkpt lat="38.861746" lon="-121.061101">
<ele>151</ele>
<time>2026-10-02T06:31:41Z</time></trkpt>
<trkpt lat="38.86181" lon="-121.060848">
<ele>150</ele>
<time>2026-10-02T06:31:49Z</time></trkpt>
<trkpt lat="38.862133" lon="-121.060318">
<ele>150</ele>
<time>2026-10-02T06:32:10Z</time></trkpt>
<trkpt lat="38.862324" lon="-121.060164">
<ele>150</ele>
<time>2026-10-02T06:32:19Z</time></trkpt>
<trkpt lat="38.862604" lon="-121.060087">
<ele>154</ele>
<time>2026-10-02T06:32:31Z</time></trkpt>
<trkpt lat="38.862695" lon="-121.060017">
<ele>153</ele>
<time>2026-10-02T06:32:35Z</time></trkpt>
<trkpt lat="38.862812" lon="-121.059774">
<ele>148</ele>
<time>2026-10-02T06:32:44Z</time></trkpt>
<trkpt lat="38.862812" lon="-121.059774">
<ele>148</ele>
<time>2026-10-02T06:32:44Z</time></trkpt>
<trkpt lat="38.863008" lon="-121.059674">
<ele>151</ele>
<time>2026-10-02T06:32:52Z</time></trkpt>
<trkpt lat="38.863087" lon="-121.059476">
<ele>149</ele>
<time>2026-10-02T06:32:59Z</time></trkpt>
<trkpt lat="38.863137" lon="-121.059399">
<ele>149</ele>
<time>2026-10-02T06:33:03Z</time></trkpt>
<trkpt lat="38.863199" lon="-121.059378">
<ele>150</ele>
<time>2026-10-02T06:33:05Z</time></trkpt>
<trkpt lat="38.863264" lon="-121.059389">
<ele>152</ele>
<time>2026-10-02T06:33:08Z</time></trkpt>
<trkpt lat="38.863339" lon="-121.059419">
<ele>155</ele>
<time>2026-10-02T06:33:11Z</time></trkpt>
<trkpt lat="38.86365" lon="-121.059614">
<ele>163</ele>
<time>2026-10-02T06:33:25Z</time></trkpt>
<trkpt lat="38.863774" lon="-121.05963">
<ele>164</ele>
<time>2026-10-02T06:33:30Z</time></trkpt>
<trkpt lat="38.864044" lon="-121.059608">
<ele>164</ele>
<time>2026-10-02T06:33:41Z</time></trkpt>
<trkpt lat="38.864128" lon="-121.059645">
<ele>166</ele>
<time>2026-10-02T06:33:44Z</time></trkpt>
<trkpt lat="38.864183" lon="-121.059693">
<ele>168</ele>
<time>2026-10-02T06:33:47Z</time></trkpt>
<trkpt lat="38.864183" lon="-121.059693">
<ele>168</ele>
<time>2026-10-02T06:33:47Z</time></trkpt>
<trkpt lat="38.864362" lon="-121.059849">
<ele>172</ele>
<time>2026-10-02T06:33:55Z</time></trkpt>
<trkpt lat="38.864741" lon="-121.060031">
<ele>174</ele>
<time>2026-10-02T06:34:12Z</time></trkpt>
<trkpt lat="38.864796" lon="-121.060009">
<ele>174</ele>
<time>2026-10-02T06:34:14Z</time></trkpt>
<trkpt lat="38.864835" lon="-121.059967">
<ele>174</ele>
<time>2026-10-02T06:34:16Z</time></trkpt>
<trkpt lat="38.864847" lon="-121.059804">
<ele>175</ele>
<time>2026-10-02T06:34:21Z</time></trkpt>
<trkpt lat="38.864825" lon="-121.059753">
<ele>174</ele>
<time>2026-10-02T06:34:23Z</time></trkpt>
<trkpt lat="38.864644" lon="-121.059535">
<ele>174</ele>
<time>2026-10-02T06:34:33Z</time></trkpt>
<trkpt lat="38.864642" lon="-121.059492">
<ele>175</ele>
<time>2026-10-02T06:34:34Z</time></trkpt>
<trkpt lat="38.864642" lon="-121.059492">
<ele>175</ele>
<time>2026-10-02T06:34:34Z</time></trkpt>
<trkpt lat="38.864637" lon="-121.059315">
<ele>178</ele>
<time>2026-10-02T06:34:40Z</time></trkpt>
<trkpt lat="38.864665" lon="-121.058857">
<ele>185</ele>
<time>2026-10-02T06:34:54Z</time></trkpt>
<trkpt lat="38.864721" lon="-121.058633">
<ele>189</ele>
<time>2026-10-02T06:35:01Z</time></trkpt>
<trkpt lat="38.864781" lon="-121.058479">
<ele>191</ele>
<time>2026-10-02T06:35:07Z</time></trkpt>
<trkpt lat="38.864898" lon="-121.058317">
<ele>194</ele>
<time>2026-10-02T06:35:14Z</time></trkpt>
<trkpt lat="38.864968" lon="-121.058274">
<ele>196</ele>
<time>2026-10-02T06:35:17Z</time></trkpt>
<trkpt lat="38.865132" lon="-121.058255">
<ele>200</ele>
<time>2026-10-02T06:35:23Z</time></trkpt>
<trkpt lat="38.865284" lon="-121.058288">
<ele>203</ele>
<time>2026-10-02T06:35:30Z</time></trkpt>
<trkpt lat="38.865536" lon="-121.058413">
<ele>210</ele>
<time>2026-10-02T06:35:40Z</time></trkpt>
<trkpt lat="38.865536" lon="-121.058413">
<ele>210</ele>
<time>2026-10-02T06:35:40Z</time></trkpt>
<trkpt lat="38.865724" lon="-121.058457">
<ele>214</ele>
<time>2026-10-02T06:35:48Z</time></trkpt>
<trkpt lat="38.865835" lon="-121.058455">
<ele>216</ele>
<time>2026-10-02T06:35:53Z</time></trkpt>
<trkpt lat="38.866019" lon="-121.058418">
<ele>219</ele>
<time>2026-10-02T06:36:00Z</time></trkpt>
<trkpt lat="38.866126" lon="-121.058334">
<ele>221</ele>
<time>2026-10-02T06:36:05Z</time></trkpt>
<trkpt lat="38.866191" lon="-121.058181">
<ele>222</ele>
<time>2026-10-02T06:36:10Z</time></trkpt>
<trkpt lat="38.866203" lon="-121.058073">
<ele>223</ele>
<time>2026-10-02T06:36:14Z</time></trkpt>
<trkpt lat="38.866203" lon="-121.057626">
<ele>223</ele>
<time>2026-10-02T06:36:28Z</time></trkpt>
<trkpt lat="38.866184" lon="-121.057358">
<ele>223</ele>
<time>2026-10-02T06:36:36Z</time></trkpt>
<trkpt lat="38.866142" lon="-121.057212">
<ele>222</ele>
<time>2026-10-02T06:36:41Z</time></trkpt>
<trkpt lat="38.865984" lon="-121.056815">
<ele>223</ele>
<time>2026-10-02T06:36:55Z</time></trkpt>
<trkpt lat="38.865907" lon="-121.056427">
<ele>226</ele>
<time>2026-10-02T06:37:07Z</time></trkpt>
<trkpt lat="38.865905" lon="-121.056126">
<ele>228</ele>
<time>2026-10-02T06:37:17Z</time></trkpt>
<trkpt lat="38.865945" lon="-121.055942">
<ele>229</ele>
<time>2026-10-02T06:37:23Z</time></trkpt>
<trkpt lat="38.865995" lon="-121.055842">
<ele>230</ele>
<time>2026-10-02T06:37:27Z</time></trkpt>
<trkpt lat="38.866056" lon="-121.055765">
<ele>230</ele>
<time>2026-10-02T06:37:30Z</time></trkpt>
<trkpt lat="38.866136" lon="-121.055697">
<ele>231</ele>
<time>2026-10-02T06:37:34Z</time></trkpt>
<trkpt lat="38.86631" lon="-121.055611">
<ele>233</ele>
<time>2026-10-02T06:37:41Z</time></trkpt>
<trkpt lat="38.86631" lon="-121.055611">
<ele>233</ele>
<time>2026-10-02T06:37:41Z</time></trkpt>
<trkpt lat="38.866576" lon="-121.055571">
<ele>235</ele>
<time>2026-10-02T06:37:52Z</time></trkpt>
<trkpt lat="38.86706" lon="-121.055561">
<ele>240</ele>
<time>2026-10-02T06:38:11Z</time></trkpt>
<trkpt lat="38.867182" lon="-121.055484">
<ele>240</ele>
<time>2026-10-02T06:38:17Z</time></trkpt>
<trkpt lat="38.867387" lon="-121.055276">
<ele>239</ele>
<time>2026-10-02T06:38:27Z</time></trkpt>
<trkpt lat="38.867529" lon="-121.055194">
<ele>240</ele>
<time>2026-10-02T06:38:34Z</time></trkpt>
<trkpt lat="38.867974" lon="-121.05508">
<ele>243</ele>
<time>2026-10-02T06:38:52Z</time></trkpt>
<trkpt lat="38.867974" lon="-121.05508">
<ele>243</ele>
<time>2026-10-02T06:38:52Z</time></trkpt>
<trkpt lat="38.868111" lon="-121.05505">
<ele>243</ele>
<time>2026-10-02T06:38:57Z</time></trkpt>
<trkpt lat="38.868256" lon="-121.055049">
<ele>244</ele>
<time>2026-10-02T06:39:03Z</time></trkpt>
<trkpt lat="38.868582" lon="-121.055235">
<ele>247</ele>
<time>2026-10-02T06:39:17Z</time></trkpt>
<trkpt lat="38.868987" lon="-121.055378">
<ele>250</ele>
<time>2026-10-02T06:39:34Z</time></trkpt>
<trkpt lat="38.869273" lon="-121.055511">
<ele>252</ele>
<time>2026-10-02T06:39:46Z</time></trkpt>
<trkpt lat="38.869273" lon="-121.055511">
<ele>252</ele>
<time>2026-10-02T06:39:46Z</time></trkpt>
<trkpt lat="38.86947" lon="-121.055627">
<ele>255</ele>
<time>2026-10-02T06:39:55Z</time></trkpt>
<trkpt lat="38.869681" lon="-121.055803">
<ele>257</ele>
<time>2026-10-02T06:40:05Z</time></trkpt>
<trkpt lat="38.869755" lon="-121.055897">
<ele>257</ele>
<time>2026-10-02T06:40:09Z</time></trkpt>
<trkpt lat="38.8698" lon="-121.056031">
<ele>257</ele>
<time>2026-10-02T06:40:14Z</time></trkpt>
<trkpt lat="38.869803" lon="-121.056116">
<ele>258</ele>
<time>2026-10-02T06:40:17Z</time></trkpt>
<trkpt lat="38.869668" lon="-121.056709">
<ele>268</ele>
<time>2026-10-02T06:40:36Z</time></trkpt>
<trkpt lat="38.869672" lon="-121.05727">
<ele>275</ele>
<time>2026-10-02T06:40:53Z</time></trkpt>
<trkpt lat="38.869535" lon="-121.057622">
<ele>275</ele>
<time>2026-10-02T06:41:06Z</time></trkpt>
<trkpt lat="38.869535" lon="-121.057622">
<ele>275</ele>
<time>2026-10-02T06:41:06Z</time></trkpt>
<trkpt lat="38.869498" lon="-121.057849">
<ele>276</ele>
<time>2026-10-02T06:41:13Z</time></trkpt>
<trkpt lat="38.869392" lon="-121.058052">
<ele>276</ele>
<time>2026-10-02T06:41:21Z</time></trkpt>
<trkpt lat="38.869017" lon="-121.05859">
<ele>278</ele>
<time>2026-10-02T06:41:43Z</time></trkpt>
<trkpt lat="38.868863" lon="-121.058723">
<ele>277</ele>
<time>2026-10-02T06:41:50Z</time></trkpt>
<trkpt lat="38.868347" lon="-121.059033">
<ele>282</ele>
<time>2026-10-02T06:42:13Z</time></trkpt>
<trkpt lat="38.868257" lon="-121.05911">
<ele>283</ele>
<time>2026-10-02T06:42:18Z</time></trkpt>
<trkpt lat="38.868167" lon="-121.059217">
<ele>284</ele>
<time>2026-10-02T06:42:23Z</time></trkpt>
<trkpt lat="38.868105" lon="-121.059328">
<ele>284</ele>
<time>2026-10-02T06:42:27Z</time></trkpt>
<trkpt lat="38.86804" lon="-121.059566">
<ele>283</ele>
<time>2026-10-02T06:42:35Z</time></trkpt>
<trkpt lat="38.868062" lon="-121.059855">
<ele>285</ele>
<time>2026-10-02T06:42:44Z</time></trkpt>
<trkpt lat="38.868533" lon="-121.061725">
<ele>295</ele>
<time>2026-10-02T06:43:45Z</time></trkpt>
<trkpt lat="38.86858" lon="-121.061864">
<ele>296</ele>
<time>2026-10-02T06:43:50Z</time></trkpt>
<trkpt lat="38.86863" lon="-121.061958">
<ele>298</ele>
<time>2026-10-02T06:43:53Z</time></trkpt>
<trkpt lat="38.868952" lon="-121.062331">
<ele>300</ele>
<time>2026-10-02T06:44:11Z</time></trkpt>
<trkpt lat="38.869014" lon="-121.062432">
<ele>301</ele>
<time>2026-10-02T06:44:15Z</time></trkpt>
<trkpt lat="38.869075" lon="-121.062613">
<ele>304</ele>
<time>2026-10-02T06:44:21Z</time></trkpt>
<trkpt lat="38.869075" lon="-121.062838">
<ele>307</ele>
<time>2026-10-02T06:44:28Z</time></trkpt>
<trkpt lat="38.868922" lon="-121.063698">
<ele>310</ele>
<time>2026-10-02T06:44:55Z</time></trkpt>
<trkpt lat="38.868922" lon="-121.063698">
<ele>310</ele>
<time>2026-10-02T06:44:55Z</time></trkpt>
<trkpt lat="38.868911" lon="-121.063765">
<ele>310</ele>
<time>2026-10-02T06:44:58Z</time></trkpt>
<trkpt lat="38.868854" lon="-121.063879">
<ele>310</ele>
<time>2026-10-02T06:45:02Z</time></trkpt>
<trkpt lat="38.868796" lon="-121.063947">
<ele>312</ele>
<time>2026-10-02T06:45:05Z</time></trkpt>
<trkpt lat="38.86866" lon="-121.064014">
<ele>314</ele>
<time>2026-10-02T06:45:11Z</time></trkpt>
<trkpt lat="38.86858" lon="-121.064022">
<ele>314</ele>
<time>2026-10-02T06:45:14Z</time></trkpt>
<trkpt lat="38.868498" lon="-121.064002">
<ele>315</ele>
<time>2026-10-02T06:45:17Z</time></trkpt>
<trkpt lat="38.868297" lon="-121.063817">
<ele>314</ele>
<time>2026-10-02T06:45:27Z</time></trkpt>
<trkpt lat="38.868219" lon="-121.063767">
<ele>315</ele>
<time>2026-10-02T06:45:31Z</time></trkpt>
<trkpt lat="38.868133" lon="-121.063745">
<ele>316</ele>
<time>2026-10-02T06:45:34Z</time></trkpt>
<trkpt lat="38.868068" lon="-121.063752">
<ele>318</ele>
<time>2026-10-02T06:45:37Z</time></trkpt>
<trkpt lat="38.867925" lon="-121.063825">
<ele>318</ele>
<time>2026-10-02T06:45:43Z</time></trkpt>
<trkpt lat="38.867856" lon="-121.063914">
<ele>319</ele>
<time>2026-10-02T06:45:47Z</time></trkpt>
<trkpt lat="38.867796" lon="-121.064086">
<ele>319</ele>
<time>2026-10-02T06:45:53Z</time></trkpt>
<trkpt lat="38.86779" lon="-121.064193">
<ele>320</ele>
<time>2026-10-02T06:45:56Z</time></trkpt>
<trkpt lat="38.867803" lon="-121.064278">
<ele>321</ele>
<time>2026-10-02T06:45:59Z</time></trkpt>
<trkpt lat="38.867874" lon="-121.064444">
<ele>323</ele>
<time>2026-10-02T06:46:05Z</time></trkpt>
<trkpt lat="38.867935" lon="-121.064514">
<ele>326</ele>
<time>2026-10-02T06:46:08Z</time></trkpt>
<trkpt lat="38.868069" lon="-121.064581">
<ele>327</ele>
<time>2026-10-02T06:46:14Z</time></trkpt>
<trkpt lat="38.868199" lon="-121.064572">
<ele>328</ele>
<time>2026-10-02T06:46:19Z</time></trkpt>
<trkpt lat="38.868691" lon="-121.064457">
<ele>327</ele>
<time>2026-10-02T06:46:39Z</time></trkpt>
<trkpt lat="38.869006" lon="-121.064456">
<ele>331</ele>
<time>2026-10-02T06:46:52Z</time></trkpt>
<trkpt lat="38.869082" lon="-121.064437">
<ele>331</ele>
<time>2026-10-02T06:46:55Z</time></trkpt>
<trkpt lat="38.869211" lon="-121.064336">
<ele>333</ele>
<time>2026-10-02T06:47:01Z</time></trkpt>
<trkpt lat="38.869266" lon="-121.064261">
<ele>334</ele>
<time>2026-10-02T06:47:04Z</time></trkpt>
<trkpt lat="38.869328" lon="-121.064124">
<ele>332</ele>
<time>2026-10-02T06:47:09Z</time></trkpt>
<trkpt lat="38.870022" lon="-121.062023">
<ele>342</ele>
<time>2026-10-02T06:48:20Z</time></trkpt>
<trkpt lat="38.870107" lon="-121.06182">
<ele>345</ele>
<time>2026-10-02T06:48:27Z</time></trkpt>
<trkpt lat="38.870175" lon="-121.061722">
<ele>345</ele>
<time>2026-10-02T06:48:32Z</time></trkpt>
<trkpt lat="38.870292" lon="-121.061632">
<ele>344</ele>
<time>2026-10-02T06:48:37Z</time></trkpt>
<trkpt lat="38.870493" lon="-121.061589">
<ele>346</ele>
<time>2026-10-02T06:48:45Z</time></trkpt>
<trkpt lat="38.87059" lon="-121.061591">
<ele>346</ele>
<time>2026-10-02T06:48:49Z</time></trkpt>
<trkpt lat="38.870707" lon="-121.061629">
<ele>346</ele>
<time>2026-10-02T06:48:54Z</time></trkpt>
<trkpt lat="38.870766" lon="-121.061674">
<ele>346</ele>
<time>2026-10-02T06:48:57Z</time></trkpt>
<trkpt lat="38.870828" lon="-121.061608">
<ele>346</ele>
<time>2026-10-02T06:49:00Z</time></trkpt>
<trkpt lat="38.870962" lon="-121.061566">
<ele>347</ele>
<time>2026-10-02T06:49:05Z</time></trkpt>
<trkpt lat="38.871091" lon="-121.061549">
<ele>348</ele>
<time>2026-10-02T06:49:11Z</time></trkpt>
<trkpt lat="38.871091" lon="-121.061549">
<ele>348</ele>
<time>2026-10-02T06:49:11Z</time></trkpt>
<trkpt lat="38.871168" lon="-121.061539">
<ele>348</ele>
<time>2026-10-02T06:49:14Z</time></trkpt>
<trkpt lat="38.871598" lon="-121.061486">
<ele>347</ele>
<time>2026-10-02T06:49:31Z</time></trkpt>
<trkpt lat="38.871598" lon="-121.061486">
<ele>347</ele>
<time>2026-10-02T06:49:31Z</time></trkpt>
<trkpt lat="38.871913" lon="-121.06146">
<ele>349</ele>
<time>2026-10-02T06:49:44Z</time></trkpt>
<trkpt lat="38.872469" lon="-121.061427">
<ele>349</ele>
<time>2026-10-02T06:50:06Z</time></trkpt>
<trkpt lat="38.872612" lon="-121.061477">
<ele>347</ele>
<time>2026-10-02T06:50:12Z</time></trkpt>
<trkpt lat="38.872678" lon="-121.061533">
<ele>347</ele>
<time>2026-10-02T06:50:15Z</time></trkpt>
<trkpt lat="38.872776" lon="-121.061696">
<ele>348</ele>
<time>2026-10-02T06:50:22Z</time></trkpt>
<trkpt lat="38.872952" lon="-121.062337">
<ele>349</ele>
<time>2026-10-02T06:50:43Z</time></trkpt>
<trkpt lat="38.872997" lon="-121.062445">
<ele>350</ele>
<time>2026-10-02T06:50:47Z</time></trkpt>
<trkpt lat="38.873113" lon="-121.062593">
<ele>348</ele>
<time>2026-10-02T06:50:53Z</time></trkpt>
<trkpt lat="38.873238" lon="-121.062685">
<ele>348</ele>
<time>2026-10-02T06:50:59Z</time></trkpt>
<trkpt lat="38.873404" lon="-121.062735">
<ele>348</ele>
<time>2026-10-02T06:51:06Z</time></trkpt>
<trkpt lat="38.87352" lon="-121.062727">
<ele>348</ele>
<time>2026-10-02T06:51:10Z</time></trkpt>
<trkpt lat="38.874269" lon="-121.062585">
<ele>352</ele>
<time>2026-10-02T06:51:41Z</time></trkpt>
<trkpt lat="38.874269" lon="-121.062584">
<ele>352</ele>
<time>2026-10-02T06:51:41Z</time></trkpt>
<trkpt lat="38.874735" lon="-121.062502">
<ele>351</ele>
<time>2026-10-02T06:52:00Z</time></trkpt>
<trkpt lat="38.874861" lon="-121.062502">
<ele>351</ele>
<time>2026-10-02T06:52:05Z</time></trkpt>
<trkpt lat="38.874962" lon="-121.062525">
<ele>352</ele>
<time>2026-10-02T06:52:09Z</time></trkpt>
<trkpt lat="38.875102" lon="-121.06261">
<ele>352</ele>
<time>2026-10-02T06:52:15Z</time></trkpt>
<trkpt lat="38.875548" lon="-121.0631">
<ele>353</ele>
<time>2026-10-02T06:52:38Z</time></trkpt>
<trkpt lat="38.875877" lon="-121.063471">
<ele>356</ele>
<time>2026-10-02T06:52:56Z</time></trkpt>
<trkpt lat="38.875982" lon="-121.063563">
<ele>356</ele>
<time>2026-10-02T06:53:01Z</time></trkpt>
<trkpt lat="38.876072" lon="-121.063617">
<ele>355</ele>
<time>2026-10-02T06:53:05Z</time></trkpt>
<trkpt lat="38.876308" lon="-121.06368">
<ele>357</ele>
<time>2026-10-02T06:53:15Z</time></trkpt>
<trkpt lat="38.876308" lon="-121.06368">
<ele>357</ele>
<time>2026-10-02T06:53:15Z</time></trkpt>
<trkpt lat="38.876788" lon="-121.06378">
<ele>356</ele>
<time>2026-10-02T06:53:34Z</time></trkpt>
<trkpt lat="38.876931" lon="-121.063839">
<ele>354</ele>
<time>2026-10-02T06:53:40Z</time></trkpt>
<trkpt lat="38.876998" lon="-121.063884">
<ele>353</ele>
<time>2026-10-02T06:53:43Z</time></trkpt>
<trkpt lat="38.877067" lon="-121.063959">
<ele>354</ele>
<time>2026-10-02T06:53:47Z</time></trkpt>
<trkpt lat="38.877264" lon="-121.064238">
<ele>353</ele>
<time>2026-10-02T06:53:59Z</time></trkpt>
<trkpt lat="38.877377" lon="-121.064345">
<ele>353</ele>
<time>2026-10-02T06:54:04Z</time></trkpt>
<trkpt lat="38.877897" lon="-121.064584">
<ele>349</ele>
<time>2026-10-02T06:54:26Z</time></trkpt>
<trkpt lat="38.878067" lon="-121.064671">
<ele>345</ele>
<time>2026-10-02T06:54:34Z</time></trkpt>
<trkpt lat="38.878129" lon="-121.064737">
<ele>344</ele>
<time>2026-10-02T06:54:37Z</time></trkpt>
<trkpt lat="38.878148" lon="-121.0648">
<ele>343</ele>
<time>2026-10-02T06:54:39Z</time></trkpt>
<trkpt lat="38.878143" lon="-121.064874">
<ele>343</ele>
<time>2026-10-02T06:54:41Z</time></trkpt>
<trkpt lat="38.878107" lon="-121.064999">
<ele>344</ele>
<time>2026-10-02T06:54:46Z</time></trkpt>
<trkpt lat="38.878101" lon="-121.065091">
<ele>348</ele>
<time>2026-10-02T06:54:48Z</time></trkpt>
<trkpt lat="38.878139" lon="-121.065231">
<ele>350</ele>
<time>2026-10-02T06:54:53Z</time></trkpt>
<trkpt lat="38.878181" lon="-121.065281">
<ele>350</ele>
<time>2026-10-02T06:54:55Z</time></trkpt>
<trkpt lat="38.878376" lon="-121.06539">
<ele>349</ele>
<time>2026-10-02T06:55:04Z</time></trkpt>
<trkpt lat="38.8786" lon="-121.065463">
<ele>348</ele>
<time>2026-10-02T06:55:13Z</time></trkpt>
<trkpt lat="38.878789" lon="-121.065491">
<ele>349</ele>
<time>2026-10-02T06:55:21Z</time></trkpt>
<trkpt lat="38.879172" lon="-121.065501">
<ele>350</ele>
<time>2026-10-02T06:55:36Z</time></trkpt>
<trkpt lat="38.879263" lon="-121.065517">
<ele>350</ele>
<time>2026-10-02T06:55:40Z</time></trkpt>
<trkpt lat="38.87933" lon="-121.065549">
<ele>351</ele>
<time>2026-10-02T06:55:43Z</time></trkpt>
<trkpt lat="38.879396" lon="-121.065599">
<ele>352</ele>
<time>2026-10-02T06:55:46Z</time></trkpt>
<trkpt lat="38.879396" lon="-121.065599">
<ele>352</ele>
<time>2026-10-02T06:55:46Z</time></trkpt>
<trkpt lat="38.879789" lon="-121.066067">
<ele>357</ele>
<time>2026-10-02T06:56:07Z</time></trkpt>
<trkpt lat="38.879895" lon="-121.066153">
<ele>359</ele>
<time>2026-10-02T06:56:12Z</time></trkpt>
<trkpt lat="38.880596" lon="-121.066602">
<ele>363</ele>
<time>2026-10-02T06:56:44Z</time></trkpt>
<trkpt lat="38.880715" lon="-121.066705">
<ele>363</ele>
<time>2026-10-02T06:56:49Z</time></trkpt>
<trkpt lat="38.880811" lon="-121.066867">
<ele>364</ele>
<time>2026-10-02T06:56:56Z</time></trkpt>
<trkpt lat="38.880843" lon="-121.066959">
<ele>364</ele>
<time>2026-10-02T06:56:59Z</time></trkpt>
<trkpt lat="38.88106" lon="-121.067809">
<ele>369</ele>
<time>2026-10-02T06:57:27Z</time></trkpt>
<trkpt lat="38.881121" lon="-121.067999">
<ele>370</ele>
<time>2026-10-02T06:57:33Z</time></trkpt>
<trkpt lat="38.881185" lon="-121.068133">
<ele>370</ele>
<time>2026-10-02T06:57:38Z</time></trkpt>
<trkpt lat="38.881279" lon="-121.068259">
<ele>372</ele>
<time>2026-10-02T06:57:44Z</time></trkpt>
<trkpt lat="38.881428" lon="-121.068386">
<ele>373</ele>
<time>2026-10-02T06:57:51Z</time></trkpt>
<trkpt lat="38.881571" lon="-121.068454">
<ele>374</ele>
<time>2026-10-02T06:57:57Z</time></trkpt>
<trkpt lat="38.881713" lon="-121.068484">
<ele>374</ele>
<time>2026-10-02T06:58:03Z</time></trkpt>
<trkpt lat="38.881863" lon="-121.06847">
<ele>375</ele>
<time>2026-10-02T06:58:09Z</time></trkpt>
<trkpt lat="38.881863" lon="-121.06847">
<ele>375</ele>
<time>2026-10-02T06:58:09Z</time></trkpt>
<trkpt lat="38.881928" lon="-121.068481">
<ele>375</ele>
<time>2026-10-02T06:58:11Z</time></trkpt>
<trkpt lat="38.882086" lon="-121.068556">
<ele>375</ele>
<time>2026-10-02T06:58:18Z</time></trkpt>
<trkpt lat="38.882044" lon="-121.068818">
<ele>378</ele>
<time>2026-10-02T06:58:26Z</time></trkpt>
<trkpt lat="38.882268" lon="-121.068862">
<ele>378</ele>
<time>2026-10-02T06:58:35Z</time></trkpt>
<trkpt lat="38.882482" lon="-121.068875">
<ele>379</ele>
<time>2026-10-02T06:58:44Z</time></trkpt>
<trkpt lat="38.882718" lon="-121.068834">
<ele>380</ele>
<time>2026-10-02T06:58:54Z</time></trkpt>
<trkpt lat="38.883286" lon="-121.068629">
<ele>382</ele>
<time>2026-10-02T06:59:17Z</time></trkpt>
<trkpt lat="38.883402" lon="-121.068616">
<ele>381</ele>
<time>2026-10-02T06:59:22Z</time></trkpt>
<trkpt lat="38.88408" lon="-121.068697">
<ele>385</ele>
<time>2026-10-02T06:59:49Z</time></trkpt>
<trkpt lat="38.88408" lon="-121.068697">
<ele>385</ele>
<time>2026-10-02T06:59:49Z</time></trkpt>
<trkpt lat="38.884395" lon="-121.068661">
<ele>387</ele>
<time>2026-10-02T07:00:02Z</time></trkpt>
<trkpt lat="38.884739" lon="-121.068563">
<ele>386</ele>
<time>2026-10-02T07:00:16Z</time></trkpt>
<trkpt lat="38.884953" lon="-121.06855">
<ele>387</ele>
<time>2026-10-02T07:00:25Z</time></trkpt>
<trkpt lat="38.885077" lon="-121.068561">
<ele>386</ele>
<time>2026-10-02T07:00:30Z</time></trkpt>
<trkpt lat="38.885198" lon="-121.068595">
<ele>387</ele>
<time>2026-10-02T07:00:34Z</time></trkpt>
<trkpt lat="38.885424" lon="-121.0687">
<ele>388</ele>
<time>2026-10-02T07:00:44Z</time></trkpt>
<trkpt lat="38.88594" lon="-121.069035">
<ele>391</ele>
<time>2026-10-02T07:01:07Z</time></trkpt>
<trkpt lat="38.886059" lon="-121.069138">
<ele>391</ele>
<time>2026-10-02T07:01:13Z</time></trkpt>
<trkpt lat="38.886253" lon="-121.069374">
<ele>392</ele>
<time>2026-10-02T07:01:24Z</time></trkpt>
<trkpt lat="38.886339" lon="-121.069533">
<ele>393</ele>
<time>2026-10-02T07:01:30Z</time></trkpt>
<trkpt lat="38.886439" lon="-121.069809">
<ele>392</ele>
<time>2026-10-02T07:01:39Z</time></trkpt>
<trkpt lat="38.886594" lon="-121.070598">
<ele>394</ele>
<time>2026-10-02T07:02:05Z</time></trkpt>
<trkpt lat="38.886682" lon="-121.07088">
<ele>395</ele>
<time>2026-10-02T07:02:14Z</time></trkpt>
<trkpt lat="38.886739" lon="-121.070683">
<ele>394</ele>
<time>2026-10-02T07:02:21Z</time></trkpt>
<trkpt lat="38.886739" lon="-121.070683">
<ele>394</ele>
<time>2026-10-02T07:02:21Z</time></trkpt>
<trkpt lat="38.886749" lon="-121.07065">
<ele>394</ele>
<time>2026-10-02T07:02:22Z</time></trkpt>
<trkpt lat="38.88684" lon="-121.070525">
<ele>393</ele>
<time>2026-10-02T07:02:27Z</time></trkpt>
<trkpt lat="38.88694" lon="-121.070446">
<ele>393</ele>
<time>2026-10-02T07:02:32Z</time></trkpt>
<trkpt lat="38.887202" lon="-121.070384">
<ele>395</ele>
<time>2026-10-02T07:02:43Z</time></trkpt>
<trkpt lat="38.887273" lon="-121.070408">
<ele>396</ele>
<time>2026-10-02T07:02:45Z</time></trkpt>
<trkpt lat="38.887238" lon="-121.070178">
<ele>395</ele>
<time>2026-10-02T07:02:53Z</time></trkpt>
<trkpt lat="38.887238" lon="-121.070178">
<ele>395</ele>
<time>2026-10-02T07:02:53Z</time></trkpt>
<trkpt lat="38.887273" lon="-121.070408">
<ele>396</ele>
<time>2026-10-02T07:03:00Z</time></trkpt>
<trkpt lat="38.88748" lon="-121.070411">
<ele>400</ele>
<time>2026-10-02T07:03:08Z</time></trkpt>
<trkpt lat="38.887893" lon="-121.070319">
<ele>406</ele>
<time>2026-10-02T07:03:25Z</time></trkpt>
<trkpt lat="38.888118" lon="-121.07035">
<ele>408</ele>
<time>2026-10-02T07:03:34Z</time></trkpt>
<trkpt lat="38.888126" lon="-121.070216">
<ele>409</ele>
<time>2026-10-02T07:03:38Z</time></trkpt>
<trkpt lat="38.888111" lon="-121.070158">
<ele>409</ele>
<time>2026-10-02T07:03:40Z</time></trkpt>
<trkpt lat="38.888111" lon="-121.070158">
<ele>409</ele>
<time>2026-10-02T07:03:40Z</time></trkpt>
<trkpt lat="38.888108" lon="-121.070048">
<ele>409</ele>
<time>2026-10-02T07:03:44Z</time></trkpt>
<trkpt lat="38.888144" lon="-121.069783">
<ele>409</ele>
<time>2026-10-02T07:03:52Z</time></trkpt>
<trkpt lat="38.888185" lon="-121.069777">
<ele>410</ele>
<time>2026-10-02T07:03:54Z</time></trkpt>
<trkpt lat="38.888266" lon="-121.069724">
<ele>412</ele>
<time>2026-10-02T07:03:57Z</time></trkpt>
<trkpt lat="38.888386" lon="-121.069492">
<ele>412</ele>
<time>2026-10-02T07:04:06Z</time></trkpt>
<trkpt lat="38.888443" lon="-121.06932">
<ele>412</ele>
<time>2026-10-02T07:04:12Z</time></trkpt>
<trkpt lat="38.888552" lon="-121.069105">
<ele>413</ele>
<time>2026-10-02T07:04:20Z</time></trkpt>
<trkpt lat="38.888674" lon="-121.069022">
<ele>412</ele>
<time>2026-10-02T07:04:26Z</time></trkpt>
<trkpt lat="38.888674" lon="-121.069022">
<ele>412</ele>
<time>2026-10-02T07:04:26Z</time></trkpt>
<trkpt lat="38.888757" lon="-121.068965">
<ele>412</ele>
<time>2026-10-02T07:04:29Z</time></trkpt>
<trkpt lat="38.888818" lon="-121.068839">
<ele>411</ele>
<time>2026-10-02T07:04:34Z</time></trkpt>
<trkpt lat="38.88878" lon="-121.068575">
<ele>412</ele>
<time>2026-10-02T07:04:42Z</time></trkpt>
<trkpt lat="38.888788" lon="-121.068364">
<ele>412</ele>
<time>2026-10-02T07:04:49Z</time></trkpt>
<trkpt lat="38.888828" lon="-121.068286">
<ele>412</ele>
<time>2026-10-02T07:04:52Z</time></trkpt>
<trkpt lat="38.888828" lon="-121.068286">
<ele>412</ele>
<time>2026-10-02T07:04:52Z</time></trkpt>
<trkpt lat="38.88893" lon="-121.068225">
<ele>412</ele>
<time>2026-10-02T07:04:56Z</time></trkpt>
<trkpt lat="38.889054" lon="-121.068187">
<ele>412</ele>
<time>2026-10-02T07:05:01Z</time></trkpt>
<trkpt lat="38.889115" lon="-121.068227">
<ele>412</ele>
<time>2026-10-02T07:05:04Z</time></trkpt>
<trkpt lat="38.88912" lon="-121.068168">
<ele>412</ele>
<time>2026-10-02T07:05:06Z</time></trkpt>
<trkpt lat="38.88912" lon="-121.068168">
<ele>412</ele>
<time>2026-10-02T07:05:06Z</time></trkpt>
<trkpt lat="38.889115" lon="-121.068227">
<ele>412</ele>
<time>2026-10-02T07:05:08Z</time></trkpt>
<trkpt lat="38.889248" lon="-121.068384">
<ele>411</ele>
<time>2026-10-02T07:05:15Z</time></trkpt>
<trkpt lat="38.889354" lon="-121.068599">
<ele>411</ele>
<time>2026-10-02T07:05:23Z</time></trkpt>
<trkpt lat="38.889419" lon="-121.068858">
<ele>410</ele>
<time>2026-10-02T07:05:32Z</time></trkpt>
<trkpt lat="38.889427" lon="-121.069027">
<ele>410</ele>
<time>2026-10-02T07:05:37Z</time></trkpt>
<trkpt lat="38.889427" lon="-121.069027">
<ele>410</ele>
<time>2026-10-02T07:05:37Z</time></trkpt>
<trkpt lat="38.889433" lon="-121.069144">
<ele>410</ele>
<time>2026-10-02T07:05:40Z</time></trkpt>
<trkpt lat="38.889597" lon="-121.06908">
<ele>408</ele>
<time>2026-10-02T07:05:47Z</time></trkpt>
<trkpt lat="38.889804" lon="-121.068873">
<ele>406</ele>
<time>2026-10-02T07:05:58Z</time></trkpt>
<trkpt lat="38.889804" lon="-121.068873">
<ele>406</ele>
<time>2026-10-02T07:05:58Z</time></trkpt>
<trkpt lat="38.889998" lon="-121.068596">
<ele>405</ele>
<time>2026-10-02T07:06:09Z</time></trkpt>
<trkpt lat="38.890174" lon="-121.068274">
<ele>403</ele>
<time>2026-10-02T07:06:22Z</time></trkpt>
<trkpt lat="38.890175" lon="-121.068043">
<ele>401</ele>
<time>2026-10-02T07:06:29Z</time></trkpt>
<trkpt lat="38.890228" lon="-121.067847">
<ele>399</ele>
<time>2026-10-02T07:06:35Z</time></trkpt>
<trkpt lat="38.890228" lon="-121.067847">
<ele>399</ele>
<time>2026-10-02T07:06:35Z</time></trkpt>
<trkpt lat="38.890293" lon="-121.067609">
<ele>397</ele>
<time>2026-10-02T07:06:43Z</time></trkpt>
<trkpt lat="38.890338" lon="-121.067509">
<ele>395</ele>
<time>2026-10-02T07:06:47Z</time></trkpt>
<trkpt lat="38.890415" lon="-121.067413">
<ele>394</ele>
<time>2026-10-02T07:06:51Z</time></trkpt>
<trkpt lat="38.890619" lon="-121.067328">
<ele>392</ele>
<time>2026-10-02T07:07:00Z</time></trkpt>
<trkpt lat="38.890687" lon="-121.067254">
<ele>390</ele>
<time>2026-10-02T07:07:03Z</time></trkpt>
<trkpt lat="38.89069" lon="-121.067188">
<ele>389</ele>
<time>2026-10-02T07:07:05Z</time></trkpt>
<trkpt lat="38.890625" lon="-121.06711">
<ele>389</ele>
<time>2026-10-02T07:07:09Z</time></trkpt>
<trkpt lat="38.890467" lon="-121.067">
<ele>388</ele>
<time>2026-10-02T07:07:16Z</time></trkpt>
<trkpt lat="38.890284" lon="-121.066779">
<ele>385</ele>
<time>2026-10-02T07:07:26Z</time></trkpt>
<trkpt lat="38.889923" lon="-121.066662">
<ele>383</ele>
<time>2026-10-02T07:07:41Z</time></trkpt>
<trkpt lat="38.889689" lon="-121.066492">
<ele>382</ele>
<time>2026-10-02T07:07:52Z</time></trkpt>
<trkpt lat="38.889597" lon="-121.066381">
<ele>380</ele>
<time>2026-10-02T07:07:57Z</time></trkpt>
<trkpt lat="38.889547" lon="-121.066287">
<ele>380</ele>
<time>2026-10-02T07:08:01Z</time></trkpt>
<trkpt lat="38.889471" lon="-121.066227">
<ele>379</ele>
<time>2026-10-02T07:08:04Z</time></trkpt>
<trkpt lat="38.888919" lon="-121.066171">
<ele>373</ele>
<time>2026-10-02T07:08:26Z</time></trkpt>
<trkpt lat="38.888799" lon="-121.06613">
<ele>369</ele>
<time>2026-10-02T07:08:31Z</time></trkpt>
<trkpt lat="38.88876" lon="-121.066098">
<ele>368</ele>
<time>2026-10-02T07:08:33Z</time></trkpt>
<trkpt lat="38.88876" lon="-121.066099">
<ele>368</ele>
<time>2026-10-02T07:08:33Z</time></trkpt>
<trkpt lat="38.888632" lon="-121.065996">
<ele>367</ele>
<time>2026-10-02T07:08:39Z</time></trkpt>
<trkpt lat="38.888423" lon="-121.065712">
<ele>363</ele>
<time>2026-10-02T07:08:51Z</time></trkpt>
<trkpt lat="38.888336" lon="-121.065513">
<ele>361</ele>
<time>2026-10-02T07:08:59Z</time></trkpt>
<trkpt lat="38.888204" lon="-121.065267">
<ele>362</ele>
<time>2026-10-02T07:09:08Z</time></trkpt>
<trkpt lat="38.888167" lon="-121.065162">
<ele>361</ele>
<time>2026-10-02T07:09:11Z</time></trkpt>
<trkpt lat="38.888157" lon="-121.065048">
<ele>362</ele>
<time>2026-10-02T07:09:15Z</time></trkpt>
<trkpt lat="38.888201" lon="-121.064949">
<ele>362</ele>
<time>2026-10-02T07:09:19Z</time></trkpt>
<trkpt lat="38.88836" lon="-121.064843">
<ele>360</ele>
<time>2026-10-02T07:09:26Z</time></trkpt>
<trkpt lat="38.888514" lon="-121.064687">
<ele>354</ele>
<time>2026-10-02T07:09:34Z</time></trkpt>
<trkpt lat="38.888534" lon="-121.064624">
<ele>354</ele>
<time>2026-10-02T07:09:36Z</time></trkpt>
<trkpt lat="38.888539" lon="-121.064462">
<ele>356</ele>
<time>2026-10-02T07:09:41Z</time></trkpt>
<trkpt lat="38.888618" lon="-121.064232">
<ele>357</ele>
<time>2026-10-02T07:09:49Z</time></trkpt>
<trkpt lat="38.888617" lon="-121.06407">
<ele>356</ele>
<time>2026-10-02T07:09:54Z</time></trkpt>
<trkpt lat="38.888582" lon="-121.063892">
<ele>354</ele>
<time>2026-10-02T07:09:59Z</time></trkpt>
<trkpt lat="38.888453" lon="-121.063513">
<ele>352</ele>
<time>2026-10-02T07:10:12Z</time></trkpt>
<trkpt lat="38.888417" lon="-121.063335">
<ele>352</ele>
<time>2026-10-02T07:10:18Z</time></trkpt>
<trkpt lat="38.888367" lon="-121.063241">
<ele>350</ele>
<time>2026-10-02T07:10:22Z</time></trkpt>
<trkpt lat="38.888347" lon="-121.063163">
<ele>350</ele>
<time>2026-10-02T07:10:24Z</time></trkpt>
<trkpt lat="38.888347" lon="-121.063163">
<ele>350</ele>
<time>2026-10-02T07:10:24Z</time></trkpt>
<trkpt lat="38.888323" lon="-121.063067">
<ele>349</ele>
<time>2026-10-02T07:10:27Z</time></trkpt>
<trkpt lat="38.888252" lon="-121.062933">
<ele>349</ele>
<time>2026-10-02T07:10:32Z</time></trkpt>
<trkpt lat="38.888205" lon="-121.062783">
<ele>351</ele>
<time>2026-10-02T07:10:37Z</time></trkpt>
<trkpt lat="38.888157" lon="-121.062493">
<ele>350</ele>
<time>2026-10-02T07:10:47Z</time></trkpt>
<trkpt lat="38.888167" lon="-121.062379">
<ele>351</ele>
<time>2026-10-02T07:10:50Z</time></trkpt>
<trkpt lat="38.888134" lon="-121.062201">
<ele>348</ele>
<time>2026-10-02T07:10:56Z</time></trkpt>
<trkpt lat="38.888134" lon="-121.062086">
<ele>347</ele>
<time>2026-10-02T07:11:00Z</time></trkpt>
<trkpt lat="38.888165" lon="-121.061977">
<ele>347</ele>
<time>2026-10-02T07:11:03Z</time></trkpt>
<trkpt lat="38.88824" lon="-121.061879">
<ele>348</ele>
<time>2026-10-02T07:11:07Z</time></trkpt>
<trkpt lat="38.888387" lon="-121.061751">
<ele>348</ele>
<time>2026-10-02T07:11:15Z</time></trkpt>
<trkpt lat="38.88858" lon="-121.061631">
<ele>348</ele>
<time>2026-10-02T07:11:23Z</time></trkpt>
<trkpt lat="38.888977" lon="-121.06149">
<ele>347</ele>
<time>2026-10-02T07:11:40Z</time></trkpt>
<trkpt lat="38.889244" lon="-121.061448">
<ele>348</ele>
<time>2026-10-02T07:11:50Z</time></trkpt>
<trkpt lat="38.889513" lon="-121.06145">
<ele>347</ele>
<time>2026-10-02T07:12:01Z</time></trkpt>
<trkpt lat="38.889935" lon="-121.061561">
<ele>346</ele>
<time>2026-10-02T07:12:18Z</time></trkpt>
<trkpt lat="38.890223" lon="-121.061666">
<ele>343</ele>
<time>2026-10-02T07:12:30Z</time></trkpt>
<trkpt lat="38.890259" lon="-121.061663">
<ele>342</ele>
<time>2026-10-02T07:12:32Z</time></trkpt>
<trkpt lat="38.8903" lon="-121.061621">
<ele>342</ele>
<time>2026-10-02T07:12:34Z</time></trkpt>
<trkpt lat="38.890312" lon="-121.061554">
<ele>344</ele>
<time>2026-10-02T07:12:36Z</time></trkpt>
<trkpt lat="38.890289" lon="-121.061492">
<ele>344</ele>
<time>2026-10-02T07:12:38Z</time></trkpt>
<trkpt lat="38.890185" lon="-121.061364">
<ele>343</ele>
<time>2026-10-02T07:12:44Z</time></trkpt>
<trkpt lat="38.89004" lon="-121.061229">
<ele>343</ele>
<time>2026-10-02T07:12:51Z</time></trkpt>
<trkpt lat="38.89004" lon="-121.061229">
<ele>343</ele>
<time>2026-10-02T07:12:51Z</time></trkpt>
<trkpt lat="38.889961" lon="-121.061178">
<ele>342</ele>
<time>2026-10-02T07:12:55Z</time></trkpt>
<trkpt lat="38.889696" lon="-121.060904">
<ele>340</ele>
<time>2026-10-02T07:13:08Z</time></trkpt>
<trkpt lat="38.889279" lon="-121.060766">
<ele>337</ele>
<time>2026-10-02T07:13:26Z</time></trkpt>
<trkpt lat="38.889047" lon="-121.06076">
<ele>331</ele>
<time>2026-10-02T07:13:35Z</time></trkpt>
<trkpt lat="38.888645" lon="-121.060649">
<ele>326</ele>
<time>2026-10-02T07:13:51Z</time></trkpt>
<trkpt lat="38.888412" lon="-121.060527">
<ele>322</ele>
<time>2026-10-02T07:14:02Z</time></trkpt>
<trkpt lat="38.888094" lon="-121.060236">
<ele>315</ele>
<time>2026-10-02T07:14:17Z</time></trkpt>
<trkpt lat="38.887731" lon="-121.05984">
<ele>319</ele>
<time>2026-10-02T07:14:36Z</time></trkpt>
<trkpt lat="38.887598" lon="-121.059643">
<ele>321</ele>
<time>2026-10-02T07:14:44Z</time></trkpt>
<trkpt lat="38.887527" lon="-121.059425">
<ele>323</ele>
<time>2026-10-02T07:14:52Z</time></trkpt>
<trkpt lat="38.887517" lon="-121.059267">
<ele>322</ele>
<time>2026-10-02T07:14:57Z</time></trkpt>
<trkpt lat="38.887567" lon="-121.059062">
<ele>322</ele>
<time>2026-10-02T07:15:03Z</time></trkpt>
<trkpt lat="38.887633" lon="-121.058924">
<ele>321</ele>
<time>2026-10-02T07:15:08Z</time></trkpt>
<trkpt lat="38.887726" lon="-121.058787">
<ele>321</ele>
<time>2026-10-02T07:15:14Z</time></trkpt>
<trkpt lat="38.888034" lon="-121.058463">
<ele>322</ele>
<time>2026-10-02T07:15:30Z</time></trkpt>
<trkpt lat="38.88812" lon="-121.058304">
<ele>322</ele>
<time>2026-10-02T07:15:36Z</time></trkpt>
<trkpt lat="38.888174" lon="-121.058247">
<ele>321</ele>
<time>2026-10-02T07:15:39Z</time></trkpt>
<trkpt lat="38.88842" lon="-121.058143">
<ele>320</ele>
<time>2026-10-02T07:15:49Z</time></trkpt>
<trkpt lat="38.88842" lon="-121.058143">
<ele>320</ele>
<time>2026-10-02T07:15:49Z</time></trkpt>
<trkpt lat="38.888476" lon="-121.058119">
<ele>320</ele>
<time>2026-10-02T07:15:52Z</time></trkpt>
<trkpt lat="38.888724" lon="-121.058093">
<ele>321</ele>
<time>2026-10-02T07:16:02Z</time></trkpt>
<trkpt lat="38.888889" lon="-121.058049">
<ele>320</ele>
<time>2026-10-02T07:16:08Z</time></trkpt>
<trkpt lat="38.88895" lon="-121.058008">
<ele>321</ele>
<time>2026-10-02T07:16:11Z</time></trkpt>
<trkpt lat="38.888982" lon="-121.05794">
<ele>322</ele>
<time>2026-10-02T07:16:14Z</time></trkpt>
<trkpt lat="38.88898" lon="-121.057866">
<ele>321</ele>
<time>2026-10-02T07:16:16Z</time></trkpt>
<trkpt lat="38.888933" lon="-121.057714">
<ele>318</ele>
<time>2026-10-02T07:16:21Z</time></trkpt>
<trkpt lat="38.88889" lon="-121.057425">
<ele>319</ele>
<time>2026-10-02T07:16:30Z</time></trkpt>
<trkpt lat="38.888787" lon="-121.057161">
<ele>317</ele>
<time>2026-10-02T07:16:39Z</time></trkpt>
<trkpt lat="38.888666" lon="-121.056781">
<ele>312</ele>
<time>2026-10-02T07:16:52Z</time></trkpt>
<trkpt lat="38.888666" lon="-121.056781">
<ele>312</ele>
<time>2026-10-02T07:16:52Z</time></trkpt>
<trkpt lat="38.888593" lon="-121.056553">
<ele>308</ele>
<time>2026-10-02T07:17:00Z</time></trkpt>
<trkpt lat="38.888552" lon="-121.05633">
<ele>306</ele>
<time>2026-10-02T07:17:07Z</time></trkpt>
<trkpt lat="38.888557" lon="-121.056267">
<ele>306</ele>
<time>2026-10-02T07:17:09Z</time></trkpt>
<trkpt lat="38.888602" lon="-121.056242">
<ele>308</ele>
<time>2026-10-02T07:17:11Z</time></trkpt>
<trkpt lat="38.888986" lon="-121.055833">
<ele>312</ele>
<time>2026-10-02T07:17:31Z</time></trkpt>
<trkpt lat="38.8891" lon="-121.055655">
<ele>313</ele>
<time>2026-10-02T07:17:38Z</time></trkpt>
<trkpt lat="38.889186" lon="-121.055454">
<ele>314</ele>
<time>2026-10-02T07:17:45Z</time></trkpt>
<trkpt lat="38.889186" lon="-121.055454">
<ele>314</ele>
<time>2026-10-02T07:17:45Z</time></trkpt>
<trkpt lat="38.889221" lon="-121.055373">
<ele>314</ele>
<time>2026-10-02T07:17:48Z</time></trkpt>
<trkpt lat="38.889286" lon="-121.055293">
<ele>314</ele>
<time>2026-10-02T07:17:52Z</time></trkpt>
<trkpt lat="38.889369" lon="-121.055246">
<ele>315</ele>
<time>2026-10-02T07:17:56Z</time></trkpt>
<trkpt lat="38.889459" lon="-121.055246">
<ele>316</ele>
<time>2026-10-02T07:17:59Z</time></trkpt>
<trkpt lat="38.889576" lon="-121.055305">
<ele>317</ele>
<time>2026-10-02T07:18:04Z</time></trkpt>
<trkpt lat="38.889911" lon="-121.055615">
<ele>321</ele>
<time>2026-10-02T07:18:21Z</time></trkpt>
<trkpt lat="38.890079" lon="-121.055699">
<ele>322</ele>
<time>2026-10-02T07:18:28Z</time></trkpt>
<trkpt lat="38.89033" lon="-121.05572">
<ele>320</ele>
<time>2026-10-02T07:18:38Z</time></trkpt>
<trkpt lat="38.890612" lon="-121.055791">
<ele>320</ele>
<time>2026-10-02T07:18:50Z</time></trkpt>
<trkpt lat="38.890683" lon="-121.05578">
<ele>320</ele>
<time>2026-10-02T07:18:52Z</time></trkpt>
<trkpt lat="38.890709" lon="-121.055754">
<ele>320</ele>
<time>2026-10-02T07:18:54Z</time></trkpt>
<trkpt lat="38.890706" lon="-121.055662">
<ele>320</ele>
<time>2026-10-02T07:18:57Z</time></trkpt>
<trkpt lat="38.890564" lon="-121.055262">
<ele>318</ele>
<time>2026-10-02T07:19:10Z</time></trkpt>
<trkpt lat="38.890543" lon="-121.055126">
<ele>318</ele>
<time>2026-10-02T07:19:15Z</time></trkpt>
<trkpt lat="38.890542" lon="-121.054872">
<ele>319</ele>
<time>2026-10-02T07:19:23Z</time></trkpt>
<trkpt lat="38.89062" lon="-121.054516">
<ele>321</ele>
<time>2026-10-02T07:19:34Z</time></trkpt>
<trkpt lat="38.890697" lon="-121.054307">
<ele>320</ele>
<time>2026-10-02T07:19:41Z</time></trkpt>
<trkpt lat="38.89077" lon="-121.054205">
<ele>321</ele>
<time>2026-10-02T07:19:46Z</time></trkpt>
<trkpt lat="38.891034" lon="-121.054055">
<ele>321</ele>
<time>2026-10-02T07:19:57Z</time></trkpt>
<trkpt lat="38.891034" lon="-121.054055">
<ele>321</ele>
<time>2026-10-02T07:19:57Z</time></trkpt>
<trkpt lat="38.891099" lon="-121.054018">
<ele>321</ele>
<time>2026-10-02T07:20:00Z</time></trkpt>
<trkpt lat="38.891209" lon="-121.053899">
<ele>319</ele>
<time>2026-10-02T07:20:06Z</time></trkpt>
<trkpt lat="38.891244" lon="-121.053793">
<ele>321</ele>
<time>2026-10-02T07:20:09Z</time></trkpt>
<trkpt lat="38.89124" lon="-121.053702">
<ele>321</ele>
<time>2026-10-02T07:20:12Z</time></trkpt>
<trkpt lat="38.891161" lon="-121.053494">
<ele>319</ele>
<time>2026-10-02T07:20:19Z</time></trkpt>
<trkpt lat="38.891058" lon="-121.053076">
<ele>319</ele>
<time>2026-10-02T07:20:33Z</time></trkpt>
<trkpt lat="38.890981" lon="-121.052867">
<ele>319</ele>
<time>2026-10-02T07:20:40Z</time></trkpt>
<trkpt lat="38.890944" lon="-121.05262">
<ele>320</ele>
<time>2026-10-02T07:20:48Z</time></trkpt>
<trkpt lat="38.890661" lon="-121.052154">
<ele>319</ele>
<time>2026-10-02T07:21:07Z</time></trkpt>
<trkpt lat="38.890523" lon="-121.051974">
<ele>318</ele>
<time>2026-10-02T07:21:15Z</time></trkpt>
<trkpt lat="38.890487" lon="-121.051844">
<ele>318</ele>
<time>2026-10-02T07:21:19Z</time></trkpt>
<trkpt lat="38.890488" lon="-121.05173">
<ele>318</ele>
<time>2026-10-02T07:21:22Z</time></trkpt>
<trkpt lat="38.890535" lon="-121.051604">
<ele>319</ele>
<time>2026-10-02T07:21:27Z</time></trkpt>
<trkpt lat="38.89066" lon="-121.051379">
<ele>321</ele>
<time>2026-10-02T07:21:35Z</time></trkpt>
<trkpt lat="38.890723" lon="-121.051297">
<ele>321</ele>
<time>2026-10-02T07:21:39Z</time></trkpt>
<trkpt lat="38.890885" lon="-121.051151">
<ele>320</ele>
<time>2026-10-02T07:21:47Z</time></trkpt>
<trkpt lat="38.890943" lon="-121.051035">
<ele>320</ele>
<time>2026-10-02T07:21:51Z</time></trkpt>
<trkpt lat="38.890991" lon="-121.050885">
<ele>319</ele>
<time>2026-10-02T07:21:56Z</time></trkpt>
<trkpt lat="38.891065" lon="-121.050552">
<ele>318</ele>
<time>2026-10-02T07:22:07Z</time></trkpt>
<trkpt lat="38.891172" lon="-121.049999">
<ele>320</ele>
<time>2026-10-02T07:22:25Z</time></trkpt>
<trkpt lat="38.891172" lon="-121.049999">
<ele>320</ele>
<time>2026-10-02T07:22:25Z</time></trkpt>
<trkpt lat="38.891217" lon="-121.049769">
<ele>323</ele>
<time>2026-10-02T07:22:32Z</time></trkpt>
<trkpt lat="38.891266" lon="-121.049623">
<ele>323</ele>
<time>2026-10-02T07:22:37Z</time></trkpt>
<trkpt lat="38.891343" lon="-121.049467">
<ele>324</ele>
<time>2026-10-02T07:22:43Z</time></trkpt>
<trkpt lat="38.891421" lon="-121.049371">
<ele>323</ele>
<time>2026-10-02T07:22:47Z</time></trkpt>
<trkpt lat="38.891554" lon="-121.049301">
<ele>321</ele>
<time>2026-10-02T07:22:53Z</time></trkpt>
<trkpt lat="38.891787" lon="-121.049299">
<ele>320</ele>
<time>2026-10-02T07:23:02Z</time></trkpt>
<trkpt lat="38.892157" lon="-121.049571">
<ele>321</ele>
<time>2026-10-02T07:23:19Z</time></trkpt>
<trkpt lat="38.892337" lon="-121.049593">
<ele>319</ele>
<time>2026-10-02T07:23:27Z</time></trkpt>
<trkpt lat="38.892466" lon="-121.049636">
<ele>319</ele>
<time>2026-10-02T07:23:32Z</time></trkpt>
<trkpt lat="38.892623" lon="-121.04996">
<ele>322</ele>
<time>2026-10-02T07:23:44Z</time></trkpt>
<trkpt lat="38.89269" lon="-121.050081">
<ele>321</ele>
<time>2026-10-02T07:23:49Z</time></trkpt>
<trkpt lat="38.892808" lon="-121.050366">
<ele>319</ele>
<time>2026-10-02T07:23:59Z</time></trkpt>
<trkpt lat="38.892877" lon="-121.050604">
<ele>317</ele>
<time>2026-10-02T07:24:07Z</time></trkpt>
<trkpt lat="38.892911" lon="-121.051087">
<ele>317</ele>
<time>2026-10-02T07:24:22Z</time></trkpt>
<trkpt lat="38.892947" lon="-121.051193">
<ele>317</ele>
<time>2026-10-02T07:24:25Z</time></trkpt>
<trkpt lat="38.893023" lon="-121.051314">
<ele>317</ele>
<time>2026-10-02T07:24:30Z</time></trkpt>
<trkpt lat="38.893023" lon="-121.051314">
<ele>317</ele>
<time>2026-10-02T07:24:30Z</time></trkpt>
<trkpt lat="38.893172" lon="-121.051551">
<ele>319</ele>
<time>2026-10-02T07:24:40Z</time></trkpt>
<trkpt lat="38.89326" lon="-121.051631">
<ele>319</ele>
<time>2026-10-02T07:24:44Z</time></trkpt>
<trkpt lat="38.893538" lon="-121.051793">
<ele>319</ele>
<time>2026-10-02T07:24:56Z</time></trkpt>
<trkpt lat="38.893644" lon="-121.051919">
<ele>319</ele>
<time>2026-10-02T07:25:02Z</time></trkpt>
<trkpt lat="38.893783" lon="-121.052214">
<ele>318</ele>
<time>2026-10-02T07:25:13Z</time></trkpt>
<trkpt lat="38.893832" lon="-121.052436">
<ele>318</ele>
<time>2026-10-02T07:25:20Z</time></trkpt>
<trkpt lat="38.893831" lon="-121.052782">
<ele>318</ele>
<time>2026-10-02T07:25:31Z</time></trkpt>
<trkpt lat="38.893812" lon="-121.052847">
<ele>319</ele>
<time>2026-10-02T07:25:33Z</time></trkpt>
<trkpt lat="38.89378" lon="-121.053236">
<ele>317</ele>
<time>2026-10-02T07:25:45Z</time></trkpt>
<trkpt lat="38.893726" lon="-121.053432">
<ele>317</ele>
<time>2026-10-02T07:25:52Z</time></trkpt>
<trkpt lat="38.893436" lon="-121.053882">
<ele>317</ele>
<time>2026-10-02T07:26:10Z</time></trkpt>
<trkpt lat="38.893436" lon="-121.053882">
<ele>317</ele>
<time>2026-10-02T07:26:10Z</time></trkpt>
<trkpt lat="38.89338" lon="-121.054043">
<ele>318</ele>
<time>2026-10-02T07:26:15Z</time></trkpt>
<trkpt lat="38.89338" lon="-121.054504">
<ele>320</ele>
<time>2026-10-02T07:26:30Z</time></trkpt>
<trkpt lat="38.893343" lon="-121.054752">
<ele>321</ele>
<time>2026-10-02T07:26:38Z</time></trkpt>
<trkpt lat="38.8934" lon="-121.054832">
<ele>322</ele>
<time>2026-10-02T07:26:41Z</time></trkpt>
<trkpt lat="38.893654" lon="-121.05488">
<ele>317</ele>
<time>2026-10-02T07:26:51Z</time></trkpt>
<trkpt lat="38.89375" lon="-121.054943">
<ele>316</ele>
<time>2026-10-02T07:26:56Z</time></trkpt>
<trkpt lat="38.893885" lon="-121.055129">
<ele>315</ele>
<time>2026-10-02T07:27:03Z</time></trkpt>
<trkpt lat="38.894033" lon="-121.055299">
<ele>315</ele>
<time>2026-10-02T07:27:11Z</time></trkpt>
<trkpt lat="38.894282" lon="-121.055664">
<ele>317</ele>
<time>2026-10-02T07:27:27Z</time></trkpt>
<trkpt lat="38.894355" lon="-121.055796">
<ele>317</ele>
<time>2026-10-02T07:27:32Z</time></trkpt>
<trkpt lat="38.8944" lon="-121.055922">
<ele>317</ele>
<time>2026-10-02T07:27:36Z</time></trkpt>
<trkpt lat="38.894447" lon="-121.056284">
<ele>319</ele>
<time>2026-10-02T07:27:47Z</time></trkpt>
<trkpt lat="38.894557" lon="-121.056568">
<ele>321</ele>
<time>2026-10-02T07:27:57Z</time></trkpt>
<trkpt lat="38.894557" lon="-121.056568">
<ele>321</ele>
<time>2026-10-02T07:27:57Z</time></trkpt>
<trkpt lat="38.894622" lon="-121.05686">
<ele>323</ele>
<time>2026-10-02T07:28:07Z</time></trkpt>
<trkpt lat="38.894722" lon="-121.057004">
<ele>322</ele>
<time>2026-10-02T07:28:13Z</time></trkpt>
<trkpt lat="38.894776" lon="-121.057051">
<ele>322</ele>
<time>2026-10-02T07:28:15Z</time></trkpt>
<trkpt lat="38.894891" lon="-121.057079">
<ele>322</ele>
<time>2026-10-02T07:28:20Z</time></trkpt>
<trkpt lat="38.895053" lon="-121.057081">
<ele>319</ele>
<time>2026-10-02T07:28:27Z</time></trkpt>
<trkpt lat="38.895224" lon="-121.057087">
<ele>316</ele>
<time>2026-10-02T07:28:33Z</time></trkpt>
<trkpt lat="38.895498" lon="-121.057041">
<ele>311</ele>
<time>2026-10-02T07:28:45Z</time></trkpt>
<trkpt lat="38.895498" lon="-121.057041">
<ele>311</ele>
<time>2026-10-02T07:28:45Z</time></trkpt>
<trkpt lat="38.895696" lon="-121.056925">
<ele>306</ele>
<time>2026-10-02T07:28:53Z</time></trkpt>
<trkpt lat="38.895786" lon="-121.056844">
<ele>303</ele>
<time>2026-10-02T07:28:58Z</time></trkpt>
<trkpt lat="38.895956" lon="-121.056749">
<ele>300</ele>
<time>2026-10-02T07:29:05Z</time></trkpt>
<trkpt lat="38.896292" lon="-121.056612">
<ele>294</ele>
<time>2026-10-02T07:29:19Z</time></trkpt>
<trkpt lat="38.896456" lon="-121.056635">
<ele>292</ele>
<time>2026-10-02T07:29:26Z</time></trkpt>
<trkpt lat="38.896703" lon="-121.056816">
<ele>291</ele>
<time>2026-10-02T07:29:37Z</time></trkpt>
<trkpt lat="38.896827" lon="-121.056837">
<ele>289</ele>
<time>2026-10-02T07:29:42Z</time></trkpt>
<trkpt lat="38.896867" lon="-121.056807">
<ele>287</ele>
<time>2026-10-02T07:29:44Z</time></trkpt>
<trkpt lat="38.896892" lon="-121.056761">
<ele>285</ele>
<time>2026-10-02T07:29:46Z</time></trkpt>
<trkpt lat="38.896907" lon="-121.05661">
<ele>281</ele>
<time>2026-10-02T07:29:51Z</time></trkpt>
<trkpt lat="38.896933" lon="-121.056586">
<ele>279</ele>
<time>2026-10-02T07:29:52Z</time></trkpt>
<trkpt lat="38.897108" lon="-121.056527">
<ele>275</ele>
<time>2026-10-02T07:29:59Z</time></trkpt>
<trkpt lat="38.897279" lon="-121.056534">
<ele>272</ele>
<time>2026-10-02T07:30:06Z</time></trkpt>
<trkpt lat="38.897364" lon="-121.056568">
<ele>270</ele>
<time>2026-10-02T07:30:10Z</time></trkpt>
<trkpt lat="38.897519" lon="-121.056696">
<ele>267</ele>
<time>2026-10-02T07:30:17Z</time></trkpt>
<trkpt lat="38.897726" lon="-121.056914">
<ele>264</ele>
<time>2026-10-02T07:30:28Z</time></trkpt>
<trkpt lat="38.897742" lon="-121.05691">
<ele>264</ele>
<time>2026-10-02T07:30:28Z</time></trkpt>
<trkpt lat="38.897746" lon="-121.056886">
<ele>263</ele>
<time>2026-10-02T07:30:29Z</time></trkpt>
<trkpt lat="38.897651" lon="-121.056651">
<ele>260</ele>
<time>2026-10-02T07:30:37Z</time></trkpt>
<trkpt lat="38.897663" lon="-121.056635">
<ele>259</ele>
<time>2026-10-02T07:30:38Z</time></trkpt>
<trkpt lat="38.897728" lon="-121.05667">
<ele>257</ele>
<time>2026-10-02T07:30:41Z</time></trkpt>
<trkpt lat="38.897825" lon="-121.056761">
<ele>257</ele>
<time>2026-10-02T07:30:46Z</time></trkpt>
<trkpt lat="38.897954" lon="-121.056827">
<ele>256</ele>
<time>2026-10-02T07:30:51Z</time></trkpt>
<trkpt lat="38.897954" lon="-121.056827">
<ele>256</ele>
<time>2026-10-02T07:30:51Z</time></trkpt>
<trkpt lat="38.898048" lon="-121.056835">
<ele>255</ele>
<time>2026-10-02T07:30:55Z</time></trkpt>
<trkpt lat="38.898109" lon="-121.056811">
<ele>255</ele>
<time>2026-10-02T07:30:58Z</time></trkpt>
<trkpt lat="38.898131" lon="-121.056787">
<ele>254</ele>
<time>2026-10-02T07:30:59Z</time></trkpt>
<trkpt lat="38.898148" lon="-121.056704">
<ele>253</ele>
<time>2026-10-02T07:31:01Z</time></trkpt>
<trkpt lat="38.898215" lon="-121.056602">
<ele>254</ele>
<time>2026-10-02T07:31:06Z</time></trkpt>
<trkpt lat="38.898199" lon="-121.056429">
<ele>254</ele>
<time>2026-10-02T07:31:11Z</time></trkpt>
<trkpt lat="38.898206" lon="-121.056374">
<ele>254</ele>
<time>2026-10-02T07:31:13Z</time></trkpt>
<trkpt lat="38.898314" lon="-121.056165">
<ele>255</ele>
<time>2026-10-02T07:31:21Z</time></trkpt>
<trkpt lat="38.898444" lon="-121.055829">
<ele>253</ele>
<time>2026-10-02T07:31:32Z</time></trkpt>
<trkpt lat="38.898471" lon="-121.055542">
<ele>248</ele>
<time>2026-10-02T07:31:41Z</time></trkpt>
<trkpt lat="38.898461" lon="-121.055529">
<ele>248</ele>
<time>2026-10-02T07:31:42Z</time></trkpt>
<trkpt lat="38.898449" lon="-121.05554">
<ele>248</ele>
<time>2026-10-02T07:31:42Z</time></trkpt>
<trkpt lat="38.898287" lon="-121.055783">
<ele>247</ele>
<time>2026-10-02T07:31:52Z</time></trkpt>
<trkpt lat="38.898086" lon="-121.05586">
<ele>242</ele>
<time>2026-10-02T07:32:01Z</time></trkpt>
<trkpt lat="38.898011" lon="-121.055964">
<ele>241</ele>
<time>2026-10-02T07:32:05Z</time></trkpt>
<trkpt lat="38.897994" lon="-121.055953">
<ele>241</ele>
<time>2026-10-02T07:32:06Z</time></trkpt>
<trkpt lat="38.897985" lon="-121.055827">
<ele>239</ele>
<time>2026-10-02T07:32:10Z</time></trkpt>
<trkpt lat="38.898001" lon="-121.055745">
<ele>238</ele>
<time>2026-10-02T07:32:13Z</time></trkpt>
<trkpt lat="38.898064" lon="-121.055577">
<ele>238</ele>
<time>2026-10-02T07:32:18Z</time></trkpt>
<trkpt lat="38.898387" lon="-121.055297">
<ele>238</ele>
<time>2026-10-02T07:32:34Z</time></trkpt>
<trkpt lat="38.898492" lon="-121.055238">
<ele>237</ele>
<time>2026-10-02T07:32:39Z</time></trkpt>
<trkpt lat="38.898765" lon="-121.055157">
<ele>237</ele>
<time>2026-10-02T07:32:50Z</time></trkpt>
<trkpt lat="38.899621" lon="-121.054976">
<ele>239</ele>
<time>2026-10-02T07:33:25Z</time></trkpt>
<trkpt lat="38.899993" lon="-121.05476">
<ele>234</ele>
<time>2026-10-02T07:33:41Z</time></trkpt>
<trkpt lat="38.900493" lon="-121.05451">
<ele>232</ele>
<time>2026-10-02T07:34:02Z</time></trkpt>
<trkpt lat="38.900709" lon="-121.054335">
<ele>232</ele>
<time>2026-10-02T07:34:13Z</time></trkpt>
<trkpt lat="38.900863" lon="-121.054158">
<ele>229</ele>
<time>2026-10-02T07:34:21Z</time></trkpt>
<trkpt lat="38.90108" lon="-121.054035">
<ele>230</ele>
<time>2026-10-02T07:34:30Z</time></trkpt>
<trkpt lat="38.90108" lon="-121.054035">
<ele>230</ele>
<time>2026-10-02T07:34:30Z</time></trkpt>
<trkpt lat="38.901224" lon="-121.053953">
<ele>228</ele>
<time>2026-10-02T07:34:37Z</time></trkpt>
<trkpt lat="38.901417" lon="-121.053766">
<ele>226</ele>
<time>2026-10-02T07:34:46Z</time></trkpt>
<trkpt lat="38.9015" lon="-121.05364">
<ele>225</ele>
<time>2026-10-02T07:34:52Z</time></trkpt>
<trkpt lat="38.901568" lon="-121.053498">
<ele>224</ele>
<time>2026-10-02T07:34:57Z</time></trkpt>
<trkpt lat="38.901798" lon="-121.052634">
<ele>223</ele>
<time>2026-10-02T07:35:25Z</time></trkpt>
<trkpt lat="38.90185" lon="-121.052526">
<ele>223</ele>
<time>2026-10-02T07:35:29Z</time></trkpt>
<trkpt lat="38.902008" lon="-121.05229">
<ele>222</ele>
<time>2026-10-02T07:35:39Z</time></trkpt>
<trkpt lat="38.902201" lon="-121.052077">
<ele>221</ele>
<time>2026-10-02T07:35:49Z</time></trkpt>
<trkpt lat="38.902743" lon="-121.051498">
<ele>220</ele>
<time>2026-10-02T07:36:17Z</time></trkpt>
<trkpt lat="38.902867" lon="-121.051414">
<ele>220</ele>
<time>2026-10-02T07:36:23Z</time></trkpt>
<trkpt lat="38.903184" lon="-121.0513">
<ele>220</ele>
<time>2026-10-02T07:36:36Z</time></trkpt>
<trkpt lat="38.903323" lon="-121.051226">
<ele>220</ele>
<time>2026-10-02T07:36:42Z</time></trkpt>
<trkpt lat="38.903963" lon="-121.051002">
<ele>216</ele>
<time>2026-10-02T07:37:09Z</time></trkpt>
<trkpt lat="38.904095" lon="-121.050983">
<ele>215</ele>
<time>2026-10-02T07:37:14Z</time></trkpt>
<trkpt lat="38.904241" lon="-121.051006">
<ele>215</ele>
<time>2026-10-02T07:37:20Z</time></trkpt>
<trkpt lat="38.904241" lon="-121.051006">
<ele>215</ele>
<time>2026-10-02T07:37:20Z</time></trkpt>
<trkpt lat="38.904771" lon="-121.051063">
<ele>213</ele>
<time>2026-10-02T07:37:41Z</time></trkpt>
<trkpt lat="38.9050642" lon="-121.0511292">
<ele>209</ele>
<time>2026-10-02T07:37:53Z</time></trkpt>
<trkpt lat="38.905112" lon="-121.05114">
<ele>212</ele>
<time>2026-10-02T07:37:55Z</time></trkpt>
<trkpt lat="38.905143" lon="-121.051119">
<ele>213</ele>
<time>2026-10-02T07:37:57Z</time></trkpt>
<trkpt lat="38.905174" lon="-121.050974">
<ele>210</ele>
<time>2026-10-02T07:38:01Z</time></trkpt>
<trkpt lat="38.905203" lon="-121.050906">
<ele>210</ele>
<time>2026-10-02T07:38:04Z</time></trkpt>
<trkpt lat="38.905445" lon="-121.050663">
<ele>214</ele>
<time>2026-10-02T07:38:16Z</time></trkpt>
<trkpt lat="38.905658" lon="-121.050342">
<ele>208</ele>
<time>2026-10-02T07:38:29Z</time></trkpt>
<trkpt lat="38.905987" lon="-121.049356">
<ele>210</ele>
<time>2026-10-02T07:39:03Z</time></trkpt>
<trkpt lat="38.906032" lon="-121.049307">
<ele>208</ele>
<time>2026-10-02T07:39:05Z</time></trkpt>
<trkpt lat="38.90614" lon="-121.04927">
<ele>208</ele>
<time>2026-10-02T07:39:09Z</time></trkpt>
<trkpt lat="38.906318" lon="-121.049242">
<ele>207</ele>
<time>2026-10-02T07:39:17Z</time></trkpt>
<trkpt lat="38.906433" lon="-121.049134">
<ele>206</ele>
<time>2026-10-02T07:39:22Z</time></trkpt>
<trkpt lat="38.906399" lon="-121.04906">
<ele>206</ele>
<time>2026-10-02T07:39:25Z</time></trkpt>
<trkpt lat="38.906272" lon="-121.048922">
<ele>203</ele>
<time>2026-10-02T07:39:32Z</time></trkpt>
<trkpt lat="38.90626" lon="-121.048749">
<ele>205</ele>
<time>2026-10-02T07:39:37Z</time></trkpt>
<trkpt lat="38.906164" lon="-121.048577">
<ele>204</ele>
<time>2026-10-02T07:39:44Z</time></trkpt>
<trkpt lat="38.906035" lon="-121.048259">
<ele>205</ele>
<time>2026-10-02T07:39:55Z</time></trkpt>
<trkpt lat="38.905965" lon="-121.048047">
<ele>205</ele>
<time>2026-10-02T07:40:02Z</time></trkpt>
<trkpt lat="38.905939" lon="-121.047884">
<ele>205</ele>
<time>2026-10-02T07:40:07Z</time></trkpt>
<trkpt lat="38.905941" lon="-121.047708">
<ele>205</ele>
<time>2026-10-02T07:40:13Z</time></trkpt>
<trkpt lat="38.906033" lon="-121.047333">
<ele>203</ele>
<time>2026-10-02T07:40:25Z</time></trkpt>
<trkpt lat="38.906092" lon="-121.047263">
<ele>203</ele>
<time>2026-10-02T07:40:28Z</time></trkpt>
<trkpt lat="38.906092" lon="-121.047263">
<ele>203</ele>
<time>2026-10-02T07:40:28Z</time></trkpt>
<trkpt lat="38.906294" lon="-121.047172">
<ele>206</ele>
<time>2026-10-02T07:40:37Z</time></trkpt>
<trkpt lat="38.906323" lon="-121.047103">
<ele>205</ele>
<time>2026-10-02T07:40:39Z</time></trkpt>
<trkpt lat="38.906334" lon="-121.046963">
<ele>202</ele>
<time>2026-10-02T07:40:44Z</time></trkpt>
<trkpt lat="38.90636" lon="-121.046876">
<ele>200</ele>
<time>2026-10-02T07:40:47Z</time></trkpt>
<trkpt lat="38.906533" lon="-121.046587">
<ele>202</ele>
<time>2026-10-02T07:40:58Z</time></trkpt>
<trkpt lat="38.90652" lon="-121.046528">
<ele>202</ele>
<time>2026-10-02T07:41:00Z</time></trkpt>
<trkpt lat="38.906363" lon="-121.046337">
<ele>199</ele>
<time>2026-10-02T07:41:09Z</time></trkpt>
<trkpt lat="38.906345" lon="-121.046158">
<ele>200</ele>
<time>2026-10-02T07:41:14Z</time></trkpt>
<trkpt lat="38.906398" lon="-121.04599">
<ele>200</ele>
<time>2026-10-02T07:41:20Z</time></trkpt>
<trkpt lat="38.906543" lon="-121.045748">
<ele>200</ele>
<time>2026-10-02T07:41:29Z</time></trkpt>
<trkpt lat="38.906675" lon="-121.045579">
<ele>200</ele>
<time>2026-10-02T07:41:37Z</time></trkpt>
<trkpt lat="38.907001" lon="-121.045308">
<ele>199</ele>
<time>2026-10-02T07:41:52Z</time></trkpt>
<trkpt lat="38.907102" lon="-121.045262">
<ele>198</ele>
<time>2026-10-02T07:41:57Z</time></trkpt>
<trkpt lat="38.907492" lon="-121.04516">
<ele>197</ele>
<time>2026-10-02T07:42:13Z</time></trkpt>
<trkpt lat="38.907596" lon="-121.045117">
<ele>197</ele>
<time>2026-10-02T07:42:17Z</time></trkpt>
<trkpt lat="38.907809" lon="-121.044955">
<ele>196</ele>
<time>2026-10-02T07:42:27Z</time></trkpt>
<trkpt lat="38.90794" lon="-121.044776">
<ele>195</ele>
<time>2026-10-02T07:42:35Z</time></trkpt>
<trkpt lat="38.908089" lon="-121.044481">
<ele>195</ele>
<time>2026-10-02T07:42:46Z</time></trkpt>
<trkpt lat="38.908359" lon="-121.044061">
<ele>194</ele>
<time>2026-10-02T07:43:03Z</time></trkpt>
<trkpt lat="38.908547" lon="-121.043878">
<ele>192</ele>
<time>2026-10-02T07:43:12Z</time></trkpt>
<trkpt lat="38.908756" lon="-121.043763">
<ele>191</ele>
<time>2026-10-02T07:43:21Z</time></trkpt>
<trkpt lat="38.908991" lon="-121.043699">
<ele>190</ele>
<time>2026-10-02T07:43:31Z</time></trkpt>
<trkpt lat="38.908991" lon="-121.043699">
<ele>190</ele>
<time>2026-10-02T07:43:31Z</time></trkpt>
<trkpt lat="38.909728" lon="-121.043582">
<ele>189</ele>
<time>2026-10-02T07:44:00Z</time></trkpt>
<trkpt lat="38.910098" lon="-121.043556">
<ele>193</ele>
<time>2026-10-02T07:44:15Z</time></trkpt>
<trkpt lat="38.910624" lon="-121.043346">
<ele>189</ele>
<time>2026-10-02T07:44:37Z</time></trkpt>
<trkpt lat="38.911171" lon="-121.042891">
<ele>186</ele>
<time>2026-10-02T07:45:04Z</time></trkpt>
<trkpt lat="38.911366" lon="-121.042774">
<ele>185</ele>
<time>2026-10-02T07:45:12Z</time></trkpt>
<trkpt lat="38.911488" lon="-121.042723">
<ele>185</ele>
<time>2026-10-02T07:45:17Z</time></trkpt>
<trkpt lat="38.911734" lon="-121.042661">
<ele>188</ele>
<time>2026-10-02T07:45:27Z</time></trkpt>
<trkpt lat="38.911925" lon="-121.042537">
<ele>186</ele>
<time>2026-10-02T07:45:36Z</time></trkpt>
<trkpt lat="38.91202" lon="-121.042438">
<ele>181</ele>
<time>2026-10-02T07:45:41Z</time></trkpt>
<trkpt lat="38.91202" lon="-121.042438">
<ele>181</ele>
<time>2026-10-02T07:45:41Z</time></trkpt>
<trkpt lat="38.91203" lon="-121.042428">
<ele>180</ele>
<time>2026-10-02T07:45:41Z</time></trkpt>
<trkpt lat="38.913054" lon="-121.041189">
<ele>177</ele>
<time>2026-10-02T07:46:38Z</time></trkpt>
<trkpt lat="38.913086" lon="-121.04116">
<ele>178</ele>
<time>2026-10-02T07:46:39Z</time></trkpt>
<trkpt lat="38.913086" lon="-121.04116">
<ele>178</ele>
<time>2026-10-02T07:46:39Z</time></trkpt>
<trkpt lat="38.913189" lon="-121.041065">
<ele>181</ele>
<time>2026-10-02T07:46:44Z</time></trkpt>
<trkpt lat="38.913166" lon="-121.041017">
<ele>185</ele>
<time>2026-10-02T07:46:46Z</time></trkpt>
<trkpt lat="38.913138" lon="-121.04101">
<ele>186</ele>
<time>2026-10-02T07:46:47Z</time></trkpt>
<trkpt lat="38.912989" lon="-121.041038">
<ele>185</ele>
<time>2026-10-02T07:46:53Z</time></trkpt>
<trkpt lat="38.912928" lon="-121.041004">
<ele>186</ele>
<time>2026-10-02T07:46:56Z</time></trkpt>
<trkpt lat="38.912852" lon="-121.04092">
<ele>189</ele>
<time>2026-10-02T07:47:00Z</time></trkpt>
<trkpt lat="38.912774" lon="-121.040774">
<ele>192</ele>
<time>2026-10-02T07:47:05Z</time></trkpt>
<trkpt lat="38.912782" lon="-121.040713">
<ele>194</ele>
<time>2026-10-02T07:47:07Z</time></trkpt>
<trkpt lat="38.912816" lon="-121.040707">
<ele>196</ele>
<time>2026-10-02T07:47:09Z</time></trkpt>
<trkpt lat="38.912952" lon="-121.040808">
<ele>196</ele>
<time>2026-10-02T07:47:15Z</time></trkpt>
<trkpt lat="38.91303" lon="-121.040802">
<ele>199</ele>
<time>2026-10-02T07:47:18Z</time></trkpt>
<trkpt lat="38.913279" lon="-121.040746">
<ele>202</ele>
<time>2026-10-02T07:47:28Z</time></trkpt>
<trkpt lat="38.913612" lon="-121.040586">
<ele>203</ele>
<time>2026-10-02T07:47:43Z</time></trkpt>
<trkpt lat="38.913751" lon="-121.040599">
<ele>203</ele>
<time>2026-10-02T07:47:48Z</time></trkpt>
<trkpt lat="38.913751" lon="-121.040599">
<ele>203</ele>
<time>2026-10-02T07:47:48Z</time></trkpt>
<trkpt lat="38.913857" lon="-121.040634">
<ele>201</ele>
<time>2026-10-02T07:47:53Z</time></trkpt>
<trkpt lat="38.913982" lon="-121.040584">
<ele>202</ele>
<time>2026-10-02T07:47:58Z</time></trkpt>
<trkpt lat="38.914222" lon="-121.040426">
<ele>203</ele>
<time>2026-10-02T07:48:09Z</time></trkpt>
<trkpt lat="38.914398" lon="-121.040272">
<ele>200</ele>
<time>2026-10-02T07:48:17Z</time></trkpt>
<trkpt lat="38.914448" lon="-121.040208">
<ele>198</ele>
<time>2026-10-02T07:48:20Z</time></trkpt>
<trkpt lat="38.914507" lon="-121.040085">
<ele>198</ele>
<time>2026-10-02T07:48:24Z</time></trkpt>
<trkpt lat="38.914537" lon="-121.039911">
<ele>200</ele>
<time>2026-10-02T07:48:30Z</time></trkpt>
<trkpt lat="38.914533" lon="-121.03969">
<ele>202</ele>
<time>2026-10-02T07:48:37Z</time></trkpt>
<trkpt lat="38.914403" lon="-121.039254">
<ele>206</ele>
<time>2026-10-02T07:48:51Z</time></trkpt>
<trkpt lat="38.914309" lon="-121.039088">
<ele>207</ele>
<time>2026-10-02T07:48:58Z</time></trkpt>
<trkpt lat="38.914028" lon="-121.038789">
<ele>210</ele>
<time>2026-10-02T07:49:12Z</time></trkpt>
<trkpt lat="38.913938" lon="-121.03865">
<ele>210</ele>
<time>2026-10-02T07:49:18Z</time></trkpt>
<trkpt lat="38.913649" lon="-121.038056">
<ele>210</ele>
<time>2026-10-02T07:49:40Z</time></trkpt>
<trkpt lat="38.913649" lon="-121.038056">
<ele>210</ele>
<time>2026-10-02T07:49:40Z</time></trkpt>
<trkpt lat="38.913457" lon="-121.03766">
<ele>209</ele>
<time>2026-10-02T07:49:55Z</time></trkpt>
<trkpt lat="38.913375" lon="-121.037535">
<ele>209</ele>
<time>2026-10-02T07:50:00Z</time></trkpt>
<trkpt lat="38.913183" lon="-121.037392">
<ele>213</ele>
<time>2026-10-02T07:50:09Z</time></trkpt>
<trkpt lat="38.912999" lon="-121.037311">
<ele>216</ele>
<time>2026-10-02T07:50:16Z</time></trkpt>
<trkpt lat="38.912851" lon="-121.037213">
<ele>216</ele>
<time>2026-10-02T07:50:23Z</time></trkpt>
<trkpt lat="38.912735" lon="-121.037107">
<ele>217</ele>
<time>2026-10-02T07:50:29Z</time></trkpt>
<trkpt lat="38.912429" lon="-121.03676">
<ele>227</ele>
<time>2026-10-02T07:50:45Z</time></trkpt>
<trkpt lat="38.911874" lon="-121.035948">
<ele>225</ele>
<time>2026-10-02T07:51:19Z</time></trkpt>
<trkpt lat="38.911806" lon="-121.035879">
<ele>224</ele>
<time>2026-10-02T07:51:22Z</time></trkpt>
<trkpt lat="38.91164" lon="-121.035791">
<ele>225</ele>
<time>2026-10-02T07:51:29Z</time></trkpt>
<trkpt lat="38.91164" lon="-121.035791">
<ele>225</ele>
<time>2026-10-02T07:51:29Z</time></trkpt>
<trkpt lat="38.911741" lon="-121.035845">
<ele>224</ele>
<time>2026-10-02T07:51:34Z</time></trkpt>
<trkpt lat="38.911789" lon="-121.035792">
<ele>222</ele>
<time>2026-10-02T07:51:36Z</time></trkpt>
<trkpt lat="38.911951" lon="-121.035818">
<ele>219</ele>
<time>2026-10-02T07:51:43Z</time></trkpt>
<trkpt lat="38.912019" lon="-121.035836">
<ele>217</ele>
<time>2026-10-02T07:51:46Z</time></trkpt>
<trkpt lat="38.912129" lon="-121.035928">
<ele>217</ele>
<time>2026-10-02T07:51:51Z</time></trkpt>
<trkpt lat="38.91223" lon="-121.035974">
<ele>214</ele>
<time>2026-10-02T07:51:55Z</time></trkpt>
<trkpt lat="38.91234" lon="-121.035966">
<ele>211</ele>
<time>2026-10-02T07:52:00Z</time></trkpt>
<trkpt lat="38.912245" lon="-121.035842">
<ele>212</ele>
<time>2026-10-02T07:52:05Z</time></trkpt>
<trkpt lat="38.912294" lon="-121.035722">
<ele>209</ele>
<time>2026-10-02T07:52:09Z</time></trkpt>
<trkpt lat="38.912311" lon="-121.035621">
<ele>207</ele>
<time>2026-10-02T07:52:12Z</time></trkpt>
<trkpt lat="38.912312" lon="-121.035489">
<ele>204</ele>
<time>2026-10-02T07:52:17Z</time></trkpt>
<trkpt lat="38.912281" lon="-121.035402">
<ele>202</ele>
<time>2026-10-02T07:52:20Z</time></trkpt>
<trkpt lat="38.912219" lon="-121.035299">
<ele>201</ele>
<time>2026-10-02T07:52:24Z</time></trkpt>
<trkpt lat="38.911883" lon="-121.034859">
<ele>200</ele>
<time>2026-10-02T07:52:43Z</time></trkpt>
<trkpt lat="38.911711" lon="-121.034665">
<ele>199</ele>
<time>2026-10-02T07:52:52Z</time></trkpt>
<trkpt lat="38.911546" lon="-121.034561">
<ele>199</ele>
<time>2026-10-02T07:52:59Z</time></trkpt>
<trkpt lat="38.911546" lon="-121.034561">
<ele>199</ele>
<time>2026-10-02T07:52:59Z</time></trkpt>
<trkpt lat="38.911326" lon="-121.034421">
<ele>197</ele>
<time>2026-10-02T07:53:09Z</time></trkpt>
<trkpt lat="38.91123" lon="-121.034324">
<ele>198</ele>
<time>2026-10-02T07:53:14Z</time></trkpt>
<trkpt lat="38.911194" lon="-121.034237">
<ele>196</ele>
<time>2026-10-02T07:53:17Z</time></trkpt>
<trkpt lat="38.911186" lon="-121.034148">
<ele>195</ele>
<time>2026-10-02T07:53:20Z</time></trkpt>
<trkpt lat="38.911203" lon="-121.03406">
<ele>194</ele>
<time>2026-10-02T07:53:23Z</time></trkpt>
<trkpt lat="38.911261" lon="-121.033964">
<ele>192</ele>
<time>2026-10-02T07:53:27Z</time></trkpt>
<trkpt lat="38.911322" lon="-121.033914">
<ele>192</ele>
<time>2026-10-02T07:53:30Z</time></trkpt>
<trkpt lat="38.911709" lon="-121.033728">
<ele>190</ele>
<time>2026-10-02T07:53:46Z</time></trkpt>
<trkpt lat="38.911814" lon="-121.033645">
<ele>188</ele>
<time>2026-10-02T07:53:51Z</time></trkpt>
<trkpt lat="38.911934" lon="-121.033491">
<ele>185</ele>
<time>2026-10-02T07:53:58Z</time></trkpt>
<trkpt lat="38.912076" lon="-121.033268">
<ele>183</ele>
<time>2026-10-02T07:54:07Z</time></trkpt>
<trkpt lat="38.91216" lon="-121.033094">
<ele>181</ele>
<time>2026-10-02T07:54:13Z</time></trkpt>
<trkpt lat="38.912369" lon="-121.032415">
<ele>180</ele>
<time>2026-10-02T07:54:36Z</time></trkpt>
<trkpt lat="38.912439" lon="-121.032243">
<ele>180</ele>
<time>2026-10-02T07:54:42Z</time></trkpt>
<trkpt lat="38.912674" lon="-121.031828">
<ele>178</ele>
<time>2026-10-02T07:54:58Z</time></trkpt>
<trkpt lat="38.912819" lon="-121.031515">
<ele>177</ele>
<time>2026-10-02T07:55:09Z</time></trkpt>
<trkpt lat="38.912844" lon="-121.031429">
<ele>177</ele>
<time>2026-10-02T07:55:12Z</time></trkpt>
<trkpt lat="38.912893" lon="-121.030943">
<ele>176</ele>
<time>2026-10-02T07:55:28Z</time></trkpt>
<trkpt lat="38.912893" lon="-121.030943">
<ele>176</ele>
<time>2026-10-02T07:55:28Z</time></trkpt>
<trkpt lat="38.912897" lon="-121.030814">
<ele>176</ele>
<time>2026-10-02T07:55:32Z</time></trkpt>
<trkpt lat="38.912926" lon="-121.030684">
<ele>175</ele>
<time>2026-10-02T07:55:36Z</time></trkpt>
<trkpt lat="38.91305" lon="-121.030408">
<ele>175</ele>
<time>2026-10-02T07:55:46Z</time></trkpt>
<trkpt lat="38.913371" lon="-121.029963">
<ele>176</ele>
<time>2026-10-02T07:56:05Z</time></trkpt>
<trkpt lat="38.913446" lon="-121.029834">
<ele>175</ele>
<time>2026-10-02T07:56:10Z</time></trkpt>
<trkpt lat="38.913536" lon="-121.029623">
<ele>175</ele>
<time>2026-10-02T07:56:17Z</time></trkpt>
<trkpt lat="38.913707" lon="-121.028951">
<ele>175</ele>
<time>2026-10-02T07:56:39Z</time></trkpt>
<trkpt lat="38.913756" lon="-121.028694">
<ele>176</ele>
<time>2026-10-02T07:56:47Z</time></trkpt>
<trkpt lat="38.913817" lon="-121.02809">
<ele>179</ele>
<time>2026-10-02T07:57:06Z</time></trkpt>
<trkpt lat="38.914043" lon="-121.026948">
<ele>178</ele>
<time>2026-10-02T07:57:43Z</time></trkpt>
<trkpt lat="38.914128" lon="-121.026245">
<ele>181</ele>
<time>2026-10-02T07:58:05Z</time></trkpt>
<trkpt lat="38.914204" lon="-121.026018">
<ele>180</ele>
<time>2026-10-02T07:58:13Z</time></trkpt>
<trkpt lat="38.914459" lon="-121.025389">
<ele>181</ele>
<time>2026-10-02T07:58:35Z</time></trkpt>
<trkpt lat="38.914711" lon="-121.024676">
<ele>185</ele>
<time>2026-10-02T07:59:00Z</time></trkpt>
<trkpt lat="38.914801" lon="-121.024538">
<ele>184</ele>
<time>2026-10-02T07:59:05Z</time></trkpt>
<trkpt lat="38.914935" lon="-121.024428">
<ele>184</ele>
<time>2026-10-02T07:59:12Z</time></trkpt>
<trkpt lat="38.91563" lon="-121.024025">
<ele>185</ele>
<time>2026-10-02T07:59:42Z</time></trkpt>
<trkpt lat="38.91599" lon="-121.023762">
<ele>184</ele>
<time>2026-10-02T07:59:59Z</time></trkpt>
<trkpt lat="38.91639" lon="-121.023388">
<ele>185</ele>
<time>2026-10-02T08:00:19Z</time></trkpt>
<trkpt lat="38.91639" lon="-121.023388">
<ele>185</ele>
<time>2026-10-02T08:00:19Z</time></trkpt>
<trkpt lat="38.916926" lon="-121.022778">
<ele>187</ele>
<time>2026-10-02T08:00:47Z</time></trkpt>
<trkpt lat="38.917017" lon="-121.022652">
<ele>185</ele>
<time>2026-10-02T08:00:53Z</time></trkpt>
<trkpt lat="38.917111" lon="-121.022472">
<ele>185</ele>
<time>2026-10-02T08:00:59Z</time></trkpt>
<trkpt lat="38.91722" lon="-121.022138">
<ele>186</ele>
<time>2026-10-02T08:01:11Z</time></trkpt>
<trkpt lat="38.917385" lon="-121.021424">
<ele>186</ele>
<time>2026-10-02T08:01:34Z</time></trkpt>
<trkpt lat="38.917721" lon="-121.019398">
<ele>188</ele>
<time>2026-10-02T08:02:38Z</time></trkpt>
<trkpt lat="38.917771" lon="-121.018897">
<ele>186</ele>
<time>2026-10-02T08:02:54Z</time></trkpt>
<trkpt lat="38.917721" lon="-121.018309">
<ele>186</ele>
<time>2026-10-02T08:03:13Z</time></trkpt>
<trkpt lat="38.917721" lon="-121.018309">
<ele>186</ele>
<time>2026-10-02T08:03:13Z</time></trkpt>
<trkpt lat="38.917646" lon="-121.017696">
<ele>186</ele>
<time>2026-10-02T08:03:32Z</time></trkpt>
<trkpt lat="38.917575" lon="-121.017355">
<ele>186</ele>
<time>2026-10-02T08:03:43Z</time></trkpt>
<trkpt lat="38.91751" lon="-121.017043">
<ele>186</ele>
<time>2026-10-02T08:03:53Z</time></trkpt>
<trkpt lat="38.917289" lon="-121.016438">
<ele>189</ele>
<time>2026-10-02T08:04:14Z</time></trkpt>
<trkpt lat="38.917018" lon="-121.015907">
<ele>195</ele>
<time>2026-10-02T08:04:34Z</time></trkpt>
<trkpt lat="38.91673" lon="-121.015547">
<ele>199</ele>
<time>2026-10-02T08:04:50Z</time></trkpt>
<trkpt lat="38.916643" lon="-121.015411">
<ele>200</ele>
<time>2026-10-02T08:04:55Z</time></trkpt>
<trkpt lat="38.916538" lon="-121.015129">
<ele>203</ele>
<time>2026-10-02T08:05:05Z</time></trkpt>
<trkpt lat="38.916304" lon="-121.01432">
<ele>206</ele>
<time>2026-10-02T08:05:32Z</time></trkpt>
<trkpt lat="38.91617" lon="-121.014006">
<ele>213</ele>
<time>2026-10-02T08:05:43Z</time></trkpt>
<trkpt lat="38.916117" lon="-121.013842">
<ele>215</ele>
<time>2026-10-02T08:05:49Z</time></trkpt>
<trkpt lat="38.916041" lon="-121.013286">
<ele>205</ele>
<time>2026-10-02T08:06:06Z</time></trkpt>
<trkpt lat="38.916001" lon="-121.01315">
<ele>203</ele>
<time>2026-10-02T08:06:11Z</time></trkpt>
<trkpt lat="38.915829" lon="-121.012799">
<ele>199</ele>
<time>2026-10-02T08:06:24Z</time></trkpt>
<trkpt lat="38.915779" lon="-121.012644">
<ele>200</ele>
<time>2026-10-02T08:06:29Z</time></trkpt>
<trkpt lat="38.915779" lon="-121.012644">
<ele>200</ele>
<time>2026-10-02T08:06:29Z</time></trkpt>
<trkpt lat="38.915728" lon="-121.012111">
<ele>197</ele>
<time>2026-10-02T08:06:46Z</time></trkpt>
<trkpt lat="38.915675" lon="-121.011792">
<ele>197</ele>
<time>2026-10-02T08:06:56Z</time></trkpt>
<trkpt lat="38.91555" lon="-121.011329">
<ele>199</ele>
<time>2026-10-02T08:07:11Z</time></trkpt>
<trkpt lat="38.915477" lon="-121.010667">
<ele>199</ele>
<time>2026-10-02T08:07:32Z</time></trkpt>
<trkpt lat="38.915413" lon="-121.010534">
<ele>200</ele>
<time>2026-10-02T08:07:37Z</time></trkpt>
<trkpt lat="38.91536" lon="-121.010478">
<ele>200</ele>
<time>2026-10-02T08:07:40Z</time></trkpt>
<trkpt lat="38.91498" lon="-121.010329">
<ele>204</ele>
<time>2026-10-02T08:07:56Z</time></trkpt>
<trkpt lat="38.914853" lon="-121.010225">
<ele>205</ele>
<time>2026-10-02T08:08:02Z</time></trkpt>
<trkpt lat="38.914786" lon="-121.010139">
<ele>205</ele>
<time>2026-10-02T08:08:05Z</time></trkpt>
<trkpt lat="38.914771" lon="-121.010069">
<ele>204</ele>
<time>2026-10-02T08:08:08Z</time></trkpt>
<trkpt lat="38.914791" lon="-121.00999">
<ele>203</ele>
<time>2026-10-02T08:08:10Z</time></trkpt>
<trkpt lat="38.915009" lon="-121.009706">
<ele>204</ele>
<time>2026-10-02T08:08:23Z</time></trkpt>
<trkpt lat="38.91511" lon="-121.009549">
<ele>205</ele>
<time>2026-10-02T08:08:29Z</time></trkpt>
<trkpt lat="38.91526" lon="-121.009259">
<ele>207</ele>
<time>2026-10-02T08:08:40Z</time></trkpt>
<trkpt lat="38.915291" lon="-121.009168">
<ele>209</ele>
<time>2026-10-02T08:08:43Z</time></trkpt>
<trkpt lat="38.915297" lon="-121.009012">
<ele>211</ele>
<time>2026-10-02T08:08:48Z</time></trkpt>
<trkpt lat="38.915251" lon="-121.008783">
<ele>214</ele>
<time>2026-10-02T08:08:55Z</time></trkpt>
<trkpt lat="38.915254" lon="-121.008629">
<ele>214</ele>
<time>2026-10-02T08:09:00Z</time></trkpt>
<trkpt lat="38.915454" lon="-121.007994">
<ele>215</ele>
<time>2026-10-02T08:09:21Z</time></trkpt>
<trkpt lat="38.915473" lon="-121.007862">
<ele>216</ele>
<time>2026-10-02T08:09:26Z</time></trkpt>
<trkpt lat="38.915463" lon="-121.007507">
<ele>220</ele>
<time>2026-10-02T08:09:37Z</time></trkpt>
<trkpt lat="38.915393" lon="-121.007128">
<ele>222</ele>
<time>2026-10-02T08:09:49Z</time></trkpt>
<trkpt lat="38.915399" lon="-121.006998">
<ele>222</ele>
<time>2026-10-02T08:09:53Z</time></trkpt>
<trkpt lat="38.915447" lon="-121.006908">
<ele>222</ele>
<time>2026-10-02T08:09:56Z</time></trkpt>
<trkpt lat="38.915497" lon="-121.006861">
<ele>223</ele>
<time>2026-10-02T08:09:59Z</time></trkpt>
<trkpt lat="38.915964" lon="-121.00655">
<ele>225</ele>
<time>2026-10-02T08:10:20Z</time></trkpt>
<trkpt lat="38.916089" lon="-121.006426">
<ele>227</ele>
<time>2026-10-02T08:10:26Z</time></trkpt>
<trkpt lat="38.916215" lon="-121.006182">
<ele>231</ele>
<time>2026-10-02T08:10:35Z</time></trkpt>
<trkpt lat="38.916348" lon="-121.006074">
<ele>232</ele>
<time>2026-10-02T08:10:42Z</time></trkpt>
<trkpt lat="38.916694" lon="-121.0059">
<ele>234</ele>
<time>2026-10-02T08:10:57Z</time></trkpt>
<trkpt lat="38.916926" lon="-121.005749">
<ele>235</ele>
<time>2026-10-02T08:11:07Z</time></trkpt>
<trkpt lat="38.917172" lon="-121.00571">
<ele>234</ele>
<time>2026-10-02T08:11:17Z</time></trkpt>
<trkpt lat="38.917506" lon="-121.005711">
<ele>231</ele>
<time>2026-10-02T08:11:30Z</time></trkpt>
<trkpt lat="38.917557" lon="-121.005686">
<ele>230</ele>
<time>2026-10-02T08:11:32Z</time></trkpt>
<trkpt lat="38.917618" lon="-121.005588">
<ele>231</ele>
<time>2026-10-02T08:11:36Z</time></trkpt>
<trkpt lat="38.917803" lon="-121.005141">
<ele>233</ele>
<time>2026-10-02T08:11:52Z</time></trkpt>
<trkpt lat="38.917803" lon="-121.005141">
<ele>233</ele>
<time>2026-10-02T08:11:52Z</time></trkpt>
<trkpt lat="38.917843" lon="-121.005014">
<ele>234</ele>
<time>2026-10-02T08:11:56Z</time></trkpt>
<trkpt lat="38.91785" lon="-121.004873">
<ele>233</ele>
<time>2026-10-02T08:12:01Z</time></trkpt>
<trkpt lat="38.917729" lon="-121.004236">
<ele>227</ele>
<time>2026-10-02T08:12:21Z</time></trkpt>
<trkpt lat="38.917763" lon="-121.003898">
<ele>222</ele>
<time>2026-10-02T08:12:32Z</time></trkpt>
<trkpt lat="38.917745" lon="-121.003742">
<ele>220</ele>
<time>2026-10-02T08:12:37Z</time></trkpt>
<trkpt lat="38.91765" lon="-121.00342">
<ele>215</ele>
<time>2026-10-02T08:12:48Z</time></trkpt>
<trkpt lat="38.917582" lon="-121.003026">
<ele>209</ele>
<time>2026-10-02T08:13:00Z</time></trkpt>
<trkpt lat="38.917387" lon="-121.002454">
<ele>213</ele>
<time>2026-10-02T08:13:20Z</time></trkpt>
<trkpt lat="38.917243" lon="-121.001869">
<ele>213</ele>
<time>2026-10-02T08:13:39Z</time></trkpt>
<trkpt lat="38.917174" lon="-121.00139">
<ele>217</ele>
<time>2026-10-02T08:13:54Z</time></trkpt>
<trkpt lat="38.917109" lon="-121.001159">
<ele>218</ele>
<time>2026-10-02T08:14:02Z</time></trkpt>
<trkpt lat="38.917094" lon="-121.001002">
<ele>218</ele>
<time>2026-10-02T08:14:07Z</time></trkpt>
<trkpt lat="38.917092" lon="-121.000414">
<ele>209</ele>
<time>2026-10-02T08:14:25Z</time></trkpt>
<trkpt lat="38.91706" lon="-121.000191">
<ele>206</ele>
<time>2026-10-02T08:14:32Z</time></trkpt>
<trkpt lat="38.917073" lon="-121.000069">
<ele>206</ele>
<time>2026-10-02T08:14:36Z</time></trkpt>
<trkpt lat="38.917101" lon="-120.999988">
<ele>206</ele>
<time>2026-10-02T08:14:39Z</time></trkpt>
<trkpt lat="38.917301" lon="-120.999716">
<ele>203</ele>
<time>2026-10-02T08:14:50Z</time></trkpt>
<trkpt lat="38.917512" lon="-120.999329">
<ele>203</ele>
<time>2026-10-02T08:15:05Z</time></trkpt>
<trkpt lat="38.917741" lon="-120.999025">
<ele>200</ele>
<time>2026-10-02T08:15:18Z</time></trkpt>
<trkpt lat="38.917823" lon="-120.998853">
<ele>199</ele>
<time>2026-10-02T08:15:24Z</time></trkpt>
<trkpt lat="38.917857" lon="-120.998704">
<ele>200</ele>
<time>2026-10-02T08:15:29Z</time></trkpt>
<trkpt lat="38.917895" lon="-120.998248">
<ele>201</ele>
<time>2026-10-02T08:15:44Z</time></trkpt>
<trkpt lat="38.917916" lon="-120.998141">
<ele>202</ele>
<time>2026-10-02T08:15:47Z</time></trkpt>
<trkpt lat="38.917998" lon="-120.99801">
<ele>201</ele>
<time>2026-10-02T08:15:52Z</time></trkpt>
<trkpt lat="38.917998" lon="-120.99801">
<ele>201</ele>
<time>2026-10-02T08:15:52Z</time></trkpt>
<trkpt lat="38.918139" lon="-120.99785">
<ele>200</ele>
<time>2026-10-02T08:16:00Z</time></trkpt>
<trkpt lat="38.918189" lon="-120.997757">
<ele>200</ele>
<time>2026-10-02T08:16:03Z</time></trkpt>
<trkpt lat="38.918242" lon="-120.997581">
<ele>200</ele>
<time>2026-10-02T08:16:09Z</time></trkpt>
<trkpt lat="38.918295" lon="-120.99724">
<ele>202</ele>
<time>2026-10-02T08:16:20Z</time></trkpt>
<trkpt lat="38.918294" lon="-120.996892">
<ele>206</ele>
<time>2026-10-02T08:16:31Z</time></trkpt>
<trkpt lat="38.918321" lon="-120.996741">
<ele>207</ele>
<time>2026-10-02T08:16:36Z</time></trkpt>
<trkpt lat="38.918412" lon="-120.996646">
<ele>206</ele>
<time>2026-10-02T08:16:40Z</time></trkpt>
<trkpt lat="38.91854" lon="-120.996614">
<ele>205</ele>
<time>2026-10-02T08:16:46Z</time></trkpt>
<trkpt lat="38.918773" lon="-120.996614">
<ele>203</ele>
<time>2026-10-02T08:16:55Z</time></trkpt>
<trkpt lat="38.919015" lon="-120.996556">
<ele>202</ele>
<time>2026-10-02T08:17:05Z</time></trkpt>
<trkpt lat="38.919396" lon="-120.99634">
<ele>202</ele>
<time>2026-10-02T08:17:22Z</time></trkpt>
<trkpt lat="38.919731" lon="-120.996256">
<ele>200</ele>
<time>2026-10-02T08:17:35Z</time></trkpt>
<trkpt lat="38.920204" lon="-120.996047">
<ele>200</ele>
<time>2026-10-02T08:17:55Z</time></trkpt>
<trkpt lat="38.920488" lon="-120.995948">
<ele>198</ele>
<time>2026-10-02T08:18:07Z</time></trkpt>
<trkpt lat="38.920599" lon="-120.995883">
<ele>198</ele>
<time>2026-10-02T08:18:12Z</time></trkpt>
<trkpt lat="38.92071" lon="-120.995759">
<ele>198</ele>
<time>2026-10-02T08:18:18Z</time></trkpt>
<trkpt lat="38.921058" lon="-120.995208">
<ele>198</ele>
<time>2026-10-02T08:18:40Z</time></trkpt>
<trkpt lat="38.92111" lon="-120.995055">
<ele>198</ele>
<time>2026-10-02T08:18:45Z</time></trkpt>
<trkpt lat="38.921137" lon="-120.994904">
<ele>198</ele>
<time>2026-10-02T08:18:50Z</time></trkpt>
<trkpt lat="38.92114" lon="-120.994743">
<ele>198</ele>
<time>2026-10-02T08:18:55Z</time></trkpt>
<trkpt lat="38.921123" lon="-120.994609">
<ele>198</ele>
<time>2026-10-02T08:18:59Z</time></trkpt>
<trkpt lat="38.921012" lon="-120.994307">
<ele>199</ele>
<time>2026-10-02T08:19:10Z</time></trkpt>
<trkpt lat="38.920976" lon="-120.994159">
<ele>199</ele>
<time>2026-10-02T08:19:14Z</time></trkpt>
<trkpt lat="38.920979" lon="-120.993967">
<ele>198</ele>
<time>2026-10-02T08:19:20Z</time></trkpt>
<trkpt lat="38.921011" lon="-120.993853">
<ele>197</ele>
<time>2026-10-02T08:19:24Z</time></trkpt>
<trkpt lat="38.921201" lon="-120.993399">
<ele>195</ele>
<time>2026-10-02T08:19:40Z</time></trkpt>
<trkpt lat="38.921264" lon="-120.993293">
<ele>196</ele>
<time>2026-10-02T08:19:44Z</time></trkpt>
<trkpt lat="38.921713" lon="-120.992739">
<ele>203</ele>
<time>2026-10-02T08:20:09Z</time></trkpt>
<trkpt lat="38.921813" lon="-120.992595">
<ele>203</ele>
<time>2026-10-02T08:20:15Z</time></trkpt>
<trkpt lat="38.922245" lon="-120.991836">
<ele>201</ele>
<time>2026-10-02T08:20:45Z</time></trkpt>
<trkpt lat="38.92233" lon="-120.991664">
<ele>202</ele>
<time>2026-10-02T08:20:51Z</time></trkpt>
<trkpt lat="38.922501" lon="-120.991236">
<ele>204</ele>
<time>2026-10-02T08:21:06Z</time></trkpt>
<trkpt lat="38.92254" lon="-120.991091">
<ele>204</ele>
<time>2026-10-02T08:21:11Z</time></trkpt>
<trkpt lat="38.92254" lon="-120.991091">
<ele>204</ele>
<time>2026-10-02T08:21:11Z</time></trkpt>
<trkpt lat="38.922634" lon="-120.99074">
<ele>208</ele>
<time>2026-10-02T08:21:22Z</time></trkpt>
<trkpt lat="38.922704" lon="-120.990623">
<ele>207</ele>
<time>2026-10-02T08:21:27Z</time></trkpt>
<trkpt lat="38.922783" lon="-120.990552">
<ele>206</ele>
<time>2026-10-02T08:21:31Z</time></trkpt>
<trkpt lat="38.922879" lon="-120.9905">
<ele>208</ele>
<time>2026-10-02T08:21:35Z</time></trkpt>
<trkpt lat="38.923078" lon="-120.990455">
<ele>210</ele>
<time>2026-10-02T08:21:43Z</time></trkpt>
<trkpt lat="38.92351" lon="-120.990283">
<ele>214</ele>
<time>2026-10-02T08:22:01Z</time></trkpt>
<trkpt lat="38.923731" lon="-120.990219">
<ele>216</ele>
<time>2026-10-02T08:22:10Z</time></trkpt>
<trkpt lat="38.923872" lon="-120.990217">
<ele>215</ele>
<time>2026-10-02T08:22:16Z</time></trkpt>
<trkpt lat="38.923872" lon="-120.990217">
<ele>215</ele>
<time>2026-10-02T08:22:16Z</time></trkpt>
<trkpt lat="38.923986" lon="-120.990243">
<ele>214</ele>
<time>2026-10-02T08:22:21Z</time></trkpt>
<trkpt lat="38.92426" lon="-120.990212">
<ele>215</ele>
<time>2026-10-02T08:22:32Z</time></trkpt>
<trkpt lat="38.925552" lon="-120.990213">
<ele>207</ele>
<time>2026-10-02T08:23:24Z</time></trkpt>
<trkpt lat="38.926304" lon="-120.989981">
<ele>211</ele>
<time>2026-10-02T08:23:55Z</time></trkpt>
<trkpt lat="38.926438" lon="-120.989901">
<ele>213</ele>
<time>2026-10-02T08:24:00Z</time></trkpt>
<trkpt lat="38.926504" lon="-120.989829">
<ele>215</ele>
<time>2026-10-02T08:24:04Z</time></trkpt>
<trkpt lat="38.926544" lon="-120.989756">
<ele>217</ele>
<time>2026-10-02T08:24:07Z</time></trkpt>
<trkpt lat="38.926587" lon="-120.989575">
<ele>220</ele>
<time>2026-10-02T08:24:13Z</time></trkpt>
<trkpt lat="38.926584" lon="-120.98938">
<ele>224</ele>
<time>2026-10-02T08:24:19Z</time></trkpt>
<trkpt lat="38.92656" lon="-120.989211">
<ele>227</ele>
<time>2026-10-02T08:24:24Z</time></trkpt>
<trkpt lat="38.926559" lon="-120.989005">
<ele>229</ele>
<time>2026-10-02T08:24:30Z</time></trkpt>
<trkpt lat="38.926587" lon="-120.988817">
<ele>228</ele>
<time>2026-10-02T08:24:36Z</time></trkpt>
<trkpt lat="38.92659" lon="-120.988667">
<ele>228</ele>
<time>2026-10-02T08:24:41Z</time></trkpt>
<trkpt lat="38.926573" lon="-120.988569">
<ele>227</ele>
<time>2026-10-02T08:24:44Z</time></trkpt>
<trkpt lat="38.926527" lon="-120.988459">
<ele>227</ele>
<time>2026-10-02T08:24:48Z</time></trkpt>
<trkpt lat="38.92647" lon="-120.988372">
<ele>227</ele>
<time>2026-10-02T08:24:52Z</time></trkpt>
<trkpt lat="38.926347" lon="-120.98826">
<ele>230</ele>
<time>2026-10-02T08:24:58Z</time></trkpt>
<trkpt lat="38.926195" lon="-120.988162">
<ele>234</ele>
<time>2026-10-02T08:25:05Z</time></trkpt>
<trkpt lat="38.926176" lon="-120.988086">
<ele>233</ele>
<time>2026-10-02T08:25:07Z</time></trkpt>
<trkpt lat="38.926201" lon="-120.988002">
<ele>233</ele>
<time>2026-10-02T08:25:10Z</time></trkpt>
<trkpt lat="38.92625" lon="-120.987979">
<ele>233</ele>
<time>2026-10-02T08:25:12Z</time></trkpt>
<trkpt lat="38.926463" lon="-120.987982">
<ele>230</ele>
<time>2026-10-02T08:25:20Z</time></trkpt>
<trkpt lat="38.926618" lon="-120.98796">
<ele>230</ele>
<time>2026-10-02T08:25:27Z</time></trkpt>
<trkpt lat="38.926731" lon="-120.987921">
<ele>231</ele>
<time>2026-10-02T08:25:31Z</time></trkpt>
<trkpt lat="38.926859" lon="-120.987835">
<ele>233</ele>
<time>2026-10-02T08:25:37Z</time></trkpt>
<trkpt lat="38.926989" lon="-120.987707">
<ele>236</ele>
<time>2026-10-02T08:25:44Z</time></trkpt>
<trkpt lat="38.92705" lon="-120.987611">
<ele>236</ele>
<time>2026-10-02T08:25:48Z</time></trkpt>
<trkpt lat="38.927072" lon="-120.987527">
<ele>236</ele>
<time>2026-10-02T08:25:50Z</time></trkpt>
<trkpt lat="38.927074" lon="-120.987438">
<ele>237</ele>
<time>2026-10-02T08:25:53Z</time></trkpt>
<trkpt lat="38.927056" lon="-120.98734">
<ele>238</ele>
<time>2026-10-02T08:25:56Z</time></trkpt>
<trkpt lat="38.926934" lon="-120.986929">
<ele>246</ele>
<time>2026-10-02T08:26:10Z</time></trkpt>
<trkpt lat="38.926876" lon="-120.98659">
<ele>248</ele>
<time>2026-10-02T08:26:21Z</time></trkpt>
<trkpt lat="38.926876" lon="-120.986405">
<ele>246</ele>
<time>2026-10-02T08:26:27Z</time></trkpt>
<trkpt lat="38.926847" lon="-120.986169">
<ele>247</ele>
<time>2026-10-02T08:26:34Z</time></trkpt>
<trkpt lat="38.926839" lon="-120.985916">
<ele>247</ele>
<time>2026-10-02T08:26:42Z</time></trkpt>
<trkpt lat="38.926874" lon="-120.985625">
<ele>244</ele>
<time>2026-10-02T08:26:51Z</time></trkpt>
<trkpt lat="38.926875" lon="-120.985441">
<ele>244</ele>
<time>2026-10-02T08:26:57Z</time></trkpt>
<trkpt lat="38.926774" lon="-120.984859">
<ele>253</ele>
<time>2026-10-02T08:27:15Z</time></trkpt>
<trkpt lat="38.926773" lon="-120.98457">
<ele>249</ele>
<time>2026-10-02T08:27:24Z</time></trkpt>
<trkpt lat="38.926789" lon="-120.9844">
<ele>247</ele>
<time>2026-10-02T08:27:30Z</time></trkpt>
<trkpt lat="38.926824" lon="-120.984248">
<ele>247</ele>
<time>2026-10-02T08:27:35Z</time></trkpt>
<trkpt lat="38.926824" lon="-120.984248">
<ele>247</ele>
<time>2026-10-02T08:27:35Z</time></trkpt>
<trkpt lat="38.926945" lon="-120.983821">
<ele>247</ele>
<time>2026-10-02T08:27:49Z</time></trkpt>
<trkpt lat="38.926972" lon="-120.983653">
<ele>248</ele>
<time>2026-10-02T08:27:54Z</time></trkpt>
<trkpt lat="38.926988" lon="-120.983392">
<ele>251</ele>
<time>2026-10-02T08:28:02Z</time></trkpt>
<trkpt lat="38.927115" lon="-120.982994">
<ele>246</ele>
<time>2026-10-02T08:28:16Z</time></trkpt>
<trkpt lat="38.927174" lon="-120.982673">
<ele>249</ele>
<time>2026-10-02T08:28:26Z</time></trkpt>
<trkpt lat="38.927175" lon="-120.982477">
<ele>252</ele>
<time>2026-10-02T08:28:32Z</time></trkpt>
<trkpt lat="38.927154" lon="-120.982319">
<ele>254</ele>
<time>2026-10-02T08:28:37Z</time></trkpt>
<trkpt lat="38.927011" lon="-120.981787">
<ele>261</ele>
<time>2026-10-02T08:28:55Z</time></trkpt>
<trkpt lat="38.927" lon="-120.981617">
<ele>261</ele>
<time>2026-10-02T08:29:00Z</time></trkpt>
<trkpt lat="38.927013" lon="-120.981483">
<ele>258</ele>
<time>2026-10-02T08:29:04Z</time></trkpt>
<trkpt lat="38.927041" lon="-120.981365">
<ele>255</ele>
<time>2026-10-02T08:29:08Z</time></trkpt>
<trkpt lat="38.927124" lon="-120.981229">
<ele>251</ele>
<time>2026-10-02T08:29:14Z</time></trkpt>
<trkpt lat="38.927219" lon="-120.981137">
<ele>248</ele>
<time>2026-10-02T08:29:18Z</time></trkpt>
<trkpt lat="38.927478" lon="-120.981009">
<ele>246</ele>
<time>2026-10-02T08:29:29Z</time></trkpt>
<trkpt lat="38.927558" lon="-120.980922">
<ele>246</ele>
<time>2026-10-02T08:29:34Z</time></trkpt>
<trkpt lat="38.9276" lon="-120.98085">
<ele>246</ele>
<time>2026-10-02T08:29:36Z</time></trkpt>
<trkpt lat="38.927656" lon="-120.980685">
<ele>246</ele>
<time>2026-10-02T08:29:42Z</time></trkpt>
<trkpt lat="38.927678" lon="-120.980552">
<ele>246</ele>
<time>2026-10-02T08:29:46Z</time></trkpt>
<trkpt lat="38.927665" lon="-120.980406">
<ele>246</ele>
<time>2026-10-02T08:29:51Z</time></trkpt>
<trkpt lat="38.92762" lon="-120.980245">
<ele>248</ele>
<time>2026-10-02T08:29:56Z</time></trkpt>
<trkpt lat="38.927548" lon="-120.980105">
<ele>250</ele>
<time>2026-10-02T08:30:01Z</time></trkpt>
<trkpt lat="38.927511" lon="-120.979944">
<ele>251</ele>
<time>2026-10-02T08:30:07Z</time></trkpt>
<trkpt lat="38.927511" lon="-120.979702">
<ele>249</ele>
<time>2026-10-02T08:30:14Z</time></trkpt>
<trkpt lat="38.927537" lon="-120.979609">
<ele>248</ele>
<time>2026-10-02T08:30:17Z</time></trkpt>
<trkpt lat="38.927641" lon="-120.979497">
<ele>243</ele>
<time>2026-10-02T08:30:23Z</time></trkpt>
<trkpt lat="38.927967" lon="-120.979318">
<ele>238</ele>
<time>2026-10-02T08:30:37Z</time></trkpt>
<trkpt lat="38.928113" lon="-120.979178">
<ele>237</ele>
<time>2026-10-02T08:30:44Z</time></trkpt>
<trkpt lat="38.928224" lon="-120.979011">
<ele>234</ele>
<time>2026-10-02T08:30:51Z</time></trkpt>
<trkpt lat="38.92845" lon="-120.978569">
<ele>224</ele>
<time>2026-10-02T08:31:08Z</time></trkpt>
<trkpt lat="38.928523" lon="-120.978367">
<ele>220</ele>
<time>2026-10-02T08:31:14Z</time></trkpt>
<trkpt lat="38.928572" lon="-120.978086">
<ele>218</ele>
<time>2026-10-02T08:31:23Z</time></trkpt>
<trkpt lat="38.928652" lon="-120.977805">
<ele>215</ele>
<time>2026-10-02T08:31:33Z</time></trkpt>
<trkpt lat="38.928729" lon="-120.977257">
<ele>215</ele>
<time>2026-10-02T08:31:50Z</time></trkpt>
<trkpt lat="38.928729" lon="-120.977257">
<ele>215</ele>
<time>2026-10-02T08:31:50Z</time></trkpt>
<trkpt lat="38.928794" lon="-120.976942">
<ele>213</ele>
<time>2026-10-02T08:32:00Z</time></trkpt>
<trkpt lat="38.928805" lon="-120.976776">
<ele>213</ele>
<time>2026-10-02T08:32:05Z</time></trkpt>
<trkpt lat="38.928784" lon="-120.97659">
<ele>215</ele>
<time>2026-10-02T08:32:11Z</time></trkpt>
<trkpt lat="38.928784" lon="-120.976447">
<ele>215</ele>
<time>2026-10-02T08:32:16Z</time></trkpt>
<trkpt lat="38.928847" lon="-120.975959">
<ele>209</ele>
<time>2026-10-02T08:32:31Z</time></trkpt>
<trkpt lat="38.928824" lon="-120.975779">
<ele>209</ele>
<time>2026-10-02T08:32:37Z</time></trkpt>
<trkpt lat="38.928784" lon="-120.975609">
<ele>208</ele>
<time>2026-10-02T08:32:42Z</time></trkpt>
<trkpt lat="38.928625" lon="-120.97533">
<ele>207</ele>
<time>2026-10-02T08:32:53Z</time></trkpt>
<trkpt lat="38.928449" lon="-120.975142">
<ele>207</ele>
<time>2026-10-02T08:33:02Z</time></trkpt>
<trkpt lat="38.928431" lon="-120.97508">
<ele>206</ele>
<time>2026-10-02T08:33:04Z</time></trkpt>
<trkpt lat="38.928483" lon="-120.974993">
<ele>205</ele>
<time>2026-10-02T08:33:08Z</time></trkpt>
<trkpt lat="38.928631" lon="-120.974973">
<ele>205</ele>
<time>2026-10-02T08:33:14Z</time></trkpt>
<trkpt lat="38.929025" lon="-120.974981">
<ele>202</ele>
<time>2026-10-02T08:33:30Z</time></trkpt>
<trkpt lat="38.92909" lon="-120.974936">
<ele>203</ele>
<time>2026-10-02T08:33:33Z</time></trkpt>
<trkpt lat="38.929166" lon="-120.9748">
<ele>207</ele>
<time>2026-10-02T08:33:38Z</time></trkpt>
<trkpt lat="38.929329" lon="-120.97435">
<ele>214</ele>
<time>2026-10-02T08:33:53Z</time></trkpt>
<trkpt lat="38.929366" lon="-120.974133">
<ele>218</ele>
<time>2026-10-02T08:34:00Z</time></trkpt>
<trkpt lat="38.929415" lon="-120.973967">
<ele>218</ele>
<time>2026-10-02T08:34:06Z</time></trkpt>
<trkpt lat="38.929595" lon="-120.973511">
<ele>216</ele>
<time>2026-10-02T08:34:22Z</time></trkpt>
<trkpt lat="38.929748" lon="-120.973197">
<ele>214</ele>
<time>2026-10-02T08:34:33Z</time></trkpt>
<trkpt lat="38.929963" lon="-120.972933">
<ele>210</ele>
<time>2026-10-02T08:34:45Z</time></trkpt>
<trkpt lat="38.930335" lon="-120.972282">
<ele>209</ele>
<time>2026-10-02T08:35:10Z</time></trkpt>
<trkpt lat="38.930467" lon="-120.972137">
<ele>208</ele>
<time>2026-10-02T08:35:17Z</time></trkpt>
<trkpt lat="38.930818" lon="-120.971893">
<ele>206</ele>
<time>2026-10-02T08:35:33Z</time></trkpt>
<trkpt lat="38.93096" lon="-120.971739">
<ele>207</ele>
<time>2026-10-02T08:35:41Z</time></trkpt>
<trkpt lat="38.931113" lon="-120.971403">
<ele>210</ele>
<time>2026-10-02T08:35:53Z</time></trkpt>
<trkpt lat="38.931385" lon="-120.971117">
<ele>209</ele>
<time>2026-10-02T08:36:07Z</time></trkpt>
<trkpt lat="38.931535" lon="-120.970825">
<ele>208</ele>
<time>2026-10-02T08:36:18Z</time></trkpt>
<trkpt lat="38.931535" lon="-120.970825">
<ele>208</ele>
<time>2026-10-02T08:36:18Z</time></trkpt>
<trkpt lat="38.931683" lon="-120.970647">
<ele>207</ele>
<time>2026-10-02T08:36:26Z</time></trkpt>
<trkpt lat="38.931753" lon="-120.970511">
<ele>207</ele>
<time>2026-10-02T08:36:31Z</time></trkpt>
<trkpt lat="38.93182" lon="-120.970128">
<ele>208</ele>
<time>2026-10-02T08:36:43Z</time></trkpt>
<trkpt lat="38.931824" lon="-120.969805">
<ele>210</ele>
<time>2026-10-02T08:36:53Z</time></trkpt>
<trkpt lat="38.931934" lon="-120.968793">
<ele>208</ele>
<time>2026-10-02T08:37:25Z</time></trkpt>
<trkpt lat="38.932008" lon="-120.96847">
<ele>206</ele>
<time>2026-10-02T08:37:36Z</time></trkpt>
<trkpt lat="38.932033" lon="-120.968113">
<ele>207</ele>
<time>2026-10-02T08:37:47Z</time></trkpt>
<trkpt lat="38.932121" lon="-120.967563">
<ele>207</ele>
<time>2026-10-02T08:38:04Z</time></trkpt>
<trkpt lat="38.932123" lon="-120.96724">
<ele>209</ele>
<time>2026-10-02T08:38:14Z</time></trkpt>
<trkpt lat="38.932058" lon="-120.966414">
<ele>217</ele>
<time>2026-10-02T08:38:40Z</time></trkpt>
<trkpt lat="38.932072" lon="-120.96613">
<ele>213</ele>
<time>2026-10-02T08:38:49Z</time></trkpt>
<trkpt lat="38.932163" lon="-120.965792">
<ele>208</ele>
<time>2026-10-02T08:39:00Z</time></trkpt>
<trkpt lat="38.932272" lon="-120.965249">
<ele>219</ele>
<time>2026-10-02T08:39:18Z</time></trkpt>
<trkpt lat="38.932787" lon="-120.963884">
<ele>225</ele>
<time>2026-10-02T08:40:05Z</time></trkpt>
<trkpt lat="38.93307" lon="-120.963437">
<ele>213</ele>
<time>2026-10-02T08:40:23Z</time></trkpt>
<trkpt lat="38.933363" lon="-120.9631">
<ele>205</ele>
<time>2026-10-02T08:40:39Z</time></trkpt>
<trkpt lat="38.933582" lon="-120.962722">
<ele>207</ele>
<time>2026-10-02T08:40:54Z</time></trkpt>
<trkpt lat="38.933582" lon="-120.962722">
<ele>207</ele>
<time>2026-10-02T08:40:54Z</time></trkpt>
<trkpt lat="38.933807" lon="-120.962244">
<ele>211</ele>
<time>2026-10-02T08:41:11Z</time></trkpt>
<trkpt lat="38.933972" lon="-120.962051">
<ele>217</ele>
<time>2026-10-02T08:41:20Z</time></trkpt>
<trkpt lat="38.934504" lon="-120.961605">
<ele>219</ele>
<time>2026-10-02T08:41:45Z</time></trkpt>
<trkpt lat="38.93472" lon="-120.961385">
<ele>217</ele>
<time>2026-10-02T08:41:56Z</time></trkpt>
<trkpt lat="38.935007" lon="-120.960988">
<ele>217</ele>
<time>2026-10-02T08:42:13Z</time></trkpt>
<trkpt lat="38.935178" lon="-120.960653">
<ele>215</ele>
<time>2026-10-02T08:42:26Z</time></trkpt>
<trkpt lat="38.935392" lon="-120.960342">
<ele>212</ele>
<time>2026-10-02T08:42:39Z</time></trkpt>
<trkpt lat="38.935653" lon="-120.960197">
<ele>207</ele>
<time>2026-10-02T08:42:50Z</time></trkpt>
<trkpt lat="38.935758" lon="-120.960106">
<ele>206</ele>
<time>2026-10-02T08:42:55Z</time></trkpt>
<trkpt lat="38.935864" lon="-120.959958">
<ele>205</ele>
<time>2026-10-02T08:43:02Z</time></trkpt>
<trkpt lat="38.936056" lon="-120.95959">
<ele>207</ele>
<time>2026-10-02T08:43:15Z</time></trkpt>
<trkpt lat="38.936085" lon="-120.959471">
<ele>207</ele>
<time>2026-10-02T08:43:19Z</time></trkpt>
<trkpt lat="38.936125" lon="-120.958991">
<ele>208</ele>
<time>2026-10-02T08:43:34Z</time></trkpt>
<trkpt lat="38.936192" lon="-120.9589">
<ele>207</ele>
<time>2026-10-02T08:43:38Z</time></trkpt>
<trkpt lat="38.936525" lon="-120.958647">
<ele>207</ele>
<time>2026-10-02T08:43:54Z</time></trkpt>
<trkpt lat="38.936664" lon="-120.958486">
<ele>208</ele>
<time>2026-10-02T08:44:01Z</time></trkpt>
<trkpt lat="38.936905" lon="-120.958146">
<ele>211</ele>
<time>2026-10-02T08:44:15Z</time></trkpt>
<trkpt lat="38.936979" lon="-120.958031">
<ele>211</ele>
<time>2026-10-02T08:44:20Z</time></trkpt>
<trkpt lat="38.937118" lon="-120.95773">
<ele>216</ele>
<time>2026-10-02T08:44:31Z</time></trkpt>
<trkpt lat="38.937165" lon="-120.957604">
<ele>218</ele>
<time>2026-10-02T08:44:35Z</time></trkpt>
<trkpt lat="38.937186" lon="-120.957483">
<ele>220</ele>
<time>2026-10-02T08:44:39Z</time></trkpt>
<trkpt lat="38.937217" lon="-120.957422">
<ele>220</ele>
<time>2026-10-02T08:44:42Z</time></trkpt>
<trkpt lat="38.937327" lon="-120.957321">
<ele>222</ele>
<time>2026-10-02T08:44:47Z</time></trkpt>
<trkpt lat="38.937419" lon="-120.957136">
<ele>224</ele>
<time>2026-10-02T08:44:54Z</time></trkpt>
<trkpt lat="38.937199" lon="-120.956949">
<ele>227</ele>
<time>2026-10-02T08:45:04Z</time></trkpt>
<trkpt lat="38.937097" lon="-120.956947">
<ele>229</ele>
<time>2026-10-02T08:45:08Z</time></trkpt>
<trkpt lat="38.936917" lon="-120.956861">
<ele>233</ele>
<time>2026-10-02T08:45:16Z</time></trkpt>
<trkpt lat="38.936892" lon="-120.956628">
<ele>233</ele>
<time>2026-10-02T08:45:23Z</time></trkpt>
<trkpt lat="38.936944" lon="-120.956172">
<ele>230</ele>
<time>2026-10-02T08:45:38Z</time></trkpt>
<trkpt lat="38.936944" lon="-120.956172">
<ele>230</ele>
<time>2026-10-02T08:45:38Z</time></trkpt>
<trkpt lat="38.936992" lon="-120.95593">
<ele>229</ele>
<time>2026-10-02T08:45:46Z</time></trkpt>
<trkpt lat="38.936989" lon="-120.95586">
<ele>229</ele>
<time>2026-10-02T08:45:48Z</time></trkpt>
<trkpt lat="38.93691" lon="-120.955764">
<ele>234</ele>
<time>2026-10-02T08:45:52Z</time></trkpt>
<trkpt lat="38.936916" lon="-120.955711">
<ele>235</ele>
<time>2026-10-02T08:45:54Z</time></trkpt>
<trkpt lat="38.936954" lon="-120.955664">
<ele>235</ele>
<time>2026-10-02T08:45:56Z</time></trkpt>
<trkpt lat="38.937081" lon="-120.955589">
<ele>231</ele>
<time>2026-10-02T08:46:02Z</time></trkpt>
<trkpt lat="38.937202" lon="-120.95547">
<ele>227</ele>
<time>2026-10-02T08:46:08Z</time></trkpt>
<trkpt lat="38.937301" lon="-120.955297">
<ele>224</ele>
<time>2026-10-02T08:46:14Z</time></trkpt>
<trkpt lat="38.937336" lon="-120.95506">
<ele>223</ele>
<time>2026-10-02T08:46:22Z</time></trkpt>
<trkpt lat="38.937301" lon="-120.954718">
<ele>224</ele>
<time>2026-10-02T08:46:33Z</time></trkpt>
<trkpt lat="38.937061" lon="-120.954057">
<ele>238</ele>
<time>2026-10-02T08:46:55Z</time></trkpt>
<trkpt lat="38.937024" lon="-120.953803">
<ele>240</ele>
<time>2026-10-02T08:47:03Z</time></trkpt>
<trkpt lat="38.937111" lon="-120.953333">
<ele>235</ele>
<time>2026-10-02T08:47:19Z</time></trkpt>
<trkpt lat="38.937134" lon="-120.953114">
<ele>233</ele>
<time>2026-10-02T08:47:25Z</time></trkpt>
<trkpt lat="38.937133" lon="-120.952939">
<ele>233</ele>
<time>2026-10-02T08:47:31Z</time></trkpt>
<trkpt lat="38.937059" lon="-120.952598">
<ele>237</ele>
<time>2026-10-02T08:47:42Z</time></trkpt>
<trkpt lat="38.936757" lon="-120.95199">
<ele>245</ele>
<time>2026-10-02T08:48:04Z</time></trkpt>
<trkpt lat="38.936828" lon="-120.95181">
<ele>240</ele>
<time>2026-10-02T08:48:11Z</time></trkpt>
<trkpt lat="38.936892" lon="-120.951694">
<ele>235</ele>
<time>2026-10-02T08:48:15Z</time></trkpt>
<trkpt lat="38.936891" lon="-120.951694">
<ele>235</ele>
<time>2026-10-02T08:48:15Z</time></trkpt>
<trkpt lat="38.936994" lon="-120.951505">
<ele>232</ele>
<time>2026-10-02T08:48:22Z</time></trkpt>
<trkpt lat="38.937076" lon="-120.951302">
<ele>230</ele>
<time>2026-10-02T08:48:29Z</time></trkpt>
<trkpt lat="38.937087" lon="-120.951194">
<ele>230</ele>
<time>2026-10-02T08:48:33Z</time></trkpt>
<trkpt lat="38.937065" lon="-120.951021">
<ele>232</ele>
<time>2026-10-02T08:48:38Z</time></trkpt>
<trkpt lat="38.936997" lon="-120.95086">
<ele>236</ele>
<time>2026-10-02T08:48:44Z</time></trkpt>
<trkpt lat="38.936959" lon="-120.950704">
<ele>237</ele>
<time>2026-10-02T08:48:49Z</time></trkpt>
<trkpt lat="38.936971" lon="-120.95059">
<ele>236</ele>
<time>2026-10-02T08:48:53Z</time></trkpt>
<trkpt lat="38.937088" lon="-120.950237">
<ele>231</ele>
<time>2026-10-02T08:49:05Z</time></trkpt>
<trkpt lat="38.9371" lon="-120.950146">
<ele>230</ele>
<time>2026-10-02T08:49:08Z</time></trkpt>
<trkpt lat="38.937042" lon="-120.949873">
<ele>234</ele>
<time>2026-10-02T08:49:16Z</time></trkpt>
<trkpt lat="38.936978" lon="-120.949733">
<ele>237</ele>
<time>2026-10-02T08:49:21Z</time></trkpt>
<trkpt lat="38.936952" lon="-120.94958">
<ele>236</ele>
<time>2026-10-02T08:49:26Z</time></trkpt>
<trkpt lat="38.936983" lon="-120.949403">
<ele>231</ele>
<time>2026-10-02T08:49:32Z</time></trkpt>
<trkpt lat="38.936973" lon="-120.94928">
<ele>230</ele>
<time>2026-10-02T08:49:36Z</time></trkpt>
<trkpt lat="38.936819" lon="-120.949012">
<ele>236</ele>
<time>2026-10-02T08:49:46Z</time></trkpt>
<trkpt lat="38.936766" lon="-120.948755">
<ele>236</ele>
<time>2026-10-02T08:49:54Z</time></trkpt>
<trkpt lat="38.93674" lon="-120.948537">
<ele>233</ele>
<time>2026-10-02T08:50:01Z</time></trkpt>
<trkpt lat="38.936711" lon="-120.948293">
<ele>230</ele>
<time>2026-10-02T08:50:09Z</time></trkpt>
<trkpt lat="38.936587" lon="-120.948008">
<ele>232</ele>
<time>2026-10-02T08:50:19Z</time></trkpt>
<trkpt lat="38.93651" lon="-120.947896">
<ele>234</ele>
<time>2026-10-02T08:50:24Z</time></trkpt>
<trkpt lat="38.936446" lon="-120.947731">
<ele>234</ele>
<time>2026-10-02T08:50:30Z</time></trkpt>
<trkpt lat="38.936379" lon="-120.9475">
<ele>232</ele>
<time>2026-10-02T08:50:37Z</time></trkpt>
<trkpt lat="38.936304" lon="-120.947088">
<ele>224</ele>
<time>2026-10-02T08:50:51Z</time></trkpt>
<trkpt lat="38.936164" lon="-120.946579">
<ele>227</ele>
<time>2026-10-02T08:51:07Z</time></trkpt>
<trkpt lat="38.935851" lon="-120.945885">
<ele>235</ele>
<time>2026-10-02T08:51:32Z</time></trkpt>
<trkpt lat="38.935663" lon="-120.945179">
<ele>243</ele>
<time>2026-10-02T08:51:56Z</time></trkpt>
<trkpt lat="38.935596" lon="-120.944868">
<ele>241</ele>
<time>2026-10-02T08:52:06Z</time></trkpt>
<trkpt lat="38.935465" lon="-120.94464">
<ele>240</ele>
<time>2026-10-02T08:52:15Z</time></trkpt>
<trkpt lat="38.935347" lon="-120.944512">
<ele>241</ele>
<time>2026-10-02T08:52:21Z</time></trkpt>
<trkpt lat="38.935027" lon="-120.944355">
<ele>243</ele>
<time>2026-10-02T08:52:34Z</time></trkpt>
<trkpt lat="38.934621" lon="-120.944325">
<ele>245</ele>
<time>2026-10-02T08:52:51Z</time></trkpt>
<trkpt lat="38.934621" lon="-120.944325">
<ele>245</ele>
<time>2026-10-02T08:52:51Z</time></trkpt>
<trkpt lat="38.934464" lon="-120.944263">
<ele>240</ele>
<time>2026-10-02T08:52:57Z</time></trkpt>
<trkpt lat="38.934017" lon="-120.943774">
<ele>239</ele>
<time>2026-10-02T08:53:21Z</time></trkpt>
<trkpt lat="38.933973" lon="-120.943662">
<ele>238</ele>
<time>2026-10-02T08:53:25Z</time></trkpt>
<trkpt lat="38.93401" lon="-120.943387">
<ele>236</ele>
<time>2026-10-02T08:53:33Z</time></trkpt>
<trkpt lat="38.934016" lon="-120.94313">
<ele>239</ele>
<time>2026-10-02T08:53:41Z</time></trkpt>
<trkpt lat="38.933965" lon="-120.942821">
<ele>240</ele>
<time>2026-10-02T08:53:51Z</time></trkpt>
<trkpt lat="38.933926" lon="-120.942732">
<ele>240</ele>
<time>2026-10-02T08:53:54Z</time></trkpt>
<trkpt lat="38.933839" lon="-120.942665">
<ele>241</ele>
<time>2026-10-02T08:53:59Z</time></trkpt>
<trkpt lat="38.933761" lon="-120.942571">
<ele>242</ele>
<time>2026-10-02T08:54:03Z</time></trkpt>
<trkpt lat="38.933756" lon="-120.942499">
<ele>242</ele>
<time>2026-10-02T08:54:05Z</time></trkpt>
<trkpt lat="38.933867" lon="-120.942536">
<ele>242</ele>
<time>2026-10-02T08:54:10Z</time></trkpt>
<trkpt lat="38.933878" lon="-120.942519">
<ele>243</ele>
<time>2026-10-02T08:54:10Z</time></trkpt>
<trkpt lat="38.933884" lon="-120.942493">
<ele>243</ele>
<time>2026-10-02T08:54:11Z</time></trkpt>
<trkpt lat="38.933864" lon="-120.942449">
<ele>244</ele>
<time>2026-10-02T08:54:13Z</time></trkpt>
<trkpt lat="38.933809" lon="-120.942391">
<ele>246</ele>
<time>2026-10-02T08:54:16Z</time></trkpt>
<trkpt lat="38.933812" lon="-120.942363">
<ele>246</ele>
<time>2026-10-02T08:54:17Z</time></trkpt>
<trkpt lat="38.934006" lon="-120.942385">
<ele>248</ele>
<time>2026-10-02T08:54:24Z</time></trkpt>
<trkpt lat="38.9341" lon="-120.942322">
<ele>250</ele>
<time>2026-10-02T08:54:29Z</time></trkpt>
<trkpt lat="38.934148" lon="-120.942188">
<ele>253</ele>
<time>2026-10-02T08:54:33Z</time></trkpt>
<trkpt lat="38.934146" lon="-120.94214">
<ele>254</ele>
<time>2026-10-02T08:54:35Z</time></trkpt>
<trkpt lat="38.934122" lon="-120.942096">
<ele>255</ele>
<time>2026-10-02T08:54:36Z</time></trkpt>
<trkpt lat="38.933963" lon="-120.941997">
<ele>258</ele>
<time>2026-10-02T08:54:43Z</time></trkpt>
<trkpt lat="38.933917" lon="-120.941884">
<ele>262</ele>
<time>2026-10-02T08:54:47Z</time></trkpt>
<trkpt lat="38.93386" lon="-120.941807">
<ele>266</ele>
<time>2026-10-02T08:54:51Z</time></trkpt>
<trkpt lat="38.933807" lon="-120.941603">
<ele>274</ele>
<time>2026-10-02T08:54:57Z</time></trkpt>
<trkpt lat="38.933746" lon="-120.941532">
<ele>277</ele>
<time>2026-10-02T08:55:01Z</time></trkpt>
<trkpt lat="38.933636" lon="-120.941503">
<ele>280</ele>
<time>2026-10-02T08:55:05Z</time></trkpt>
<trkpt lat="38.933572" lon="-120.941465">
<ele>281</ele>
<time>2026-10-02T08:55:08Z</time></trkpt>
<trkpt lat="38.933454" lon="-120.941356">
<ele>282</ele>
<time>2026-10-02T08:55:14Z</time></trkpt>
<trkpt lat="38.933452" lon="-120.941306">
<ele>284</ele>
<time>2026-10-02T08:55:15Z</time></trkpt>
<trkpt lat="38.933415" lon="-120.941257">
<ele>284</ele>
<time>2026-10-02T08:55:18Z</time></trkpt>
<trkpt lat="38.933198" lon="-120.940741">
<ele>288</ele>
<time>2026-10-02T08:55:36Z</time></trkpt>
<trkpt lat="38.933101" lon="-120.94042">
<ele>288</ele>
<time>2026-10-02T08:55:47Z</time></trkpt>
<trkpt lat="38.932944" lon="-120.939772">
<ele>290</ele>
<time>2026-10-02T08:56:08Z</time></trkpt>
<trkpt lat="38.932657" lon="-120.939334">
<ele>286</ele>
<time>2026-10-02T08:56:26Z</time></trkpt>
<trkpt lat="38.932473" lon="-120.938997">
<ele>287</ele>
<time>2026-10-02T08:56:38Z</time></trkpt>
<trkpt lat="38.932042" lon="-120.937975">
<ele>295</ele>
<time>2026-10-02T08:57:15Z</time></trkpt>
<trkpt lat="38.931864" lon="-120.937499">
<ele>294</ele>
<time>2026-10-02T08:57:31Z</time></trkpt>
<trkpt lat="38.931828" lon="-120.937277">
<ele>294</ele>
<time>2026-10-02T08:57:38Z</time></trkpt>
<trkpt lat="38.931862" lon="-120.936868">
<ele>296</ele>
<time>2026-10-02T08:57:51Z</time></trkpt>
<trkpt lat="38.931854" lon="-120.936563">
<ele>296</ele>
<time>2026-10-02T08:58:01Z</time></trkpt>
<trkpt lat="38.931829" lon="-120.936366">
<ele>297</ele>
<time>2026-10-02T08:58:07Z</time></trkpt>
<trkpt lat="38.931829" lon="-120.93595">
<ele>300</ele>
<time>2026-10-02T08:58:20Z</time></trkpt>
<trkpt lat="38.931799" lon="-120.935843">
<ele>299</ele>
<time>2026-10-02T08:58:23Z</time></trkpt>
<trkpt lat="38.931792" lon="-120.935659">
<ele>300</ele>
<time>2026-10-02T08:58:29Z</time></trkpt>
<trkpt lat="38.931772" lon="-120.935558">
<ele>299</ele>
<time>2026-10-02T08:58:32Z</time></trkpt>
<trkpt lat="38.931772" lon="-120.935558">
<ele>299</ele>
<time>2026-10-02T08:58:32Z</time></trkpt>
<trkpt lat="38.931663" lon="-120.935183">
<ele>296</ele>
<time>2026-10-02T08:58:45Z</time></trkpt>
<trkpt lat="38.931664" lon="-120.934859">
<ele>298</ele>
<time>2026-10-02T08:58:55Z</time></trkpt>
<trkpt lat="38.93165" lon="-120.93481">
<ele>298</ele>
<time>2026-10-02T08:58:56Z</time></trkpt>
<trkpt lat="38.931611" lon="-120.934762">
<ele>298</ele>
<time>2026-10-02T08:58:59Z</time></trkpt>
<trkpt lat="38.931142" lon="-120.934601">
<ele>304</ele>
<time>2026-10-02T08:59:18Z</time></trkpt>
<trkpt lat="38.930975" lon="-120.93452">
<ele>309</ele>
<time>2026-10-02T08:59:25Z</time></trkpt>
<trkpt lat="38.930802" lon="-120.934477">
<ele>314</ele>
<time>2026-10-02T08:59:32Z</time></trkpt>
<trkpt lat="38.930635" lon="-120.934392">
<ele>316</ele>
<time>2026-10-02T08:59:40Z</time></trkpt>
<trkpt lat="38.930582" lon="-120.934388">
<ele>317</ele>
<time>2026-10-02T08:59:42Z</time></trkpt>
<trkpt lat="38.930498" lon="-120.934349">
<ele>317</ele>
<time>2026-10-02T08:59:45Z</time></trkpt>
<trkpt lat="38.930408" lon="-120.934346">
<ele>318</ele>
<time>2026-10-02T08:59:49Z</time></trkpt>
<trkpt lat="38.930324" lon="-120.934307">
<ele>317</ele>
<time>2026-10-02T08:59:52Z</time></trkpt>
<trkpt lat="38.930109" lon="-120.934299">
<ele>320</ele>
<time>2026-10-02T09:00:01Z</time></trkpt>
<trkpt lat="38.929913" lon="-120.934139">
<ele>320</ele>
<time>2026-10-02T09:00:10Z</time></trkpt>
<trkpt lat="38.929832" lon="-120.934094">
<ele>322</ele>
<time>2026-10-02T09:00:14Z</time></trkpt>
<trkpt lat="38.929522" lon="-120.934">
<ele>332</ele>
<time>2026-10-02T09:00:27Z</time></trkpt>
<trkpt lat="38.929244" lon="-120.933849">
<ele>335</ele>
<time>2026-10-02T09:00:39Z</time></trkpt>
<trkpt lat="38.929024" lon="-120.93376">
<ele>336</ele>
<time>2026-10-02T09:00:48Z</time></trkpt>
<trkpt lat="38.928881" lon="-120.933743">
<ele>338</ele>
<time>2026-10-02T09:00:54Z</time></trkpt>
<trkpt lat="38.928677" lon="-120.933664">
<ele>337</ele>
<time>2026-10-02T09:01:02Z</time></trkpt>
<trkpt lat="38.928587" lon="-120.93366">
<ele>337</ele>
<time>2026-10-02T09:01:06Z</time></trkpt>
<trkpt lat="38.928486" lon="-120.933618">
<ele>334</ele>
<time>2026-10-02T09:01:10Z</time></trkpt>
<trkpt lat="38.928217" lon="-120.933612">
<ele>333</ele>
<time>2026-10-02T09:01:21Z</time></trkpt>
<trkpt lat="38.928005" lon="-120.933497">
<ele>331</ele>
<time>2026-10-02T09:01:30Z</time></trkpt>
<trkpt lat="38.927531" lon="-120.933411">
<ele>340</ele>
<time>2026-10-02T09:01:49Z</time></trkpt>
<trkpt lat="38.927236" lon="-120.933378">
<ele>344</ele>
<time>2026-10-02T09:02:01Z</time></trkpt>
<trkpt lat="38.926912" lon="-120.933403">
<ele>349</ele>
<time>2026-10-02T09:02:14Z</time></trkpt>
<trkpt lat="38.926773" lon="-120.933445">
<ele>351</ele>
<time>2026-10-02T09:02:20Z</time></trkpt>
<trkpt lat="38.926503" lon="-120.933446">
<ele>351</ele>
<time>2026-10-02T09:02:31Z</time></trkpt>
<trkpt lat="38.926139" lon="-120.933545">
<ele>350</ele>
<time>2026-10-02T09:02:46Z</time></trkpt>
<trkpt lat="38.925884" lon="-120.93351">
<ele>352</ele>
<time>2026-10-02T09:02:56Z</time></trkpt>
<trkpt lat="38.925621" lon="-120.933418">
<ele>354</ele>
<time>2026-10-02T09:03:07Z</time></trkpt>
<trkpt lat="38.925621" lon="-120.933418">
<ele>354</ele>
<time>2026-10-02T09:03:07Z</time></trkpt>
<trkpt lat="38.925512" lon="-120.93337">
<ele>355</ele>
<time>2026-10-02T09:03:11Z</time></trkpt>
<trkpt lat="38.92525" lon="-120.933399">
<ele>360</ele>
<time>2026-10-02T09:03:22Z</time></trkpt>
<trkpt lat="38.924982" lon="-120.933332">
<ele>369</ele>
<time>2026-10-02T09:03:33Z</time></trkpt>
<trkpt lat="38.924467" lon="-120.93306">
<ele>370</ele>
<time>2026-10-02T09:03:55Z</time></trkpt>
<trkpt lat="38.924047" lon="-120.932927">
<ele>378</ele>
<time>2026-10-02T09:04:13Z</time></trkpt>
<trkpt lat="38.923922" lon="-120.932841">
<ele>381</ele>
<time>2026-10-02T09:04:18Z</time></trkpt>
<trkpt lat="38.923643" lon="-120.932712">
<ele>390</ele>
<time>2026-10-02T09:04:30Z</time></trkpt>
<trkpt lat="38.923452" lon="-120.93252">
<ele>393</ele>
<time>2026-10-02T09:04:40Z</time></trkpt>
<trkpt lat="38.923359" lon="-120.932362">
<ele>392</ele>
<time>2026-10-02T09:04:46Z</time></trkpt>
<trkpt lat="38.923165" lon="-120.9322">
<ele>393</ele>
<time>2026-10-02T09:04:55Z</time></trkpt>
<trkpt lat="38.923053" lon="-120.932144">
<ele>394</ele>
<time>2026-10-02T09:05:00Z</time></trkpt>
<trkpt lat="38.922933" lon="-120.932133">
<ele>396</ele>
<time>2026-10-02T09:05:05Z</time></trkpt>
<trkpt lat="38.922933" lon="-120.932133">
<ele>396</ele>
<time>2026-10-02T09:05:05Z</time></trkpt>
<trkpt lat="38.922905" lon="-120.932146">
<ele>397</ele>
<time>2026-10-02T09:05:06Z</time></trkpt>
<trkpt lat="38.922915" lon="-120.932184">
<ele>399</ele>
<time>2026-10-02T09:05:07Z</time></trkpt>
<trkpt lat="38.923062" lon="-120.932314">
<ele>401</ele>
<time>2026-10-02T09:05:15Z</time></trkpt>
<trkpt lat="38.923124" lon="-120.932394">
<ele>402</ele>
<time>2026-10-02T09:05:18Z</time></trkpt>
<trkpt lat="38.92319" lon="-120.932543">
<ele>405</ele>
<time>2026-10-02T09:05:23Z</time></trkpt>
<trkpt lat="38.923217" lon="-120.932662">
<ele>408</ele>
<time>2026-10-02T09:05:27Z</time></trkpt>
<trkpt lat="38.923302" lon="-120.932739">
<ele>407</ele>
<time>2026-10-02T09:05:31Z</time></trkpt>
<trkpt lat="38.923632" lon="-120.933209">
<ele>407</ele>
<time>2026-10-02T09:05:51Z</time></trkpt>
<trkpt lat="38.923893" lon="-120.933465">
<ele>403</ele>
<time>2026-10-02T09:06:04Z</time></trkpt>
<trkpt lat="38.924219" lon="-120.933732">
<ele>411</ele>
<time>2026-10-02T09:06:20Z</time></trkpt>
<trkpt lat="38.924462" lon="-120.933996">
<ele>417</ele>
<time>2026-10-02T09:06:33Z</time></trkpt>
<trkpt lat="38.92453" lon="-120.934153">
<ele>420</ele>
<time>2026-10-02T09:06:38Z</time></trkpt>
<trkpt lat="38.924571" lon="-120.934333">
<ele>425</ele>
<time>2026-10-02T09:06:44Z</time></trkpt>
<trkpt lat="38.924638" lon="-120.934439">
<ele>426</ele>
<time>2026-10-02T09:06:48Z</time></trkpt>
<trkpt lat="38.925202" lon="-120.934784">
<ele>424</ele>
<time>2026-10-02T09:07:13Z</time></trkpt>
<trkpt lat="38.925502" lon="-120.935037">
<ele>430</ele>
<time>2026-10-02T09:07:28Z</time></trkpt>
<trkpt lat="38.925608" lon="-120.935223">
<ele>433</ele>
<time>2026-10-02T09:07:35Z</time></trkpt>
<trkpt lat="38.92571" lon="-120.935609">
<ele>437</ele>
<time>2026-10-02T09:07:48Z</time></trkpt>
<trkpt lat="38.925765" lon="-120.9357">
<ele>437</ele>
<time>2026-10-02T09:07:51Z</time></trkpt>
<trkpt lat="38.92581" lon="-120.935738">
<ele>437</ele>
<time>2026-10-02T09:07:53Z</time></trkpt>
<trkpt lat="38.925899" lon="-120.935753">
<ele>438</ele>
<time>2026-10-02T09:07:57Z</time></trkpt>
<trkpt lat="38.926024" lon="-120.935705">
<ele>438</ele>
<time>2026-10-02T09:08:02Z</time></trkpt>
<trkpt lat="38.926024" lon="-120.935705">
<ele>438</ele>
<time>2026-10-02T09:08:02Z</time></trkpt>
<trkpt lat="38.926214" lon="-120.935632">
<ele>438</ele>
<time>2026-10-02T09:08:10Z</time></trkpt>
<trkpt lat="38.926357" lon="-120.93562">
<ele>441</ele>
<time>2026-10-02T09:08:16Z</time></trkpt>
<trkpt lat="38.926444" lon="-120.935648">
<ele>442</ele>
<time>2026-10-02T09:08:19Z</time></trkpt>
<trkpt lat="38.926487" lon="-120.93569">
<ele>443</ele>
<time>2026-10-02T09:08:22Z</time></trkpt>
<trkpt lat="38.926546" lon="-120.935777">
<ele>445</ele>
<time>2026-10-02T09:08:25Z</time></trkpt>
<trkpt lat="38.9266" lon="-120.935923">
<ele>446</ele>
<time>2026-10-02T09:08:30Z</time></trkpt>
<trkpt lat="38.926639" lon="-120.936123">
<ele>448</ele>
<time>2026-10-02T09:08:37Z</time></trkpt>
<trkpt lat="38.926649" lon="-120.936331">
<ele>451</ele>
<time>2026-10-02T09:08:43Z</time></trkpt>
<trkpt lat="38.926685" lon="-120.936509">
<ele>451</ele>
<time>2026-10-02T09:08:49Z</time></trkpt>
<trkpt lat="38.92675" lon="-120.936616">
<ele>449</ele>
<time>2026-10-02T09:08:53Z</time></trkpt>
<trkpt lat="38.926832" lon="-120.936662">
<ele>446</ele>
<time>2026-10-02T09:08:57Z</time></trkpt>
<trkpt lat="38.927479" lon="-120.936656">
<ele>438</ele>
<time>2026-10-02T09:09:23Z</time></trkpt>
<trkpt lat="38.927646" lon="-120.936574">
<ele>440</ele>
<time>2026-10-02T09:09:30Z</time></trkpt>
<trkpt lat="38.927889" lon="-120.936338">
<ele>441</ele>
<time>2026-10-02T09:09:42Z</time></trkpt>
<trkpt lat="38.92803" lon="-120.936239">
<ele>442</ele>
<time>2026-10-02T09:09:48Z</time></trkpt>
<trkpt lat="38.928252" lon="-120.936161">
<ele>441</ele>
<time>2026-10-02T09:09:58Z</time></trkpt>
<trkpt lat="38.928306" lon="-120.936164">
<ele>441</ele>
<time>2026-10-02T09:10:00Z</time></trkpt>
<trkpt lat="38.928389" lon="-120.936209">
<ele>441</ele>
<time>2026-10-02T09:10:03Z</time></trkpt>
<trkpt lat="38.928471" lon="-120.936297">
<ele>443</ele>
<time>2026-10-02T09:10:08Z</time></trkpt>
<trkpt lat="38.928509" lon="-120.936373">
<ele>444</ele>
<time>2026-10-02T09:10:11Z</time></trkpt>
<trkpt lat="38.928507" lon="-120.936536">
<ele>447</ele>
<time>2026-10-02T09:10:16Z</time></trkpt>
<trkpt lat="38.928454" lon="-120.936629">
<ele>450</ele>
<time>2026-10-02T09:10:19Z</time></trkpt>
<trkpt lat="38.928332" lon="-120.936725">
<ele>453</ele>
<time>2026-10-02T09:10:25Z</time></trkpt>
<trkpt lat="38.928098" lon="-120.936833">
<ele>454</ele>
<time>2026-10-02T09:10:35Z</time></trkpt>
<trkpt lat="38.92801" lon="-120.936912">
<ele>454</ele>
<time>2026-10-02T09:10:39Z</time></trkpt>
<trkpt lat="38.927954" lon="-120.937002">
<ele>452</ele>
<time>2026-10-02T09:10:43Z</time></trkpt>
<trkpt lat="38.927914" lon="-120.937178">
<ele>450</ele>
<time>2026-10-02T09:10:49Z</time></trkpt>
<trkpt lat="38.927916" lon="-120.93734">
<ele>449</ele>
<time>2026-10-02T09:10:54Z</time></trkpt>
<trkpt lat="38.928003" lon="-120.937566">
<ele>445</ele>
<time>2026-10-02T09:11:01Z</time></trkpt>
<trkpt lat="38.928015" lon="-120.937748">
<ele>445</ele>
<time>2026-10-02T09:11:07Z</time></trkpt>
<trkpt lat="38.927984" lon="-120.937856">
<ele>448</ele>
<time>2026-10-02T09:11:11Z</time></trkpt>
<trkpt lat="38.927851" lon="-120.938099">
<ele>458</ele>
<time>2026-10-02T09:11:20Z</time></trkpt>
<trkpt lat="38.927792" lon="-120.938268">
<ele>463</ele>
<time>2026-10-02T09:11:26Z</time></trkpt>
<trkpt lat="38.927753" lon="-120.93856">
<ele>465</ele>
<time>2026-10-02T09:11:35Z</time></trkpt>
<trkpt lat="38.927748" lon="-120.93872">
<ele>463</ele>
<time>2026-10-02T09:11:40Z</time></trkpt>
<trkpt lat="38.927797" lon="-120.939146">
<ele>454</ele>
<time>2026-10-02T09:11:53Z</time></trkpt>
<trkpt lat="38.927797" lon="-120.939146">
<ele>454</ele>
<time>2026-10-02T09:11:53Z</time></trkpt>
<trkpt lat="38.927847" lon="-120.939412">
<ele>452</ele>
<time>2026-10-02T09:12:02Z</time></trkpt>
<trkpt lat="38.927883" lon="-120.93996">
<ele>459</ele>
<time>2026-10-02T09:12:19Z</time></trkpt>
<trkpt lat="38.927929" lon="-120.940134">
<ele>460</ele>
<time>2026-10-02T09:12:25Z</time></trkpt>
<trkpt lat="38.92796" lon="-120.940191">
<ele>460</ele>
<time>2026-10-02T09:12:27Z</time></trkpt>
<trkpt lat="38.928005" lon="-120.940227">
<ele>459</ele>
<time>2026-10-02T09:12:29Z</time></trkpt>
<trkpt lat="38.928094" lon="-120.940219">
<ele>457</ele>
<time>2026-10-02T09:12:33Z</time></trkpt>
<trkpt lat="38.928314" lon="-120.940066">
<ele>456</ele>
<time>2026-10-02T09:12:43Z</time></trkpt>
<trkpt lat="38.928543" lon="-120.940014">
<ele>455</ele>
<time>2026-10-02T09:12:52Z</time></trkpt>
<trkpt lat="38.928808" lon="-120.940057">
<ele>456</ele>
<time>2026-10-02T09:13:03Z</time></trkpt>
<trkpt lat="38.928985" lon="-120.940159">
<ele>457</ele>
<time>2026-10-02T09:13:11Z</time></trkpt>
<trkpt lat="38.92914" lon="-120.940319">
<ele>458</ele>
<time>2026-10-02T09:13:19Z</time></trkpt>
<trkpt lat="38.929246" lon="-120.940477">
<ele>456</ele>
<time>2026-10-02T09:13:25Z</time></trkpt>
<trkpt lat="38.929348" lon="-120.941026">
<ele>458</ele>
<time>2026-10-02T09:13:43Z</time></trkpt>
<trkpt lat="38.929444" lon="-120.941299">
<ele>460</ele>
<time>2026-10-02T09:13:52Z</time></trkpt>
<trkpt lat="38.929477" lon="-120.941476">
<ele>460</ele>
<time>2026-10-02T09:13:58Z</time></trkpt>
<trkpt lat="38.92945" lon="-120.941657">
<ele>461</ele>
<time>2026-10-02T09:14:03Z</time></trkpt>
<trkpt lat="38.929386" lon="-120.941872">
<ele>459</ele>
<time>2026-10-02T09:14:11Z</time></trkpt>
<trkpt lat="38.929354" lon="-120.94205">
<ele>457</ele>
<time>2026-10-02T09:14:16Z</time></trkpt>
<trkpt lat="38.929382" lon="-120.942286">
<ele>453</ele>
<time>2026-10-02T09:14:24Z</time></trkpt>
<trkpt lat="38.929485" lon="-120.942661">
<ele>453</ele>
<time>2026-10-02T09:14:36Z</time></trkpt>
<trkpt lat="38.929486" lon="-120.943471">
<ele>457</ele>
<time>2026-10-02T09:15:01Z</time></trkpt>
<trkpt lat="38.92957" lon="-120.943919">
<ele>460</ele>
<time>2026-10-02T09:15:16Z</time></trkpt>
<trkpt lat="38.929584" lon="-120.944047">
<ele>460</ele>
<time>2026-10-02T09:15:20Z</time></trkpt>
<trkpt lat="38.929583" lon="-120.944278">
<ele>461</ele>
<time>2026-10-02T09:15:27Z</time></trkpt>
<trkpt lat="38.929517" lon="-120.944655">
<ele>464</ele>
<time>2026-10-02T09:15:39Z</time></trkpt>
<trkpt lat="38.929307" lon="-120.945308">
<ele>468</ele>
<time>2026-10-02T09:16:01Z</time></trkpt>
<trkpt lat="38.929219" lon="-120.945508">
<ele>467</ele>
<time>2026-10-02T09:16:08Z</time></trkpt>
<trkpt lat="38.929097" lon="-120.945716">
<ele>469</ele>
<time>2026-10-02T09:16:16Z</time></trkpt>
<trkpt lat="38.929093" lon="-120.945785">
<ele>468</ele>
<time>2026-10-02T09:16:18Z</time></trkpt>
<trkpt lat="38.929154" lon="-120.945883">
<ele>467</ele>
<time>2026-10-02T09:16:22Z</time></trkpt>
<trkpt lat="38.929247" lon="-120.945953">
<ele>466</ele>
<time>2026-10-02T09:16:27Z</time></trkpt>
<trkpt lat="38.929444" lon="-120.946189">
<ele>466</ele>
<time>2026-10-02T09:16:37Z</time></trkpt>
<trkpt lat="38.929663" lon="-120.946582">
<ele>469</ele>
<time>2026-10-02T09:16:53Z</time></trkpt>
<trkpt lat="38.929729" lon="-120.946659">
<ele>469</ele>
<time>2026-10-02T09:16:56Z</time></trkpt>
<trkpt lat="38.930087" lon="-120.946669">
<ele>460</ele>
<time>2026-10-02T09:17:10Z</time></trkpt>
<trkpt lat="38.930272" lon="-120.946587">
<ele>456</ele>
<time>2026-10-02T09:17:18Z</time></trkpt>
<trkpt lat="38.930272" lon="-120.946587">
<ele>456</ele>
<time>2026-10-02T09:17:18Z</time></trkpt>
<trkpt lat="38.930484" lon="-120.946552">
<ele>455</ele>
<time>2026-10-02T09:17:27Z</time></trkpt>
<trkpt lat="38.930587" lon="-120.946554">
<ele>456</ele>
<time>2026-10-02T09:17:31Z</time></trkpt>
<trkpt lat="38.93076" lon="-120.946607">
<ele>457</ele>
<time>2026-10-02T09:17:38Z</time></trkpt>
<trkpt lat="38.930842" lon="-120.946678">
<ele>459</ele>
<time>2026-10-02T09:17:42Z</time></trkpt>
<trkpt lat="38.930919" lon="-120.946833">
<ele>461</ele>
<time>2026-10-02T09:17:48Z</time></trkpt>
<trkpt lat="38.930953" lon="-120.947004">
<ele>464</ele>
<time>2026-10-02T09:17:53Z</time></trkpt>
<trkpt lat="38.931032" lon="-120.947722">
<ele>464</ele>
<time>2026-10-02T09:18:16Z</time></trkpt>
<trkpt lat="38.931093" lon="-120.947913">
<ele>462</ele>
<time>2026-10-02T09:18:22Z</time></trkpt>
<trkpt lat="38.931261" lon="-120.948264">
<ele>465</ele>
<time>2026-10-02T09:18:35Z</time></trkpt>
<trkpt lat="38.931428" lon="-120.948474">
<ele>469</ele>
<time>2026-10-02T09:18:45Z</time></trkpt>
<trkpt lat="38.931598" lon="-120.948535">
<ele>465</ele>
<time>2026-10-02T09:18:52Z</time></trkpt>
<trkpt lat="38.932093" lon="-120.94853">
<ele>455</ele>
<time>2026-10-02T09:19:11Z</time></trkpt>
<trkpt lat="38.932252" lon="-120.948605">
<ele>457</ele>
<time>2026-10-02T09:19:18Z</time></trkpt>
<trkpt lat="38.932388" lon="-120.948754">
<ele>460</ele>
<time>2026-10-02T09:19:25Z</time></trkpt>
<trkpt lat="38.932585" lon="-120.948912">
<ele>461</ele>
<time>2026-10-02T09:19:35Z</time></trkpt>
<trkpt lat="38.932695" lon="-120.94903">
<ele>461</ele>
<time>2026-10-02T09:19:40Z</time></trkpt>
<trkpt lat="38.932777" lon="-120.949074">
<ele>460</ele>
<time>2026-10-02T09:19:44Z</time></trkpt>
<trkpt lat="38.933101" lon="-120.949077">
<ele>457</ele>
<time>2026-10-02T09:19:57Z</time></trkpt>
<trkpt lat="38.933235" lon="-120.949136">
<ele>457</ele>
<time>2026-10-02T09:20:03Z</time></trkpt>
<trkpt lat="38.933419" lon="-120.949332">
<ele>456</ele>
<time>2026-10-02T09:20:12Z</time></trkpt>
<trkpt lat="38.93349" lon="-120.949462">
<ele>455</ele>
<time>2026-10-02T09:20:17Z</time></trkpt>
<trkpt lat="38.933502" lon="-120.949575">
<ele>455</ele>
<time>2026-10-02T09:20:21Z</time></trkpt>
<trkpt lat="38.933483" lon="-120.949711">
<ele>457</ele>
<time>2026-10-02T09:20:25Z</time></trkpt>
<trkpt lat="38.933399" lon="-120.949859">
<ele>464</ele>
<time>2026-10-02T09:20:31Z</time></trkpt>
<trkpt lat="38.933363" lon="-120.949965">
<ele>467</ele>
<time>2026-10-02T09:20:34Z</time></trkpt>
<trkpt lat="38.933345" lon="-120.950084">
<ele>469</ele>
<time>2026-10-02T09:20:38Z</time></trkpt>
<trkpt lat="38.93341" lon="-120.950624">
<ele>464</ele>
<time>2026-10-02T09:20:55Z</time></trkpt>
<trkpt lat="38.933395" lon="-120.95103">
<ele>466</ele>
<time>2026-10-02T09:21:08Z</time></trkpt>
<trkpt lat="38.933373" lon="-120.951102">
<ele>467</ele>
<time>2026-10-02T09:21:10Z</time></trkpt>
<trkpt lat="38.933341" lon="-120.951148">
<ele>469</ele>
<time>2026-10-02T09:21:12Z</time></trkpt>
<trkpt lat="38.933275" lon="-120.95118">
<ele>469</ele>
<time>2026-10-02T09:21:15Z</time></trkpt>
<trkpt lat="38.932953" lon="-120.951168">
<ele>470</ele>
<time>2026-10-02T09:21:28Z</time></trkpt>
<trkpt lat="38.932724" lon="-120.951139">
<ele>466</ele>
<time>2026-10-02T09:21:37Z</time></trkpt>
<trkpt lat="38.93246" lon="-120.951148">
<ele>468</ele>
<time>2026-10-02T09:21:48Z</time></trkpt>
<trkpt lat="38.931895" lon="-120.951357">
<ele>463</ele>
<time>2026-10-02T09:22:11Z</time></trkpt>
<trkpt lat="38.931787" lon="-120.951374">
<ele>461</ele>
<time>2026-10-02T09:22:16Z</time></trkpt>
<trkpt lat="38.931554" lon="-120.951375">
<ele>460</ele>
<time>2026-10-02T09:22:25Z</time></trkpt>
<trkpt lat="38.931098" lon="-120.951225">
<ele>469</ele>
<time>2026-10-02T09:22:44Z</time></trkpt>
<trkpt lat="38.930835" lon="-120.951182">
<ele>472</ele>
<time>2026-10-02T09:22:55Z</time></trkpt>
<trkpt lat="38.930709" lon="-120.95118">
<ele>470</ele>
<time>2026-10-02T09:23:00Z</time></trkpt>
<trkpt lat="38.930327" lon="-120.951005">
<ele>473</ele>
<time>2026-10-02T09:23:16Z</time></trkpt>
<trkpt lat="38.930148" lon="-120.950856">
<ele>474</ele>
<time>2026-10-02T09:23:24Z</time></trkpt>
<trkpt lat="38.929974" lon="-120.950744">
<ele>472</ele>
<time>2026-10-02T09:23:32Z</time></trkpt>
<trkpt lat="38.929745" lon="-120.950522">
<ele>470</ele>
<time>2026-10-02T09:23:44Z</time></trkpt>
<trkpt lat="38.929489" lon="-120.950198">
<ele>467</ele>
<time>2026-10-02T09:23:58Z</time></trkpt>
<trkpt lat="38.929341" lon="-120.949963">
<ele>467</ele>
<time>2026-10-02T09:24:07Z</time></trkpt>
<trkpt lat="38.929279" lon="-120.949895">
<ele>468</ele>
<time>2026-10-02T09:24:11Z</time></trkpt>
<trkpt lat="38.929213" lon="-120.94987">
<ele>468</ele>
<time>2026-10-02T09:24:14Z</time></trkpt>
<trkpt lat="38.928978" lon="-120.950011">
<ele>465</ele>
<time>2026-10-02T09:24:24Z</time></trkpt>
<trkpt lat="38.928895" lon="-120.95002">
<ele>465</ele>
<time>2026-10-02T09:24:27Z</time></trkpt>
<trkpt lat="38.928655" lon="-120.949963">
<ele>469</ele>
<time>2026-10-02T09:24:37Z</time></trkpt>
<trkpt lat="38.928003" lon="-120.949734">
<ele>476</ele>
<time>2026-10-02T09:25:04Z</time></trkpt>
<trkpt lat="38.928003" lon="-120.949734">
<ele>476</ele>
<time>2026-10-02T09:25:04Z</time></trkpt>
<trkpt lat="38.927769" lon="-120.949628">
<ele>473</ele>
<time>2026-10-02T09:25:14Z</time></trkpt>
<trkpt lat="38.927751" lon="-120.949641">
<ele>472</ele>
<time>2026-10-02T09:25:15Z</time></trkpt>
<trkpt lat="38.92776" lon="-120.949676">
<ele>471</ele>
<time>2026-10-02T09:25:16Z</time></trkpt>
<trkpt lat="38.927835" lon="-120.949734">
<ele>472</ele>
<time>2026-10-02T09:25:20Z</time></trkpt>
<trkpt lat="38.92785" lon="-120.949764">
<ele>471</ele>
<time>2026-10-02T09:25:21Z</time></trkpt>
<trkpt lat="38.92779" lon="-120.949774">
<ele>470</ele>
<time>2026-10-02T09:25:23Z</time></trkpt>
<trkpt lat="38.927721" lon="-120.949746">
<ele>467</ele>
<time>2026-10-02T09:25:26Z</time></trkpt>
<trkpt lat="38.927652" lon="-120.949742">
<ele>464</ele>
<time>2026-10-02T09:25:29Z</time></trkpt>
<trkpt lat="38.927591" lon="-120.949748">
<ele>460</ele>
<time>2026-10-02T09:25:31Z</time></trkpt>
<trkpt lat="38.927546" lon="-120.949788">
<ele>457</ele>
<time>2026-10-02T09:25:33Z</time></trkpt>
<trkpt lat="38.927487" lon="-120.949757">
<ele>455</ele>
<time>2026-10-02T09:25:36Z</time></trkpt>
<trkpt lat="38.927415" lon="-120.949679">
<ele>454</ele>
<time>2026-10-02T09:25:40Z</time></trkpt>
<trkpt lat="38.927323" lon="-120.949617">
<ele>453</ele>
<time>2026-10-02T09:25:44Z</time></trkpt>
<trkpt lat="38.927342" lon="-120.949554">
<ele>454</ele>
<time>2026-10-02T09:25:46Z</time></trkpt>
<trkpt lat="38.927332" lon="-120.949465">
<ele>455</ele>
<time>2026-10-02T09:25:49Z</time></trkpt>
<trkpt lat="38.927265" lon="-120.949339">
<ele>457</ele>
<time>2026-10-02T09:25:54Z</time></trkpt>
<trkpt lat="38.9270822" lon="-120.9495742">
<ele>449</ele>
<time>2026-10-02T09:26:04Z</time></trkpt>
<trkpt lat="38.927075" lon="-120.949614">
<ele>449</ele>
<time>2026-10-02T09:26:05Z</time></trkpt>
<trkpt lat="38.927242" lon="-120.949662">
<ele>449</ele>
<time>2026-10-02T09:26:12Z</time></trkpt>
<trkpt lat="38.927323" lon="-120.949617">
<ele>453</ele>
<time>2026-10-02T09:26:16Z</time></trkpt>
<trkpt lat="38.927415" lon="-120.949679">
<ele>454</ele>
<time>2026-10-02T09:26:20Z</time></trkpt>
<trkpt lat="38.927487" lon="-120.949757">
<ele>455</ele>
<time>2026-10-02T09:26:24Z</time></trkpt>
<trkpt lat="38.927546" lon="-120.949788">
<ele>457</ele>
<time>2026-10-02T09:26:26Z</time></trkpt>
<trkpt lat="38.927622" lon="-120.949979">
<ele>456</ele>
<time>2026-10-02T09:26:33Z</time></trkpt>
<trkpt lat="38.927759" lon="-120.950211">
<ele>453</ele>
<time>2026-10-02T09:26:42Z</time></trkpt>
<trkpt lat="38.928237" lon="-120.950622">
<ele>442</ele>
<time>2026-10-02T09:27:05Z</time></trkpt>
<trkpt lat="38.928548" lon="-120.950802">
<ele>438</ele>
<time>2026-10-02T09:27:19Z</time></trkpt>
<trkpt lat="38.928726" lon="-120.950978">
<ele>435</ele>
<time>2026-10-02T09:27:28Z</time></trkpt>
<trkpt lat="38.928726" lon="-120.950978">
<ele>435</ele>
<time>2026-10-02T09:27:28Z</time></trkpt>
<trkpt lat="38.92882" lon="-120.951085">
<ele>434</ele>
<time>2026-10-02T09:27:33Z</time></trkpt>
<trkpt lat="38.928971" lon="-120.951217">
<ele>433</ele>
<time>2026-10-02T09:27:40Z</time></trkpt>
<trkpt lat="38.929513" lon="-120.951563">
<ele>431</ele>
<time>2026-10-02T09:28:04Z</time></trkpt>
<trkpt lat="38.929626" lon="-120.951618">
<ele>430</ele>
<time>2026-10-02T09:28:09Z</time></trkpt>
<trkpt lat="38.929789" lon="-120.951641">
<ele>430</ele>
<time>2026-10-02T09:28:16Z</time></trkpt>
<trkpt lat="38.929859" lon="-120.951703">
<ele>428</ele>
<time>2026-10-02T09:28:19Z</time></trkpt>
<trkpt lat="38.929942" lon="-120.951894">
<ele>425</ele>
<time>2026-10-02T09:28:26Z</time></trkpt>
<trkpt lat="38.930046" lon="-120.95208">
<ele>424</ele>
<time>2026-10-02T09:28:33Z</time></trkpt>
<trkpt lat="38.930187" lon="-120.952223">
<ele>422</ele>
<time>2026-10-02T09:28:40Z</time></trkpt>
<trkpt lat="38.930461" lon="-120.952315">
<ele>422</ele>
<time>2026-10-02T09:28:51Z</time></trkpt>
<trkpt lat="38.930676" lon="-120.952323">
<ele>419</ele>
<time>2026-10-02T09:29:00Z</time></trkpt>
<trkpt lat="38.930812" lon="-120.952377">
<ele>418</ele>
<time>2026-10-02T09:29:06Z</time></trkpt>
<trkpt lat="38.930966" lon="-120.952496">
<ele>417</ele>
<time>2026-10-02T09:29:13Z</time></trkpt>
<trkpt lat="38.931012" lon="-120.952569">
<ele>418</ele>
<time>2026-10-02T09:29:16Z</time></trkpt>
<trkpt lat="38.931289" lon="-120.952827">
<ele>418</ele>
<time>2026-10-02T09:29:30Z</time></trkpt>
<trkpt lat="38.931708" lon="-120.953001">
<ele>413</ele>
<time>2026-10-02T09:29:47Z</time></trkpt>
<trkpt lat="38.931959" lon="-120.953263">
<ele>414</ele>
<time>2026-10-02T09:30:00Z</time></trkpt>
<trkpt lat="38.932102" lon="-120.953438">
<ele>409</ele>
<time>2026-10-02T09:30:08Z</time></trkpt>
<trkpt lat="38.932145" lon="-120.95354">
<ele>408</ele>
<time>2026-10-02T09:30:12Z</time></trkpt>
<trkpt lat="38.932146" lon="-120.953608">
<ele>409</ele>
<time>2026-10-02T09:30:14Z</time></trkpt>
<trkpt lat="38.932054" lon="-120.953827">
<ele>413</ele>
<time>2026-10-02T09:30:22Z</time></trkpt>
<trkpt lat="38.932043" lon="-120.953899">
<ele>413</ele>
<time>2026-10-02T09:30:24Z</time></trkpt>
<trkpt lat="38.932058" lon="-120.953964">
<ele>414</ele>
<time>2026-10-02T09:30:26Z</time></trkpt>
<trkpt lat="38.932136" lon="-120.95406">
<ele>412</ele>
<time>2026-10-02T09:30:30Z</time></trkpt>
<trkpt lat="38.932186" lon="-120.954082">
<ele>410</ele>
<time>2026-10-02T09:30:33Z</time></trkpt>
<trkpt lat="38.932311" lon="-120.954092">
<ele>404</ele>
<time>2026-10-02T09:30:38Z</time></trkpt>
<trkpt lat="38.932408" lon="-120.954149">
<ele>401</ele>
<time>2026-10-02T09:30:42Z</time></trkpt>
<trkpt lat="38.932443" lon="-120.954202">
<ele>402</ele>
<time>2026-10-02T09:30:44Z</time></trkpt>
<trkpt lat="38.932718" lon="-120.954895">
<ele>414</ele>
<time>2026-10-02T09:31:08Z</time></trkpt>
<trkpt lat="38.932758" lon="-120.955047">
<ele>415</ele>
<time>2026-10-02T09:31:13Z</time></trkpt>
<trkpt lat="38.932786" lon="-120.955343">
<ele>415</ele>
<time>2026-10-02T09:31:23Z</time></trkpt>
<trkpt lat="38.932743" lon="-120.955589">
<ele>414</ele>
<time>2026-10-02T09:31:30Z</time></trkpt>
<trkpt lat="38.93265" lon="-120.955758">
<ele>416</ele>
<time>2026-10-02T09:31:37Z</time></trkpt>
<trkpt lat="38.932528" lon="-120.955928">
<ele>417</ele>
<time>2026-10-02T09:31:44Z</time></trkpt>
<trkpt lat="38.932425" lon="-120.956317">
<ele>415</ele>
<time>2026-10-02T09:31:57Z</time></trkpt>
<trkpt lat="38.932316" lon="-120.956655">
<ele>415</ele>
<time>2026-10-02T09:32:08Z</time></trkpt>
<trkpt lat="38.931979" lon="-120.957034">
<ele>412</ele>
<time>2026-10-02T09:32:26Z</time></trkpt>
<trkpt lat="38.931892" lon="-120.95718">
<ele>408</ele>
<time>2026-10-02T09:32:32Z</time></trkpt>
<trkpt lat="38.93182" lon="-120.95739">
<ele>399</ele>
<time>2026-10-02T09:32:39Z</time></trkpt>
<trkpt lat="38.931715" lon="-120.957576">
<ele>393</ele>
<time>2026-10-02T09:32:46Z</time></trkpt>
<trkpt lat="38.931561" lon="-120.957769">
<ele>397</ele>
<time>2026-10-02T09:32:55Z</time></trkpt>
<trkpt lat="38.931479" lon="-120.957816">
<ele>401</ele>
<time>2026-10-02T09:32:58Z</time></trkpt>
<trkpt lat="38.931295" lon="-120.957997">
<ele>411</ele>
<time>2026-10-02T09:33:08Z</time></trkpt>
<trkpt lat="38.931226" lon="-120.958282">
<ele>407</ele>
<time>2026-10-02T09:33:17Z</time></trkpt>
<trkpt lat="38.931222" lon="-120.95842">
<ele>402</ele>
<time>2026-10-02T09:33:21Z</time></trkpt>
<trkpt lat="38.93119" lon="-120.958527">
<ele>400</ele>
<time>2026-10-02T09:33:25Z</time></trkpt>
<trkpt lat="38.931186" lon="-120.958595">
<ele>397</ele>
<time>2026-10-02T09:33:27Z</time></trkpt>
<trkpt lat="38.93109" lon="-120.958916">
<ele>399</ele>
<time>2026-10-02T09:33:38Z</time></trkpt>
<trkpt lat="38.931092" lon="-120.959147">
<ele>403</ele>
<time>2026-10-02T09:33:45Z</time></trkpt>
<trkpt lat="38.931147" lon="-120.959342">
<ele>403</ele>
<time>2026-10-02T09:33:51Z</time></trkpt>
<trkpt lat="38.931127" lon="-120.959484">
<ele>403</ele>
<time>2026-10-02T09:33:56Z</time></trkpt>
<trkpt lat="38.930985" lon="-120.960084">
<ele>404</ele>
<time>2026-10-02T09:34:15Z</time></trkpt>
<trkpt lat="38.930947" lon="-120.960188">
<ele>404</ele>
<time>2026-10-02T09:34:19Z</time></trkpt>
<trkpt lat="38.930887" lon="-120.960274">
<ele>406</ele>
<time>2026-10-02T09:34:23Z</time></trkpt>
<trkpt lat="38.93079" lon="-120.960467">
<ele>406</ele>
<time>2026-10-02T09:34:30Z</time></trkpt>
<trkpt lat="38.930715" lon="-120.960796">
<ele>401</ele>
<time>2026-10-02T09:34:41Z</time></trkpt>
<trkpt lat="38.930688" lon="-120.960855">
<ele>400</ele>
<time>2026-10-02T09:34:43Z</time></trkpt>
<trkpt lat="38.930588" lon="-120.960953">
<ele>403</ele>
<time>2026-10-02T09:34:48Z</time></trkpt>
<trkpt lat="38.930321" lon="-120.961298">
<ele>402</ele>
<time>2026-10-02T09:35:03Z</time></trkpt>
<trkpt lat="38.93028" lon="-120.961423">
<ele>399</ele>
<time>2026-10-02T09:35:07Z</time></trkpt>
<trkpt lat="38.930202" lon="-120.961549">
<ele>397</ele>
<time>2026-10-02T09:35:12Z</time></trkpt>
<trkpt lat="38.930047" lon="-120.961658">
<ele>398</ele>
<time>2026-10-02T09:35:19Z</time></trkpt>
<trkpt lat="38.930047" lon="-120.961658">
<ele>398</ele>
<time>2026-10-02T09:35:19Z</time></trkpt>
<trkpt lat="38.929832" lon="-120.961761">
<ele>398</ele>
<time>2026-10-02T09:35:28Z</time></trkpt>
<trkpt lat="38.9296" lon="-120.96178">
<ele>402</ele>
<time>2026-10-02T09:35:38Z</time></trkpt>
<trkpt lat="38.92942" lon="-120.961929">
<ele>398</ele>
<time>2026-10-02T09:35:46Z</time></trkpt>
<trkpt lat="38.929275" lon="-120.962018">
<ele>395</ele>
<time>2026-10-02T09:35:53Z</time></trkpt>
<trkpt lat="38.92906" lon="-120.96202">
<ele>395</ele>
<time>2026-10-02T09:36:01Z</time></trkpt>
<trkpt lat="38.928946" lon="-120.961909">
<ele>398</ele>
<time>2026-10-02T09:36:07Z</time></trkpt>
<trkpt lat="38.928803" lon="-120.961901">
<ele>399</ele>
<time>2026-10-02T09:36:13Z</time></trkpt>
<trkpt lat="38.928546" lon="-120.962057">
<ele>396</ele>
<time>2026-10-02T09:36:24Z</time></trkpt>
<trkpt lat="38.928404" lon="-120.962073">
<ele>397</ele>
<time>2026-10-02T09:36:30Z</time></trkpt>
<trkpt lat="38.928289" lon="-120.962139">
<ele>397</ele>
<time>2026-10-02T09:36:35Z</time></trkpt>
<trkpt lat="38.928224" lon="-120.962217">
<ele>397</ele>
<time>2026-10-02T09:36:39Z</time></trkpt>
<trkpt lat="38.928148" lon="-120.962372">
<ele>398</ele>
<time>2026-10-02T09:36:44Z</time></trkpt>
<trkpt lat="38.928003" lon="-120.962546">
<ele>399</ele>
<time>2026-10-02T09:36:52Z</time></trkpt>
<trkpt lat="38.927957" lon="-120.96258">
<ele>399</ele>
<time>2026-10-02T09:36:54Z</time></trkpt>
<trkpt lat="38.927767" lon="-120.962643">
<ele>400</ele>
<time>2026-10-02T09:37:02Z</time></trkpt>
<trkpt lat="38.927656" lon="-120.96276">
<ele>396</ele>
<time>2026-10-02T09:37:08Z</time></trkpt>
<trkpt lat="38.92765" lon="-120.962874">
<ele>392</ele>
<time>2026-10-02T09:37:11Z</time></trkpt>
<trkpt lat="38.927676" lon="-120.962933">
<ele>388</ele>
<time>2026-10-02T09:37:14Z</time></trkpt>
<trkpt lat="38.927678" lon="-120.963002">
<ele>385</ele>
<time>2026-10-02T09:37:16Z</time></trkpt>
<trkpt lat="38.927629" lon="-120.963098">
<ele>385</ele>
<time>2026-10-02T09:37:19Z</time></trkpt>
<trkpt lat="38.927385" lon="-120.963438">
<ele>400</ele>
<time>2026-10-02T09:37:34Z</time></trkpt>
<trkpt lat="38.92732" lon="-120.963673">
<ele>402</ele>
<time>2026-10-02T09:37:42Z</time></trkpt>
<trkpt lat="38.927309" lon="-120.963786">
<ele>400</ele>
<time>2026-10-02T09:37:45Z</time></trkpt>
<trkpt lat="38.927207" lon="-120.964053">
<ele>401</ele>
<time>2026-10-02T09:37:54Z</time></trkpt>
<trkpt lat="38.926939" lon="-120.964395">
<ele>405</ele>
<time>2026-10-02T09:38:09Z</time></trkpt>
<trkpt lat="38.926828" lon="-120.964473">
<ele>408</ele>
<time>2026-10-02T09:38:15Z</time></trkpt>
<trkpt lat="38.926762" lon="-120.964551">
<ele>407</ele>
<time>2026-10-02T09:38:18Z</time></trkpt>
<trkpt lat="38.926641" lon="-120.964648">
<ele>408</ele>
<time>2026-10-02T09:38:24Z</time></trkpt>
<trkpt lat="38.926423" lon="-120.964767">
<ele>412</ele>
<time>2026-10-02T09:38:33Z</time></trkpt>
<trkpt lat="38.926275" lon="-120.964934">
<ele>409</ele>
<time>2026-10-02T09:38:41Z</time></trkpt>
<trkpt lat="38.92614" lon="-120.965019">
<ele>410</ele>
<time>2026-10-02T09:38:47Z</time></trkpt>
<trkpt lat="38.926134" lon="-120.965086">
<ele>412</ele>
<time>2026-10-02T09:38:49Z</time></trkpt>
<trkpt lat="38.926224" lon="-120.965166">
<ele>410</ele>
<time>2026-10-02T09:38:54Z</time></trkpt>
<trkpt lat="38.926455" lon="-120.965287">
<ele>406</ele>
<time>2026-10-02T09:39:04Z</time></trkpt>
<trkpt lat="38.926675" lon="-120.965433">
<ele>409</ele>
<time>2026-10-02T09:39:14Z</time></trkpt>
<trkpt lat="38.926917" lon="-120.965519">
<ele>412</ele>
<time>2026-10-02T09:39:24Z</time></trkpt>
<trkpt lat="38.927085" lon="-120.965598">
<ele>414</ele>
<time>2026-10-02T09:39:31Z</time></trkpt>
<trkpt lat="38.927192" lon="-120.965669">
<ele>417</ele>
<time>2026-10-02T09:39:36Z</time></trkpt>
<trkpt lat="38.927744" lon="-120.965951">
<ele>411</ele>
<time>2026-10-02T09:40:00Z</time></trkpt>
<trkpt lat="38.928235" lon="-120.96633">
<ele>413</ele>
<time>2026-10-02T09:40:23Z</time></trkpt>
<trkpt lat="38.928405" lon="-120.966538">
<ele>415</ele>
<time>2026-10-02T09:40:32Z</time></trkpt>
<trkpt lat="38.928542" lon="-120.966775">
<ele>415</ele>
<time>2026-10-02T09:40:41Z</time></trkpt>
<trkpt lat="38.928695" lon="-120.96732">
<ele>419</ele>
<time>2026-10-02T09:40:59Z</time></trkpt>
<trkpt lat="38.92885" lon="-120.967734">
<ele>409</ele>
<time>2026-10-02T09:41:14Z</time></trkpt>
<trkpt lat="38.928839" lon="-120.967848">
<ele>407</ele>
<time>2026-10-02T09:41:17Z</time></trkpt>
<trkpt lat="38.928771" lon="-120.96801">
<ele>405</ele>
<time>2026-10-02T09:41:23Z</time></trkpt>
<trkpt lat="38.92845" lon="-120.968415">
<ele>401</ele>
<time>2026-10-02T09:41:41Z</time></trkpt>
<trkpt lat="38.92829" lon="-120.968561">
<ele>402</ele>
<time>2026-10-02T09:41:49Z</time></trkpt>
<trkpt lat="38.92804" lon="-120.968736">
<ele>404</ele>
<time>2026-10-02T09:42:00Z</time></trkpt>
<trkpt lat="38.92804" lon="-120.968736">
<ele>404</ele>
<time>2026-10-02T09:42:00Z</time></trkpt>
<trkpt lat="38.927907" lon="-120.968852">
<ele>405</ele>
<time>2026-10-02T09:42:07Z</time></trkpt>
<trkpt lat="38.927745" lon="-120.968948">
<ele>410</ele>
<time>2026-10-02T09:42:14Z</time></trkpt>
<trkpt lat="38.927578" lon="-120.969158">
<ele>417</ele>
<time>2026-10-02T09:42:23Z</time></trkpt>
<trkpt lat="38.927546" lon="-120.969312">
<ele>418</ele>
<time>2026-10-02T09:42:28Z</time></trkpt>
<trkpt lat="38.927578" lon="-120.969515">
<ele>415</ele>
<time>2026-10-02T09:42:34Z</time></trkpt>
<trkpt lat="38.92758" lon="-120.969747">
<ele>414</ele>
<time>2026-10-02T09:42:42Z</time></trkpt>
<trkpt lat="38.927613" lon="-120.969926">
<ele>410</ele>
<time>2026-10-02T09:42:47Z</time></trkpt>
<trkpt lat="38.927613" lon="-120.970157">
<ele>408</ele>
<time>2026-10-02T09:42:55Z</time></trkpt>
<trkpt lat="38.927411" lon="-120.970767">
<ele>403</ele>
<time>2026-10-02T09:43:15Z</time></trkpt>
<trkpt lat="38.92734" lon="-120.970831">
<ele>402</ele>
<time>2026-10-02T09:43:19Z</time></trkpt>
<trkpt lat="38.92725" lon="-120.970832">
<ele>404</ele>
<time>2026-10-02T09:43:22Z</time></trkpt>
<trkpt lat="38.927154" lon="-120.970778">
<ele>405</ele>
<time>2026-10-02T09:43:27Z</time></trkpt>
<trkpt lat="38.92698" lon="-120.970661">
<ele>409</ele>
<time>2026-10-02T09:43:34Z</time></trkpt>
<trkpt lat="38.926823" lon="-120.970447">
<ele>414</ele>
<time>2026-10-02T09:43:44Z</time></trkpt>
<trkpt lat="38.926623" lon="-120.970333">
<ele>415</ele>
<time>2026-10-02T09:43:52Z</time></trkpt>
<trkpt lat="38.926539" lon="-120.970308">
<ele>415</ele>
<time>2026-10-02T09:43:56Z</time></trkpt>
<trkpt lat="38.926476" lon="-120.970339">
<ele>413</ele>
<time>2026-10-02T09:43:59Z</time></trkpt>
<trkpt lat="38.926401" lon="-120.970411">
<ele>410</ele>
<time>2026-10-02T09:44:02Z</time></trkpt>
<trkpt lat="38.926181" lon="-120.970838">
<ele>403</ele>
<time>2026-10-02T09:44:18Z</time></trkpt>
<trkpt lat="38.926032" lon="-120.971054">
<ele>402</ele>
<time>2026-10-02T09:44:27Z</time></trkpt>
<trkpt lat="38.925937" lon="-120.971147">
<ele>403</ele>
<time>2026-10-02T09:44:32Z</time></trkpt>
<trkpt lat="38.925865" lon="-120.971188">
<ele>405</ele>
<time>2026-10-02T09:44:35Z</time></trkpt>
<trkpt lat="38.925776" lon="-120.971184">
<ele>407</ele>
<time>2026-10-02T09:44:39Z</time></trkpt>
<trkpt lat="38.925692" lon="-120.971101">
<ele>409</ele>
<time>2026-10-02T09:44:43Z</time></trkpt>
<trkpt lat="38.92563" lon="-120.970937">
<ele>413</ele>
<time>2026-10-02T09:44:49Z</time></trkpt>
<trkpt lat="38.925362" lon="-120.970622">
<ele>418</ele>
<time>2026-10-02T09:45:03Z</time></trkpt>
<trkpt lat="38.925113" lon="-120.970513">
<ele>420</ele>
<time>2026-10-02T09:45:14Z</time></trkpt>
<trkpt lat="38.925113" lon="-120.970513">
<ele>420</ele>
<time>2026-10-02T09:45:14Z</time></trkpt>
<trkpt lat="38.924906" lon="-120.970423">
<ele>419</ele>
<time>2026-10-02T09:45:23Z</time></trkpt>
<trkpt lat="38.924838" lon="-120.970347">
<ele>420</ele>
<time>2026-10-02T09:45:26Z</time></trkpt>
<trkpt lat="38.924676" lon="-120.970045">
<ele>422</ele>
<time>2026-10-02T09:45:38Z</time></trkpt>
<trkpt lat="38.924523" lon="-120.969426">
<ele>433</ele>
<time>2026-10-02T09:45:58Z</time></trkpt>
<trkpt lat="38.924488" lon="-120.969307">
<ele>435</ele>
<time>2026-10-02T09:46:02Z</time></trkpt>
<trkpt lat="38.924449" lon="-120.969245">
<ele>436</ele>
<time>2026-10-02T09:46:04Z</time></trkpt>
<trkpt lat="38.924079" lon="-120.969393">
<ele>429</ele>
<time>2026-10-02T09:46:20Z</time></trkpt>
<trkpt lat="38.923856" lon="-120.96958">
<ele>424</ele>
<time>2026-10-02T09:46:31Z</time></trkpt>
<trkpt lat="38.923771" lon="-120.969608">
<ele>424</ele>
<time>2026-10-02T09:46:34Z</time></trkpt>
<trkpt lat="38.923681" lon="-120.969607">
<ele>425</ele>
<time>2026-10-02T09:46:38Z</time></trkpt>
<trkpt lat="38.923506" lon="-120.969563">
<ele>426</ele>
<time>2026-10-02T09:46:45Z</time></trkpt>
<trkpt lat="38.923283" lon="-120.96948">
<ele>427</ele>
<time>2026-10-02T09:46:54Z</time></trkpt>
<trkpt lat="38.92319" lon="-120.96942">
<ele>427</ele>
<time>2026-10-02T09:46:58Z</time></trkpt>
<trkpt lat="38.9231" lon="-120.969259">
<ele>430</ele>
<time>2026-10-02T09:47:04Z</time></trkpt>
<trkpt lat="38.923061" lon="-120.969258">
<ele>429</ele>
<time>2026-10-02T09:47:06Z</time></trkpt>
<trkpt lat="38.922905" lon="-120.969382">
<ele>426</ele>
<time>2026-10-02T09:47:13Z</time></trkpt>
<trkpt lat="38.922761" lon="-120.969431">
<ele>425</ele>
<time>2026-10-02T09:47:19Z</time></trkpt>
<trkpt lat="38.922761" lon="-120.969431">
<ele>425</ele>
<time>2026-10-02T09:47:19Z</time></trkpt>
<trkpt lat="38.922413" lon="-120.969463">
<ele>426</ele>
<time>2026-10-02T09:47:33Z</time></trkpt>
<trkpt lat="38.922238" lon="-120.969449">
<ele>427</ele>
<time>2026-10-02T09:47:40Z</time></trkpt>
<trkpt lat="38.9219" lon="-120.969351">
<ele>432</ele>
<time>2026-10-02T09:47:54Z</time></trkpt>
<trkpt lat="38.92179" lon="-120.969335">
<ele>435</ele>
<time>2026-10-02T09:47:59Z</time></trkpt>
<trkpt lat="38.921727" lon="-120.969347">
<ele>436</ele>
<time>2026-10-02T09:48:01Z</time></trkpt>
<trkpt lat="38.921675" lon="-120.969396">
<ele>436</ele>
<time>2026-10-02T09:48:04Z</time></trkpt>
<trkpt lat="38.921683" lon="-120.969465">
<ele>436</ele>
<time>2026-10-02T09:48:06Z</time></trkpt>
<trkpt lat="38.921796" lon="-120.969603">
<ele>435</ele>
<time>2026-10-02T09:48:12Z</time></trkpt>
<trkpt lat="38.921995" lon="-120.969755">
<ele>433</ele>
<time>2026-10-02T09:48:22Z</time></trkpt>
<trkpt lat="38.922156" lon="-120.969894">
<ele>432</ele>
<time>2026-10-02T09:48:29Z</time></trkpt>
<trkpt lat="38.922245" lon="-120.970007">
<ele>432</ele>
<time>2026-10-02T09:48:34Z</time></trkpt>
<trkpt lat="38.922445" lon="-120.97016">
<ele>426</ele>
<time>2026-10-02T09:48:44Z</time></trkpt>
<trkpt lat="38.922583" lon="-120.970342">
<ele>423</ele>
<time>2026-10-02T09:48:52Z</time></trkpt>
<trkpt lat="38.922683" lon="-120.970533">
<ele>422</ele>
<time>2026-10-02T09:48:59Z</time></trkpt>
<trkpt lat="38.922753" lon="-120.970793">
<ele>422</ele>
<time>2026-10-02T09:49:07Z</time></trkpt>
<trkpt lat="38.92275" lon="-120.970932">
<ele>422</ele>
<time>2026-10-02T09:49:12Z</time></trkpt>
<trkpt lat="38.922728" lon="-120.971042">
<ele>422</ele>
<time>2026-10-02T09:49:15Z</time></trkpt>
<trkpt lat="38.922677" lon="-120.971137">
<ele>422</ele>
<time>2026-10-02T09:49:19Z</time></trkpt>
<trkpt lat="38.922489" lon="-120.971314">
<ele>420</ele>
<time>2026-10-02T09:49:28Z</time></trkpt>
<trkpt lat="38.9224" lon="-120.971326">
<ele>419</ele>
<time>2026-10-02T09:49:32Z</time></trkpt>
<trkpt lat="38.922306" lon="-120.971262">
<ele>418</ele>
<time>2026-10-02T09:49:36Z</time></trkpt>
<trkpt lat="38.922233" lon="-120.971132">
<ele>419</ele>
<time>2026-10-02T09:49:41Z</time></trkpt>
<trkpt lat="38.922129" lon="-120.971028">
<ele>419</ele>
<time>2026-10-02T09:49:46Z</time></trkpt>
<trkpt lat="38.921996" lon="-120.970932">
<ele>419</ele>
<time>2026-10-02T09:49:52Z</time></trkpt>
<trkpt lat="38.921845" lon="-120.970867">
<ele>420</ele>
<time>2026-10-02T09:49:59Z</time></trkpt>
<trkpt lat="38.921637" lon="-120.970686">
<ele>422</ele>
<time>2026-10-02T09:50:09Z</time></trkpt>
<trkpt lat="38.92145" lon="-120.970463">
<ele>426</ele>
<time>2026-10-02T09:50:19Z</time></trkpt>
<trkpt lat="38.921191" lon="-120.970272">
<ele>426</ele>
<time>2026-10-02T09:50:31Z</time></trkpt>
<trkpt lat="38.920863" lon="-120.969957">
<ele>427</ele>
<time>2026-10-02T09:50:47Z</time></trkpt>
<trkpt lat="38.920829" lon="-120.969943">
<ele>427</ele>
<time>2026-10-02T09:50:49Z</time></trkpt>
<trkpt lat="38.920776" lon="-120.969945">
<ele>427</ele>
<time>2026-10-02T09:50:51Z</time></trkpt>
<trkpt lat="38.920726" lon="-120.969972">
<ele>427</ele>
<time>2026-10-02T09:50:53Z</time></trkpt>
<trkpt lat="38.920622" lon="-120.970098">
<ele>424</ele>
<time>2026-10-02T09:50:59Z</time></trkpt>
<trkpt lat="38.920469" lon="-120.97024">
<ele>421</ele>
<time>2026-10-02T09:51:06Z</time></trkpt>
<trkpt lat="38.920437" lon="-120.970296">
<ele>419</ele>
<time>2026-10-02T09:51:09Z</time></trkpt>
<trkpt lat="38.920373" lon="-120.970342">
<ele>419</ele>
<time>2026-10-02T09:51:12Z</time></trkpt>
<trkpt lat="38.920172" lon="-120.970396">
<ele>420</ele>
<time>2026-10-02T09:51:20Z</time></trkpt>
<trkpt lat="38.920011" lon="-120.970399">
<ele>421</ele>
<time>2026-10-02T09:51:26Z</time></trkpt>
<trkpt lat="38.919889" lon="-120.970366">
<ele>421</ele>
<time>2026-10-02T09:51:31Z</time></trkpt>
<trkpt lat="38.919792" lon="-120.970306">
<ele>421</ele>
<time>2026-10-02T09:51:36Z</time></trkpt>
<trkpt lat="38.919715" lon="-120.970228">
<ele>421</ele>
<time>2026-10-02T09:51:39Z</time></trkpt>
<trkpt lat="38.919644" lon="-120.970106">
<ele>422</ele>
<time>2026-10-02T09:51:44Z</time></trkpt>
<trkpt lat="38.919619" lon="-120.969868">
<ele>428</ele>
<time>2026-10-02T09:51:52Z</time></trkpt>
<trkpt lat="38.919592" lon="-120.969837">
<ele>428</ele>
<time>2026-10-02T09:51:53Z</time></trkpt>
<trkpt lat="38.919551" lon="-120.969828">
<ele>428</ele>
<time>2026-10-02T09:51:55Z</time></trkpt>
<trkpt lat="38.919418" lon="-120.969852">
<ele>426</ele>
<time>2026-10-02T09:52:00Z</time></trkpt>
<trkpt lat="38.919167" lon="-120.970012">
<ele>423</ele>
<time>2026-10-02T09:52:11Z</time></trkpt>
<trkpt lat="38.919083" lon="-120.970022">
<ele>421</ele>
<time>2026-10-02T09:52:15Z</time></trkpt>
<trkpt lat="38.919004" lon="-120.969984">
<ele>422</ele>
<time>2026-10-02T09:52:18Z</time></trkpt>
<trkpt lat="38.918951" lon="-120.969932">
<ele>423</ele>
<time>2026-10-02T09:52:21Z</time></trkpt>
<trkpt lat="38.918886" lon="-120.969851">
<ele>425</ele>
<time>2026-10-02T09:52:24Z</time></trkpt>
<trkpt lat="38.918771" lon="-120.969639">
<ele>431</ele>
<time>2026-10-02T09:52:33Z</time></trkpt>
<trkpt lat="38.918726" lon="-120.969623">
<ele>431</ele>
<time>2026-10-02T09:52:34Z</time></trkpt>
<trkpt lat="38.918685" lon="-120.969637">
<ele>430</ele>
<time>2026-10-02T09:52:36Z</time></trkpt>
<trkpt lat="38.918517" lon="-120.969835">
<ele>426</ele>
<time>2026-10-02T09:52:45Z</time></trkpt>
<trkpt lat="38.918447" lon="-120.969883">
<ele>425</ele>
<time>2026-10-02T09:52:48Z</time></trkpt>
<trkpt lat="38.918372" lon="-120.969883">
<ele>427</ele>
<time>2026-10-02T09:52:51Z</time></trkpt>
<trkpt lat="38.918042" lon="-120.969803">
<ele>430</ele>
<time>2026-10-02T09:53:05Z</time></trkpt>
<trkpt lat="38.9175" lon="-120.969522">
<ele>429</ele>
<time>2026-10-02T09:53:28Z</time></trkpt>
<trkpt lat="38.917427" lon="-120.96952">
<ele>430</ele>
<time>2026-10-02T09:53:31Z</time></trkpt>
<trkpt lat="38.917361" lon="-120.969558">
<ele>429</ele>
<time>2026-10-02T09:53:34Z</time></trkpt>
<trkpt lat="38.917136" lon="-120.969592">
<ele>428</ele>
<time>2026-10-02T09:53:43Z</time></trkpt>
<trkpt lat="38.916955" lon="-120.969597">
<ele>429</ele>
<time>2026-10-02T09:53:50Z</time></trkpt>
<trkpt lat="38.916865" lon="-120.969583">
<ele>430</ele>
<time>2026-10-02T09:53:54Z</time></trkpt>
<trkpt lat="38.916706" lon="-120.969514">
<ele>431</ele>
<time>2026-10-02T09:54:01Z</time></trkpt>
<trkpt lat="38.916706" lon="-120.969514">
<ele>431</ele>
<time>2026-10-02T09:54:01Z</time></trkpt>
<trkpt lat="38.916601" lon="-120.969488">
<ele>431</ele>
<time>2026-10-02T09:54:05Z</time></trkpt>
<trkpt lat="38.91656" lon="-120.969506">
<ele>432</ele>
<time>2026-10-02T09:54:07Z</time></trkpt>
<trkpt lat="38.916556" lon="-120.96956">
<ele>433</ele>
<time>2026-10-02T09:54:09Z</time></trkpt>
<trkpt lat="38.916574" lon="-120.969609">
<ele>433</ele>
<time>2026-10-02T09:54:10Z</time></trkpt>
<trkpt lat="38.916685" lon="-120.969747">
<ele>432</ele>
<time>2026-10-02T09:54:16Z</time></trkpt>
<trkpt lat="38.916749" lon="-120.969797">
<ele>432</ele>
<time>2026-10-02T09:54:19Z</time></trkpt>
<trkpt lat="38.916858" lon="-120.970001">
<ele>433</ele>
<time>2026-10-02T09:54:27Z</time></trkpt>
<trkpt lat="38.916946" lon="-120.970047">
<ele>430</ele>
<time>2026-10-02T09:54:31Z</time></trkpt>
<trkpt lat="38.917269" lon="-120.970077">
<ele>426</ele>
<time>2026-10-02T09:54:44Z</time></trkpt>
<trkpt lat="38.917393" lon="-120.970118">
<ele>426</ele>
<time>2026-10-02T09:54:49Z</time></trkpt>
<trkpt lat="38.917506" lon="-120.970182">
<ele>428</ele>
<time>2026-10-02T09:54:54Z</time></trkpt>
<trkpt lat="38.918073" lon="-120.970611">
<ele>425</ele>
<time>2026-10-02T09:55:20Z</time></trkpt>
<trkpt lat="38.918201" lon="-120.970748">
<ele>424</ele>
<time>2026-10-02T09:55:27Z</time></trkpt>
<trkpt lat="38.918257" lon="-120.970883">
<ele>424</ele>
<time>2026-10-02T09:55:32Z</time></trkpt>
<trkpt lat="38.918307" lon="-120.971057">
<ele>424</ele>
<time>2026-10-02T09:55:38Z</time></trkpt>
<trkpt lat="38.918323" lon="-120.97117">
<ele>425</ele>
<time>2026-10-02T09:55:41Z</time></trkpt>
<trkpt lat="38.918358" lon="-120.97122">
<ele>425</ele>
<time>2026-10-02T09:55:43Z</time></trkpt>
<trkpt lat="38.918589" lon="-120.971231">
<ele>422</ele>
<time>2026-10-02T09:55:53Z</time></trkpt>
<trkpt lat="38.918924" lon="-120.971294">
<ele>424</ele>
<time>2026-10-02T09:56:06Z</time></trkpt>
<trkpt lat="38.91923" lon="-120.971441">
<ele>421</ele>
<time>2026-10-02T09:56:19Z</time></trkpt>
<trkpt lat="38.919391" lon="-120.971556">
<ele>420</ele>
<time>2026-10-02T09:56:27Z</time></trkpt>
<trkpt lat="38.919663" lon="-120.971803">
<ele>419</ele>
<time>2026-10-02T09:56:40Z</time></trkpt>
<trkpt lat="38.920041" lon="-120.972032">
<ele>419</ele>
<time>2026-10-02T09:56:57Z</time></trkpt>
<trkpt lat="38.920228" lon="-120.972185">
<ele>422</ele>
<time>2026-10-02T09:57:06Z</time></trkpt>
<trkpt lat="38.920394" lon="-120.97229">
<ele>420</ele>
<time>2026-10-02T09:57:13Z</time></trkpt>
<trkpt lat="38.92053" lon="-120.972416">
<ele>419</ele>
<time>2026-10-02T09:57:20Z</time></trkpt>
<trkpt lat="38.92053" lon="-120.972416">
<ele>419</ele>
<time>2026-10-02T09:57:20Z</time></trkpt>
<trkpt lat="38.920665" lon="-120.972541">
<ele>417</ele>
<time>2026-10-02T09:57:26Z</time></trkpt>
<trkpt lat="38.92075" lon="-120.972731">
<ele>418</ele>
<time>2026-10-02T09:57:33Z</time></trkpt>
<trkpt lat="38.920832" lon="-120.973241">
<ele>424</ele>
<time>2026-10-02T09:57:49Z</time></trkpt>
<trkpt lat="38.920822" lon="-120.97346">
<ele>426</ele>
<time>2026-10-02T09:57:56Z</time></trkpt>
<trkpt lat="38.920872" lon="-120.973595">
<ele>425</ele>
<time>2026-10-02T09:58:01Z</time></trkpt>
<trkpt lat="38.921046" lon="-120.973894">
<ele>418</ele>
<time>2026-10-02T09:58:13Z</time></trkpt>
<trkpt lat="38.921229" lon="-120.974087">
<ele>418</ele>
<time>2026-10-02T09:58:22Z</time></trkpt>
<trkpt lat="38.921315" lon="-120.974222">
<ele>420</ele>
<time>2026-10-02T09:58:28Z</time></trkpt>
<trkpt lat="38.92137" lon="-120.974383">
<ele>421</ele>
<time>2026-10-02T09:58:33Z</time></trkpt>
<trkpt lat="38.921423" lon="-120.974678">
<ele>416</ele>
<time>2026-10-02T09:58:42Z</time></trkpt>
<trkpt lat="38.921464" lon="-120.974768">
<ele>413</ele>
<time>2026-10-02T09:58:46Z</time></trkpt>
<trkpt lat="38.921731" lon="-120.974888">
<ele>409</ele>
<time>2026-10-02T09:58:57Z</time></trkpt>
<trkpt lat="38.921819" lon="-120.974874">
<ele>409</ele>
<time>2026-10-02T09:59:01Z</time></trkpt>
<trkpt lat="38.922137" lon="-120.974526">
<ele>404</ele>
<time>2026-10-02T09:59:17Z</time></trkpt>
<trkpt lat="38.922289" lon="-120.974436">
<ele>405</ele>
<time>2026-10-02T09:59:24Z</time></trkpt>
<trkpt lat="38.922383" lon="-120.974434">
<ele>406</ele>
<time>2026-10-02T09:59:28Z</time></trkpt>
<trkpt lat="38.922468" lon="-120.974485">
<ele>410</ele>
<time>2026-10-02T09:59:32Z</time></trkpt>
<trkpt lat="38.922827" lon="-120.974847">
<ele>418</ele>
<time>2026-10-02T09:59:50Z</time></trkpt>
<trkpt lat="38.922981" lon="-120.974964">
<ele>414</ele>
<time>2026-10-02T09:59:57Z</time></trkpt>
<trkpt lat="38.923148" lon="-120.975066">
<ele>410</ele>
<time>2026-10-02T10:00:04Z</time></trkpt>
<trkpt lat="38.923314" lon="-120.975133">
<ele>406</ele>
<time>2026-10-02T10:00:11Z</time></trkpt>
<trkpt lat="38.923456" lon="-120.975243">
<ele>408</ele>
<time>2026-10-02T10:00:18Z</time></trkpt>
<trkpt lat="38.923534" lon="-120.975329">
<ele>410</ele>
<time>2026-10-02T10:00:22Z</time></trkpt>
<trkpt lat="38.923596" lon="-120.975476">
<ele>414</ele>
<time>2026-10-02T10:00:27Z</time></trkpt>
<trkpt lat="38.92368" lon="-120.975575">
<ele>414</ele>
<time>2026-10-02T10:00:32Z</time></trkpt>
<trkpt lat="38.924095" lon="-120.975977">
<ele>404</ele>
<time>2026-10-02T10:00:53Z</time></trkpt>
<trkpt lat="38.924095" lon="-120.975977">
<ele>404</ele>
<time>2026-10-02T10:00:53Z</time></trkpt>
<trkpt lat="38.924576" lon="-120.976425">
<ele>408</ele>
<time>2026-10-02T10:01:17Z</time></trkpt>
<trkpt lat="38.924969" lon="-120.976714">
<ele>399</ele>
<time>2026-10-02T10:01:35Z</time></trkpt>
<trkpt lat="38.925134" lon="-120.976785">
<ele>397</ele>
<time>2026-10-02T10:01:42Z</time></trkpt>
<trkpt lat="38.925593" lon="-120.977041">
<ele>388</ele>
<time>2026-10-02T10:02:02Z</time></trkpt>
<trkpt lat="38.925668" lon="-120.977105">
<ele>386</ele>
<time>2026-10-02T10:02:05Z</time></trkpt>
<trkpt lat="38.925709" lon="-120.977187">
<ele>387</ele>
<time>2026-10-02T10:02:08Z</time></trkpt>
<trkpt lat="38.925728" lon="-120.977282">
<ele>387</ele>
<time>2026-10-02T10:02:11Z</time></trkpt>
<trkpt lat="38.925426" lon="-120.977728">
<ele>392</ele>
<time>2026-10-02T10:02:30Z</time></trkpt>
<trkpt lat="38.925386" lon="-120.977805">
<ele>392</ele>
<time>2026-10-02T10:02:33Z</time></trkpt>
<trkpt lat="38.925343" lon="-120.97798">
<ele>391</ele>
<time>2026-10-02T10:02:38Z</time></trkpt>
<trkpt lat="38.925364" lon="-120.978666">
<ele>384</ele>
<time>2026-10-02T10:03:00Z</time></trkpt>
<trkpt lat="38.925336" lon="-120.978921">
<ele>387</ele>
<time>2026-10-02T10:03:08Z</time></trkpt>
<trkpt lat="38.925439" lon="-120.979362">
<ele>378</ele>
<time>2026-10-02T10:03:22Z</time></trkpt>
<trkpt lat="38.925461" lon="-120.979537">
<ele>375</ele>
<time>2026-10-02T10:03:28Z</time></trkpt>
<trkpt lat="38.925439" lon="-120.979702">
<ele>375</ele>
<time>2026-10-02T10:03:33Z</time></trkpt>
<trkpt lat="38.925364" lon="-120.97988">
<ele>379</ele>
<time>2026-10-02T10:03:39Z</time></trkpt>
<trkpt lat="38.925364" lon="-120.97988">
<ele>379</ele>
<time>2026-10-02T10:03:39Z</time></trkpt>
<trkpt lat="38.92525" lon="-120.980151">
<ele>383</ele>
<time>2026-10-02T10:03:49Z</time></trkpt>
<trkpt lat="38.925194" lon="-120.980483">
<ele>378</ele>
<time>2026-10-02T10:04:00Z</time></trkpt>
<trkpt lat="38.925116" lon="-120.980577">
<ele>379</ele>
<time>2026-10-02T10:04:04Z</time></trkpt>
<trkpt lat="38.925052" lon="-120.980618">
<ele>381</ele>
<time>2026-10-02T10:04:07Z</time></trkpt>
<trkpt lat="38.924965" lon="-120.980641">
<ele>383</ele>
<time>2026-10-02T10:04:10Z</time></trkpt>
<trkpt lat="38.924786" lon="-120.980642">
<ele>383</ele>
<time>2026-10-02T10:04:17Z</time></trkpt>
<trkpt lat="38.924659" lon="-120.980558">
<ele>383</ele>
<time>2026-10-02T10:04:23Z</time></trkpt>
<trkpt lat="38.924595" lon="-120.980478">
<ele>384</ele>
<time>2026-10-02T10:04:27Z</time></trkpt>
<trkpt lat="38.924429" lon="-120.980196">
<ele>387</ele>
<time>2026-10-02T10:04:38Z</time></trkpt>
<trkpt lat="38.924222" lon="-120.97998">
<ele>387</ele>
<time>2026-10-02T10:04:48Z</time></trkpt>
<trkpt lat="38.924037" lon="-120.979719">
<ele>383</ele>
<time>2026-10-02T10:04:59Z</time></trkpt>
<trkpt lat="38.923809" lon="-120.979247">
<ele>383</ele>
<time>2026-10-02T10:05:17Z</time></trkpt>
<trkpt lat="38.923613" lon="-120.979005">
<ele>382</ele>
<time>2026-10-02T10:05:28Z</time></trkpt>
<trkpt lat="38.923546" lon="-120.978953">
<ele>386</ele>
<time>2026-10-02T10:05:31Z</time></trkpt>
<trkpt lat="38.92352" lon="-120.978954">
<ele>387</ele>
<time>2026-10-02T10:05:32Z</time></trkpt>
<trkpt lat="38.923471" lon="-120.978996">
<ele>387</ele>
<time>2026-10-02T10:05:34Z</time></trkpt>
<trkpt lat="38.923372" lon="-120.979114">
<ele>388</ele>
<time>2026-10-02T10:05:40Z</time></trkpt>
<trkpt lat="38.923178" lon="-120.979274">
<ele>387</ele>
<time>2026-10-02T10:05:49Z</time></trkpt>
<trkpt lat="38.922724" lon="-120.979502">
<ele>382</ele>
<time>2026-10-02T10:06:08Z</time></trkpt>
<trkpt lat="38.922724" lon="-120.979502">
<ele>382</ele>
<time>2026-10-02T10:06:08Z</time></trkpt>
<trkpt lat="38.922476" lon="-120.97996">
<ele>380</ele>
<time>2026-10-02T10:06:26Z</time></trkpt>
<trkpt lat="38.922395" lon="-120.980047">
<ele>379</ele>
<time>2026-10-02T10:06:30Z</time></trkpt>
<trkpt lat="38.922316" lon="-120.980097">
<ele>378</ele>
<time>2026-10-02T10:06:33Z</time></trkpt>
<trkpt lat="38.922094" lon="-120.980157">
<ele>376</ele>
<time>2026-10-02T10:06:43Z</time></trkpt>
<trkpt lat="38.921953" lon="-120.980183">
<ele>375</ele>
<time>2026-10-02T10:06:48Z</time></trkpt>
<trkpt lat="38.921876" lon="-120.980173">
<ele>375</ele>
<time>2026-10-02T10:06:51Z</time></trkpt>
<trkpt lat="38.921681" lon="-120.980043">
<ele>377</ele>
<time>2026-10-02T10:07:00Z</time></trkpt>
<trkpt lat="38.92148" lon="-120.979946">
<ele>373</ele>
<time>2026-10-02T10:07:09Z</time></trkpt>
<trkpt lat="38.921412" lon="-120.979853">
<ele>372</ele>
<time>2026-10-02T10:07:13Z</time></trkpt>
<trkpt lat="38.921376" lon="-120.979629">
<ele>372</ele>
<time>2026-10-02T10:07:20Z</time></trkpt>
<trkpt lat="38.921282" lon="-120.979355">
<ele>365</ele>
<time>2026-10-02T10:07:29Z</time></trkpt>
<trkpt lat="38.921281" lon="-120.97924">
<ele>363</ele>
<time>2026-10-02T10:07:33Z</time></trkpt>
<trkpt lat="38.921415" lon="-120.978842">
<ele>367</ele>
<time>2026-10-02T10:07:46Z</time></trkpt>
<trkpt lat="38.921101" lon="-120.978836">
<ele>362</ele>
<time>2026-10-02T10:07:59Z</time></trkpt>
<trkpt lat="38.920964" lon="-120.978778">
<ele>361</ele>
<time>2026-10-02T10:08:05Z</time></trkpt>
<trkpt lat="38.920885" lon="-120.978723">
<ele>361</ele>
<time>2026-10-02T10:08:08Z</time></trkpt>
<trkpt lat="38.920792" lon="-120.978617">
<ele>361</ele>
<time>2026-10-02T10:08:13Z</time></trkpt>
<trkpt lat="38.920632" lon="-120.978367">
<ele>364</ele>
<time>2026-10-02T10:08:23Z</time></trkpt>
<trkpt lat="38.920564" lon="-120.978318">
<ele>362</ele>
<time>2026-10-02T10:08:27Z</time></trkpt>
<trkpt lat="38.920517" lon="-120.978349">
<ele>362</ele>
<time>2026-10-02T10:08:29Z</time></trkpt>
<trkpt lat="38.920401" lon="-120.978549">
<ele>362</ele>
<time>2026-10-02T10:08:36Z</time></trkpt>
<trkpt lat="38.920277" lon="-120.978697">
<ele>361</ele>
<time>2026-10-02T10:08:43Z</time></trkpt>
<trkpt lat="38.920202" lon="-120.978763">
<ele>360</ele>
<time>2026-10-02T10:08:47Z</time></trkpt>
<trkpt lat="38.919969" lon="-120.978855">
<ele>362</ele>
<time>2026-10-02T10:08:57Z</time></trkpt>
<trkpt lat="38.919946" lon="-120.97889">
<ele>361</ele>
<time>2026-10-02T10:08:58Z</time></trkpt>
<trkpt lat="38.919934" lon="-120.978992">
<ele>361</ele>
<time>2026-10-02T10:09:01Z</time></trkpt>
<trkpt lat="38.919934" lon="-120.978992">
<ele>361</ele>
<time>2026-10-02T10:09:01Z</time></trkpt>
<trkpt lat="38.919986" lon="-120.979421">
<ele>362</ele>
<time>2026-10-02T10:09:15Z</time></trkpt>
<trkpt lat="38.919984" lon="-120.979691">
<ele>365</ele>
<time>2026-10-02T10:09:23Z</time></trkpt>
<trkpt lat="38.919965" lon="-120.979778">
<ele>365</ele>
<time>2026-10-02T10:09:26Z</time></trkpt>
<trkpt lat="38.919921" lon="-120.979835">
<ele>366</ele>
<time>2026-10-02T10:09:29Z</time></trkpt>
<trkpt lat="38.919585" lon="-120.980152">
<ele>370</ele>
<time>2026-10-02T10:09:45Z</time></trkpt>
<trkpt lat="38.919211" lon="-120.980413">
<ele>367</ele>
<time>2026-10-02T10:10:02Z</time></trkpt>
<trkpt lat="38.918702" lon="-120.980663">
<ele>364</ele>
<time>2026-10-02T10:10:24Z</time></trkpt>
<trkpt lat="38.918503" lon="-120.980729">
<ele>365</ele>
<time>2026-10-02T10:10:32Z</time></trkpt>
<trkpt lat="38.918209" lon="-120.980898">
<ele>365</ele>
<time>2026-10-02T10:10:45Z</time></trkpt>
<trkpt lat="38.91791" lon="-120.980958">
<ele>368</ele>
<time>2026-10-02T10:10:57Z</time></trkpt>
<trkpt lat="38.917759" lon="-120.981047">
<ele>368</ele>
<time>2026-10-02T10:11:04Z</time></trkpt>
<trkpt lat="38.917748" lon="-120.981134">
<ele>365</ele>
<time>2026-10-02T10:11:07Z</time></trkpt>
<trkpt lat="38.917877" lon="-120.981302">
<ele>363</ele>
<time>2026-10-02T10:11:14Z</time></trkpt>
<trkpt lat="38.917653" lon="-120.981362">
<ele>364</ele>
<time>2026-10-02T10:11:23Z</time></trkpt>
<trkpt lat="38.917526" lon="-120.981367">
<ele>365</ele>
<time>2026-10-02T10:11:28Z</time></trkpt>
<trkpt lat="38.916975" lon="-120.981235">
<ele>376</ele>
<time>2026-10-02T10:11:51Z</time></trkpt>
<trkpt lat="38.916741" lon="-120.981284">
<ele>378</ele>
<time>2026-10-02T10:12:00Z</time></trkpt>
<trkpt lat="38.916621" lon="-120.981258">
<ele>381</ele>
<time>2026-10-02T10:12:05Z</time></trkpt>
<trkpt lat="38.916498" lon="-120.981171">
<ele>384</ele>
<time>2026-10-02T10:12:11Z</time></trkpt>
<trkpt lat="38.916178" lon="-120.98089">
<ele>391</ele>
<time>2026-10-02T10:12:26Z</time></trkpt>
<trkpt lat="38.91589" lon="-120.980519">
<ele>390</ele>
<time>2026-10-02T10:12:43Z</time></trkpt>
<trkpt lat="38.915631" lon="-120.980303">
<ele>391</ele>
<time>2026-10-02T10:12:55Z</time></trkpt>
<trkpt lat="38.915484" lon="-120.980231">
<ele>393</ele>
<time>2026-10-02T10:13:01Z</time></trkpt>
<trkpt lat="38.91524" lon="-120.980204">
<ele>400</ele>
<time>2026-10-02T10:13:11Z</time></trkpt>
<trkpt lat="38.915037" lon="-120.980239">
<ele>408</ele>
<time>2026-10-02T10:13:19Z</time></trkpt>
<trkpt lat="38.914998" lon="-120.980287">
<ele>410</ele>
<time>2026-10-02T10:13:22Z</time></trkpt>
<trkpt lat="38.914991" lon="-120.980342">
<ele>413</ele>
<time>2026-10-02T10:13:23Z</time></trkpt>
<trkpt lat="38.915028" lon="-120.980425">
<ele>414</ele>
<time>2026-10-02T10:13:26Z</time></trkpt>
<trkpt lat="38.915207" lon="-120.980503">
<ele>413</ele>
<time>2026-10-02T10:13:34Z</time></trkpt>
<trkpt lat="38.915395" lon="-120.980764">
<ele>423</ele>
<time>2026-10-02T10:13:45Z</time></trkpt>
<trkpt lat="38.915421" lon="-120.980834">
<ele>426</ele>
<time>2026-10-02T10:13:47Z</time></trkpt>
<trkpt lat="38.91544" lon="-120.980977">
<ele>431</ele>
<time>2026-10-02T10:13:52Z</time></trkpt>
<trkpt lat="38.915432" lon="-120.981277">
<ele>441</ele>
<time>2026-10-02T10:14:01Z</time></trkpt>
<trkpt lat="38.915366" lon="-120.98186">
<ele>454</ele>
<time>2026-10-02T10:14:20Z</time></trkpt>
<trkpt lat="38.915364" lon="-120.982109">
<ele>456</ele>
<time>2026-10-02T10:14:27Z</time></trkpt>
<trkpt lat="38.915364" lon="-120.982109">
<ele>456</ele>
<time>2026-10-02T10:14:27Z</time></trkpt>
<trkpt lat="38.915363" lon="-120.982218">
<ele>457</ele>
<time>2026-10-02T10:14:31Z</time></trkpt>
<trkpt lat="38.91533" lon="-120.982393">
<ele>458</ele>
<time>2026-10-02T10:14:36Z</time></trkpt>
<trkpt lat="38.915284" lon="-120.982525">
<ele>459</ele>
<time>2026-10-02T10:14:41Z</time></trkpt>
<trkpt lat="38.915139" lon="-120.982811">
<ele>465</ele>
<time>2026-10-02T10:14:52Z</time></trkpt>
<trkpt lat="38.914956" lon="-120.983116">
<ele>473</ele>
<time>2026-10-02T10:15:04Z</time></trkpt>
<trkpt lat="38.914748" lon="-120.983292">
<ele>480</ele>
<time>2026-10-02T10:15:14Z</time></trkpt>
<trkpt lat="38.914658" lon="-120.983335">
<ele>483</ele>
<time>2026-10-02T10:15:17Z</time></trkpt>
<trkpt lat="38.914499" lon="-120.983335">
<ele>488</ele>
<time>2026-10-02T10:15:24Z</time></trkpt>
<trkpt lat="38.914437" lon="-120.983363">
<ele>490</ele>
<time>2026-10-02T10:15:26Z</time></trkpt>
<trkpt lat="38.914411" lon="-120.983401">
<ele>491</ele>
<time>2026-10-02T10:15:28Z</time></trkpt>
<trkpt lat="38.914393" lon="-120.983485">
<ele>491</ele>
<time>2026-10-02T10:15:31Z</time></trkpt>
<trkpt lat="38.914431" lon="-120.983918">
<ele>488</ele>
<time>2026-10-02T10:15:44Z</time></trkpt>
<trkpt lat="38.914392" lon="-120.984088">
<ele>488</ele>
<time>2026-10-02T10:15:50Z</time></trkpt>
<trkpt lat="38.914325" lon="-120.984246">
<ele>487</ele>
<time>2026-10-02T10:15:55Z</time></trkpt>
<trkpt lat="38.914295" lon="-120.984397">
<ele>486</ele>
<time>2026-10-02T10:16:00Z</time></trkpt>
<trkpt lat="38.914297" lon="-120.984535">
<ele>486</ele>
<time>2026-10-02T10:16:05Z</time></trkpt>
<trkpt lat="38.914328" lon="-120.984674">
<ele>485</ele>
<time>2026-10-02T10:16:09Z</time></trkpt>
<trkpt lat="38.914734" lon="-120.98538">
<ele>482</ele>
<time>2026-10-02T10:16:37Z</time></trkpt>
<trkpt lat="38.914818" lon="-120.98565">
<ele>482</ele>
<time>2026-10-02T10:16:46Z</time></trkpt>
<trkpt lat="38.914855" lon="-120.985999">
<ele>482</ele>
<time>2026-10-02T10:16:57Z</time></trkpt>
<trkpt lat="38.914805" lon="-120.98647">
<ele>485</ele>
<time>2026-10-02T10:17:11Z</time></trkpt>
<trkpt lat="38.914704" lon="-120.986959">
<ele>487</ele>
<time>2026-10-02T10:17:27Z</time></trkpt>
<trkpt lat="38.914561" lon="-120.987468">
<ele>482</ele>
<time>2026-10-02T10:17:44Z</time></trkpt>
<trkpt lat="38.914509" lon="-120.987585">
<ele>481</ele>
<time>2026-10-02T10:17:48Z</time></trkpt>
<trkpt lat="38.914364" lon="-120.98775">
<ele>480</ele>
<time>2026-10-02T10:17:56Z</time></trkpt>
<trkpt lat="38.914256" lon="-120.987827">
<ele>480</ele>
<time>2026-10-02T10:18:01Z</time></trkpt>
<trkpt lat="38.91409" lon="-120.987895">
<ele>480</ele>
<time>2026-10-02T10:18:08Z</time></trkpt>
<trkpt lat="38.913994" lon="-120.987966">
<ele>479</ele>
<time>2026-10-02T10:18:12Z</time></trkpt>
<trkpt lat="38.913753" lon="-120.988271">
<ele>472</ele>
<time>2026-10-02T10:18:26Z</time></trkpt>
<trkpt lat="38.913689" lon="-120.988392">
<ele>470</ele>
<time>2026-10-02T10:18:30Z</time></trkpt>
<trkpt lat="38.913588" lon="-120.98878">
<ele>464</ele>
<time>2026-10-02T10:18:43Z</time></trkpt>
<trkpt lat="38.913498" lon="-120.988948">
<ele>462</ele>
<time>2026-10-02T10:18:50Z</time></trkpt>
<trkpt lat="38.913423" lon="-120.989036">
<ele>461</ele>
<time>2026-10-02T10:18:54Z</time></trkpt>
<trkpt lat="38.913423" lon="-120.989036">
<ele>461</ele>
<time>2026-10-02T10:18:54Z</time></trkpt>
<trkpt lat="38.913344" lon="-120.98913">
<ele>460</ele>
<time>2026-10-02T10:18:58Z</time></trkpt>
<trkpt lat="38.913179" lon="-120.989219">
<ele>458</ele>
<time>2026-10-02T10:19:05Z</time></trkpt>
<trkpt lat="38.913093" lon="-120.989235">
<ele>457</ele>
<time>2026-10-02T10:19:09Z</time></trkpt>
<trkpt lat="38.912843" lon="-120.989217">
<ele>452</ele>
<time>2026-10-02T10:19:19Z</time></trkpt>
<trkpt lat="38.912763" lon="-120.989177">
<ele>451</ele>
<time>2026-10-02T10:19:22Z</time></trkpt>
<trkpt lat="38.912387" lon="-120.988887">
<ele>451</ele>
<time>2026-10-02T10:19:40Z</time></trkpt>
<trkpt lat="38.912122" lon="-120.98876">
<ele>456</ele>
<time>2026-10-02T10:19:51Z</time></trkpt>
<trkpt lat="38.91198" lon="-120.988613">
<ele>459</ele>
<time>2026-10-02T10:19:58Z</time></trkpt>
<trkpt lat="38.911932" lon="-120.988593">
<ele>460</ele>
<time>2026-10-02T10:20:00Z</time></trkpt>
<trkpt lat="38.911867" lon="-120.988605">
<ele>461</ele>
<time>2026-10-02T10:20:03Z</time></trkpt>
<trkpt lat="38.911688" lon="-120.988794">
<ele>466</ele>
<time>2026-10-02T10:20:12Z</time></trkpt>
<trkpt lat="38.911617" lon="-120.988908">
<ele>468</ele>
<time>2026-10-02T10:20:17Z</time></trkpt>
<trkpt lat="38.911465" lon="-120.989328">
<ele>475</ele>
<time>2026-10-02T10:20:31Z</time></trkpt>
<trkpt lat="38.911349" lon="-120.989502">
<ele>480</ele>
<time>2026-10-02T10:20:38Z</time></trkpt>
<trkpt lat="38.911072" lon="-120.989781">
<ele>487</ele>
<time>2026-10-02T10:20:53Z</time></trkpt>
<trkpt lat="38.910904" lon="-120.990009">
<ele>482</ele>
<time>2026-10-02T10:21:02Z</time></trkpt>
<trkpt lat="38.910817" lon="-120.990164">
<ele>481</ele>
<time>2026-10-02T10:21:08Z</time></trkpt>
<trkpt lat="38.910712" lon="-120.990504">
<ele>479</ele>
<time>2026-10-02T10:21:20Z</time></trkpt>
<trkpt lat="38.910663" lon="-120.990609">
<ele>478</ele>
<time>2026-10-02T10:21:24Z</time></trkpt>
<trkpt lat="38.910331" lon="-120.990964">
<ele>477</ele>
<time>2026-10-02T10:21:41Z</time></trkpt>
<trkpt lat="38.910284" lon="-120.991029">
<ele>477</ele>
<time>2026-10-02T10:21:44Z</time></trkpt>
<trkpt lat="38.910261" lon="-120.991098">
<ele>476</ele>
<time>2026-10-02T10:21:46Z</time></trkpt>
<trkpt lat="38.910276" lon="-120.991199">
<ele>475</ele>
<time>2026-10-02T10:21:49Z</time></trkpt>
<trkpt lat="38.910542" lon="-120.991598">
<ele>474</ele>
<time>2026-10-02T10:22:06Z</time></trkpt>
<trkpt lat="38.910793" lon="-120.992111">
<ele>474</ele>
<time>2026-10-02T10:22:24Z</time></trkpt>
<trkpt lat="38.910851" lon="-120.992271">
<ele>474</ele>
<time>2026-10-02T10:22:30Z</time></trkpt>
<trkpt lat="38.910932" lon="-120.992574">
<ele>473</ele>
<time>2026-10-02T10:22:40Z</time></trkpt>
<trkpt lat="38.910967" lon="-120.992649">
<ele>473</ele>
<time>2026-10-02T10:22:43Z</time></trkpt>
<trkpt lat="38.911164" lon="-120.992815">
<ele>471</ele>
<time>2026-10-02T10:22:52Z</time></trkpt>
<trkpt lat="38.911722" lon="-120.993415">
<ele>472</ele>
<time>2026-10-02T10:23:21Z</time></trkpt>
<trkpt lat="38.911814" lon="-120.993534">
<ele>470</ele>
<time>2026-10-02T10:23:26Z</time></trkpt>
<trkpt lat="38.911866" lon="-120.993661">
<ele>469</ele>
<time>2026-10-02T10:23:31Z</time></trkpt>
<trkpt lat="38.911876" lon="-120.993802">
<ele>468</ele>
<time>2026-10-02T10:23:35Z</time></trkpt>
<trkpt lat="38.911837" lon="-120.994034">
<ele>465</ele>
<time>2026-10-02T10:23:43Z</time></trkpt>
<trkpt lat="38.911766" lon="-120.994272">
<ele>462</ele>
<time>2026-10-02T10:23:51Z</time></trkpt>
<trkpt lat="38.911749" lon="-120.994511">
<ele>458</ele>
<time>2026-10-02T10:23:58Z</time></trkpt>
<trkpt lat="38.911749" lon="-120.994511">
<ele>458</ele>
<time>2026-10-02T10:23:58Z</time></trkpt>
<trkpt lat="38.911741" lon="-120.99462">
<ele>456</ele>
<time>2026-10-02T10:24:02Z</time></trkpt>
<trkpt lat="38.911675" lon="-120.994763">
<ele>453</ele>
<time>2026-10-02T10:24:07Z</time></trkpt>
<trkpt lat="38.91145" lon="-120.995069">
<ele>445</ele>
<time>2026-10-02T10:24:20Z</time></trkpt>
<trkpt lat="38.911383" lon="-120.995109">
<ele>443</ele>
<time>2026-10-02T10:24:23Z</time></trkpt>
<trkpt lat="38.911254" lon="-120.995124">
<ele>442</ele>
<time>2026-10-02T10:24:28Z</time></trkpt>
<trkpt lat="38.911109" lon="-120.995232">
<ele>439</ele>
<time>2026-10-02T10:24:35Z</time></trkpt>
<trkpt lat="38.91095" lon="-120.995312">
<ele>438</ele>
<time>2026-10-02T10:24:42Z</time></trkpt>
<trkpt lat="38.910828" lon="-120.995471">
<ele>436</ele>
<time>2026-10-02T10:24:49Z</time></trkpt>
<trkpt lat="38.910698" lon="-120.995764">
<ele>430</ele>
<time>2026-10-02T10:24:59Z</time></trkpt>
<trkpt lat="38.910613" lon="-120.995856">
<ele>427</ele>
<time>2026-10-02T10:25:04Z</time></trkpt>
<trkpt lat="38.910547" lon="-120.995881">
<ele>427</ele>
<time>2026-10-02T10:25:06Z</time></trkpt>
<trkpt lat="38.910172" lon="-120.995895">
<ele>424</ele>
<time>2026-10-02T10:25:21Z</time></trkpt>
<trkpt lat="38.909882" lon="-120.995966">
<ele>420</ele>
<time>2026-10-02T10:25:33Z</time></trkpt>
<trkpt lat="38.909823" lon="-120.995955">
<ele>420</ele>
<time>2026-10-02T10:25:36Z</time></trkpt>
<trkpt lat="38.909627" lon="-120.995862">
<ele>421</ele>
<time>2026-10-02T10:25:44Z</time></trkpt>
<trkpt lat="38.909533" lon="-120.995844">
<ele>422</ele>
<time>2026-10-02T10:25:48Z</time></trkpt>
<trkpt lat="38.909287" lon="-120.995919">
<ele>422</ele>
<time>2026-10-02T10:25:58Z</time></trkpt>
<trkpt lat="38.90919" lon="-120.995991">
<ele>421</ele>
<time>2026-10-02T10:26:02Z</time></trkpt>
<trkpt lat="38.909143" lon="-120.996057">
<ele>419</ele>
<time>2026-10-02T10:26:05Z</time></trkpt>
<trkpt lat="38.909121" lon="-120.996168">
<ele>417</ele>
<time>2026-10-02T10:26:09Z</time></trkpt>
<trkpt lat="38.909177" lon="-120.996482">
<ele>413</ele>
<time>2026-10-02T10:26:19Z</time></trkpt>
<trkpt lat="38.909156" lon="-120.996658">
<ele>408</ele>
<time>2026-10-02T10:26:24Z</time></trkpt>
<trkpt lat="38.909107" lon="-120.996774">
<ele>404</ele>
<time>2026-10-02T10:26:28Z</time></trkpt>
<trkpt lat="38.909012" lon="-120.996873">
<ele>401</ele>
<time>2026-10-02T10:26:33Z</time></trkpt>
<trkpt lat="38.908953" lon="-120.996907">
<ele>400</ele>
<time>2026-10-02T10:26:36Z</time></trkpt>
<trkpt lat="38.908953" lon="-120.996907">
<ele>400</ele>
<time>2026-10-02T10:26:36Z</time></trkpt>
<trkpt lat="38.908805" lon="-120.996968">
<ele>398</ele>
<time>2026-10-02T10:26:42Z</time></trkpt>
<trkpt lat="38.908767" lon="-120.997012">
<ele>396</ele>
<time>2026-10-02T10:26:44Z</time></trkpt>
<trkpt lat="38.908792" lon="-120.997059">
<ele>395</ele>
<time>2026-10-02T10:26:46Z</time></trkpt>
<trkpt lat="38.909042" lon="-120.997243">
<ele>388</ele>
<time>2026-10-02T10:26:58Z</time></trkpt>
<trkpt lat="38.909087" lon="-120.997307">
<ele>387</ele>
<time>2026-10-02T10:27:00Z</time></trkpt>
<trkpt lat="38.909139" lon="-120.997565">
<ele>386</ele>
<time>2026-10-02T10:27:09Z</time></trkpt>
<trkpt lat="38.909263" lon="-120.99782">
<ele>389</ele>
<time>2026-10-02T10:27:18Z</time></trkpt>
<trkpt lat="38.909356" lon="-120.998167">
<ele>396</ele>
<time>2026-10-02T10:27:29Z</time></trkpt>
<trkpt lat="38.909437" lon="-120.998375">
<ele>396</ele>
<time>2026-10-02T10:27:37Z</time></trkpt>
<trkpt lat="38.90946" lon="-120.998691">
<ele>397</ele>
<time>2026-10-02T10:27:47Z</time></trkpt>
<trkpt lat="38.909432" lon="-120.999064">
<ele>397</ele>
<time>2026-10-02T10:27:58Z</time></trkpt>
<trkpt lat="38.909378" lon="-120.999216">
<ele>399</ele>
<time>2026-10-02T10:28:03Z</time></trkpt>
<trkpt lat="38.90914" lon="-120.999516">
<ele>407</ele>
<time>2026-10-02T10:28:17Z</time></trkpt>
<trkpt lat="38.909048" lon="-120.999684">
<ele>410</ele>
<time>2026-10-02T10:28:23Z</time></trkpt>
<trkpt lat="38.909001" lon="-120.999828">
<ele>411</ele>
<time>2026-10-02T10:28:28Z</time></trkpt>
<trkpt lat="38.908979" lon="-120.999982">
<ele>411</ele>
<time>2026-10-02T10:28:33Z</time></trkpt>
<trkpt lat="38.908976" lon="-121.000132">
<ele>410</ele>
<time>2026-10-02T10:28:38Z</time></trkpt>
<trkpt lat="38.908947" lon="-121.000343">
<ele>408</ele>
<time>2026-10-02T10:28:44Z</time></trkpt>
<trkpt lat="38.908942" lon="-121.001007">
<ele>402</ele>
<time>2026-10-02T10:29:05Z</time></trkpt>
<trkpt lat="38.90898" lon="-121.001167">
<ele>400</ele>
<time>2026-10-02T10:29:10Z</time></trkpt>
<trkpt lat="38.909059" lon="-121.001293">
<ele>396</ele>
<time>2026-10-02T10:29:15Z</time></trkpt>
<trkpt lat="38.909139" lon="-121.001367">
<ele>394</ele>
<time>2026-10-02T10:29:19Z</time></trkpt>
<trkpt lat="38.909226" lon="-121.001506">
<ele>390</ele>
<time>2026-10-02T10:29:25Z</time></trkpt>
<trkpt lat="38.909319" lon="-121.001734">
<ele>384</ele>
<time>2026-10-02T10:29:33Z</time></trkpt>
<trkpt lat="38.909343" lon="-121.001816">
<ele>382</ele>
<time>2026-10-02T10:29:36Z</time></trkpt>
<trkpt lat="38.909337" lon="-121.002038">
<ele>376</ele>
<time>2026-10-02T10:29:42Z</time></trkpt>
<trkpt lat="38.90937" lon="-121.002096">
<ele>375</ele>
<time>2026-10-02T10:29:45Z</time></trkpt>
<trkpt lat="38.909392" lon="-121.002214">
<ele>373</ele>
<time>2026-10-02T10:29:48Z</time></trkpt>
<trkpt lat="38.909372" lon="-121.002352">
<ele>368</ele>
<time>2026-10-02T10:29:53Z</time></trkpt>
<trkpt lat="38.909323" lon="-121.002403">
<ele>366</ele>
<time>2026-10-02T10:29:55Z</time></trkpt>
<trkpt lat="38.909112" lon="-121.002429">
<ele>366</ele>
<time>2026-10-02T10:30:04Z</time></trkpt>
<trkpt lat="38.909057" lon="-121.002494">
<ele>365</ele>
<time>2026-10-02T10:30:07Z</time></trkpt>
<trkpt lat="38.909059" lon="-121.002551">
<ele>366</ele>
<time>2026-10-02T10:30:09Z</time></trkpt>
<trkpt lat="38.909087" lon="-121.002616">
<ele>366</ele>
<time>2026-10-02T10:30:11Z</time></trkpt>
<trkpt lat="38.909239" lon="-121.002759">
<ele>363</ele>
<time>2026-10-02T10:30:19Z</time></trkpt>
<trkpt lat="38.909622" lon="-121.003056">
<ele>359</ele>
<time>2026-10-02T10:30:36Z</time></trkpt>
<trkpt lat="38.909759" lon="-121.003184">
<ele>360</ele>
<time>2026-10-02T10:30:43Z</time></trkpt>
<trkpt lat="38.909882" lon="-121.003316">
<ele>359</ele>
<time>2026-10-02T10:30:50Z</time></trkpt>
<trkpt lat="38.910208" lon="-121.003741">
<ele>356</ele>
<time>2026-10-02T10:31:08Z</time></trkpt>
<trkpt lat="38.910564" lon="-121.004127">
<ele>353</ele>
<time>2026-10-02T10:31:27Z</time></trkpt>
<trkpt lat="38.910644" lon="-121.004234">
<ele>353</ele>
<time>2026-10-02T10:31:32Z</time></trkpt>
<trkpt lat="38.910826" lon="-121.004695">
<ele>354</ele>
<time>2026-10-02T10:31:48Z</time></trkpt>
<trkpt lat="38.910897" lon="-121.00481">
<ele>354</ele>
<time>2026-10-02T10:31:52Z</time></trkpt>
<trkpt lat="38.910954" lon="-121.004863">
<ele>354</ele>
<time>2026-10-02T10:31:55Z</time></trkpt>
<trkpt lat="38.911229" lon="-121.004977">
<ele>353</ele>
<time>2026-10-02T10:32:07Z</time></trkpt>
<trkpt lat="38.91129" lon="-121.005019">
<ele>353</ele>
<time>2026-10-02T10:32:09Z</time></trkpt>
<trkpt lat="38.911505" lon="-121.005292">
<ele>354</ele>
<time>2026-10-02T10:32:22Z</time></trkpt>
<trkpt lat="38.911567" lon="-121.005439">
<ele>354</ele>
<time>2026-10-02T10:32:27Z</time></trkpt>
<trkpt lat="38.911691" lon="-121.005944">
<ele>353</ele>
<time>2026-10-02T10:32:43Z</time></trkpt>
<trkpt lat="38.911819" lon="-121.006216">
<ele>348</ele>
<time>2026-10-02T10:32:53Z</time></trkpt>
<trkpt lat="38.911907" lon="-121.006463">
<ele>344</ele>
<time>2026-10-02T10:33:02Z</time></trkpt>
<trkpt lat="38.911939" lon="-121.006906">
<ele>344</ele>
<time>2026-10-02T10:33:16Z</time></trkpt>
<trkpt lat="38.911975" lon="-121.007022">
<ele>344</ele>
<time>2026-10-02T10:33:19Z</time></trkpt>
<trkpt lat="38.912016" lon="-121.007095">
<ele>343</ele>
<time>2026-10-02T10:33:22Z</time></trkpt>
<trkpt lat="38.912202" lon="-121.00731">
<ele>339</ele>
<time>2026-10-02T10:33:32Z</time></trkpt>
<trkpt lat="38.912293" lon="-121.007464">
<ele>337</ele>
<time>2026-10-02T10:33:38Z</time></trkpt>
<trkpt lat="38.912347" lon="-121.007619">
<ele>336</ele>
<time>2026-10-02T10:33:44Z</time></trkpt>
<trkpt lat="38.912357" lon="-121.007718">
<ele>336</ele>
<time>2026-10-02T10:33:47Z</time></trkpt>
<trkpt lat="38.912314" lon="-121.007878">
<ele>336</ele>
<time>2026-10-02T10:33:52Z</time></trkpt>
<trkpt lat="38.912219" lon="-121.008014">
<ele>337</ele>
<time>2026-10-02T10:33:58Z</time></trkpt>
<trkpt lat="38.911835" lon="-121.008291">
<ele>340</ele>
<time>2026-10-02T10:34:15Z</time></trkpt>
<trkpt lat="38.911642" lon="-121.008476">
<ele>341</ele>
<time>2026-10-02T10:34:25Z</time></trkpt>
<trkpt lat="38.911448" lon="-121.008631">
<ele>341</ele>
<time>2026-10-02T10:34:34Z</time></trkpt>
<trkpt lat="38.911201" lon="-121.008923">
<ele>341</ele>
<time>2026-10-02T10:34:48Z</time></trkpt>
<trkpt lat="38.910853" lon="-121.009142">
<ele>343</ele>
<time>2026-10-02T10:35:03Z</time></trkpt>
<trkpt lat="38.910142" lon="-121.009354">
<ele>341</ele>
<time>2026-10-02T10:35:32Z</time></trkpt>
<trkpt lat="38.909783" lon="-121.009512">
<ele>340</ele>
<time>2026-10-02T10:35:48Z</time></trkpt>
<trkpt lat="38.909783" lon="-121.009512">
<ele>340</ele>
<time>2026-10-02T10:35:48Z</time></trkpt>
<trkpt lat="38.909709" lon="-121.009544">
<ele>341</ele>
<time>2026-10-02T10:35:51Z</time></trkpt>
<trkpt lat="38.909493" lon="-121.009568">
<ele>344</ele>
<time>2026-10-02T10:35:59Z</time></trkpt>
<trkpt lat="38.909039" lon="-121.009662">
<ele>349</ele>
<time>2026-10-02T10:36:18Z</time></trkpt>
<trkpt lat="38.908747" lon="-121.009691">
<ele>351</ele>
<time>2026-10-02T10:36:30Z</time></trkpt>
<trkpt lat="38.907992" lon="-121.009863">
<ele>362</ele>
<time>2026-10-02T10:37:00Z</time></trkpt>
<trkpt lat="38.907898" lon="-121.009855">
<ele>362</ele>
<time>2026-10-02T10:37:04Z</time></trkpt>
<trkpt lat="38.907728" lon="-121.009694">
<ele>358</ele>
<time>2026-10-02T10:37:13Z</time></trkpt>
<trkpt lat="38.90772" lon="-121.009657">
<ele>359</ele>
<time>2026-10-02T10:37:14Z</time></trkpt>
<trkpt lat="38.907732" lon="-121.009621">
<ele>359</ele>
<time>2026-10-02T10:37:15Z</time></trkpt>
<trkpt lat="38.907859" lon="-121.009517">
<ele>359</ele>
<time>2026-10-02T10:37:21Z</time></trkpt>
<trkpt lat="38.907859" lon="-121.009471">
<ele>359</ele>
<time>2026-10-02T10:37:22Z</time></trkpt>
<trkpt lat="38.907814" lon="-121.009426">
<ele>360</ele>
<time>2026-10-02T10:37:25Z</time></trkpt>
<trkpt lat="38.907605" lon="-121.009373">
<ele>363</ele>
<time>2026-10-02T10:37:33Z</time></trkpt>
<trkpt lat="38.907425" lon="-121.009375">
<ele>364</ele>
<time>2026-10-02T10:37:40Z</time></trkpt>
<trkpt lat="38.907203" lon="-121.009451">
<ele>365</ele>
<time>2026-10-02T10:37:50Z</time></trkpt>
<trkpt lat="38.907012" lon="-121.009443">
<ele>370</ele>
<time>2026-10-02T10:37:57Z</time></trkpt>
<trkpt lat="38.906684" lon="-121.009693">
<ele>374</ele>
<time>2026-10-02T10:38:13Z</time></trkpt>
<trkpt lat="38.906543" lon="-121.009753">
<ele>374</ele>
<time>2026-10-02T10:38:19Z</time></trkpt>
<trkpt lat="38.906457" lon="-121.009756">
<ele>375</ele>
<time>2026-10-02T10:38:22Z</time></trkpt>
<trkpt lat="38.906398" lon="-121.009733">
<ele>376</ele>
<time>2026-10-02T10:38:24Z</time></trkpt>
<trkpt lat="38.906243" lon="-121.009627">
<ele>379</ele>
<time>2026-10-02T10:38:31Z</time></trkpt>
<trkpt lat="38.906176" lon="-121.009601">
<ele>379</ele>
<time>2026-10-02T10:38:34Z</time></trkpt>
<trkpt lat="38.906092" lon="-121.009606">
<ele>380</ele>
<time>2026-10-02T10:38:38Z</time></trkpt>
<trkpt lat="38.906032" lon="-121.009647">
<ele>381</ele>
<time>2026-10-02T10:38:40Z</time></trkpt>
<trkpt lat="38.905985" lon="-121.009717">
<ele>381</ele>
<time>2026-10-02T10:38:43Z</time></trkpt>
<trkpt lat="38.905882" lon="-121.009943">
<ele>383</ele>
<time>2026-10-02T10:38:51Z</time></trkpt>
<trkpt lat="38.905804" lon="-121.010169">
<ele>385</ele>
<time>2026-10-02T10:38:59Z</time></trkpt>
<trkpt lat="38.905785" lon="-121.010335">
<ele>385</ele>
<time>2026-10-02T10:39:04Z</time></trkpt>
<trkpt lat="38.905719" lon="-121.01045">
<ele>387</ele>
<time>2026-10-02T10:39:09Z</time></trkpt>
<trkpt lat="38.90552" lon="-121.010637">
<ele>391</ele>
<time>2026-10-02T10:39:19Z</time></trkpt>
<trkpt lat="38.905192" lon="-121.011164">
<ele>394</ele>
<time>2026-10-02T10:39:40Z</time></trkpt>
<trkpt lat="38.90511" lon="-121.011325">
<ele>395</ele>
<time>2026-10-02T10:39:46Z</time></trkpt>
<trkpt lat="38.904987" lon="-121.011662">
<ele>395</ele>
<time>2026-10-02T10:39:57Z</time></trkpt>
<trkpt lat="38.904928" lon="-121.011745">
<ele>395</ele>
<time>2026-10-02T10:40:01Z</time></trkpt>
<trkpt lat="38.904841" lon="-121.011825">
<ele>395</ele>
<time>2026-10-02T10:40:05Z</time></trkpt>
<trkpt lat="38.904735" lon="-121.011876">
<ele>397</ele>
<time>2026-10-02T10:40:10Z</time></trkpt>
<trkpt lat="38.904344" lon="-121.011827">
<ele>399</ele>
<time>2026-10-02T10:40:25Z</time></trkpt>
<trkpt lat="38.904061" lon="-121.011954">
<ele>398</ele>
<time>2026-10-02T10:40:37Z</time></trkpt>
<trkpt lat="38.904006" lon="-121.012002">
<ele>399</ele>
<time>2026-10-02T10:40:40Z</time></trkpt>
<trkpt lat="38.903981" lon="-121.012074">
<ele>399</ele>
<time>2026-10-02T10:40:43Z</time></trkpt>
<trkpt lat="38.90402" lon="-121.012272">
<ele>398</ele>
<time>2026-10-02T10:40:49Z</time></trkpt>
<trkpt lat="38.904017" lon="-121.012368">
<ele>397</ele>
<time>2026-10-02T10:40:52Z</time></trkpt>
<trkpt lat="38.903987" lon="-121.012432">
<ele>397</ele>
<time>2026-10-02T10:40:54Z</time></trkpt>
<trkpt lat="38.903837" lon="-121.01254">
<ele>398</ele>
<time>2026-10-02T10:41:01Z</time></trkpt>
<trkpt lat="38.903837" lon="-121.012539">
<ele>398</ele>
<time>2026-10-02T10:41:01Z</time></trkpt>
<trkpt lat="38.903756" lon="-121.012582">
<ele>399</ele>
<time>2026-10-02T10:41:05Z</time></trkpt>
<trkpt lat="38.903635" lon="-121.012694">
<ele>399</ele>
<time>2026-10-02T10:41:11Z</time></trkpt>
<trkpt lat="38.90359" lon="-121.012803">
<ele>399</ele>
<time>2026-10-02T10:41:15Z</time></trkpt>
<trkpt lat="38.903585" lon="-121.01305">
<ele>398</ele>
<time>2026-10-02T10:41:22Z</time></trkpt>
<trkpt lat="38.903559" lon="-121.013192">
<ele>397</ele>
<time>2026-10-02T10:41:27Z</time></trkpt>
<trkpt lat="38.903491" lon="-121.013319">
<ele>397</ele>
<time>2026-10-02T10:41:32Z</time></trkpt>
<trkpt lat="38.90344" lon="-121.013364">
<ele>397</ele>
<time>2026-10-02T10:41:34Z</time></trkpt>
<trkpt lat="38.903307" lon="-121.013426">
<ele>398</ele>
<time>2026-10-02T10:41:40Z</time></trkpt>
<trkpt lat="38.902964" lon="-121.013479">
<ele>400</ele>
<time>2026-10-02T10:41:54Z</time></trkpt>
<trkpt lat="38.902558" lon="-121.013759">
<ele>401</ele>
<time>2026-10-02T10:42:12Z</time></trkpt>
<trkpt lat="38.902391" lon="-121.013966">
<ele>400</ele>
<time>2026-10-02T10:42:21Z</time></trkpt>
<trkpt lat="38.902369" lon="-121.014057">
<ele>399</ele>
<time>2026-10-02T10:42:24Z</time></trkpt>
<trkpt lat="38.902393" lon="-121.014101">
<ele>398</ele>
<time>2026-10-02T10:42:26Z</time></trkpt>
<trkpt lat="38.902393" lon="-121.014101">
<ele>398</ele>
<time>2026-10-02T10:42:26Z</time></trkpt>
<trkpt lat="38.902512" lon="-121.014225">
<ele>396</ele>
<time>2026-10-02T10:42:32Z</time></trkpt>
<trkpt lat="38.902743" lon="-121.014667">
<ele>396</ele>
<time>2026-10-02T10:42:49Z</time></trkpt>
<trkpt lat="38.902803" lon="-121.014777">
<ele>396</ele>
<time>2026-10-02T10:42:53Z</time></trkpt>
<trkpt lat="38.902849" lon="-121.014991">
<ele>397</ele>
<time>2026-10-02T10:43:00Z</time></trkpt>
<trkpt lat="38.902833" lon="-121.015063">
<ele>398</ele>
<time>2026-10-02T10:43:02Z</time></trkpt>
<trkpt lat="38.902765" lon="-121.015136">
<ele>398</ele>
<time>2026-10-02T10:43:06Z</time></trkpt>
<trkpt lat="38.902569" lon="-121.015199">
<ele>400</ele>
<time>2026-10-02T10:43:14Z</time></trkpt>
<trkpt lat="38.902198" lon="-121.015426">
<ele>403</ele>
<time>2026-10-02T10:43:30Z</time></trkpt>
<trkpt lat="38.901986" lon="-121.015598">
<ele>405</ele>
<time>2026-10-02T10:43:40Z</time></trkpt>
<trkpt lat="38.901628" lon="-121.015959">
<ele>409</ele>
<time>2026-10-02T10:43:59Z</time></trkpt>
<trkpt lat="38.90135" lon="-121.016186">
<ele>410</ele>
<time>2026-10-02T10:44:12Z</time></trkpt>
<trkpt lat="38.900858" lon="-121.016652">
<ele>411</ele>
<time>2026-10-02T10:44:36Z</time></trkpt>
<trkpt lat="38.900858" lon="-121.016652">
<ele>411</ele>
<time>2026-10-02T10:44:36Z</time></trkpt>
<trkpt lat="38.900746" lon="-121.016758">
<ele>412</ele>
<time>2026-10-02T10:44:42Z</time></trkpt>
<trkpt lat="38.900119" lon="-121.017141">
<ele>413</ele>
<time>2026-10-02T10:45:10Z</time></trkpt>
<trkpt lat="38.899981" lon="-121.017247">
<ele>412</ele>
<time>2026-10-02T10:45:16Z</time></trkpt>
<trkpt lat="38.899918" lon="-121.017326">
<ele>413</ele>
<time>2026-10-02T10:45:20Z</time></trkpt>
<trkpt lat="38.899858" lon="-121.017464">
<ele>415</ele>
<time>2026-10-02T10:45:25Z</time></trkpt>
<trkpt lat="38.899849" lon="-121.017551">
<ele>416</ele>
<time>2026-10-02T10:45:27Z</time></trkpt>
<trkpt lat="38.899861" lon="-121.01789">
<ele>418</ele>
<time>2026-10-02T10:45:38Z</time></trkpt>
<trkpt lat="38.899844" lon="-121.018012">
<ele>418</ele>
<time>2026-10-02T10:45:42Z</time></trkpt>
<trkpt lat="38.899697" lon="-121.01861">
<ele>427</ele>
<time>2026-10-02T10:46:01Z</time></trkpt>
<trkpt lat="38.899694" lon="-121.01878">
<ele>430</ele>
<time>2026-10-02T10:46:07Z</time></trkpt>
<trkpt lat="38.899731" lon="-121.01901">
<ele>433</ele>
<time>2026-10-02T10:46:14Z</time></trkpt>
<trkpt lat="38.899716" lon="-121.019085">
<ele>435</ele>
<time>2026-10-02T10:46:16Z</time></trkpt>
<trkpt lat="38.899665" lon="-121.019193">
<ele>437</ele>
<time>2026-10-02T10:46:20Z</time></trkpt>
<trkpt lat="38.899504" lon="-121.019403">
<ele>442</ele>
<time>2026-10-02T10:46:29Z</time></trkpt>
<trkpt lat="38.899403" lon="-121.019473">
<ele>444</ele>
<time>2026-10-02T10:46:34Z</time></trkpt>
<trkpt lat="38.899055" lon="-121.019557">
<ele>451</ele>
<time>2026-10-02T10:46:48Z</time></trkpt>
<trkpt lat="38.898939" lon="-121.019611">
<ele>453</ele>
<time>2026-10-02T10:46:53Z</time></trkpt>
<trkpt lat="38.898686" lon="-121.019803">
<ele>459</ele>
<time>2026-10-02T10:47:05Z</time></trkpt>
<trkpt lat="38.898415" lon="-121.019964">
<ele>464</ele>
<time>2026-10-02T10:47:17Z</time></trkpt>
<trkpt lat="38.898415" lon="-121.019964">
<ele>464</ele>
<time>2026-10-02T10:47:17Z</time></trkpt>
<trkpt lat="38.898337" lon="-121.019998">
<ele>464</ele>
<time>2026-10-02T10:47:20Z</time></trkpt>
<trkpt lat="38.897981" lon="-121.020047">
<ele>468</ele>
<time>2026-10-02T10:47:35Z</time></trkpt>
<trkpt lat="38.897554" lon="-121.019912">
<ele>472</ele>
<time>2026-10-02T10:47:52Z</time></trkpt>
<trkpt lat="38.897106" lon="-121.019888">
<ele>475</ele>
<time>2026-10-02T10:48:10Z</time></trkpt>
<trkpt lat="38.896524" lon="-121.019975">
<ele>476</ele>
<time>2026-10-02T10:48:34Z</time></trkpt>
<trkpt lat="38.896352" lon="-121.020027">
<ele>476</ele>
<time>2026-10-02T10:48:41Z</time></trkpt>
<trkpt lat="38.896079" lon="-121.019858">
<ele>479</ele>
<time>2026-10-02T10:48:53Z</time></trkpt>
<trkpt lat="38.895705" lon="-121.019671">
<ele>479</ele>
<time>2026-10-02T10:49:09Z</time></trkpt>
<trkpt lat="38.895525" lon="-121.019608">
<ele>479</ele>
<time>2026-10-02T10:49:16Z</time></trkpt>
<trkpt lat="38.895313" lon="-121.019567">
<ele>478</ele>
<time>2026-10-02T10:49:25Z</time></trkpt>
<trkpt lat="38.894394" lon="-121.019492">
<ele>479</ele>
<time>2026-10-02T10:50:02Z</time></trkpt>
<trkpt lat="38.894153" lon="-121.019384">
<ele>480</ele>
<time>2026-10-02T10:50:12Z</time></trkpt>
<trkpt lat="38.894065" lon="-121.019372">
<ele>480</ele>
<time>2026-10-02T10:50:16Z</time></trkpt>
<trkpt lat="38.89393" lon="-121.01937">
<ele>480</ele>
<time>2026-10-02T10:50:21Z</time></trkpt>
<trkpt lat="38.893705" lon="-121.019434">
<ele>480</ele>
<time>2026-10-02T10:50:30Z</time></trkpt>
<trkpt lat="38.893581" lon="-121.01943">
<ele>480</ele>
<time>2026-10-02T10:50:35Z</time></trkpt>
<trkpt lat="38.89303" lon="-121.019314">
<ele>474</ele>
<time>2026-10-02T10:50:58Z</time></trkpt>
<trkpt lat="38.892912" lon="-121.019265">
<ele>475</ele>
<time>2026-10-02T10:51:03Z</time></trkpt>
<trkpt lat="38.892715" lon="-121.019107">
<ele>476</ele>
<time>2026-10-02T10:51:12Z</time></trkpt>
<trkpt lat="38.892715" lon="-121.019107">
<ele>476</ele>
<time>2026-10-02T10:51:12Z</time></trkpt>
<trkpt lat="38.892579" lon="-121.018997">
<ele>478</ele>
<time>2026-10-02T10:51:18Z</time></trkpt>
<trkpt lat="38.8925273" lon="-121.0189699">
<ele>478</ele>
<time>2026-10-02T10:51:21Z</time></trkpt>
<trkpt lat="38.8924527" lon="-121.0189307">
<ele>478</ele>
<time>2026-10-02T10:51:24Z</time></trkpt>
<trkpt lat="38.892398" lon="-121.018902">
<ele>478</ele>
<time>2026-10-02T10:51:26Z</time></trkpt>
<trkpt lat="38.892416" lon="-121.018225">
<ele>477</ele>
<time>2026-10-02T10:51:47Z</time></trkpt>
<trkpt lat="38.892403" lon="-121.017697">
<ele>472</ele>
<time>2026-10-02T10:52:04Z</time></trkpt>
<trkpt lat="38.89241" lon="-121.016769">
<ele>467</ele>
<time>2026-10-02T10:52:33Z</time></trkpt>
<trkpt lat="38.892432" lon="-121.016319">
<ele>467</ele>
<time>2026-10-02T10:52:47Z</time></trkpt>
<trkpt lat="38.892423" lon="-121.016264">
<ele>467</ele>
<time>2026-10-02T10:52:49Z</time></trkpt>
<trkpt lat="38.89241" lon="-121.016235">
<ele>467</ele>
<time>2026-10-02T10:52:50Z</time></trkpt>
<trkpt lat="38.892318" lon="-121.016176">
<ele>467</ele>
<time>2026-10-02T10:52:54Z</time></trkpt>
<trkpt lat="38.891917" lon="-121.016094">
<ele>469</ele>
<time>2026-10-02T10:53:10Z</time></trkpt>
<trkpt lat="38.891917" lon="-121.016094">
<ele>469</ele>
<time>2026-10-02T10:53:10Z</time></trkpt>
<trkpt lat="38.891515" lon="-121.016012">
<ele>470</ele>
<time>2026-10-02T10:53:26Z</time></trkpt>
<trkpt lat="38.891424" lon="-121.016008">
<ele>470</ele>
<time>2026-10-02T10:53:30Z</time></trkpt>
<trkpt lat="38.890791" lon="-121.016053">
<ele>468</ele>
<time>2026-10-02T10:53:55Z</time></trkpt>
<trkpt lat="38.889951" lon="-121.016172">
<ele>465</ele>
<time>2026-10-02T10:54:29Z</time></trkpt>
<trkpt lat="38.889862" lon="-121.016241">
<ele>465</ele>
<time>2026-10-02T10:54:34Z</time></trkpt>
<trkpt lat="38.889826" lon="-121.016317">
<ele>465</ele>
<time>2026-10-02T10:54:36Z</time></trkpt>
<trkpt lat="38.889655" lon="-121.016521">
<ele>465</ele>
<time>2026-10-02T10:54:46Z</time></trkpt>
<trkpt lat="38.889617" lon="-121.016736">
<ele>466</ele>
<time>2026-10-02T10:54:53Z</time></trkpt>
<trkpt lat="38.889619" lon="-121.017186">
<ele>465</ele>
<time>2026-10-02T10:55:07Z</time></trkpt>
<trkpt lat="38.889619" lon="-121.017186">
<ele>465</ele>
<time>2026-10-02T10:55:07Z</time></trkpt>
<trkpt lat="38.88962" lon="-121.017254">
<ele>465</ele>
<time>2026-10-02T10:55:09Z</time></trkpt>
<trkpt lat="38.8896" lon="-121.017308">
<ele>465</ele>
<time>2026-10-02T10:55:11Z</time></trkpt>
<trkpt lat="38.88954" lon="-121.017327">
<ele>465</ele>
<time>2026-10-02T10:55:13Z</time></trkpt>
<trkpt lat="38.889287" lon="-121.017279">
<ele>464</ele>
<time>2026-10-02T10:55:23Z</time></trkpt>
<trkpt lat="38.8894128" lon="-121.0175371">
<ele>464</ele>
<time>2026-10-02T10:55:33Z</time></trkpt>
<trkpt lat="38.889433" lon="-121.017548">
<ele>464</ele>
<time>2026-10-02T10:55:34Z</time></trkpt>
<trkpt lat="38.889473" lon="-121.017314">
<ele>464</ele>
<time>2026-10-02T10:55:41Z</time></trkpt>
<trkpt lat="38.889426" lon="-121.017305">
<ele>464</ele>
<time>2026-10-02T10:55:43Z</time></trkpt>
<trkpt lat="38.889473" lon="-121.017314">
<ele>464</ele>
<time>2026-10-02T10:55:45Z</time></trkpt>
<trkpt lat="38.889451" lon="-121.017491">
<ele>464</ele>
<time>2026-10-02T10:55:51Z</time></trkpt>
<trkpt lat="38.889385" lon="-121.0177">
<ele>465</ele>
<time>2026-10-02T10:55:58Z</time></trkpt>
<trkpt lat="38.889335" lon="-121.01782">
<ele>466</ele>
<time>2026-10-02T10:56:02Z</time></trkpt>
<trkpt lat="38.889167" lon="-121.018084">
<ele>466</ele>
<time>2026-10-02T10:56:12Z</time></trkpt>
<trkpt lat="38.889167" lon="-121.018084">
<ele>466</ele>
<time>2026-10-02T10:56:12Z</time></trkpt>
<trkpt lat="38.888716" lon="-121.018667">
<ele>466</ele>
<time>2026-10-02T10:56:38Z</time></trkpt>
<trkpt lat="38.887377" lon="-121.020256">
<ele>460</ele>
<time>2026-10-02T10:57:51Z</time></trkpt>
<trkpt lat="38.8867" lon="-121.021098">
<ele>460</ele>
<time>2026-10-02T10:58:29Z</time></trkpt>
<trkpt lat="38.885154" lon="-121.022922">
<ele>451</ele>
<time>2026-10-02T10:59:53Z</time></trkpt>
<trkpt lat="38.884896" lon="-121.023102">
<ele>452</ele>
<time>2026-10-02T11:00:05Z</time></trkpt>
<trkpt lat="38.884743" lon="-121.023163">
<ele>452</ele>
<time>2026-10-02T11:00:11Z</time></trkpt>
<trkpt lat="38.884035" lon="-121.023314">
<ele>451</ele>
<time>2026-10-02T11:00:40Z</time></trkpt>
<trkpt lat="38.883862" lon="-121.02337">
<ele>452</ele>
<time>2026-10-02T11:00:47Z</time></trkpt>
<trkpt lat="38.883697" lon="-121.023463">
<ele>451</ele>
<time>2026-10-02T11:00:54Z</time></trkpt>
<trkpt lat="38.883591" lon="-121.023547">
<ele>451</ele>
<time>2026-10-02T11:00:59Z</time></trkpt>
<trkpt lat="38.883283" lon="-121.023918">
<ele>450</ele>
<time>2026-10-02T11:01:16Z</time></trkpt>
<trkpt lat="38.882348" lon="-121.025283">
<ele>447</ele>
<time>2026-10-02T11:02:13Z</time></trkpt>
<trkpt lat="38.882209" lon="-121.025523">
<ele>446</ele>
<time>2026-10-02T11:02:22Z</time></trkpt>
<trkpt lat="38.882162" lon="-121.025632">
<ele>445</ele>
<time>2026-10-02T11:02:26Z</time></trkpt>
<trkpt lat="38.88208" lon="-121.025927">
<ele>444</ele>
<time>2026-10-02T11:02:36Z</time></trkpt>
<trkpt lat="38.882028" lon="-121.026354">
<ele>442</ele>
<time>2026-10-02T11:02:49Z</time></trkpt>
<trkpt lat="38.882063" lon="-121.027233">
<ele>438</ele>
<time>2026-10-02T11:03:17Z</time></trkpt>
<trkpt lat="38.88203" lon="-121.027899">
<ele>439</ele>
<time>2026-10-02T11:03:38Z</time></trkpt>
<trkpt lat="38.882027" lon="-121.028835">
<ele>437</ele>
<time>2026-10-02T11:04:07Z</time></trkpt>
<trkpt lat="38.881988" lon="-121.029229">
<ele>436</ele>
<time>2026-10-02T11:04:19Z</time></trkpt>
<trkpt lat="38.881957" lon="-121.0294214">
<ele>434</ele>
<time>2026-10-02T11:04:25Z</time></trkpt>
<trkpt lat="38.8819361" lon="-121.0295511">
<ele>434</ele>
<time>2026-10-02T11:04:30Z</time></trkpt>
<trkpt lat="38.881936" lon="-121.02955">
<ele>434</ele>
<time>2026-10-02T11:04:30Z</time></trkpt>
<trkpt lat="38.88177" lon="-121.03027">
<ele>436</ele>
<time>2026-10-02T11:04:53Z</time></trkpt>
<trkpt lat="38.881584" lon="-121.030798">
<ele>441</ele>
<time>2026-10-02T11:05:11Z</time></trkpt>
<trkpt lat="38.881305" lon="-121.031371">
<ele>443</ele>
<time>2026-10-02T11:05:32Z</time></trkpt>
<trkpt lat="38.881134" lon="-121.031649">
<ele>443</ele>
<time>2026-10-02T11:05:43Z</time></trkpt>
<trkpt lat="38.880924" lon="-121.031948">
<ele>444</ele>
<time>2026-10-02T11:05:56Z</time></trkpt>
<trkpt lat="38.880662" lon="-121.032258">
<ele>444</ele>
<time>2026-10-02T11:06:10Z</time></trkpt>
<trkpt lat="38.880375" lon="-121.032535">
<ele>444</ele>
<time>2026-10-02T11:06:24Z</time></trkpt>
<trkpt lat="38.880375" lon="-121.032535">
<ele>444</ele>
<time>2026-10-02T11:06:24Z</time></trkpt>
<trkpt lat="38.880396" lon="-121.032519">
<ele>444</ele>
<time>2026-10-02T11:06:25Z</time></trkpt>
<trkpt lat="38.880386" lon="-121.032734">
<ele>445</ele>
<time>2026-10-02T11:06:32Z</time></trkpt>
<trkpt lat="38.880445" lon="-121.03325">
<ele>448</ele>
<time>2026-10-02T11:06:48Z</time></trkpt>
<trkpt lat="38.880454" lon="-121.033631">
<ele>451</ele>
<time>2026-10-02T11:07:00Z</time></trkpt>
<trkpt lat="38.880433" lon="-121.033812">
<ele>451</ele>
<time>2026-10-02T11:07:06Z</time></trkpt>
<trkpt lat="38.880379" lon="-121.034006">
<ele>450</ele>
<time>2026-10-02T11:07:12Z</time></trkpt>
<trkpt lat="38.879992" lon="-121.03481">
<ele>450</ele>
<time>2026-10-02T11:07:42Z</time></trkpt>
<trkpt lat="38.879914" lon="-121.03492">
<ele>450</ele>
<time>2026-10-02T11:07:47Z</time></trkpt>
<trkpt lat="38.879749" lon="-121.035077">
<ele>450</ele>
<time>2026-10-02T11:07:55Z</time></trkpt>
<trkpt lat="38.87957" lon="-121.035453">
<ele>451</ele>
<time>2026-10-02T11:08:09Z</time></trkpt>
<trkpt lat="38.87957" lon="-121.035453">
<ele>451</ele>
<time>2026-10-02T11:08:09Z</time></trkpt>
<trkpt lat="38.879505" lon="-121.035601">
<ele>451</ele>
<time>2026-10-02T11:08:14Z</time></trkpt>
<trkpt lat="38.879805" lon="-121.035588">
<ele>452</ele>
<time>2026-10-02T11:08:26Z</time></trkpt>
<trkpt lat="38.880357" lon="-121.035525">
<ele>453</ele>
<time>2026-10-02T11:08:48Z</time></trkpt>
<trkpt lat="38.880904" lon="-121.035431">
<ele>446</ele>
<time>2026-10-02T11:09:10Z</time></trkpt>
<trkpt lat="38.882113" lon="-121.035384">
<ele>424</ele>
<time>2026-10-02T11:09:59Z</time></trkpt>
<trkpt lat="38.882366" lon="-121.03552">
<ele>421</ele>
<time>2026-10-02T11:10:10Z</time></trkpt>
<trkpt lat="38.882889" lon="-121.035893">
<ele>411</ele>
<time>2026-10-02T11:10:34Z</time></trkpt>
<trkpt lat="38.883166" lon="-121.036029">
<ele>406</ele>
<time>2026-10-02T11:10:46Z</time></trkpt>
<trkpt lat="38.883313" lon="-121.036045">
<ele>404</ele>
<time>2026-10-02T11:10:51Z</time></trkpt>
<trkpt lat="38.883754" lon="-121.036186">
<ele>398</ele>
<time>2026-10-02T11:11:10Z</time></trkpt>
<trkpt lat="38.883935" lon="-121.036223">
<ele>395</ele>
<time>2026-10-02T11:11:17Z</time></trkpt>
<trkpt lat="38.883935" lon="-121.036223">
<ele>395</ele>
<time>2026-10-02T11:11:17Z</time></trkpt>
<trkpt lat="38.884105" lon="-121.03632">
<ele>393</ele>
<time>2026-10-02T11:11:24Z</time></trkpt>
<trkpt lat="38.884492" lon="-121.036073">
<ele>384</ele>
<time>2026-10-02T11:11:42Z</time></trkpt>
<trkpt lat="38.884803" lon="-121.035807">
<ele>375</ele>
<time>2026-10-02T11:11:57Z</time></trkpt>
<trkpt lat="38.884934" lon="-121.035735">
<ele>373</ele>
<time>2026-10-02T11:12:02Z</time></trkpt>
<trkpt lat="38.885081" lon="-121.035705">
<ele>373</ele>
<time>2026-10-02T11:12:08Z</time></trkpt>
<trkpt lat="38.885218" lon="-121.035753">
<ele>374</ele>
<time>2026-10-02T11:12:14Z</time></trkpt>
<trkpt lat="38.885313" lon="-121.035763">
<ele>375</ele>
<time>2026-10-02T11:12:18Z</time></trkpt>
<trkpt lat="38.885377" lon="-121.03573">
<ele>375</ele>
<time>2026-10-02T11:12:21Z</time></trkpt>
<trkpt lat="38.885433" lon="-121.035673">
<ele>376</ele>
<time>2026-10-02T11:12:24Z</time></trkpt>
<trkpt lat="38.885479" lon="-121.035579">
<ele>377</ele>
<time>2026-10-02T11:12:27Z</time></trkpt>
<trkpt lat="38.885481" lon="-121.035522">
<ele>377</ele>
<time>2026-10-02T11:12:29Z</time></trkpt>
<trkpt lat="38.885481" lon="-121.035522">
<ele>377</ele>
<time>2026-10-02T11:12:29Z</time></trkpt>
<trkpt lat="38.885487" lon="-121.035337">
<ele>377</ele>
<time>2026-10-02T11:12:35Z</time></trkpt>
<trkpt lat="38.885513" lon="-121.035183">
<ele>378</ele>
<time>2026-10-02T11:12:39Z</time></trkpt>
<trkpt lat="38.88559" lon="-121.034943">
<ele>379</ele>
<time>2026-10-02T11:12:48Z</time></trkpt>
<trkpt lat="38.885738" lon="-121.034661">
<ele>381</ele>
<time>2026-10-02T11:12:58Z</time></trkpt>
<trkpt lat="38.885834" lon="-121.034406">
<ele>382</ele>
<time>2026-10-02T11:13:07Z</time></trkpt>
<trkpt lat="38.886043" lon="-121.033702">
<ele>384</ele>
<time>2026-10-02T11:13:31Z</time></trkpt>
<trkpt lat="38.886143" lon="-121.033501">
<ele>385</ele>
<time>2026-10-02T11:13:38Z</time></trkpt>
<trkpt lat="38.886269" lon="-121.03334">
<ele>387</ele>
<time>2026-10-02T11:13:45Z</time></trkpt>
<trkpt lat="38.886362" lon="-121.033185">
<ele>390</ele>
<time>2026-10-02T11:13:51Z</time></trkpt>
<trkpt lat="38.886426" lon="-121.033035">
<ele>391</ele>
<time>2026-10-02T11:13:57Z</time></trkpt>
<trkpt lat="38.886526" lon="-121.032688">
<ele>395</ele>
<time>2026-10-02T11:14:08Z</time></trkpt>
<trkpt lat="38.886526" lon="-121.032688">
<ele>395</ele>
<time>2026-10-02T11:14:08Z</time></trkpt>
<trkpt lat="38.886557" lon="-121.032581">
<ele>396</ele>
<time>2026-10-02T11:14:12Z</time></trkpt>
<trkpt lat="38.886546" lon="-121.032397">
<ele>397</ele>
<time>2026-10-02T11:14:17Z</time></trkpt>
<trkpt lat="38.886546" lon="-121.032394">
<ele>397</ele>
<time>2026-10-02T11:14:17Z</time></trkpt>
<trkpt lat="38.886548" lon="-121.032429">
<ele>397</ele>
<time>2026-10-02T11:14:19Z</time></trkpt>
<trkpt lat="38.886548" lon="-121.032429">
<ele>397</ele>
<time>2026-10-02T11:14:19Z</time></trkpt>
<trkpt lat="38.8865318" lon="-121.0323012">
<ele>398</ele>
<time>2026-10-02T11:14:23Z</time></trkpt>
<trkpt lat="38.886512" lon="-121.032145">
<ele>399</ele>
<time>2026-10-02T11:14:28Z</time></trkpt>
<trkpt lat="38.886515" lon="-121.032042">
<ele>399</ele>
<time>2026-10-02T11:14:31Z</time></trkpt>
<trkpt lat="38.886616" lon="-121.031582">
<ele>401</ele>
<time>2026-10-02T11:14:46Z</time></trkpt>
<trkpt lat="38.88681" lon="-121.031172">
<ele>404</ele>
<time>2026-10-02T11:15:01Z</time></trkpt>
<trkpt lat="38.88686" lon="-121.031093">
<ele>405</ele>
<time>2026-10-02T11:15:04Z</time></trkpt>
<trkpt lat="38.886934" lon="-121.031032">
<ele>407</ele>
<time>2026-10-02T11:15:07Z</time></trkpt>
<trkpt lat="38.887075" lon="-121.030964">
<ele>410</ele>
<time>2026-10-02T11:15:13Z</time></trkpt>
<trkpt lat="38.887217" lon="-121.030865">
<ele>412</ele>
<time>2026-10-02T11:15:20Z</time></trkpt>
<trkpt lat="38.887444" lon="-121.030614">
<ele>419</ele>
<time>2026-10-02T11:15:32Z</time></trkpt>
<trkpt lat="38.887529" lon="-121.030592">
<ele>419</ele>
<time>2026-10-02T11:15:35Z</time></trkpt>
<trkpt lat="38.887607" lon="-121.030626">
<ele>420</ele>
<time>2026-10-02T11:15:39Z</time></trkpt>
<trkpt lat="38.887749" lon="-121.030769">
<ele>422</ele>
<time>2026-10-02T11:15:46Z</time></trkpt>
<trkpt lat="38.887909" lon="-121.030862">
<ele>425</ele>
<time>2026-10-02T11:15:53Z</time></trkpt>
<trkpt lat="38.888003" lon="-121.030946">
<ele>427</ele>
<time>2026-10-02T11:15:57Z</time></trkpt>
<trkpt lat="38.888192" lon="-121.031217">
<ele>432</ele>
<time>2026-10-02T11:16:09Z</time></trkpt>
<trkpt lat="38.888192" lon="-121.031217">
<ele>432</ele>
<time>2026-10-02T11:16:09Z</time></trkpt>
<trkpt lat="38.888282" lon="-121.031347">
<ele>433</ele>
<time>2026-10-02T11:16:14Z</time></trkpt>
<trkpt lat="38.88835" lon="-121.031393">
<ele>434</ele>
<time>2026-10-02T11:16:17Z</time></trkpt>
<trkpt lat="38.888712" lon="-121.031414">
<ele>436</ele>
<time>2026-10-02T11:16:32Z</time></trkpt>
<trkpt lat="38.888943" lon="-121.031486">
<ele>438</ele>
<time>2026-10-02T11:16:41Z</time></trkpt>
<trkpt lat="38.889739" lon="-121.031627">
<ele>444</ele>
<time>2026-10-02T11:17:14Z</time></trkpt>
<trkpt lat="38.890095" lon="-121.031785">
<ele>447</ele>
<time>2026-10-02T11:17:29Z</time></trkpt>
<trkpt lat="38.890222" lon="-121.03187">
<ele>449</ele>
<time>2026-10-02T11:17:34Z</time></trkpt>
<trkpt lat="38.890357" lon="-121.031927">
<ele>450</ele>
<time>2026-10-02T11:17:40Z</time></trkpt>
<trkpt lat="38.8904041" lon="-121.0319346">
<ele>451</ele>
<time>2026-10-02T11:17:42Z</time></trkpt>
<trkpt lat="38.890463" lon="-121.031944">
<ele>451</ele>
<time>2026-10-02T11:17:44Z</time></trkpt>
<trkpt lat="38.890622" lon="-121.031924">
<ele>453</ele>
<time>2026-10-02T11:17:51Z</time></trkpt>
<trkpt lat="38.890929" lon="-121.031964">
<ele>457</ele>
<time>2026-10-02T11:18:03Z</time></trkpt>
<trkpt lat="38.891336" lon="-121.031865">
<ele>459</ele>
<time>2026-10-02T11:18:20Z</time></trkpt>
<trkpt lat="38.891336" lon="-121.031865">
<ele>459</ele>
<time>2026-10-02T11:18:20Z</time></trkpt>
<trkpt lat="38.892" lon="-121.03168">
<ele>460</ele>
<time>2026-10-02T11:18:47Z</time></trkpt>
<trkpt lat="38.89223" lon="-121.031644">
<ele>461</ele>
<time>2026-10-02T11:18:56Z</time></trkpt>
<trkpt lat="38.892813" lon="-121.031635">
<ele>460</ele>
<time>2026-10-02T11:19:20Z</time></trkpt>
<trkpt lat="38.893254" lon="-121.0315">
<ele>458</ele>
<time>2026-10-02T11:19:38Z</time></trkpt>
<trkpt lat="38.893368" lon="-121.031365">
<ele>457</ele>
<time>2026-10-02T11:19:44Z</time></trkpt>
<trkpt lat="38.893465" lon="-121.031214">
<ele>457</ele>
<time>2026-10-02T11:19:50Z</time></trkpt>
<trkpt lat="38.89365" lon="-121.031001">
<ele>458</ele>
<time>2026-10-02T11:20:00Z</time></trkpt>
<trkpt lat="38.893692" lon="-121.030918">
<ele>458</ele>
<time>2026-10-02T11:20:03Z</time></trkpt>
<trkpt lat="38.893738" lon="-121.030723">
<ele>457</ele>
<time>2026-10-02T11:20:10Z</time></trkpt>
<trkpt lat="38.893739" lon="-121.030529">
<ele>457</ele>
<time>2026-10-02T11:20:16Z</time></trkpt>
<trkpt lat="38.893717" lon="-121.030263">
<ele>456</ele>
<time>2026-10-02T11:20:24Z</time></trkpt>
<trkpt lat="38.893728" lon="-121.029804">
<ele>454</ele>
<time>2026-10-02T11:20:38Z</time></trkpt>
<trkpt lat="38.893754" lon="-121.029738">
<ele>454</ele>
<time>2026-10-02T11:20:41Z</time></trkpt>
<trkpt lat="38.893754" lon="-121.029738">
<ele>454</ele>
<time>2026-10-02T11:20:41Z</time></trkpt>
<trkpt lat="38.893783" lon="-121.029666">
<ele>453</ele>
<time>2026-10-02T11:20:43Z</time></trkpt>
<trkpt lat="38.894174" lon="-121.029388">
<ele>454</ele>
<time>2026-10-02T11:21:01Z</time></trkpt>
<trkpt lat="38.894477" lon="-121.029121">
<ele>455</ele>
<time>2026-10-02T11:21:16Z</time></trkpt>
<trkpt lat="38.894575" lon="-121.029002">
<ele>455</ele>
<time>2026-10-02T11:21:21Z</time></trkpt>
<trkpt lat="38.894861" lon="-121.028572">
<ele>455</ele>
<time>2026-10-02T11:21:39Z</time></trkpt>
<trkpt lat="38.89495" lon="-121.028307">
<ele>456</ele>
<time>2026-10-02T11:21:48Z</time></trkpt>
<trkpt lat="38.894982" lon="-121.028162">
<ele>456</ele>
<time>2026-10-02T11:21:52Z</time></trkpt>
<trkpt lat="38.8949988" lon="-121.0280426">
<ele>456</ele>
<time>2026-10-02T11:21:56Z</time></trkpt>
<trkpt lat="38.894999" lon="-121.028043">
<ele>456</ele>
<time>2026-10-02T11:21:56Z</time></trkpt>
<trkpt lat="38.895117" lon="-121.027205">
<ele>460</ele>
<time>2026-10-02T11:22:23Z</time></trkpt>
<trkpt lat="38.895235" lon="-121.027475">
<ele>458</ele>
<time>2026-10-02T11:22:33Z</time></trkpt>
<trkpt lat="38.895526" lon="-121.027956">
<ele>460</ele>
<time>2026-10-02T11:22:52Z</time></trkpt>
<trkpt lat="38.895762" lon="-121.028284">
<ele>461</ele>
<time>2026-10-02T11:23:05Z</time></trkpt>
<trkpt lat="38.895859" lon="-121.028384">
<ele>462</ele>
<time>2026-10-02T11:23:10Z</time></trkpt>
<trkpt lat="38.896439" lon="-121.02883">
<ele>465</ele>
<time>2026-10-02T11:23:38Z</time></trkpt>
<trkpt lat="38.89675" lon="-121.029094">
<ele>469</ele>
<time>2026-10-02T11:23:52Z</time></trkpt>
<trkpt lat="38.89675" lon="-121.029094">
<ele>469</ele>
<time>2026-10-02T11:23:52Z</time></trkpt>
<trkpt lat="38.897004" lon="-121.029309">
<ele>470</ele>
<time>2026-10-02T11:24:05Z</time></trkpt>
<trkpt lat="38.897162" lon="-121.029501">
<ele>472</ele>
<time>2026-10-02T11:24:13Z</time></trkpt>
<trkpt lat="38.897078" lon="-121.029387">
<ele>471</ele>
<time>2026-10-02T11:24:18Z</time></trkpt>
<trkpt lat="38.897044" lon="-121.029282">
<ele>470</ele>
<time>2026-10-02T11:24:22Z</time></trkpt>
<trkpt lat="38.897064" lon="-121.029125">
<ele>470</ele>
<time>2026-10-02T11:24:27Z</time></trkpt>
<trkpt lat="38.89691" lon="-121.028495">
<ele>468</ele>
<time>2026-10-02T11:24:47Z</time></trkpt>
<trkpt lat="38.896768" lon="-121.028206">
<ele>467</ele>
<time>2026-10-02T11:24:58Z</time></trkpt>
<trkpt lat="38.896609" lon="-121.028044">
<ele>466</ele>
<time>2026-10-02T11:25:06Z</time></trkpt>
<trkpt lat="38.896567" lon="-121.027971">
<ele>465</ele>
<time>2026-10-02T11:25:09Z</time></trkpt>
<trkpt lat="38.896499" lon="-121.02777">
<ele>465</ele>
<time>2026-10-02T11:25:16Z</time></trkpt>
<trkpt lat="38.896456" lon="-121.027574">
<ele>464</ele>
<time>2026-10-02T11:25:22Z</time></trkpt>
<trkpt lat="38.896435" lon="-121.027347">
<ele>463</ele>
<time>2026-10-02T11:25:29Z</time></trkpt>
<trkpt lat="38.896436" lon="-121.026705">
<ele>464</ele>
<time>2026-10-02T11:25:49Z</time></trkpt>
<trkpt lat="38.896479" lon="-121.026423">
<ele>465</ele>
<time>2026-10-02T11:25:58Z</time></trkpt>
<trkpt lat="38.897293" lon="-121.0260011">
<ele>458</ele>
<time>2026-10-02T11:26:33Z</time></trkpt>
<trkpt lat="38.897731" lon="-121.026">
<ele>455</ele>
<time>2026-10-02T11:26:51Z</time></trkpt>
<trkpt lat="38.898405" lon="-121.025887">
<ele>450</ele>
<time>2026-10-02T11:27:18Z</time></trkpt>
<trkpt lat="38.898553" lon="-121.025827">
<ele>447</ele>
<time>2026-10-02T11:27:24Z</time></trkpt>
<trkpt lat="38.898746" lon="-121.02569">
<ele>447</ele>
<time>2026-10-02T11:27:33Z</time></trkpt>
<trkpt lat="38.898864" lon="-121.025656">
<ele>446</ele>
<time>2026-10-02T11:27:38Z</time></trkpt>
<trkpt lat="38.899187" lon="-121.025663">
<ele>445</ele>
<time>2026-10-02T11:27:51Z</time></trkpt>
<trkpt lat="38.899999" lon="-121.025854">
<ele>440</ele>
<time>2026-10-02T11:28:24Z</time></trkpt>
<trkpt lat="38.900551" lon="-121.02611">
<ele>432</ele>
<time>2026-10-02T11:28:48Z</time></trkpt>
<trkpt lat="38.90079" lon="-121.026176">
<ele>430</ele>
<time>2026-10-02T11:28:57Z</time></trkpt>
<trkpt lat="38.900913" lon="-121.026159">
<ele>429</ele>
<time>2026-10-02T11:29:02Z</time></trkpt>
<trkpt lat="38.900992" lon="-121.026115">
<ele>428</ele>
<time>2026-10-02T11:29:06Z</time></trkpt>
<trkpt lat="38.901126" lon="-121.025937">
<ele>429</ele>
<time>2026-10-02T11:29:14Z</time></trkpt>
<trkpt lat="38.901237" lon="-121.02585">
<ele>428</ele>
<time>2026-10-02T11:29:19Z</time></trkpt>
<trkpt lat="38.901332" lon="-121.025832">
<ele>426</ele>
<time>2026-10-02T11:29:23Z</time></trkpt>
<trkpt lat="38.901456" lon="-121.025882">
<ele>423</ele>
<time>2026-10-02T11:29:28Z</time></trkpt>
<trkpt lat="38.901538" lon="-121.025947">
<ele>422</ele>
<time>2026-10-02T11:29:32Z</time></trkpt>
<trkpt lat="38.901764" lon="-121.026217">
<ele>421</ele>
<time>2026-10-02T11:29:44Z</time></trkpt>
<trkpt lat="38.90185" lon="-121.026267">
<ele>421</ele>
<time>2026-10-02T11:29:48Z</time></trkpt>
<trkpt lat="38.90212" lon="-121.026315">
<ele>418</ele>
<time>2026-10-02T11:29:59Z</time></trkpt>
<trkpt lat="38.902511" lon="-121.026425">
<ele>414</ele>
<time>2026-10-02T11:30:15Z</time></trkpt>
<trkpt lat="38.902633" lon="-121.02648">
<ele>413</ele>
<time>2026-10-02T11:30:20Z</time></trkpt>
<trkpt lat="38.902852" lon="-121.026686">
<ele>412</ele>
<time>2026-10-02T11:30:31Z</time></trkpt>
<trkpt lat="38.902997" lon="-121.026885">
<ele>412</ele>
<time>2026-10-02T11:30:39Z</time></trkpt>
<trkpt lat="38.90305" lon="-121.026929">
<ele>411</ele>
<time>2026-10-02T11:30:42Z</time></trkpt>
<trkpt lat="38.90305" lon="-121.026929">
<ele>411</ele>
<time>2026-10-02T11:30:42Z</time></trkpt>
<trkpt lat="38.90313" lon="-121.026995">
<ele>411</ele>
<time>2026-10-02T11:30:46Z</time></trkpt>
<trkpt lat="38.90326" lon="-121.027061">
<ele>411</ele>
<time>2026-10-02T11:30:51Z</time></trkpt>
<trkpt lat="38.903346" lon="-121.027078">
<ele>410</ele>
<time>2026-10-02T11:30:55Z</time></trkpt>
<trkpt lat="38.903929" lon="-121.027079">
<ele>406</ele>
<time>2026-10-02T11:31:18Z</time></trkpt>
<trkpt lat="38.904201" lon="-121.027155">
<ele>404</ele>
<time>2026-10-02T11:31:29Z</time></trkpt>
<trkpt lat="38.904631" lon="-121.027358">
<ele>398</ele>
<time>2026-10-02T11:31:48Z</time></trkpt>
<trkpt lat="38.904725" lon="-121.027379">
<ele>397</ele>
<time>2026-10-02T11:31:52Z</time></trkpt>
<trkpt lat="38.904833" lon="-121.027376">
<ele>396</ele>
<time>2026-10-02T11:31:56Z</time></trkpt>
<trkpt lat="38.904965" lon="-121.027348">
<ele>395</ele>
<time>2026-10-02T11:32:01Z</time></trkpt>
<trkpt lat="38.90504" lon="-121.027332">
<ele>395</ele>
<time>2026-10-02T11:32:04Z</time></trkpt>
<trkpt lat="38.905419" lon="-121.027335">
<ele>393</ele>
<time>2026-10-02T11:32:19Z</time></trkpt>
<trkpt lat="38.905513" lon="-121.027316">
<ele>392</ele>
<time>2026-10-02T11:32:23Z</time></trkpt>
<trkpt lat="38.905593" lon="-121.027254">
<ele>391</ele>
<time>2026-10-02T11:32:27Z</time></trkpt>
<trkpt lat="38.905679" lon="-121.027109">
<ele>389</ele>
<time>2026-10-02T11:32:33Z</time></trkpt>
<trkpt lat="38.905735" lon="-121.026957">
<ele>387</ele>
<time>2026-10-02T11:32:38Z</time></trkpt>
<trkpt lat="38.90574" lon="-121.026623">
<ele>386</ele>
<time>2026-10-02T11:32:48Z</time></trkpt>
<trkpt lat="38.905776" lon="-121.026559">
<ele>385</ele>
<time>2026-10-02T11:32:51Z</time></trkpt>
<trkpt lat="38.905839" lon="-121.026536">
<ele>384</ele>
<time>2026-10-02T11:32:53Z</time></trkpt>
<trkpt lat="38.906145" lon="-121.026648">
<ele>376</ele>
<time>2026-10-02T11:33:06Z</time></trkpt>
<trkpt lat="38.906297" lon="-121.026651">
<ele>375</ele>
<time>2026-10-02T11:33:12Z</time></trkpt>
<trkpt lat="38.906454" lon="-121.026683">
<ele>372</ele>
<time>2026-10-02T11:33:19Z</time></trkpt>
<trkpt lat="38.906454" lon="-121.026684">
<ele>372</ele>
<time>2026-10-02T11:33:19Z</time></trkpt>
<trkpt lat="38.906661" lon="-121.026689">
<ele>370</ele>
<time>2026-10-02T11:33:27Z</time></trkpt>
<trkpt lat="38.906814" lon="-121.026648">
<ele>367</ele>
<time>2026-10-02T11:33:33Z</time></trkpt>
<trkpt lat="38.906902" lon="-121.026603">
<ele>366</ele>
<time>2026-10-02T11:33:37Z</time></trkpt>
<trkpt lat="38.90726" lon="-121.026319">
<ele>359</ele>
<time>2026-10-02T11:33:54Z</time></trkpt>
<trkpt lat="38.907381" lon="-121.026168">
<ele>359</ele>
<time>2026-10-02T11:34:01Z</time></trkpt>
<trkpt lat="38.907483" lon="-121.02599">
<ele>361</ele>
<time>2026-10-02T11:34:08Z</time></trkpt>
<trkpt lat="38.907513" lon="-121.025975">
<ele>360</ele>
<time>2026-10-02T11:34:09Z</time></trkpt>
<trkpt lat="38.907527" lon="-121.026026">
<ele>357</ele>
<time>2026-10-02T11:34:11Z</time></trkpt>
<trkpt lat="38.907247" lon="-121.026746">
<ele>352</ele>
<time>2026-10-02T11:34:36Z</time></trkpt>
<trkpt lat="38.90723" lon="-121.02684">
<ele>355</ele>
<time>2026-10-02T11:34:39Z</time></trkpt>
<trkpt lat="38.907248" lon="-121.02688">
<ele>357</ele>
<time>2026-10-02T11:34:40Z</time></trkpt>
<trkpt lat="38.907366" lon="-121.026891">
<ele>357</ele>
<time>2026-10-02T11:34:45Z</time></trkpt>
<trkpt lat="38.907741" lon="-121.026836">
<ele>356</ele>
<time>2026-10-02T11:35:00Z</time></trkpt>
<trkpt lat="38.907975" lon="-121.026688">
<ele>350</ele>
<time>2026-10-02T11:35:10Z</time></trkpt>
<trkpt lat="38.908117" lon="-121.026645">
<ele>347</ele>
<time>2026-10-02T11:35:16Z</time></trkpt>
<trkpt lat="38.908222" lon="-121.026664">
<ele>346</ele>
<time>2026-10-02T11:35:21Z</time></trkpt>
<trkpt lat="38.908336" lon="-121.026743">
<ele>344</ele>
<time>2026-10-02T11:35:26Z</time></trkpt>
<trkpt lat="38.908398" lon="-121.026835">
<ele>342</ele>
<time>2026-10-02T11:35:30Z</time></trkpt>
<trkpt lat="38.908639" lon="-121.027396">
<ele>338</ele>
<time>2026-10-02T11:35:49Z</time></trkpt>
<trkpt lat="38.908714" lon="-121.027521">
<ele>338</ele>
<time>2026-10-02T11:35:54Z</time></trkpt>
<trkpt lat="38.909097" lon="-121.02793">
<ele>329</ele>
<time>2026-10-02T11:36:14Z</time></trkpt>
<trkpt lat="38.90953" lon="-121.02847">
<ele>325</ele>
<time>2026-10-02T11:36:39Z</time></trkpt>
<trkpt lat="38.90953" lon="-121.02847">
<ele>325</ele>
<time>2026-10-02T11:36:39Z</time></trkpt>
<trkpt lat="38.909586" lon="-121.028521">
<ele>323</ele>
<time>2026-10-02T11:36:41Z</time></trkpt>
<trkpt lat="38.909898" lon="-121.028719">
<ele>313</ele>
<time>2026-10-02T11:36:55Z</time></trkpt>
<trkpt lat="38.910109" lon="-121.028933">
<ele>310</ele>
<time>2026-10-02T11:37:06Z</time></trkpt>
<trkpt lat="38.910412" lon="-121.029441">
<ele>311</ele>
<time>2026-10-02T11:37:26Z</time></trkpt>
<trkpt lat="38.910498" lon="-121.029637">
<ele>310</ele>
<time>2026-10-02T11:37:33Z</time></trkpt>
<trkpt lat="38.910643" lon="-121.030116">
<ele>306</ele>
<time>2026-10-02T11:37:49Z</time></trkpt>
<trkpt lat="38.910738" lon="-121.030584">
<ele>302</ele>
<time>2026-10-02T11:38:04Z</time></trkpt>
<trkpt lat="38.910753" lon="-121.03074">
<ele>300</ele>
<time>2026-10-02T11:38:09Z</time></trkpt>
<trkpt lat="38.910731" lon="-121.030873">
<ele>299</ele>
<time>2026-10-02T11:38:13Z</time></trkpt>
<trkpt lat="38.91068" lon="-121.030998">
<ele>298</ele>
<time>2026-10-02T11:38:18Z</time></trkpt>
<trkpt lat="38.910624" lon="-121.031047">
<ele>299</ele>
<time>2026-10-02T11:38:20Z</time></trkpt>
<trkpt lat="38.910493" lon="-121.031074">
<ele>300</ele>
<time>2026-10-02T11:38:26Z</time></trkpt>
<trkpt lat="38.910304" lon="-121.031072">
<ele>300</ele>
<time>2026-10-02T11:38:33Z</time></trkpt>
<trkpt lat="38.910043" lon="-121.031115">
<ele>295</ele>
<time>2026-10-02T11:38:44Z</time></trkpt>
<trkpt lat="38.90963" lon="-121.030972">
<ele>293</ele>
<time>2026-10-02T11:39:01Z</time></trkpt>
<trkpt lat="38.909502" lon="-121.030947">
<ele>291</ele>
<time>2026-10-02T11:39:06Z</time></trkpt>
<trkpt lat="38.909448" lon="-121.030989">
<ele>289</ele>
<time>2026-10-02T11:39:09Z</time></trkpt>
<trkpt lat="38.909482" lon="-121.031123">
<ele>286</ele>
<time>2026-10-02T11:39:13Z</time></trkpt>
<trkpt lat="38.90963" lon="-121.031324">
<ele>284</ele>
<time>2026-10-02T11:39:22Z</time></trkpt>
<trkpt lat="38.909655" lon="-121.031419">
<ele>282</ele>
<time>2026-10-02T11:39:25Z</time></trkpt>
<trkpt lat="38.909656" lon="-121.031848">
<ele>272</ele>
<time>2026-10-02T11:39:38Z</time></trkpt>
<trkpt lat="38.909656" lon="-121.031848">
<ele>272</ele>
<time>2026-10-02T11:39:38Z</time></trkpt>
<trkpt lat="38.909657" lon="-121.032247">
<ele>267</ele>
<time>2026-10-02T11:39:51Z</time></trkpt>
<trkpt lat="38.909615" lon="-121.03238">
<ele>267</ele>
<time>2026-10-02T11:39:55Z</time></trkpt>
<trkpt lat="38.909425" lon="-121.032736">
<ele>269</ele>
<time>2026-10-02T11:40:09Z</time></trkpt>
<trkpt lat="38.909274" lon="-121.032964">
<ele>271</ele>
<time>2026-10-02T11:40:18Z</time></trkpt>
<trkpt lat="38.909251" lon="-121.033048">
<ele>270</ele>
<time>2026-10-02T11:40:21Z</time></trkpt>
<trkpt lat="38.90925" lon="-121.033158">
<ele>269</ele>
<time>2026-10-02T11:40:24Z</time></trkpt>
<trkpt lat="38.909273" lon="-121.033243">
<ele>267</ele>
<time>2026-10-02T11:40:27Z</time></trkpt>
<trkpt lat="38.909427" lon="-121.033615">
<ele>258</ele>
<time>2026-10-02T11:40:40Z</time></trkpt>
<trkpt lat="38.909451" lon="-121.033768">
<ele>256</ele>
<time>2026-10-02T11:40:45Z</time></trkpt>
<trkpt lat="38.909436" lon="-121.033878">
<ele>257</ele>
<time>2026-10-02T11:40:48Z</time></trkpt>
<trkpt lat="38.909299" lon="-121.034177">
<ele>260</ele>
<time>2026-10-02T11:40:59Z</time></trkpt>
<trkpt lat="38.909297" lon="-121.034304">
<ele>261</ele>
<time>2026-10-02T11:41:03Z</time></trkpt>
<trkpt lat="38.909342" lon="-121.034371">
<ele>260</ele>
<time>2026-10-02T11:41:06Z</time></trkpt>
<trkpt lat="38.909411" lon="-121.034391">
<ele>258</ele>
<time>2026-10-02T11:41:09Z</time></trkpt>
<trkpt lat="38.909833" lon="-121.034389">
<ele>249</ele>
<time>2026-10-02T11:41:26Z</time></trkpt>
<trkpt lat="38.91027" lon="-121.034504">
<ele>240</ele>
<time>2026-10-02T11:41:44Z</time></trkpt>
<trkpt lat="38.910394" lon="-121.034555">
<ele>239</ele>
<time>2026-10-02T11:41:49Z</time></trkpt>
<trkpt lat="38.910471" lon="-121.034629">
<ele>238</ele>
<time>2026-10-02T11:41:53Z</time></trkpt>
<trkpt lat="38.910543" lon="-121.034729">
<ele>237</ele>
<time>2026-10-02T11:41:57Z</time></trkpt>
<trkpt lat="38.910772" lon="-121.035232">
<ele>235</ele>
<time>2026-10-02T11:42:15Z</time></trkpt>
<trkpt lat="38.910817" lon="-121.035285">
<ele>233</ele>
<time>2026-10-02T11:42:18Z</time></trkpt>
<trkpt lat="38.911023" lon="-121.035422">
<ele>232</ele>
<time>2026-10-02T11:42:27Z</time></trkpt>
<trkpt lat="38.911023" lon="-121.035422">
<ele>232</ele>
<time>2026-10-02T11:42:27Z</time></trkpt>
<trkpt lat="38.91135" lon="-121.035638">
<ele>228</ele>
<time>2026-10-02T11:42:42Z</time></trkpt>
<trkpt lat="38.911806" lon="-121.035879">
<ele>224</ele>
<time>2026-10-02T11:43:01Z</time></trkpt>
<trkpt lat="38.911874" lon="-121.035948">
<ele>225</ele>
<time>2026-10-02T11:43:05Z</time></trkpt>
<trkpt lat="38.912429" lon="-121.03676">
<ele>227</ele>
<time>2026-10-02T11:43:38Z</time></trkpt>
<trkpt lat="38.912735" lon="-121.037107">
<ele>217</ele>
<time>2026-10-02T11:43:55Z</time></trkpt>
<trkpt lat="38.912851" lon="-121.037213">
<ele>216</ele>
<time>2026-10-02T11:44:01Z</time></trkpt>
<trkpt lat="38.912999" lon="-121.037311">
<ele>216</ele>
<time>2026-10-02T11:44:07Z</time></trkpt>
<trkpt lat="38.913183" lon="-121.037392">
<ele>213</ele>
<time>2026-10-02T11:44:15Z</time></trkpt>
<trkpt lat="38.913375" lon="-121.037535">
<ele>209</ele>
<time>2026-10-02T11:44:24Z</time></trkpt>
<trkpt lat="38.913457" lon="-121.03766">
<ele>209</ele>
<time>2026-10-02T11:44:29Z</time></trkpt>
<trkpt lat="38.913938" lon="-121.03865">
<ele>210</ele>
<time>2026-10-02T11:45:05Z</time></trkpt>
<trkpt lat="38.914028" lon="-121.038789">
<ele>210</ele>
<time>2026-10-02T11:45:11Z</time></trkpt>
<trkpt lat="38.914309" lon="-121.039088">
<ele>207</ele>
<time>2026-10-02T11:45:26Z</time></trkpt>
<trkpt lat="38.914403" lon="-121.039254">
<ele>206</ele>
<time>2026-10-02T11:45:32Z</time></trkpt>
<trkpt lat="38.914533" lon="-121.03969">
<ele>202</ele>
<time>2026-10-02T11:45:47Z</time></trkpt>
<trkpt lat="38.914537" lon="-121.039911">
<ele>200</ele>
<time>2026-10-02T11:45:53Z</time></trkpt>
<trkpt lat="38.914507" lon="-121.040085">
<ele>198</ele>
<time>2026-10-02T11:45:59Z</time></trkpt>
<trkpt lat="38.914448" lon="-121.040208">
<ele>198</ele>
<time>2026-10-02T11:46:04Z</time></trkpt>
<trkpt lat="38.914271" lon="-121.040383">
<ele>202</ele>
<time>2026-10-02T11:46:13Z</time></trkpt>
<trkpt lat="38.914271" lon="-121.040383">
<ele>202</ele>
<time>2026-10-02T11:46:13Z</time></trkpt>
<trkpt lat="38.913982" lon="-121.040584">
<ele>202</ele>
<time>2026-10-02T11:46:26Z</time></trkpt>
<trkpt lat="38.913857" lon="-121.040634">
<ele>201</ele>
<time>2026-10-02T11:46:31Z</time></trkpt>
<trkpt lat="38.913731" lon="-121.040592">
<ele>203</ele>
<time>2026-10-02T11:46:36Z</time></trkpt>
<trkpt lat="38.913612" lon="-121.040586">
<ele>203</ele>
<time>2026-10-02T11:46:41Z</time></trkpt>
<trkpt lat="38.913279" lon="-121.040746">
<ele>202</ele>
<time>2026-10-02T11:46:55Z</time></trkpt>
<trkpt lat="38.91303" lon="-121.040802">
<ele>199</ele>
<time>2026-10-02T11:47:05Z</time></trkpt>
<trkpt lat="38.912952" lon="-121.040808">
<ele>196</ele>
<time>2026-10-02T11:47:08Z</time></trkpt>
<trkpt lat="38.912816" lon="-121.040707">
<ele>196</ele>
<time>2026-10-02T11:47:15Z</time></trkpt>
<trkpt lat="38.912782" lon="-121.040713">
<ele>194</ele>
<time>2026-10-02T11:47:16Z</time></trkpt>
<trkpt lat="38.912774" lon="-121.040774">
<ele>192</ele>
<time>2026-10-02T11:47:18Z</time></trkpt>
<trkpt lat="38.912774" lon="-121.040774">
<ele>192</ele>
<time>2026-10-02T11:47:18Z</time></trkpt>
<trkpt lat="38.912852" lon="-121.04092">
<ele>189</ele>
<time>2026-10-02T11:47:24Z</time></trkpt>
<trkpt lat="38.912928" lon="-121.041004">
<ele>186</ele>
<time>2026-10-02T11:47:28Z</time></trkpt>
<trkpt lat="38.912989" lon="-121.041038">
<ele>185</ele>
<time>2026-10-02T11:47:30Z</time></trkpt>
<trkpt lat="38.913138" lon="-121.04101">
<ele>186</ele>
<time>2026-10-02T11:47:36Z</time></trkpt>
<trkpt lat="38.913166" lon="-121.041017">
<ele>185</ele>
<time>2026-10-02T11:47:37Z</time></trkpt>
<trkpt lat="38.913189" lon="-121.041065">
<ele>181</ele>
<time>2026-10-02T11:47:39Z</time></trkpt>
<trkpt lat="38.913054" lon="-121.041189">
<ele>177</ele>
<time>2026-10-02T11:47:46Z</time></trkpt>
<trkpt lat="38.91203" lon="-121.042428">
<ele>180</ele>
<time>2026-10-02T11:48:42Z</time></trkpt>
<trkpt lat="38.911925" lon="-121.042537">
<ele>186</ele>
<time>2026-10-02T11:48:48Z</time></trkpt>
<trkpt lat="38.911734" lon="-121.042661">
<ele>188</ele>
<time>2026-10-02T11:48:56Z</time></trkpt>
<trkpt lat="38.911488" lon="-121.042723">
<ele>185</ele>
<time>2026-10-02T11:49:06Z</time></trkpt>
<trkpt lat="38.911366" lon="-121.042774">
<ele>185</ele>
<time>2026-10-02T11:49:11Z</time></trkpt>
<trkpt lat="38.911171" lon="-121.042891">
<ele>186</ele>
<time>2026-10-02T11:49:20Z</time></trkpt>
<trkpt lat="38.910624" lon="-121.043346">
<ele>189</ele>
<time>2026-10-02T11:49:46Z</time></trkpt>
<trkpt lat="38.910075" lon="-121.043557">
<ele>193</ele>
<time>2026-10-02T11:50:09Z</time></trkpt>
<trkpt lat="38.910075" lon="-121.043557">
<ele>193</ele>
<time>2026-10-02T11:50:09Z</time></trkpt>
<trkpt lat="38.909728" lon="-121.043582">
<ele>189</ele>
<time>2026-10-02T11:50:23Z</time></trkpt>
<trkpt lat="38.90902" lon="-121.04369">
<ele>189</ele>
<time>2026-10-02T11:50:52Z</time></trkpt>
<trkpt lat="38.908756" lon="-121.043763">
<ele>191</ele>
<time>2026-10-02T11:51:02Z</time></trkpt>
<trkpt lat="38.908547" lon="-121.043878">
<ele>192</ele>
<time>2026-10-02T11:51:11Z</time></trkpt>
<trkpt lat="38.908359" lon="-121.044061">
<ele>194</ele>
<time>2026-10-02T11:51:21Z</time></trkpt>
<trkpt lat="38.908089" lon="-121.044481">
<ele>195</ele>
<time>2026-10-02T11:51:38Z</time></trkpt>
<trkpt lat="38.90794" lon="-121.044776">
<ele>195</ele>
<time>2026-10-02T11:51:49Z</time></trkpt>
<trkpt lat="38.907809" lon="-121.044955">
<ele>196</ele>
<time>2026-10-02T11:51:57Z</time></trkpt>
<trkpt lat="38.907596" lon="-121.045117">
<ele>197</ele>
<time>2026-10-02T11:52:06Z</time></trkpt>
<trkpt lat="38.907492" lon="-121.04516">
<ele>197</ele>
<time>2026-10-02T11:52:11Z</time></trkpt>
<trkpt lat="38.907102" lon="-121.045262">
<ele>198</ele>
<time>2026-10-02T11:52:27Z</time></trkpt>
<trkpt lat="38.907001" lon="-121.045308">
<ele>199</ele>
<time>2026-10-02T11:52:31Z</time></trkpt>
<trkpt lat="38.906675" lon="-121.045579">
<ele>200</ele>
<time>2026-10-02T11:52:47Z</time></trkpt>
<trkpt lat="38.906543" lon="-121.045748">
<ele>200</ele>
<time>2026-10-02T11:52:54Z</time></trkpt>
<trkpt lat="38.906411" lon="-121.045968">
<ele>200</ele>
<time>2026-10-02T11:53:03Z</time></trkpt>
<trkpt lat="38.906411" lon="-121.045968">
<ele>200</ele>
<time>2026-10-02T11:53:03Z</time></trkpt>
<trkpt lat="38.906345" lon="-121.046158">
<ele>200</ele>
<time>2026-10-02T11:53:09Z</time></trkpt>
<trkpt lat="38.906363" lon="-121.046337">
<ele>199</ele>
<time>2026-10-02T11:53:15Z</time></trkpt>
<trkpt lat="38.90652" lon="-121.046528">
<ele>202</ele>
<time>2026-10-02T11:53:24Z</time></trkpt>
<trkpt lat="38.906533" lon="-121.046587">
<ele>202</ele>
<time>2026-10-02T11:53:25Z</time></trkpt>
<trkpt lat="38.90636" lon="-121.046876">
<ele>200</ele>
<time>2026-10-02T11:53:37Z</time></trkpt>
<trkpt lat="38.906334" lon="-121.046963">
<ele>202</ele>
<time>2026-10-02T11:53:40Z</time></trkpt>
<trkpt lat="38.906323" lon="-121.047103">
<ele>205</ele>
<time>2026-10-02T11:53:44Z</time></trkpt>
<trkpt lat="38.906294" lon="-121.047172">
<ele>206</ele>
<time>2026-10-02T11:53:47Z</time></trkpt>
<trkpt lat="38.906092" lon="-121.047263">
<ele>203</ele>
<time>2026-10-02T11:53:55Z</time></trkpt>
<trkpt lat="38.906033" lon="-121.047333">
<ele>203</ele>
<time>2026-10-02T11:53:58Z</time></trkpt>
<trkpt lat="38.905941" lon="-121.047708">
<ele>205</ele>
<time>2026-10-02T11:54:11Z</time></trkpt>
<trkpt lat="38.905939" lon="-121.047884">
<ele>205</ele>
<time>2026-10-02T11:54:16Z</time></trkpt>
<trkpt lat="38.905965" lon="-121.048047">
<ele>205</ele>
<time>2026-10-02T11:54:21Z</time></trkpt>
<trkpt lat="38.906035" lon="-121.048259">
<ele>205</ele>
<time>2026-10-02T11:54:29Z</time></trkpt>
<trkpt lat="38.906164" lon="-121.048577">
<ele>204</ele>
<time>2026-10-02T11:54:40Z</time></trkpt>
<trkpt lat="38.90626" lon="-121.048749">
<ele>205</ele>
<time>2026-10-02T11:54:46Z</time></trkpt>
<trkpt lat="38.906272" lon="-121.048922">
<ele>203</ele>
<time>2026-10-02T11:54:52Z</time></trkpt>
<trkpt lat="38.906399" lon="-121.04906">
<ele>206</ele>
<time>2026-10-02T11:54:58Z</time></trkpt>
<trkpt lat="38.906433" lon="-121.049134">
<ele>206</ele>
<time>2026-10-02T11:55:01Z</time></trkpt>
<trkpt lat="38.906318" lon="-121.049242">
<ele>207</ele>
<time>2026-10-02T11:55:07Z</time></trkpt>
<trkpt lat="38.90614" lon="-121.04927">
<ele>208</ele>
<time>2026-10-02T11:55:14Z</time></trkpt>
<trkpt lat="38.906032" lon="-121.049307">
<ele>208</ele>
<time>2026-10-02T11:55:18Z</time></trkpt>
<trkpt lat="38.905987" lon="-121.049356">
<ele>210</ele>
<time>2026-10-02T11:55:21Z</time></trkpt>
<trkpt lat="38.905658" lon="-121.050342">
<ele>208</ele>
<time>2026-10-02T11:55:54Z</time></trkpt>
<trkpt lat="38.905445" lon="-121.050663">
<ele>214</ele>
<time>2026-10-02T11:56:07Z</time></trkpt>
<trkpt lat="38.905296" lon="-121.050812">
<ele>213</ele>
<time>2026-10-02T11:56:15Z</time></trkpt>
<trkpt lat="38.905296" lon="-121.050812">
<ele>213</ele>
<time>2026-10-02T11:56:15Z</time></trkpt>
<trkpt lat="38.905203" lon="-121.050906">
<ele>210</ele>
<time>2026-10-02T11:56:20Z</time></trkpt>
<trkpt lat="38.905174" lon="-121.050974">
<ele>210</ele>
<time>2026-10-02T11:56:22Z</time></trkpt>
<trkpt lat="38.905143" lon="-121.051119">
<ele>213</ele>
<time>2026-10-02T11:56:27Z</time></trkpt>
<trkpt lat="38.905112" lon="-121.05114">
<ele>212</ele>
<time>2026-10-02T11:56:28Z</time></trkpt>
<trkpt lat="38.904771" lon="-121.051063">
<ele>213</ele>
<time>2026-10-02T11:56:42Z</time></trkpt>
<trkpt lat="38.904469" lon="-121.051042">
<ele>215</ele>
<time>2026-10-02T11:56:54Z</time></trkpt>
<trkpt lat="38.904095" lon="-121.050983">
<ele>215</ele>
<time>2026-10-02T11:57:09Z</time></trkpt>
<trkpt lat="38.903963" lon="-121.051002">
<ele>216</ele>
<time>2026-10-02T11:57:15Z</time></trkpt>
<trkpt lat="38.903323" lon="-121.051226">
<ele>220</ele>
<time>2026-10-02T11:57:41Z</time></trkpt>
<trkpt lat="38.903184" lon="-121.0513">
<ele>220</ele>
<time>2026-10-02T11:57:47Z</time></trkpt>
<trkpt lat="38.902867" lon="-121.051414">
<ele>220</ele>
<time>2026-10-02T11:58:00Z</time></trkpt>
<trkpt lat="38.902743" lon="-121.051498">
<ele>220</ele>
<time>2026-10-02T11:58:06Z</time></trkpt>
<trkpt lat="38.902201" lon="-121.052077">
<ele>221</ele>
<time>2026-10-02T11:58:34Z</time></trkpt>
<trkpt lat="38.902008" lon="-121.05229">
<ele>222</ele>
<time>2026-10-02T11:58:45Z</time></trkpt>
<trkpt lat="38.90185" lon="-121.052526">
<ele>223</ele>
<time>2026-10-02T11:58:54Z</time></trkpt>
<trkpt lat="38.901798" lon="-121.052634">
<ele>223</ele>
<time>2026-10-02T11:58:58Z</time></trkpt>
<trkpt lat="38.901568" lon="-121.053498">
<ele>224</ele>
<time>2026-10-02T11:59:27Z</time></trkpt>
<trkpt lat="38.9015" lon="-121.05364">
<ele>225</ele>
<time>2026-10-02T11:59:32Z</time></trkpt>
<trkpt lat="38.901417" lon="-121.053766">
<ele>226</ele>
<time>2026-10-02T11:59:37Z</time></trkpt>
<trkpt lat="38.901224" lon="-121.053953">
<ele>228</ele>
<time>2026-10-02T11:59:47Z</time></trkpt>
<trkpt lat="38.900923" lon="-121.054125">
<ele>229</ele>
<time>2026-10-02T12:00:00Z</time></trkpt>
<trkpt lat="38.900923" lon="-121.054124">
<ele>229</ele>
<time>2026-10-02T12:00:00Z</time></trkpt>
<trkpt lat="38.900863" lon="-121.054158">
<ele>229</ele>
<time>2026-10-02T12:00:03Z</time></trkpt>
<trkpt lat="38.900709" lon="-121.054335">
<ele>232</ele>
<time>2026-10-02T12:00:11Z</time></trkpt>
<trkpt lat="38.900493" lon="-121.05451">
<ele>232</ele>
<time>2026-10-02T12:00:21Z</time></trkpt>
<trkpt lat="38.899993" lon="-121.05476">
<ele>234</ele>
<time>2026-10-02T12:00:43Z</time></trkpt>
<trkpt lat="38.899621" lon="-121.054976">
<ele>239</ele>
<time>2026-10-02T12:00:59Z</time></trkpt>
<trkpt lat="38.898765" lon="-121.055157">
<ele>237</ele>
<time>2026-10-02T12:01:34Z</time></trkpt>
<trkpt lat="38.898492" lon="-121.055238">
<ele>237</ele>
<time>2026-10-02T12:01:45Z</time></trkpt>
<trkpt lat="38.898387" lon="-121.055297">
<ele>238</ele>
<time>2026-10-02T12:01:50Z</time></trkpt>
<trkpt lat="38.898064" lon="-121.055577">
<ele>238</ele>
<time>2026-10-02T12:02:05Z</time></trkpt>
<trkpt lat="38.898001" lon="-121.055745">
<ele>238</ele>
<time>2026-10-02T12:02:11Z</time></trkpt>
<trkpt lat="38.897985" lon="-121.055827">
<ele>239</ele>
<time>2026-10-02T12:02:14Z</time></trkpt>
<trkpt lat="38.897994" lon="-121.055953">
<ele>241</ele>
<time>2026-10-02T12:02:18Z</time></trkpt>
<trkpt lat="38.898011" lon="-121.055964">
<ele>241</ele>
<time>2026-10-02T12:02:18Z</time></trkpt>
<trkpt lat="38.898086" lon="-121.05586">
<ele>242</ele>
<time>2026-10-02T12:02:23Z</time></trkpt>
<trkpt lat="38.898287" lon="-121.055783">
<ele>247</ele>
<time>2026-10-02T12:02:31Z</time></trkpt>
<trkpt lat="38.898449" lon="-121.05554">
<ele>248</ele>
<time>2026-10-02T12:02:41Z</time></trkpt>
<trkpt lat="38.898461" lon="-121.055529">
<ele>248</ele>
<time>2026-10-02T12:02:42Z</time></trkpt>
<trkpt lat="38.898471" lon="-121.055542">
<ele>248</ele>
<time>2026-10-02T12:02:42Z</time></trkpt>
<trkpt lat="38.898444" lon="-121.055829">
<ele>253</ele>
<time>2026-10-02T12:02:51Z</time></trkpt>
<trkpt lat="38.898314" lon="-121.056165">
<ele>255</ele>
<time>2026-10-02T12:03:03Z</time></trkpt>
<trkpt lat="38.898206" lon="-121.056374">
<ele>254</ele>
<time>2026-10-02T12:03:11Z</time></trkpt>
<trkpt lat="38.898199" lon="-121.056429">
<ele>254</ele>
<time>2026-10-02T12:03:13Z</time></trkpt>
<trkpt lat="38.898215" lon="-121.056602">
<ele>254</ele>
<time>2026-10-02T12:03:18Z</time></trkpt>
<trkpt lat="38.898148" lon="-121.056704">
<ele>253</ele>
<time>2026-10-02T12:03:22Z</time></trkpt>
<trkpt lat="38.898131" lon="-121.056787">
<ele>254</ele>
<time>2026-10-02T12:03:25Z</time></trkpt>
<trkpt lat="38.898109" lon="-121.056811">
<ele>255</ele>
<time>2026-10-02T12:03:26Z</time></trkpt>
<trkpt lat="38.898048" lon="-121.056835">
<ele>255</ele>
<time>2026-10-02T12:03:29Z</time></trkpt>
<trkpt lat="38.897982" lon="-121.056837">
<ele>256</ele>
<time>2026-10-02T12:03:31Z</time></trkpt>
<trkpt lat="38.897922" lon="-121.056816">
<ele>257</ele>
<time>2026-10-02T12:03:34Z</time></trkpt>
<trkpt lat="38.897825" lon="-121.056761">
<ele>257</ele>
<time>2026-10-02T12:03:38Z</time></trkpt>
<trkpt lat="38.897728" lon="-121.05667">
<ele>257</ele>
<time>2026-10-02T12:03:43Z</time></trkpt>
<trkpt lat="38.897663" lon="-121.056635">
<ele>259</ele>
<time>2026-10-02T12:03:46Z</time></trkpt>
<trkpt lat="38.897651" lon="-121.056651">
<ele>260</ele>
<time>2026-10-02T12:03:46Z</time></trkpt>
<trkpt lat="38.897746" lon="-121.056886">
<ele>263</ele>
<time>2026-10-02T12:03:54Z</time></trkpt>
<trkpt lat="38.897742" lon="-121.05691">
<ele>264</ele>
<time>2026-10-02T12:03:55Z</time></trkpt>
<trkpt lat="38.897726" lon="-121.056914">
<ele>264</ele>
<time>2026-10-02T12:03:56Z</time></trkpt>
<trkpt lat="38.897519" lon="-121.056696">
<ele>267</ele>
<time>2026-10-02T12:04:07Z</time></trkpt>
<trkpt lat="38.897364" lon="-121.056568">
<ele>270</ele>
<time>2026-10-02T12:04:14Z</time></trkpt>
<trkpt lat="38.897279" lon="-121.056534">
<ele>272</ele>
<time>2026-10-02T12:04:18Z</time></trkpt>
<trkpt lat="38.897108" lon="-121.056527">
<ele>275</ele>
<time>2026-10-02T12:04:24Z</time></trkpt>
<trkpt lat="38.896933" lon="-121.056586">
<ele>279</ele>
<time>2026-10-02T12:04:32Z</time></trkpt>
<trkpt lat="38.896907" lon="-121.05661">
<ele>281</ele>
<time>2026-10-02T12:04:33Z</time></trkpt>
<trkpt lat="38.896892" lon="-121.056761">
<ele>285</ele>
<time>2026-10-02T12:04:38Z</time></trkpt>
<trkpt lat="38.896867" lon="-121.056807">
<ele>287</ele>
<time>2026-10-02T12:04:39Z</time></trkpt>
<trkpt lat="38.896827" lon="-121.056837">
<ele>289</ele>
<time>2026-10-02T12:04:41Z</time></trkpt>
<trkpt lat="38.896703" lon="-121.056816">
<ele>291</ele>
<time>2026-10-02T12:04:46Z</time></trkpt>
<trkpt lat="38.896456" lon="-121.056635">
<ele>292</ele>
<time>2026-10-02T12:04:58Z</time></trkpt>
<trkpt lat="38.896292" lon="-121.056612">
<ele>294</ele>
<time>2026-10-02T12:05:04Z</time></trkpt>
<trkpt lat="38.895956" lon="-121.056749">
<ele>300</ele>
<time>2026-10-02T12:05:18Z</time></trkpt>
<trkpt lat="38.895786" lon="-121.056844">
<ele>303</ele>
<time>2026-10-02T12:05:26Z</time></trkpt>
<trkpt lat="38.895635" lon="-121.056961">
<ele>307</ele>
<time>2026-10-02T12:05:33Z</time></trkpt>
<trkpt lat="38.895635" lon="-121.056961">
<ele>307</ele>
<time>2026-10-02T12:05:33Z</time></trkpt>
<trkpt lat="38.895477" lon="-121.057053">
<ele>311</ele>
<time>2026-10-02T12:05:40Z</time></trkpt>
<trkpt lat="38.895224" lon="-121.057087">
<ele>316</ele>
<time>2026-10-02T12:05:50Z</time></trkpt>
<trkpt lat="38.895053" lon="-121.057081">
<ele>319</ele>
<time>2026-10-02T12:05:57Z</time></trkpt>
<trkpt lat="38.894891" lon="-121.057079">
<ele>322</ele>
<time>2026-10-02T12:06:03Z</time></trkpt>
<trkpt lat="38.894776" lon="-121.057051">
<ele>322</ele>
<time>2026-10-02T12:06:08Z</time></trkpt>
<trkpt lat="38.894722" lon="-121.057004">
<ele>322</ele>
<time>2026-10-02T12:06:11Z</time></trkpt>
<trkpt lat="38.894622" lon="-121.05686">
<ele>323</ele>
<time>2026-10-02T12:06:17Z</time></trkpt>
<trkpt lat="38.894565" lon="-121.056589">
<ele>321</ele>
<time>2026-10-02T12:06:26Z</time></trkpt>
<trkpt lat="38.894447" lon="-121.056284">
<ele>319</ele>
<time>2026-10-02T12:06:36Z</time></trkpt>
<trkpt lat="38.8944" lon="-121.055922">
<ele>317</ele>
<time>2026-10-02T12:06:48Z</time></trkpt>
<trkpt lat="38.894355" lon="-121.055796">
<ele>317</ele>
<time>2026-10-02T12:06:52Z</time></trkpt>
<trkpt lat="38.894282" lon="-121.055664">
<ele>317</ele>
<time>2026-10-02T12:06:57Z</time></trkpt>
<trkpt lat="38.894033" lon="-121.055299">
<ele>315</ele>
<time>2026-10-02T12:07:12Z</time></trkpt>
<trkpt lat="38.893885" lon="-121.055129">
<ele>315</ele>
<time>2026-10-02T12:07:20Z</time></trkpt>
<trkpt lat="38.89375" lon="-121.054943">
<ele>316</ele>
<time>2026-10-02T12:07:28Z</time></trkpt>
<trkpt lat="38.893654" lon="-121.05488">
<ele>317</ele>
<time>2026-10-02T12:07:32Z</time></trkpt>
<trkpt lat="38.8934" lon="-121.054832">
<ele>322</ele>
<time>2026-10-02T12:07:43Z</time></trkpt>
<trkpt lat="38.893343" lon="-121.054752">
<ele>321</ele>
<time>2026-10-02T12:07:46Z</time></trkpt>
<trkpt lat="38.89338" lon="-121.054504">
<ele>320</ele>
<time>2026-10-02T12:07:54Z</time></trkpt>
<trkpt lat="38.89338" lon="-121.054043">
<ele>318</ele>
<time>2026-10-02T12:08:08Z</time></trkpt>
<trkpt lat="38.89341" lon="-121.053933">
<ele>318</ele>
<time>2026-10-02T12:08:12Z</time></trkpt>
<trkpt lat="38.893479" lon="-121.053799">
<ele>317</ele>
<time>2026-10-02T12:08:17Z</time></trkpt>
<trkpt lat="38.893726" lon="-121.053432">
<ele>317</ele>
<time>2026-10-02T12:08:32Z</time></trkpt>
<trkpt lat="38.89378" lon="-121.053236">
<ele>317</ele>
<time>2026-10-02T12:08:39Z</time></trkpt>
<trkpt lat="38.893812" lon="-121.052847">
<ele>319</ele>
<time>2026-10-02T12:08:51Z</time></trkpt>
<trkpt lat="38.893831" lon="-121.052782">
<ele>318</ele>
<time>2026-10-02T12:08:53Z</time></trkpt>
<trkpt lat="38.893832" lon="-121.052436">
<ele>318</ele>
<time>2026-10-02T12:09:04Z</time></trkpt>
<trkpt lat="38.893783" lon="-121.052214">
<ele>318</ele>
<time>2026-10-02T12:09:11Z</time></trkpt>
<trkpt lat="38.893644" lon="-121.051919">
<ele>319</ele>
<time>2026-10-02T12:09:22Z</time></trkpt>
<trkpt lat="38.893538" lon="-121.051793">
<ele>319</ele>
<time>2026-10-02T12:09:27Z</time></trkpt>
<trkpt lat="38.89326" lon="-121.051631">
<ele>319</ele>
<time>2026-10-02T12:09:40Z</time></trkpt>
<trkpt lat="38.893172" lon="-121.051551">
<ele>319</ele>
<time>2026-10-02T12:09:44Z</time></trkpt>
<trkpt lat="38.893089" lon="-121.051418">
<ele>317</ele>
<time>2026-10-02T12:09:49Z</time></trkpt>
<trkpt lat="38.893089" lon="-121.051418">
<ele>317</ele>
<time>2026-10-02T12:09:49Z</time></trkpt>
<trkpt lat="38.892947" lon="-121.051193">
<ele>317</ele>
<time>2026-10-02T12:09:58Z</time></trkpt>
<trkpt lat="38.892911" lon="-121.051087">
<ele>317</ele>
<time>2026-10-02T12:10:02Z</time></trkpt>
<trkpt lat="38.892877" lon="-121.050604">
<ele>317</ele>
<time>2026-10-02T12:10:17Z</time></trkpt>
<trkpt lat="38.892808" lon="-121.050366">
<ele>319</ele>
<time>2026-10-02T12:10:25Z</time></trkpt>
<trkpt lat="38.89269" lon="-121.050081">
<ele>321</ele>
<time>2026-10-02T12:10:35Z</time></trkpt>
<trkpt lat="38.892466" lon="-121.049636">
<ele>319</ele>
<time>2026-10-02T12:10:52Z</time></trkpt>
<trkpt lat="38.892337" lon="-121.049593">
<ele>319</ele>
<time>2026-10-02T12:10:57Z</time></trkpt>
<trkpt lat="38.892157" lon="-121.049571">
<ele>321</ele>
<time>2026-10-02T12:11:04Z</time></trkpt>
<trkpt lat="38.891787" lon="-121.049299">
<ele>320</ele>
<time>2026-10-02T12:11:21Z</time></trkpt>
<trkpt lat="38.891554" lon="-121.049301">
<ele>321</ele>
<time>2026-10-02T12:11:31Z</time></trkpt>
<trkpt lat="38.891421" lon="-121.049371">
<ele>323</ele>
<time>2026-10-02T12:11:36Z</time></trkpt>
<trkpt lat="38.891343" lon="-121.049467">
<ele>324</ele>
<time>2026-10-02T12:11:41Z</time></trkpt>
<trkpt lat="38.891266" lon="-121.049623">
<ele>323</ele>
<time>2026-10-02T12:11:46Z</time></trkpt>
<trkpt lat="38.891217" lon="-121.049769">
<ele>323</ele>
<time>2026-10-02T12:11:51Z</time></trkpt>
<trkpt lat="38.891065" lon="-121.050552">
<ele>318</ele>
<time>2026-10-02T12:12:17Z</time></trkpt>
<trkpt lat="38.890991" lon="-121.050885">
<ele>319</ele>
<time>2026-10-02T12:12:27Z</time></trkpt>
<trkpt lat="38.890943" lon="-121.051035">
<ele>320</ele>
<time>2026-10-02T12:12:32Z</time></trkpt>
<trkpt lat="38.890885" lon="-121.051151">
<ele>320</ele>
<time>2026-10-02T12:12:37Z</time></trkpt>
<trkpt lat="38.890723" lon="-121.051297">
<ele>321</ele>
<time>2026-10-02T12:12:45Z</time></trkpt>
<trkpt lat="38.89066" lon="-121.051379">
<ele>321</ele>
<time>2026-10-02T12:12:48Z</time></trkpt>
<trkpt lat="38.890535" lon="-121.051604">
<ele>319</ele>
<time>2026-10-02T12:12:57Z</time></trkpt>
<trkpt lat="38.890488" lon="-121.05173">
<ele>318</ele>
<time>2026-10-02T12:13:01Z</time></trkpt>
<trkpt lat="38.890487" lon="-121.051844">
<ele>318</ele>
<time>2026-10-02T12:13:05Z</time></trkpt>
<trkpt lat="38.890523" lon="-121.051974">
<ele>318</ele>
<time>2026-10-02T12:13:09Z</time></trkpt>
<trkpt lat="38.890661" lon="-121.052154">
<ele>319</ele>
<time>2026-10-02T12:13:17Z</time></trkpt>
<trkpt lat="38.890944" lon="-121.05262">
<ele>320</ele>
<time>2026-10-02T12:13:35Z</time></trkpt>
<trkpt lat="38.890981" lon="-121.052867">
<ele>319</ele>
<time>2026-10-02T12:13:43Z</time></trkpt>
<trkpt lat="38.891079" lon="-121.05316">
<ele>319</ele>
<time>2026-10-02T12:13:53Z</time></trkpt>
<trkpt lat="38.891079" lon="-121.05316">
<ele>319</ele>
<time>2026-10-02T12:13:53Z</time></trkpt>
<trkpt lat="38.891161" lon="-121.053494">
<ele>319</ele>
<time>2026-10-02T12:14:04Z</time></trkpt>
<trkpt lat="38.89124" lon="-121.053702">
<ele>321</ele>
<time>2026-10-02T12:14:11Z</time></trkpt>
<trkpt lat="38.891244" lon="-121.053793">
<ele>321</ele>
<time>2026-10-02T12:14:14Z</time></trkpt>
<trkpt lat="38.891209" lon="-121.053899">
<ele>319</ele>
<time>2026-10-02T12:14:18Z</time></trkpt>
<trkpt lat="38.891099" lon="-121.054018">
<ele>321</ele>
<time>2026-10-02T12:14:24Z</time></trkpt>
<trkpt lat="38.89077" lon="-121.054205">
<ele>321</ele>
<time>2026-10-02T12:14:38Z</time></trkpt>
<trkpt lat="38.890697" lon="-121.054307">
<ele>320</ele>
<time>2026-10-02T12:14:42Z</time></trkpt>
<trkpt lat="38.89062" lon="-121.054516">
<ele>321</ele>
<time>2026-10-02T12:14:50Z</time></trkpt>
<trkpt lat="38.890542" lon="-121.054872">
<ele>319</ele>
<time>2026-10-02T12:15:01Z</time></trkpt>
<trkpt lat="38.890543" lon="-121.055126">
<ele>318</ele>
<time>2026-10-02T12:15:09Z</time></trkpt>
<trkpt lat="38.890564" lon="-121.055262">
<ele>318</ele>
<time>2026-10-02T12:15:13Z</time></trkpt>
<trkpt lat="38.890706" lon="-121.055662">
<ele>320</ele>
<time>2026-10-02T12:15:27Z</time></trkpt>
<trkpt lat="38.890709" lon="-121.055754">
<ele>320</ele>
<time>2026-10-02T12:15:30Z</time></trkpt>
<trkpt lat="38.890683" lon="-121.05578">
<ele>320</ele>
<time>2026-10-02T12:15:31Z</time></trkpt>
<trkpt lat="38.890612" lon="-121.055791">
<ele>320</ele>
<time>2026-10-02T12:15:34Z</time></trkpt>
<trkpt lat="38.89033" lon="-121.05572">
<ele>320</ele>
<time>2026-10-02T12:15:46Z</time></trkpt>
<trkpt lat="38.890079" lon="-121.055699">
<ele>322</ele>
<time>2026-10-02T12:15:56Z</time></trkpt>
<trkpt lat="38.889911" lon="-121.055615">
<ele>321</ele>
<time>2026-10-02T12:16:03Z</time></trkpt>
<trkpt lat="38.889576" lon="-121.055305">
<ele>317</ele>
<time>2026-10-02T12:16:19Z</time></trkpt>
<trkpt lat="38.889459" lon="-121.055246">
<ele>316</ele>
<time>2026-10-02T12:16:24Z</time></trkpt>
<trkpt lat="38.889369" lon="-121.055246">
<ele>315</ele>
<time>2026-10-02T12:16:28Z</time></trkpt>
<trkpt lat="38.889286" lon="-121.055293">
<ele>314</ele>
<time>2026-10-02T12:16:32Z</time></trkpt>
<trkpt lat="38.889221" lon="-121.055373">
<ele>314</ele>
<time>2026-10-02T12:16:35Z</time></trkpt>
<trkpt lat="38.8891" lon="-121.055655">
<ele>313</ele>
<time>2026-10-02T12:16:45Z</time></trkpt>
<trkpt lat="38.888986" lon="-121.055833">
<ele>312</ele>
<time>2026-10-02T12:16:53Z</time></trkpt>
<trkpt lat="38.888602" lon="-121.056242">
<ele>308</ele>
<time>2026-10-02T12:17:13Z</time></trkpt>
<trkpt lat="38.888557" lon="-121.056267">
<ele>306</ele>
<time>2026-10-02T12:17:15Z</time></trkpt>
<trkpt lat="38.888552" lon="-121.05633">
<ele>306</ele>
<time>2026-10-02T12:17:16Z</time></trkpt>
<trkpt lat="38.888593" lon="-121.056553">
<ele>308</ele>
<time>2026-10-02T12:17:24Z</time></trkpt>
<trkpt lat="38.888701" lon="-121.056892">
<ele>314</ele>
<time>2026-10-02T12:17:35Z</time></trkpt>
<trkpt lat="38.888701" lon="-121.056892">
<ele>314</ele>
<time>2026-10-02T12:17:35Z</time></trkpt>
<trkpt lat="38.88889" lon="-121.057425">
<ele>319</ele>
<time>2026-10-02T12:17:53Z</time></trkpt>
<trkpt lat="38.888933" lon="-121.057714">
<ele>318</ele>
<time>2026-10-02T12:18:03Z</time></trkpt>
<trkpt lat="38.88898" lon="-121.057866">
<ele>321</ele>
<time>2026-10-02T12:18:08Z</time></trkpt>
<trkpt lat="38.888982" lon="-121.05794">
<ele>322</ele>
<time>2026-10-02T12:18:10Z</time></trkpt>
<trkpt lat="38.88895" lon="-121.058008">
<ele>321</ele>
<time>2026-10-02T12:18:12Z</time></trkpt>
<trkpt lat="38.888889" lon="-121.058049">
<ele>320</ele>
<time>2026-10-02T12:18:15Z</time></trkpt>
<trkpt lat="38.888724" lon="-121.058093">
<ele>321</ele>
<time>2026-10-02T12:18:22Z</time></trkpt>
<trkpt lat="38.888476" lon="-121.058119">
<ele>320</ele>
<time>2026-10-02T12:18:32Z</time></trkpt>
<trkpt lat="38.888174" lon="-121.058247">
<ele>321</ele>
<time>2026-10-02T12:18:45Z</time></trkpt>
<trkpt lat="38.88812" lon="-121.058304">
<ele>322</ele>
<time>2026-10-02T12:18:47Z</time></trkpt>
<trkpt lat="38.888034" lon="-121.058463">
<ele>322</ele>
<time>2026-10-02T12:18:53Z</time></trkpt>
<trkpt lat="38.887726" lon="-121.058787">
<ele>321</ele>
<time>2026-10-02T12:19:09Z</time></trkpt>
<trkpt lat="38.887633" lon="-121.058924">
<ele>321</ele>
<time>2026-10-02T12:19:15Z</time></trkpt>
<trkpt lat="38.887567" lon="-121.059062">
<ele>322</ele>
<time>2026-10-02T12:19:20Z</time></trkpt>
<trkpt lat="38.887517" lon="-121.059267">
<ele>322</ele>
<time>2026-10-02T12:19:27Z</time></trkpt>
<trkpt lat="38.887527" lon="-121.059425">
<ele>323</ele>
<time>2026-10-02T12:19:32Z</time></trkpt>
<trkpt lat="38.887598" lon="-121.059643">
<ele>321</ele>
<time>2026-10-02T12:19:39Z</time></trkpt>
<trkpt lat="38.887731" lon="-121.05984">
<ele>319</ele>
<time>2026-10-02T12:19:47Z</time></trkpt>
<trkpt lat="38.888094" lon="-121.060236">
<ele>315</ele>
<time>2026-10-02T12:20:06Z</time></trkpt>
<trkpt lat="38.888412" lon="-121.060527">
<ele>322</ele>
<time>2026-10-02T12:20:22Z</time></trkpt>
<trkpt lat="38.888645" lon="-121.060649">
<ele>326</ele>
<time>2026-10-02T12:20:32Z</time></trkpt>
<trkpt lat="38.888947" lon="-121.060732">
<ele>331</ele>
<time>2026-10-02T12:20:44Z</time></trkpt>
<trkpt lat="38.889047" lon="-121.06076">
<ele>331</ele>
<time>2026-10-02T12:20:49Z</time></trkpt>
<trkpt lat="38.889279" lon="-121.060766">
<ele>337</ele>
<time>2026-10-02T12:20:58Z</time></trkpt>
<trkpt lat="38.889696" lon="-121.060904">
<ele>340</ele>
<time>2026-10-02T12:21:15Z</time></trkpt>
<trkpt lat="38.889961" lon="-121.061178">
<ele>342</ele>
<time>2026-10-02T12:21:29Z</time></trkpt>
<trkpt lat="38.890073" lon="-121.061251">
<ele>343</ele>
<time>2026-10-02T12:21:34Z</time></trkpt>
<trkpt lat="38.890185" lon="-121.061364">
<ele>343</ele>
<time>2026-10-02T12:21:40Z</time></trkpt>
<trkpt lat="38.890289" lon="-121.061492">
<ele>344</ele>
<time>2026-10-02T12:21:45Z</time></trkpt>
<trkpt lat="38.890312" lon="-121.061554">
<ele>344</ele>
<time>2026-10-02T12:21:47Z</time></trkpt>
<trkpt lat="38.8903" lon="-121.061621">
<ele>342</ele>
<time>2026-10-02T12:21:50Z</time></trkpt>
<trkpt lat="38.890259" lon="-121.061663">
<ele>342</ele>
<time>2026-10-02T12:21:52Z</time></trkpt>
<trkpt lat="38.890223" lon="-121.061666">
<ele>343</ele>
<time>2026-10-02T12:21:53Z</time></trkpt>
<trkpt lat="38.889821" lon="-121.061531">
<ele>347</ele>
<time>2026-10-02T12:22:10Z</time></trkpt>
<trkpt lat="38.889817" lon="-121.06153">
<ele>347</ele>
<time>2026-10-02T12:22:10Z</time></trkpt>
<trkpt lat="38.889817" lon="-121.06153">
<ele>347</ele>
<time>2026-10-02T12:22:10Z</time></trkpt>
<trkpt lat="38.889513" lon="-121.06145">
<ele>347</ele>
<time>2026-10-02T12:22:22Z</time></trkpt>
<trkpt lat="38.889244" lon="-121.061448">
<ele>348</ele>
<time>2026-10-02T12:22:33Z</time></trkpt>
<trkpt lat="38.888977" lon="-121.06149">
<ele>347</ele>
<time>2026-10-02T12:22:44Z</time></trkpt>
<trkpt lat="38.88858" lon="-121.061631">
<ele>348</ele>
<time>2026-10-02T12:23:00Z</time></trkpt>
<trkpt lat="38.888387" lon="-121.061751">
<ele>348</ele>
<time>2026-10-02T12:23:09Z</time></trkpt>
<trkpt lat="38.88824" lon="-121.061879">
<ele>348</ele>
<time>2026-10-02T12:23:16Z</time></trkpt>
<trkpt lat="38.888165" lon="-121.061977">
<ele>347</ele>
<time>2026-10-02T12:23:20Z</time></trkpt>
<trkpt lat="38.888134" lon="-121.062086">
<ele>347</ele>
<time>2026-10-02T12:23:24Z</time></trkpt>
<trkpt lat="38.888134" lon="-121.062201">
<ele>348</ele>
<time>2026-10-02T12:23:28Z</time></trkpt>
<trkpt lat="38.888167" lon="-121.062379">
<ele>351</ele>
<time>2026-10-02T12:23:33Z</time></trkpt>
<trkpt lat="38.888157" lon="-121.062493">
<ele>350</ele>
<time>2026-10-02T12:23:37Z</time></trkpt>
<trkpt lat="38.888205" lon="-121.062783">
<ele>351</ele>
<time>2026-10-02T12:23:46Z</time></trkpt>
<trkpt lat="38.888252" lon="-121.062933">
<ele>349</ele>
<time>2026-10-02T12:23:51Z</time></trkpt>
<trkpt lat="38.888323" lon="-121.063067">
<ele>349</ele>
<time>2026-10-02T12:23:56Z</time></trkpt>
<trkpt lat="38.888367" lon="-121.063241">
<ele>350</ele>
<time>2026-10-02T12:24:02Z</time></trkpt>
<trkpt lat="38.888417" lon="-121.063335">
<ele>352</ele>
<time>2026-10-02T12:24:06Z</time></trkpt>
<trkpt lat="38.888453" lon="-121.063513">
<ele>352</ele>
<time>2026-10-02T12:24:11Z</time></trkpt>
<trkpt lat="38.888582" lon="-121.063892">
<ele>354</ele>
<time>2026-10-02T12:24:24Z</time></trkpt>
<trkpt lat="38.888617" lon="-121.06407">
<ele>356</ele>
<time>2026-10-02T12:24:30Z</time></trkpt>
<trkpt lat="38.888618" lon="-121.064232">
<ele>357</ele>
<time>2026-10-02T12:24:35Z</time></trkpt>
<trkpt lat="38.888539" lon="-121.064462">
<ele>356</ele>
<time>2026-10-02T12:24:43Z</time></trkpt>
<trkpt lat="38.888534" lon="-121.064624">
<ele>354</ele>
<time>2026-10-02T12:24:48Z</time></trkpt>
<trkpt lat="38.888514" lon="-121.064687">
<ele>354</ele>
<time>2026-10-02T12:24:50Z</time></trkpt>
<trkpt lat="38.88836" lon="-121.064843">
<ele>360</ele>
<time>2026-10-02T12:24:58Z</time></trkpt>
<trkpt lat="38.888201" lon="-121.064949">
<ele>362</ele>
<time>2026-10-02T12:25:05Z</time></trkpt>
<trkpt lat="38.888157" lon="-121.065048">
<ele>362</ele>
<time>2026-10-02T12:25:09Z</time></trkpt>
<trkpt lat="38.888167" lon="-121.065162">
<ele>361</ele>
<time>2026-10-02T12:25:12Z</time></trkpt>
<trkpt lat="38.888204" lon="-121.065267">
<ele>362</ele>
<time>2026-10-02T12:25:16Z</time></trkpt>
<trkpt lat="38.888336" lon="-121.065513">
<ele>361</ele>
<time>2026-10-02T12:25:25Z</time></trkpt>
<trkpt lat="38.888423" lon="-121.065712">
<ele>363</ele>
<time>2026-10-02T12:25:32Z</time></trkpt>
<trkpt lat="38.888632" lon="-121.065996">
<ele>367</ele>
<time>2026-10-02T12:25:44Z</time></trkpt>
<trkpt lat="38.888711" lon="-121.06606">
<ele>368</ele>
<time>2026-10-02T12:25:48Z</time></trkpt>
<trkpt lat="38.888711" lon="-121.06606">
<ele>368</ele>
<time>2026-10-02T12:25:48Z</time></trkpt>
<trkpt lat="38.888799" lon="-121.06613">
<ele>369</ele>
<time>2026-10-02T12:25:52Z</time></trkpt>
<trkpt lat="38.888919" lon="-121.066171">
<ele>373</ele>
<time>2026-10-02T12:25:57Z</time></trkpt>
<trkpt lat="38.889471" lon="-121.066227">
<ele>379</ele>
<time>2026-10-02T12:26:19Z</time></trkpt>
<trkpt lat="38.889547" lon="-121.066287">
<ele>380</ele>
<time>2026-10-02T12:26:23Z</time></trkpt>
<trkpt lat="38.889597" lon="-121.066381">
<ele>380</ele>
<time>2026-10-02T12:26:27Z</time></trkpt>
<trkpt lat="38.889689" lon="-121.066492">
<ele>382</ele>
<time>2026-10-02T12:26:32Z</time></trkpt>
<trkpt lat="38.889923" lon="-121.066662">
<ele>383</ele>
<time>2026-10-02T12:26:42Z</time></trkpt>
<trkpt lat="38.89016" lon="-121.066739">
<ele>385</ele>
<time>2026-10-02T12:26:52Z</time></trkpt>
<trkpt lat="38.89016" lon="-121.066739">
<ele>385</ele>
<time>2026-10-02T12:26:52Z</time></trkpt>
<trkpt lat="38.890284" lon="-121.066779">
<ele>385</ele>
<time>2026-10-02T12:26:57Z</time></trkpt>
<trkpt lat="38.890467" lon="-121.067">
<ele>388</ele>
<time>2026-10-02T12:27:07Z</time></trkpt>
<trkpt lat="38.890625" lon="-121.06711">
<ele>389</ele>
<time>2026-10-02T12:27:15Z</time></trkpt>
<trkpt lat="38.89069" lon="-121.067188">
<ele>389</ele>
<time>2026-10-02T12:27:18Z</time></trkpt>
<trkpt lat="38.890687" lon="-121.067254">
<ele>390</ele>
<time>2026-10-02T12:27:20Z</time></trkpt>
<trkpt lat="38.890619" lon="-121.067328">
<ele>392</ele>
<time>2026-10-02T12:27:24Z</time></trkpt>
<trkpt lat="38.890415" lon="-121.067413">
<ele>394</ele>
<time>2026-10-02T12:27:32Z</time></trkpt>
<trkpt lat="38.890338" lon="-121.067509">
<ele>395</ele>
<time>2026-10-02T12:27:37Z</time></trkpt>
<trkpt lat="38.890293" lon="-121.067609">
<ele>397</ele>
<time>2026-10-02T12:27:40Z</time></trkpt>
<trkpt lat="38.890175" lon="-121.068043">
<ele>401</ele>
<time>2026-10-02T12:27:55Z</time></trkpt>
<trkpt lat="38.890174" lon="-121.068274">
<ele>403</ele>
<time>2026-10-02T12:28:02Z</time></trkpt>
<trkpt lat="38.889936" lon="-121.068683">
<ele>405</ele>
<time>2026-10-02T12:28:18Z</time></trkpt>
<trkpt lat="38.889936" lon="-121.068683">
<ele>405</ele>
<time>2026-10-02T12:28:18Z</time></trkpt>
<trkpt lat="38.889771" lon="-121.06892">
<ele>407</ele>
<time>2026-10-02T12:28:28Z</time></trkpt>
<trkpt lat="38.889597" lon="-121.06908">
<ele>408</ele>
<time>2026-10-02T12:28:36Z</time></trkpt>
<trkpt lat="38.889433" lon="-121.069144">
<ele>410</ele>
<time>2026-10-02T12:28:43Z</time></trkpt>
<trkpt lat="38.889419" lon="-121.068858">
<ele>410</ele>
<time>2026-10-02T12:28:52Z</time></trkpt>
<trkpt lat="38.889376" lon="-121.068685">
<ele>411</ele>
<time>2026-10-02T12:28:58Z</time></trkpt>
<trkpt lat="38.889376" lon="-121.068685">
<ele>411</ele>
<time>2026-10-02T12:28:58Z</time></trkpt>
<trkpt lat="38.889354" lon="-121.068599">
<ele>411</ele>
<time>2026-10-02T12:29:01Z</time></trkpt>
<trkpt lat="38.889248" lon="-121.068384">
<ele>411</ele>
<time>2026-10-02T12:29:08Z</time></trkpt>
<trkpt lat="38.889115" lon="-121.068227">
<ele>412</ele>
<time>2026-10-02T12:29:16Z</time></trkpt>
<trkpt lat="38.889054" lon="-121.068187">
<ele>412</ele>
<time>2026-10-02T12:29:18Z</time></trkpt>
<trkpt lat="38.88893" lon="-121.068225">
<ele>412</ele>
<time>2026-10-02T12:29:24Z</time></trkpt>
<trkpt lat="38.888813" lon="-121.068295">
<ele>412</ele>
<time>2026-10-02T12:29:29Z</time></trkpt>
<trkpt lat="38.888788" lon="-121.068364">
<ele>412</ele>
<time>2026-10-02T12:29:31Z</time></trkpt>
<trkpt lat="38.88878" lon="-121.068575">
<ele>412</ele>
<time>2026-10-02T12:29:38Z</time></trkpt>
<trkpt lat="38.888803" lon="-121.068739">
<ele>411</ele>
<time>2026-10-02T12:29:43Z</time></trkpt>
<trkpt lat="38.888803" lon="-121.068739">
<ele>411</ele>
<time>2026-10-02T12:29:43Z</time></trkpt>
<trkpt lat="38.888818" lon="-121.068839">
<ele>411</ele>
<time>2026-10-02T12:29:46Z</time></trkpt>
<trkpt lat="38.888757" lon="-121.068965">
<ele>412</ele>
<time>2026-10-02T12:29:51Z</time></trkpt>
<trkpt lat="38.888552" lon="-121.069105">
<ele>413</ele>
<time>2026-10-02T12:30:00Z</time></trkpt>
<trkpt lat="38.888443" lon="-121.06932">
<ele>412</ele>
<time>2026-10-02T12:30:08Z</time></trkpt>
<trkpt lat="38.888386" lon="-121.069492">
<ele>412</ele>
<time>2026-10-02T12:30:14Z</time></trkpt>
<trkpt lat="38.888266" lon="-121.069724">
<ele>412</ele>
<time>2026-10-02T12:30:23Z</time></trkpt>
<trkpt lat="38.888185" lon="-121.069777">
<ele>410</ele>
<time>2026-10-02T12:30:26Z</time></trkpt>
<trkpt lat="38.888144" lon="-121.069783">
<ele>409</ele>
<time>2026-10-02T12:30:28Z</time></trkpt>
<trkpt lat="38.888111" lon="-121.070025">
<ele>409</ele>
<time>2026-10-02T12:30:35Z</time></trkpt>
<trkpt lat="38.888111" lon="-121.070025">
<ele>409</ele>
<time>2026-10-02T12:30:35Z</time></trkpt>
<trkpt lat="38.88811" lon="-121.070154">
<ele>409</ele>
<time>2026-10-02T12:30:40Z</time></trkpt>
<trkpt lat="38.888126" lon="-121.070216">
<ele>409</ele>
<time>2026-10-02T12:30:42Z</time></trkpt>
<trkpt lat="38.888118" lon="-121.07035">
<ele>408</ele>
<time>2026-10-02T12:30:46Z</time></trkpt>
<trkpt lat="38.887893" lon="-121.070319">
<ele>406</ele>
<time>2026-10-02T12:30:55Z</time></trkpt>
<trkpt lat="38.88748" lon="-121.070411">
<ele>400</ele>
<time>2026-10-02T12:31:12Z</time></trkpt>
<trkpt lat="38.887344" lon="-121.070409">
<ele>397</ele>
<time>2026-10-02T12:31:17Z</time></trkpt>
<trkpt lat="38.887344" lon="-121.070409">
<ele>397</ele>
<time>2026-10-02T12:31:17Z</time></trkpt>
<trkpt lat="38.887273" lon="-121.070408">
<ele>396</ele>
<time>2026-10-02T12:31:20Z</time></trkpt>
<trkpt lat="38.887202" lon="-121.070384">
<ele>395</ele>
<time>2026-10-02T12:31:23Z</time></trkpt>
<trkpt lat="38.88694" lon="-121.070446">
<ele>393</ele>
<time>2026-10-02T12:31:34Z</time></trkpt>
<trkpt lat="38.88684" lon="-121.070525">
<ele>393</ele>
<time>2026-10-02T12:31:38Z</time></trkpt>
<trkpt lat="38.886749" lon="-121.07065">
<ele>394</ele>
<time>2026-10-02T12:31:44Z</time></trkpt>
<trkpt lat="38.886734" lon="-121.070307">
<ele>391</ele>
<time>2026-10-02T12:31:54Z</time></trkpt>
<trkpt lat="38.886734" lon="-121.070307">
<ele>391</ele>
<time>2026-10-02T12:31:54Z</time></trkpt>
<trkpt lat="38.886749" lon="-121.07065">
<ele>394</ele>
<time>2026-10-02T12:32:05Z</time></trkpt>
<trkpt lat="38.886682" lon="-121.07088">
<ele>395</ele>
<time>2026-10-02T12:32:13Z</time></trkpt>
<trkpt lat="38.886594" lon="-121.070598">
<ele>394</ele>
<time>2026-10-02T12:32:22Z</time></trkpt>
<trkpt lat="38.886439" lon="-121.069809">
<ele>392</ele>
<time>2026-10-02T12:32:48Z</time></trkpt>
<trkpt lat="38.886339" lon="-121.069533">
<ele>393</ele>
<time>2026-10-02T12:32:57Z</time></trkpt>
<trkpt lat="38.886253" lon="-121.069374">
<ele>392</ele>
<time>2026-10-02T12:33:03Z</time></trkpt>
<trkpt lat="38.886059" lon="-121.069138">
<ele>391</ele>
<time>2026-10-02T12:33:14Z</time></trkpt>
<trkpt lat="38.88594" lon="-121.069035">
<ele>391</ele>
<time>2026-10-02T12:33:20Z</time></trkpt>
<trkpt lat="38.885579" lon="-121.068801">
<ele>388</ele>
<time>2026-10-02T12:33:36Z</time></trkpt>
<trkpt lat="38.885579" lon="-121.068801">
<ele>388</ele>
<time>2026-10-02T12:33:36Z</time></trkpt>
<trkpt lat="38.885424" lon="-121.0687">
<ele>388</ele>
<time>2026-10-02T12:33:43Z</time></trkpt>
<trkpt lat="38.885198" lon="-121.068595">
<ele>387</ele>
<time>2026-10-02T12:33:52Z</time></trkpt>
<trkpt lat="38.885077" lon="-121.068561">
<ele>386</ele>
<time>2026-10-02T12:33:57Z</time></trkpt>
<trkpt lat="38.884953" lon="-121.06855">
<ele>387</ele>
<time>2026-10-02T12:34:02Z</time></trkpt>
<trkpt lat="38.884739" lon="-121.068563">
<ele>386</ele>
<time>2026-10-02T12:34:11Z</time></trkpt>
<trkpt lat="38.884538" lon="-121.06862">
<ele>386</ele>
<time>2026-10-02T12:34:19Z</time></trkpt>
<trkpt lat="38.884538" lon="-121.06862">
<ele>386</ele>
<time>2026-10-02T12:34:19Z</time></trkpt>
<trkpt lat="38.884395" lon="-121.068661">
<ele>387</ele>
<time>2026-10-02T12:34:25Z</time></trkpt>
<trkpt lat="38.884121" lon="-121.068703">
<ele>386</ele>
<time>2026-10-02T12:34:36Z</time></trkpt>
<trkpt lat="38.883599" lon="-121.068628">
<ele>383</ele>
<time>2026-10-02T12:34:57Z</time></trkpt>
<trkpt lat="38.883307" lon="-121.068627">
<ele>382</ele>
<time>2026-10-02T12:35:09Z</time></trkpt>
<trkpt lat="38.883307" lon="-121.068627">
<ele>382</ele>
<time>2026-10-02T12:35:09Z</time></trkpt>
<trkpt lat="38.882718" lon="-121.068834">
<ele>380</ele>
<time>2026-10-02T12:35:33Z</time></trkpt>
<trkpt lat="38.882482" lon="-121.068875">
<ele>379</ele>
<time>2026-10-02T12:35:43Z</time></trkpt>
<trkpt lat="38.882268" lon="-121.068862">
<ele>378</ele>
<time>2026-10-02T12:35:51Z</time></trkpt>
<trkpt lat="38.882044" lon="-121.068818">
<ele>378</ele>
<time>2026-10-02T12:36:00Z</time></trkpt>
<trkpt lat="38.882086" lon="-121.068556">
<ele>375</ele>
<time>2026-10-02T12:36:09Z</time></trkpt>
<trkpt lat="38.88198" lon="-121.068506">
<ele>375</ele>
<time>2026-10-02T12:36:13Z</time></trkpt>
<trkpt lat="38.88198" lon="-121.068506">
<ele>375</ele>
<time>2026-10-02T12:36:13Z</time></trkpt>
<trkpt lat="38.881852" lon="-121.068468">
<ele>375</ele>
<time>2026-10-02T12:36:19Z</time></trkpt>
<trkpt lat="38.881713" lon="-121.068484">
<ele>374</ele>
<time>2026-10-02T12:36:24Z</time></trkpt>
<trkpt lat="38.881571" lon="-121.068454">
<ele>374</ele>
<time>2026-10-02T12:36:30Z</time></trkpt>
<trkpt lat="38.881428" lon="-121.068386">
<ele>373</ele>
<time>2026-10-02T12:36:36Z</time></trkpt>
<trkpt lat="38.881279" lon="-121.068259">
<ele>372</ele>
<time>2026-10-02T12:36:43Z</time></trkpt>
<trkpt lat="38.881185" lon="-121.068133">
<ele>370</ele>
<time>2026-10-02T12:36:49Z</time></trkpt>
<trkpt lat="38.881121" lon="-121.067999">
<ele>370</ele>
<time>2026-10-02T12:36:54Z</time></trkpt>
<trkpt lat="38.880968" lon="-121.067448">
<ele>366</ele>
<time>2026-10-02T12:37:12Z</time></trkpt>
<trkpt lat="38.880968" lon="-121.067448">
<ele>366</ele>
<time>2026-10-02T12:37:12Z</time></trkpt>
<trkpt lat="38.880843" lon="-121.066959">
<ele>364</ele>
<time>2026-10-02T12:37:28Z</time></trkpt>
<trkpt lat="38.880811" lon="-121.066867">
<ele>364</ele>
<time>2026-10-02T12:37:31Z</time></trkpt>
<trkpt lat="38.880715" lon="-121.066705">
<ele>363</ele>
<time>2026-10-02T12:37:37Z</time></trkpt>
<trkpt lat="38.880596" lon="-121.066602">
<ele>363</ele>
<time>2026-10-02T12:37:43Z</time></trkpt>
<trkpt lat="38.879895" lon="-121.066153">
<ele>359</ele>
<time>2026-10-02T12:38:15Z</time></trkpt>
<trkpt lat="38.879789" lon="-121.066067">
<ele>357</ele>
<time>2026-10-02T12:38:20Z</time></trkpt>
<trkpt lat="38.879396" lon="-121.065599">
<ele>352</ele>
<time>2026-10-02T12:38:41Z</time></trkpt>
<trkpt lat="38.87933" lon="-121.065549">
<ele>351</ele>
<time>2026-10-02T12:38:44Z</time></trkpt>
<trkpt lat="38.879263" lon="-121.065517">
<ele>350</ele>
<time>2026-10-02T12:38:47Z</time></trkpt>
<trkpt lat="38.879263" lon="-121.065517">
<ele>350</ele>
<time>2026-10-02T12:38:47Z</time></trkpt>
<trkpt lat="38.878789" lon="-121.065491">
<ele>349</ele>
<time>2026-10-02T12:39:06Z</time></trkpt>
<trkpt lat="38.8786" lon="-121.065463">
<ele>348</ele>
<time>2026-10-02T12:39:14Z</time></trkpt>
<trkpt lat="38.878376" lon="-121.06539">
<ele>349</ele>
<time>2026-10-02T12:39:23Z</time></trkpt>
<trkpt lat="38.878181" lon="-121.065281">
<ele>350</ele>
<time>2026-10-02T12:39:31Z</time></trkpt>
<trkpt lat="38.878139" lon="-121.065231">
<ele>350</ele>
<time>2026-10-02T12:39:34Z</time></trkpt>
<trkpt lat="38.878101" lon="-121.065091">
<ele>348</ele>
<time>2026-10-02T12:39:38Z</time></trkpt>
<trkpt lat="38.878107" lon="-121.064999">
<ele>344</ele>
<time>2026-10-02T12:39:41Z</time></trkpt>
<trkpt lat="38.878143" lon="-121.064874">
<ele>343</ele>
<time>2026-10-02T12:39:45Z</time></trkpt>
<trkpt lat="38.878148" lon="-121.0648">
<ele>343</ele>
<time>2026-10-02T12:39:48Z</time></trkpt>
<trkpt lat="38.878129" lon="-121.064737">
<ele>344</ele>
<time>2026-10-02T12:39:50Z</time></trkpt>
<trkpt lat="38.878067" lon="-121.064671">
<ele>345</ele>
<time>2026-10-02T12:39:53Z</time></trkpt>
<trkpt lat="38.877897" lon="-121.064584">
<ele>349</ele>
<time>2026-10-02T12:40:00Z</time></trkpt>
<trkpt lat="38.877856" lon="-121.064565">
<ele>349</ele>
<time>2026-10-02T12:40:02Z</time></trkpt>
<trkpt lat="38.877856" lon="-121.064565">
<ele>349</ele>
<time>2026-10-02T12:40:02Z</time></trkpt>
<trkpt lat="38.877377" lon="-121.064345">
<ele>353</ele>
<time>2026-10-02T12:40:22Z</time></trkpt>
<trkpt lat="38.877264" lon="-121.064238">
<ele>353</ele>
<time>2026-10-02T12:40:28Z</time></trkpt>
<trkpt lat="38.877067" lon="-121.063959">
<ele>354</ele>
<time>2026-10-02T12:40:40Z</time></trkpt>
<trkpt lat="38.876998" lon="-121.063884">
<ele>353</ele>
<time>2026-10-02T12:40:43Z</time></trkpt>
<trkpt lat="38.876931" lon="-121.063839">
<ele>354</ele>
<time>2026-10-02T12:40:46Z</time></trkpt>
<trkpt lat="38.876788" lon="-121.06378">
<ele>356</ele>
<time>2026-10-02T12:40:53Z</time></trkpt>
<trkpt lat="38.876341" lon="-121.063687">
<ele>357</ele>
<time>2026-10-02T12:41:11Z</time></trkpt>
<trkpt lat="38.876341" lon="-121.063687">
<ele>357</ele>
<time>2026-10-02T12:41:11Z</time></trkpt>
<trkpt lat="38.876072" lon="-121.063617">
<ele>355</ele>
<time>2026-10-02T12:41:22Z</time></trkpt>
<trkpt lat="38.875982" lon="-121.063563">
<ele>356</ele>
<time>2026-10-02T12:41:26Z</time></trkpt>
<trkpt lat="38.875877" lon="-121.063471">
<ele>356</ele>
<time>2026-10-02T12:41:31Z</time></trkpt>
<trkpt lat="38.875548" lon="-121.0631">
<ele>353</ele>
<time>2026-10-02T12:41:48Z</time></trkpt>
<trkpt lat="38.875102" lon="-121.06261">
<ele>352</ele>
<time>2026-10-02T12:42:12Z</time></trkpt>
<trkpt lat="38.874962" lon="-121.062525">
<ele>352</ele>
<time>2026-10-02T12:42:18Z</time></trkpt>
<trkpt lat="38.874861" lon="-121.062502">
<ele>351</ele>
<time>2026-10-02T12:42:22Z</time></trkpt>
<trkpt lat="38.874735" lon="-121.062502">
<ele>351</ele>
<time>2026-10-02T12:42:27Z</time></trkpt>
<trkpt lat="38.874581" lon="-121.062527">
<ele>351</ele>
<time>2026-10-02T12:42:33Z</time></trkpt>
<trkpt lat="38.874581" lon="-121.062527">
<ele>351</ele>
<time>2026-10-02T12:42:33Z</time></trkpt>
<trkpt lat="38.87352" lon="-121.062727">
<ele>348</ele>
<time>2026-10-02T12:43:16Z</time></trkpt>
<trkpt lat="38.873404" lon="-121.062735">
<ele>348</ele>
<time>2026-10-02T12:43:21Z</time></trkpt>
<trkpt lat="38.873238" lon="-121.062685">
<ele>348</ele>
<time>2026-10-02T12:43:28Z</time></trkpt>
<trkpt lat="38.873113" lon="-121.062593">
<ele>348</ele>
<time>2026-10-02T12:43:34Z</time></trkpt>
<trkpt lat="38.872997" lon="-121.062445">
<ele>350</ele>
<time>2026-10-02T12:43:40Z</time></trkpt>
<trkpt lat="38.872952" lon="-121.062337">
<ele>349</ele>
<time>2026-10-02T12:43:44Z</time></trkpt>
<trkpt lat="38.872853" lon="-121.061978">
<ele>348</ele>
<time>2026-10-02T12:43:56Z</time></trkpt>
<trkpt lat="38.872853" lon="-121.061978">
<ele>348</ele>
<time>2026-10-02T12:43:56Z</time></trkpt>
<trkpt lat="38.872776" lon="-121.061696">
<ele>348</ele>
<time>2026-10-02T12:44:05Z</time></trkpt>
<trkpt lat="38.872678" lon="-121.061533">
<ele>347</ele>
<time>2026-10-02T12:44:12Z</time></trkpt>
<trkpt lat="38.872612" lon="-121.061477">
<ele>347</ele>
<time>2026-10-02T12:44:15Z</time></trkpt>
<trkpt lat="38.872469" lon="-121.061427">
<ele>349</ele>
<time>2026-10-02T12:44:21Z</time></trkpt>
<trkpt lat="38.871913" lon="-121.06146">
<ele>349</ele>
<time>2026-10-02T12:44:43Z</time></trkpt>
<trkpt lat="38.871389" lon="-121.061503">
<ele>346</ele>
<time>2026-10-02T12:45:04Z</time></trkpt>
<trkpt lat="38.871168" lon="-121.061539">
<ele>348</ele>
<time>2026-10-02T12:45:13Z</time></trkpt>
<trkpt lat="38.871179" lon="-121.061368">
<ele>347</ele>
<time>2026-10-02T12:45:18Z</time></trkpt>
<trkpt lat="38.871179" lon="-121.061368">
<ele>347</ele>
<time>2026-10-02T12:45:18Z</time></trkpt>
<trkpt lat="38.871168" lon="-121.061539">
<ele>348</ele>
<time>2026-10-02T12:45:24Z</time></trkpt>
<trkpt lat="38.871091" lon="-121.061549">
<ele>348</ele>
<time>2026-10-02T12:45:27Z</time></trkpt>
<trkpt lat="38.871091" lon="-121.061549">
<ele>348</ele>
<time>2026-10-02T12:45:27Z</time></trkpt>
<trkpt lat="38.870962" lon="-121.061566">
<ele>347</ele>
<time>2026-10-02T12:45:32Z</time></trkpt>
<trkpt lat="38.870828" lon="-121.061608">
<ele>346</ele>
<time>2026-10-02T12:45:38Z</time></trkpt>
<trkpt lat="38.870766" lon="-121.061674">
<ele>346</ele>
<time>2026-10-02T12:45:41Z</time></trkpt>
<trkpt lat="38.870707" lon="-121.061629">
<ele>346</ele>
<time>2026-10-02T12:45:44Z</time></trkpt>
<trkpt lat="38.87059" lon="-121.061591">
<ele>346</ele>
<time>2026-10-02T12:45:48Z</time></trkpt>
<trkpt lat="38.870493" lon="-121.061589">
<ele>346</ele>
<time>2026-10-02T12:45:52Z</time></trkpt>
<trkpt lat="38.870292" lon="-121.061632">
<ele>344</ele>
<time>2026-10-02T12:46:00Z</time></trkpt>
<trkpt lat="38.870175" lon="-121.061722">
<ele>345</ele>
<time>2026-10-02T12:46:06Z</time></trkpt>
<trkpt lat="38.870107" lon="-121.06182">
<ele>345</ele>
<time>2026-10-02T12:46:10Z</time></trkpt>
<trkpt lat="38.870022" lon="-121.062023">
<ele>342</ele>
<time>2026-10-02T12:46:17Z</time></trkpt>
<trkpt lat="38.86985" lon="-121.062546">
<ele>338</ele>
<time>2026-10-02T12:46:35Z</time></trkpt>
<trkpt lat="38.86985" lon="-121.062546">
<ele>338</ele>
<time>2026-10-02T12:46:35Z</time></trkpt>
<trkpt lat="38.869328" lon="-121.064124">
<ele>332</ele>
<time>2026-10-02T12:47:28Z</time></trkpt>
<trkpt lat="38.869266" lon="-121.064261">
<ele>334</ele>
<time>2026-10-02T12:47:33Z</time></trkpt>
<trkpt lat="38.869211" lon="-121.064336">
<ele>333</ele>
<time>2026-10-02T12:47:37Z</time></trkpt>
<trkpt lat="38.869082" lon="-121.064437">
<ele>331</ele>
<time>2026-10-02T12:47:43Z</time></trkpt>
<trkpt lat="38.868909" lon="-121.064457">
<ele>329</ele>
<time>2026-10-02T12:47:50Z</time></trkpt>
<trkpt lat="38.868909" lon="-121.064457">
<ele>329</ele>
<time>2026-10-02T12:47:50Z</time></trkpt>
<trkpt lat="38.868691" lon="-121.064457">
<ele>327</ele>
<time>2026-10-02T12:47:58Z</time></trkpt>
<trkpt lat="38.868199" lon="-121.064572">
<ele>328</ele>
<time>2026-10-02T12:48:18Z</time></trkpt>
<trkpt lat="38.868069" lon="-121.064581">
<ele>327</ele>
<time>2026-10-02T12:48:24Z</time></trkpt>
<trkpt lat="38.867935" lon="-121.064514">
<ele>326</ele>
<time>2026-10-02T12:48:29Z</time></trkpt>
<trkpt lat="38.867874" lon="-121.064444">
<ele>323</ele>
<time>2026-10-02T12:48:33Z</time></trkpt>
<trkpt lat="38.867803" lon="-121.064278">
<ele>321</ele>
<time>2026-10-02T12:48:38Z</time></trkpt>
<trkpt lat="38.86779" lon="-121.064193">
<ele>320</ele>
<time>2026-10-02T12:48:41Z</time></trkpt>
<trkpt lat="38.867796" lon="-121.064086">
<ele>319</ele>
<time>2026-10-02T12:48:45Z</time></trkpt>
<trkpt lat="38.867827" lon="-121.063998">
<ele>319</ele>
<time>2026-10-02T12:48:48Z</time></trkpt>
<trkpt lat="38.867827" lon="-121.063998">
<ele>319</ele>
<time>2026-10-02T12:48:48Z</time></trkpt>
<trkpt lat="38.867856" lon="-121.063914">
<ele>319</ele>
<time>2026-10-02T12:48:50Z</time></trkpt>
<trkpt lat="38.867925" lon="-121.063825">
<ele>318</ele>
<time>2026-10-02T12:48:54Z</time></trkpt>
<trkpt lat="38.868068" lon="-121.063752">
<ele>318</ele>
<time>2026-10-02T12:49:01Z</time></trkpt>
<trkpt lat="38.868133" lon="-121.063745">
<ele>316</ele>
<time>2026-10-02T12:49:03Z</time></trkpt>
<trkpt lat="38.868219" lon="-121.063767">
<ele>315</ele>
<time>2026-10-02T12:49:07Z</time></trkpt>
<trkpt lat="38.868297" lon="-121.063817">
<ele>314</ele>
<time>2026-10-02T12:49:10Z</time></trkpt>
<trkpt lat="38.868498" lon="-121.064002">
<ele>315</ele>
<time>2026-10-02T12:49:20Z</time></trkpt>
<trkpt lat="38.86858" lon="-121.064022">
<ele>314</ele>
<time>2026-10-02T12:49:23Z</time></trkpt>
<trkpt lat="38.86866" lon="-121.064014">
<ele>314</ele>
<time>2026-10-02T12:49:27Z</time></trkpt>
<trkpt lat="38.868796" lon="-121.063947">
<ele>312</ele>
<time>2026-10-02T12:49:32Z</time></trkpt>
<trkpt lat="38.868854" lon="-121.063879">
<ele>310</ele>
<time>2026-10-02T12:49:36Z</time></trkpt>
<trkpt lat="38.868911" lon="-121.063765">
<ele>310</ele>
<time>2026-10-02T12:49:40Z</time></trkpt>
<trkpt lat="38.869075" lon="-121.062838">
<ele>307</ele>
<time>2026-10-02T12:50:09Z</time></trkpt>
<trkpt lat="38.869075" lon="-121.062613">
<ele>304</ele>
<time>2026-10-02T12:50:16Z</time></trkpt>
<trkpt lat="38.869014" lon="-121.062432">
<ele>301</ele>
<time>2026-10-02T12:50:23Z</time></trkpt>
<trkpt lat="38.868952" lon="-121.062331">
<ele>300</ele>
<time>2026-10-02T12:50:27Z</time></trkpt>
<trkpt lat="38.86863" lon="-121.061958">
<ele>298</ele>
<time>2026-10-02T12:50:44Z</time></trkpt>
<trkpt lat="38.86858" lon="-121.061864">
<ele>296</ele>
<time>2026-10-02T12:50:48Z</time></trkpt>
<trkpt lat="38.868533" lon="-121.061725">
<ele>295</ele>
<time>2026-10-02T12:50:52Z</time></trkpt>
<trkpt lat="38.868062" lon="-121.059855">
<ele>285</ele>
<time>2026-10-02T12:51:54Z</time></trkpt>
<trkpt lat="38.86804" lon="-121.059566">
<ele>283</ele>
<time>2026-10-02T12:52:03Z</time></trkpt>
<trkpt lat="38.868105" lon="-121.059328">
<ele>284</ele>
<time>2026-10-02T12:52:11Z</time></trkpt>
<trkpt lat="38.867975" lon="-121.059226">
<ele>281</ele>
<time>2026-10-02T12:52:17Z</time></trkpt>
<trkpt lat="38.867901" lon="-121.059241">
<ele>280</ele>
<time>2026-10-02T12:52:20Z</time></trkpt>
<trkpt lat="38.867901" lon="-121.059241">
<ele>280</ele>
<time>2026-10-02T12:52:20Z</time></trkpt>
<trkpt lat="38.867975" lon="-121.059226">
<ele>281</ele>
<time>2026-10-02T12:52:23Z</time></trkpt>
<trkpt lat="38.868105" lon="-121.059328">
<ele>284</ele>
<time>2026-10-02T12:52:29Z</time></trkpt>
<trkpt lat="38.868167" lon="-121.059217">
<ele>284</ele>
<time>2026-10-02T12:52:33Z</time></trkpt>
<trkpt lat="38.868257" lon="-121.05911">
<ele>283</ele>
<time>2026-10-02T12:52:38Z</time></trkpt>
<trkpt lat="38.868347" lon="-121.059033">
<ele>282</ele>
<time>2026-10-02T12:52:42Z</time></trkpt>
<trkpt lat="38.868863" lon="-121.058723">
<ele>277</ele>
<time>2026-10-02T12:53:05Z</time></trkpt>
<trkpt lat="38.869017" lon="-121.05859">
<ele>278</ele>
<time>2026-10-02T12:53:13Z</time></trkpt>
<trkpt lat="38.869392" lon="-121.058052">
<ele>276</ele>
<time>2026-10-02T12:53:35Z</time></trkpt>
<trkpt lat="38.869498" lon="-121.057849">
<ele>276</ele>
<time>2026-10-02T12:53:43Z</time></trkpt>
<trkpt lat="38.869535" lon="-121.057622">
<ele>275</ele>
<time>2026-10-02T12:53:50Z</time></trkpt>
<trkpt lat="38.869535" lon="-121.057622">
<ele>275</ele>
<time>2026-10-02T12:53:50Z</time></trkpt>
<trkpt lat="38.869672" lon="-121.05727">
<ele>275</ele>
<time>2026-10-02T12:54:02Z</time></trkpt>
<trkpt lat="38.869668" lon="-121.056709">
<ele>268</ele>
<time>2026-10-02T12:54:20Z</time></trkpt>
<trkpt lat="38.869763" lon="-121.056292">
<ele>260</ele>
<time>2026-10-02T12:54:33Z</time></trkpt>
<trkpt lat="38.869763" lon="-121.056292">
<ele>260</ele>
<time>2026-10-02T12:54:33Z</time></trkpt>
<trkpt lat="38.869803" lon="-121.056116">
<ele>258</ele>
<time>2026-10-02T12:54:39Z</time></trkpt>
<trkpt lat="38.8698" lon="-121.056031">
<ele>257</ele>
<time>2026-10-02T12:54:42Z</time></trkpt>
<trkpt lat="38.869755" lon="-121.055897">
<ele>257</ele>
<time>2026-10-02T12:54:46Z</time></trkpt>
<trkpt lat="38.869681" lon="-121.055803">
<ele>257</ele>
<time>2026-10-02T12:54:50Z</time></trkpt>
<trkpt lat="38.86947" lon="-121.055627">
<ele>255</ele>
<time>2026-10-02T12:55:00Z</time></trkpt>
<trkpt lat="38.869243" lon="-121.055493">
<ele>252</ele>
<time>2026-10-02T12:55:10Z</time></trkpt>
<trkpt lat="38.868987" lon="-121.055378">
<ele>250</ele>
<time>2026-10-02T12:55:21Z</time></trkpt>
<trkpt lat="38.868582" lon="-121.055235">
<ele>247</ele>
<time>2026-10-02T12:55:38Z</time></trkpt>
<trkpt lat="38.868256" lon="-121.055049">
<ele>244</ele>
<time>2026-10-02T12:55:52Z</time></trkpt>
<trkpt lat="38.868111" lon="-121.05505">
<ele>243</ele>
<time>2026-10-02T12:55:58Z</time></trkpt>
<trkpt lat="38.867836" lon="-121.055111">
<ele>243</ele>
<time>2026-10-02T12:56:09Z</time></trkpt>
<trkpt lat="38.867836" lon="-121.055111">
<ele>243</ele>
<time>2026-10-02T12:56:09Z</time></trkpt>
<trkpt lat="38.867613" lon="-121.055161">
<ele>240</ele>
<time>2026-10-02T12:56:19Z</time></trkpt>
<trkpt lat="38.867387" lon="-121.055276">
<ele>239</ele>
<time>2026-10-02T12:56:28Z</time></trkpt>
<trkpt lat="38.867182" lon="-121.055484">
<ele>240</ele>
<time>2026-10-02T12:56:39Z</time></trkpt>
<trkpt lat="38.86706" lon="-121.055561">
<ele>240</ele>
<time>2026-10-02T12:56:44Z</time></trkpt>
<trkpt lat="38.866576" lon="-121.055571">
<ele>235</ele>
<time>2026-10-02T12:57:04Z</time></trkpt>
<trkpt lat="38.8663" lon="-121.055613">
<ele>233</ele>
<time>2026-10-02T12:57:15Z</time></trkpt>
<trkpt lat="38.866136" lon="-121.055697">
<ele>231</ele>
<time>2026-10-02T12:57:22Z</time></trkpt>
<trkpt lat="38.866056" lon="-121.055765">
<ele>230</ele>
<time>2026-10-02T12:57:26Z</time></trkpt>
<trkpt lat="38.865995" lon="-121.055842">
<ele>230</ele>
<time>2026-10-02T12:57:29Z</time></trkpt>
<trkpt lat="38.865945" lon="-121.055942">
<ele>229</ele>
<time>2026-10-02T12:57:33Z</time></trkpt>
<trkpt lat="38.865905" lon="-121.056126">
<ele>228</ele>
<time>2026-10-02T12:57:39Z</time></trkpt>
<trkpt lat="38.865906" lon="-121.056293">
<ele>227</ele>
<time>2026-10-02T12:57:44Z</time></trkpt>
<trkpt lat="38.865906" lon="-121.056293">
<ele>227</ele>
<time>2026-10-02T12:57:44Z</time></trkpt>
<trkpt lat="38.865907" lon="-121.056427">
<ele>226</ele>
<time>2026-10-02T12:57:48Z</time></trkpt>
<trkpt lat="38.865984" lon="-121.056815">
<ele>223</ele>
<time>2026-10-02T12:58:01Z</time></trkpt>
<trkpt lat="38.866142" lon="-121.057212">
<ele>222</ele>
<time>2026-10-02T12:58:15Z</time></trkpt>
<trkpt lat="38.866184" lon="-121.057358">
<ele>223</ele>
<time>2026-10-02T12:58:19Z</time></trkpt>
<trkpt lat="38.866203" lon="-121.057626">
<ele>223</ele>
<time>2026-10-02T12:58:28Z</time></trkpt>
<trkpt lat="38.866203" lon="-121.058073">
<ele>223</ele>
<time>2026-10-02T12:58:42Z</time></trkpt>
<trkpt lat="38.866191" lon="-121.058181">
<ele>222</ele>
<time>2026-10-02T12:58:45Z</time></trkpt>
<trkpt lat="38.866126" lon="-121.058334">
<ele>221</ele>
<time>2026-10-02T12:58:51Z</time></trkpt>
<trkpt lat="38.866019" lon="-121.058418">
<ele>219</ele>
<time>2026-10-02T12:58:56Z</time></trkpt>
<trkpt lat="38.865835" lon="-121.058455">
<ele>216</ele>
<time>2026-10-02T12:59:03Z</time></trkpt>
<trkpt lat="38.865724" lon="-121.058457">
<ele>214</ele>
<time>2026-10-02T12:59:08Z</time></trkpt>
<trkpt lat="38.865515" lon="-121.058409">
<ele>209</ele>
<time>2026-10-02T12:59:16Z</time></trkpt>
<trkpt lat="38.865284" lon="-121.058288">
<ele>203</ele>
<time>2026-10-02T12:59:26Z</time></trkpt>
<trkpt lat="38.865111" lon="-121.058257">
<ele>199</ele>
<time>2026-10-02T12:59:33Z</time></trkpt>
<trkpt lat="38.865111" lon="-121.058257">
<ele>199</ele>
<time>2026-10-02T12:59:33Z</time></trkpt>
<trkpt lat="38.864968" lon="-121.058274">
<ele>196</ele>
<time>2026-10-02T12:59:39Z</time></trkpt>
<trkpt lat="38.864898" lon="-121.058317">
<ele>194</ele>
<time>2026-10-02T12:59:42Z</time></trkpt>
<trkpt lat="38.864781" lon="-121.058479">
<ele>191</ele>
<time>2026-10-02T12:59:49Z</time></trkpt>
<trkpt lat="38.864721" lon="-121.058633">
<ele>189</ele>
<time>2026-10-02T12:59:54Z</time></trkpt>
<trkpt lat="38.864665" lon="-121.058857">
<ele>185</ele>
<time>2026-10-02T13:00:02Z</time></trkpt>
<trkpt lat="38.864637" lon="-121.059315">
<ele>178</ele>
<time>2026-10-02T13:00:16Z</time></trkpt>
<trkpt lat="38.864644" lon="-121.059535">
<ele>174</ele>
<time>2026-10-02T13:00:23Z</time></trkpt>
<trkpt lat="38.864825" lon="-121.059753">
<ele>174</ele>
<time>2026-10-02T13:00:33Z</time></trkpt>
<trkpt lat="38.864847" lon="-121.059804">
<ele>175</ele>
<time>2026-10-02T13:00:34Z</time></trkpt>
<trkpt lat="38.864835" lon="-121.059967">
<ele>174</ele>
<time>2026-10-02T13:00:40Z</time></trkpt>
<trkpt lat="38.864796" lon="-121.060009">
<ele>174</ele>
<time>2026-10-02T13:00:42Z</time></trkpt>
<trkpt lat="38.864741" lon="-121.060031">
<ele>174</ele>
<time>2026-10-02T13:00:44Z</time></trkpt>
<trkpt lat="38.864435" lon="-121.059884">
<ele>172</ele>
<time>2026-10-02T13:00:57Z</time></trkpt>
<trkpt lat="38.864435" lon="-121.059884">
<ele>172</ele>
<time>2026-10-02T13:00:57Z</time></trkpt>
<trkpt lat="38.864362" lon="-121.059849">
<ele>172</ele>
<time>2026-10-02T13:01:00Z</time></trkpt>
<trkpt lat="38.864128" lon="-121.059645">
<ele>166</ele>
<time>2026-10-02T13:01:12Z</time></trkpt>
<trkpt lat="38.864044" lon="-121.059608">
<ele>164</ele>
<time>2026-10-02T13:01:15Z</time></trkpt>
<trkpt lat="38.863774" lon="-121.05963">
<ele>164</ele>
<time>2026-10-02T13:01:26Z</time></trkpt>
<trkpt lat="38.86365" lon="-121.059614">
<ele>163</ele>
<time>2026-10-02T13:01:31Z</time></trkpt>
<trkpt lat="38.863339" lon="-121.059419">
<ele>155</ele>
<time>2026-10-02T13:01:45Z</time></trkpt>
<trkpt lat="38.863264" lon="-121.059389">
<ele>152</ele>
<time>2026-10-02T13:01:48Z</time></trkpt>
<trkpt lat="38.863305" lon="-121.059357">
<ele>152</ele>
<time>2026-10-02T13:01:50Z</time></trkpt>
<trkpt lat="38.863353" lon="-121.059349">
<ele>153</ele>
<time>2026-10-02T13:01:52Z</time></trkpt>
<trkpt lat="38.863424" lon="-121.059265">
<ele>150</ele>
<time>2026-10-02T13:01:56Z</time></trkpt>
<trkpt lat="38.863501" lon="-121.059226">
<ele>149</ele>
<time>2026-10-02T13:01:59Z</time></trkpt>
<trkpt lat="38.863501" lon="-121.059226">
<ele>149</ele>
<time>2026-10-02T13:01:59Z</time></trkpt>
<trkpt lat="38.863424" lon="-121.059265">
<ele>150</ele>
<time>2026-10-02T13:02:02Z</time></trkpt>
<trkpt lat="38.863353" lon="-121.059349">
<ele>153</ele>
<time>2026-10-02T13:02:06Z</time></trkpt>
<trkpt lat="38.863305" lon="-121.059357">
<ele>152</ele>
<time>2026-10-02T13:02:08Z</time></trkpt>
<trkpt lat="38.863264" lon="-121.059389">
<ele>152</ele>
<time>2026-10-02T13:02:10Z</time></trkpt>
<trkpt lat="38.863199" lon="-121.059378">
<ele>150</ele>
<time>2026-10-02T13:02:13Z</time></trkpt>
<trkpt lat="38.863137" lon="-121.059399">
<ele>149</ele>
<time>2026-10-02T13:02:15Z</time></trkpt>
<trkpt lat="38.863087" lon="-121.059476">
<ele>149</ele>
<time>2026-10-02T13:02:18Z</time></trkpt>
<trkpt lat="38.863008" lon="-121.059674">
<ele>151</ele>
<time>2026-10-02T13:02:25Z</time></trkpt>
<trkpt lat="38.862812" lon="-121.059774">
<ele>148</ele>
<time>2026-10-02T13:02:34Z</time></trkpt>
<trkpt lat="38.862695" lon="-121.060017">
<ele>153</ele>
<time>2026-10-02T13:02:43Z</time></trkpt>
<trkpt lat="38.862604" lon="-121.060087">
<ele>154</ele>
<time>2026-10-02T13:02:47Z</time></trkpt>
<trkpt lat="38.862418" lon="-121.060139">
<ele>152</ele>
<time>2026-10-02T13:02:55Z</time></trkpt>
<trkpt lat="38.862418" lon="-121.060139">
<ele>152</ele>
<time>2026-10-02T13:02:55Z</time></trkpt>
<trkpt lat="38.862324" lon="-121.060164">
<ele>150</ele>
<time>2026-10-02T13:02:58Z</time></trkpt>
<trkpt lat="38.862133" lon="-121.060318">
<ele>150</ele>
<time>2026-10-02T13:03:07Z</time></trkpt>
<trkpt lat="38.86181" lon="-121.060848">
<ele>150</ele>
<time>2026-10-02T13:03:28Z</time></trkpt>
<trkpt lat="38.861746" lon="-121.061101">
<ele>151</ele>
<time>2026-10-02T13:03:37Z</time></trkpt>
<trkpt lat="38.861759" lon="-121.061166">
<ele>154</ele>
<time>2026-10-02T13:03:39Z</time></trkpt>
<trkpt lat="38.861539" lon="-121.061353">
<ele>153</ele>
<time>2026-10-02T13:03:49Z</time></trkpt>
<trkpt lat="38.861386" lon="-121.061374">
<ele>149</ele>
<time>2026-10-02T13:03:56Z</time></trkpt>
<trkpt lat="38.861202" lon="-121.061488">
<ele>148</ele>
<time>2026-10-02T13:04:04Z</time></trkpt>
<trkpt lat="38.86113" lon="-121.061659">
<ele>149</ele>
<time>2026-10-02T13:04:10Z</time></trkpt>
<trkpt lat="38.86113" lon="-121.061659">
<ele>149</ele>
<time>2026-10-02T13:04:10Z</time></trkpt>
<trkpt lat="38.861086" lon="-121.061764">
<ele>151</ele>
<time>2026-10-02T13:04:14Z</time></trkpt>
<trkpt lat="38.860832" lon="-121.062016">
<ele>150</ele>
<time>2026-10-02T13:04:26Z</time></trkpt>
<trkpt lat="38.86075" lon="-121.062067">
<ele>149</ele>
<time>2026-10-02T13:04:30Z</time></trkpt>
<trkpt lat="38.860619" lon="-121.062488">
<ele>147</ele>
<time>2026-10-02T13:04:44Z</time></trkpt>
<trkpt lat="38.860562" lon="-121.062439">
<ele>145</ele>
<time>2026-10-02T13:04:47Z</time></trkpt>
<trkpt lat="38.860315" lon="-121.062537">
<ele>145</ele>
<time>2026-10-02T13:04:57Z</time></trkpt>
<trkpt lat="38.860326" lon="-121.062658">
<ele>149</ele>
<time>2026-10-02T13:05:01Z</time></trkpt>
<trkpt lat="38.860157" lon="-121.062758">
<ele>151</ele>
<time>2026-10-02T13:05:09Z</time></trkpt>
<trkpt lat="38.860135" lon="-121.062871">
<ele>152</ele>
<time>2026-10-02T13:05:12Z</time></trkpt>
<trkpt lat="38.860177" lon="-121.063125">
<ele>157</ele>
<time>2026-10-02T13:05:20Z</time></trkpt>
<trkpt lat="38.860153" lon="-121.063391">
<ele>158</ele>
<time>2026-10-02T13:05:29Z</time></trkpt>
<trkpt lat="38.860106" lon="-121.063473">
<ele>157</ele>
<time>2026-10-02T13:05:32Z</time></trkpt>
<trkpt lat="38.86009" lon="-121.063561">
<ele>157</ele>
<time>2026-10-02T13:05:35Z</time></trkpt>
<trkpt lat="38.860089" lon="-121.063561">
<ele>157</ele>
<time>2026-10-02T13:05:35Z</time></trkpt>
<trkpt lat="38.860052" lon="-121.063763">
<ele>157</ele>
<time>2026-10-02T13:05:41Z</time></trkpt>
<trkpt lat="38.859913" lon="-121.063893">
<ele>158</ele>
<time>2026-10-02T13:05:48Z</time></trkpt>
<trkpt lat="38.859799" lon="-121.063891">
<ele>161</ele>
<time>2026-10-02T13:05:53Z</time></trkpt>
<trkpt lat="38.859792" lon="-121.06373">
<ele>160</ele>
<time>2026-10-02T13:05:58Z</time></trkpt>
<trkpt lat="38.85973" lon="-121.063529">
<ele>160</ele>
<time>2026-10-02T13:06:04Z</time></trkpt>
<trkpt lat="38.859548" lon="-121.063298">
<ele>163</ele>
<time>2026-10-02T13:06:15Z</time></trkpt>
<trkpt lat="38.859453" lon="-121.063204">
<ele>165</ele>
<time>2026-10-02T13:06:19Z</time></trkpt>
<trkpt lat="38.859395" lon="-121.063095">
<ele>164</ele>
<time>2026-10-02T13:06:24Z</time></trkpt>
<trkpt lat="38.859002" lon="-121.062906">
<ele>165</ele>
<time>2026-10-02T13:06:40Z</time></trkpt>
<trkpt lat="38.858585" lon="-121.063028">
<ele>171</ele>
<time>2026-10-02T13:06:58Z</time></trkpt>
<trkpt lat="38.858585" lon="-121.063028">
<ele>171</ele>
<time>2026-10-02T13:06:58Z</time></trkpt>
<trkpt lat="38.858406" lon="-121.063118">
<ele>172</ele>
<time>2026-10-02T13:07:05Z</time></trkpt>
<trkpt lat="38.858302" lon="-121.063109">
<ele>171</ele>
<time>2026-10-02T13:07:09Z</time></trkpt>
<trkpt lat="38.858186" lon="-121.062938">
<ele>169</ele>
<time>2026-10-02T13:07:16Z</time></trkpt>
<trkpt lat="38.858106" lon="-121.062864">
<ele>169</ele>
<time>2026-10-02T13:07:20Z</time></trkpt>
<trkpt lat="38.85791" lon="-121.062878">
<ele>173</ele>
<time>2026-10-02T13:07:28Z</time></trkpt>
<trkpt lat="38.857808" lon="-121.062789">
<ele>172</ele>
<time>2026-10-02T13:07:33Z</time></trkpt>
<trkpt lat="38.857699" lon="-121.062569">
<ele>170</ele>
<time>2026-10-02T13:07:41Z</time></trkpt>
<trkpt lat="38.85749" lon="-121.062441">
<ele>171</ele>
<time>2026-10-02T13:07:51Z</time></trkpt>
<trkpt lat="38.857253" lon="-121.062205">
<ele>167</ele>
<time>2026-10-02T13:08:03Z</time></trkpt>
<trkpt lat="38.857148" lon="-121.062196">
<ele>168</ele>
<time>2026-10-02T13:08:07Z</time></trkpt>
<trkpt lat="38.856955" lon="-121.062282">
<ele>170</ele>
<time>2026-10-02T13:08:15Z</time></trkpt>
<trkpt lat="38.856886" lon="-121.062168">
<ele>170</ele>
<time>2026-10-02T13:08:20Z</time></trkpt>
<trkpt lat="38.856846" lon="-121.062019">
<ele>170</ele>
<time>2026-10-02T13:08:25Z</time></trkpt>
<trkpt lat="38.856846" lon="-121.062019">
<ele>170</ele>
<time>2026-10-02T13:08:25Z</time></trkpt>
<trkpt lat="38.856777" lon="-121.061764">
<ele>165</ele>
<time>2026-10-02T13:08:33Z</time></trkpt>
<trkpt lat="38.856728" lon="-121.061675">
<ele>165</ele>
<time>2026-10-02T13:08:36Z</time></trkpt>
<trkpt lat="38.856637" lon="-121.061593">
<ele>164</ele>
<time>2026-10-02T13:08:41Z</time></trkpt>
<trkpt lat="38.85633" lon="-121.061458">
<ele>166</ele>
<time>2026-10-02T13:08:54Z</time></trkpt>
<trkpt lat="38.856126" lon="-121.06143">
<ele>170</ele>
<time>2026-10-02T13:09:02Z</time></trkpt>
<trkpt lat="38.855846" lon="-121.061112">
<ele>171</ele>
<time>2026-10-02T13:09:17Z</time></trkpt>
<trkpt lat="38.85572" lon="-121.060851">
<ele>166</ele>
<time>2026-10-02T13:09:27Z</time></trkpt>
<trkpt lat="38.855569" lon="-121.060718">
<ele>165</ele>
<time>2026-10-02T13:09:34Z</time></trkpt>
<trkpt lat="38.855448" lon="-121.060567">
<ele>160</ele>
<time>2026-10-02T13:09:41Z</time></trkpt>
<trkpt lat="38.855448" lon="-121.060567">
<ele>160</ele>
<time>2026-10-02T13:09:41Z</time></trkpt>
<trkpt lat="38.855409" lon="-121.060519">
<ele>158</ele>
<time>2026-10-02T13:09:43Z</time></trkpt>
<trkpt lat="38.855108" lon="-121.060475">
<ele>161</ele>
<time>2026-10-02T13:09:55Z</time></trkpt>
<trkpt lat="38.854922" lon="-121.06036">
<ele>157</ele>
<time>2026-10-02T13:10:03Z</time></trkpt>
<trkpt lat="38.854815" lon="-121.060412">
<ele>162</ele>
<time>2026-10-02T13:10:08Z</time></trkpt>
<trkpt lat="38.8546" lon="-121.06036">
<ele>161</ele>
<time>2026-10-02T13:10:17Z</time></trkpt>
<trkpt lat="38.854388" lon="-121.060388">
<ele>166</ele>
<time>2026-10-02T13:10:25Z</time></trkpt>
<trkpt lat="38.854306" lon="-121.060337">
<ele>165</ele>
<time>2026-10-02T13:10:29Z</time></trkpt>
<trkpt lat="38.85424" lon="-121.060251">
<ele>163</ele>
<time>2026-10-02T13:10:33Z</time></trkpt>
<trkpt lat="38.853926" lon="-121.060202">
<ele>166</ele>
<time>2026-10-02T13:10:45Z</time></trkpt>
<trkpt lat="38.853767" lon="-121.060323">
<ele>178</ele>
<time>2026-10-02T13:10:53Z</time></trkpt>
<trkpt lat="38.853629" lon="-121.060136">
<ele>171</ele>
<time>2026-10-02T13:11:01Z</time></trkpt>
<trkpt lat="38.853629" lon="-121.060136">
<ele>171</ele>
<time>2026-10-02T13:11:01Z</time></trkpt>
<trkpt lat="38.853295" lon="-121.060073">
<ele>177</ele>
<time>2026-10-02T13:11:14Z</time></trkpt>
<trkpt lat="38.852944" lon="-121.059837">
<ele>165</ele>
<time>2026-10-02T13:11:30Z</time></trkpt>
<trkpt lat="38.852844" lon="-121.059861">
<ele>164</ele>
<time>2026-10-02T13:11:34Z</time></trkpt>
<trkpt lat="38.852687" lon="-121.060005">
<ele>170</ele>
<time>2026-10-02T13:11:42Z</time></trkpt>
<trkpt lat="38.852576" lon="-121.06002">
<ele>174</ele>
<time>2026-10-02T13:11:46Z</time></trkpt>
<trkpt lat="38.852463" lon="-121.059693">
<ele>171</ele>
<time>2026-10-02T13:11:58Z</time></trkpt>
<trkpt lat="38.852463" lon="-121.059693">
<ele>171</ele>
<time>2026-10-02T13:11:58Z</time></trkpt>
<trkpt lat="38.852326" lon="-121.059443">
<ele>169</ele>
<time>2026-10-02T13:12:07Z</time></trkpt>
<trkpt lat="38.851969" lon="-121.059191">
<ele>174</ele>
<time>2026-10-02T13:12:23Z</time></trkpt>
<trkpt lat="38.851935" lon="-121.059121">
<ele>172</ele>
<time>2026-10-02T13:12:26Z</time></trkpt>
<trkpt lat="38.851816" lon="-121.059043">
<ele>173</ele>
<time>2026-10-02T13:12:31Z</time></trkpt>
<trkpt lat="38.851374" lon="-121.058866">
<ele>178</ele>
<time>2026-10-02T13:12:50Z</time></trkpt>
<trkpt lat="38.851069" lon="-121.058943">
<ele>181</ele>
<time>2026-10-02T13:13:02Z</time></trkpt>
<trkpt lat="38.851069" lon="-121.058943">
<ele>181</ele>
<time>2026-10-02T13:13:02Z</time></trkpt>
<trkpt lat="38.850885" lon="-121.059223">
<ele>180</ele>
<time>2026-10-02T13:13:14Z</time></trkpt>
<trkpt lat="38.850749" lon="-121.059576">
<ele>178</ele>
<time>2026-10-02T13:13:26Z</time></trkpt>
<trkpt lat="38.850687" lon="-121.059697">
<ele>177</ele>
<time>2026-10-02T13:13:31Z</time></trkpt>
<trkpt lat="38.850238" lon="-121.05934">
<ele>171</ele>
<time>2026-10-02T13:13:52Z</time></trkpt>
<trkpt lat="38.850049" lon="-121.059158">
<ele>170</ele>
<time>2026-10-02T13:14:01Z</time></trkpt>
<trkpt lat="38.849805" lon="-121.059142">
<ele>168</ele>
<time>2026-10-02T13:14:11Z</time></trkpt>
<trkpt lat="38.849805" lon="-121.059142">
<ele>168</ele>
<time>2026-10-02T13:14:11Z</time></trkpt>
<trkpt lat="38.849552" lon="-121.059387">
<ele>168</ele>
<time>2026-10-02T13:14:24Z</time></trkpt>
<trkpt lat="38.849472" lon="-121.059307">
<ele>164</ele>
<time>2026-10-02T13:14:28Z</time></trkpt>
<trkpt lat="38.849261" lon="-121.059036">
<ele>162</ele>
<time>2026-10-02T13:14:40Z</time></trkpt>
<trkpt lat="38.849069" lon="-121.058943">
<ele>161</ele>
<time>2026-10-02T13:14:48Z</time></trkpt>
<trkpt lat="38.848719" lon="-121.058966">
<ele>160</ele>
<time>2026-10-02T13:15:02Z</time></trkpt>
<trkpt lat="38.848459" lon="-121.059069">
<ele>158</ele>
<time>2026-10-02T13:15:13Z</time></trkpt>
<trkpt lat="38.848346" lon="-121.059181">
<ele>158</ele>
<time>2026-10-02T13:15:19Z</time></trkpt>
<trkpt lat="38.848346" lon="-121.059181">
<ele>158</ele>
<time>2026-10-02T13:15:19Z</time></trkpt>
<trkpt lat="38.84831" lon="-121.059216">
<ele>157</ele>
<time>2026-10-02T13:15:20Z</time></trkpt>
<trkpt lat="38.848279" lon="-121.059326">
<ele>157</ele>
<time>2026-10-02T13:15:24Z</time></trkpt>
<trkpt lat="38.848323" lon="-121.059457">
<ele>160</ele>
<time>2026-10-02T13:15:29Z</time></trkpt>
<trkpt lat="38.848136" lon="-121.059475">
<ele>157</ele>
<time>2026-10-02T13:15:36Z</time></trkpt>
<trkpt lat="38.847617" lon="-121.059672">
<ele>157</ele>
<time>2026-10-02T13:15:58Z</time></trkpt>
<trkpt lat="38.847392" lon="-121.059716">
<ele>156</ele>
<time>2026-10-02T13:16:07Z</time></trkpt>
<trkpt lat="38.847327" lon="-121.059795">
<ele>159</ele>
<time>2026-10-02T13:16:10Z</time></trkpt>
<trkpt lat="38.847035" lon="-121.05987">
<ele>155</ele>
<time>2026-10-02T13:16:22Z</time></trkpt>
<trkpt lat="38.846948" lon="-121.059938">
<ele>157</ele>
<time>2026-10-02T13:16:26Z</time></trkpt>
<trkpt lat="38.846684" lon="-121.060325">
<ele>163</ele>
<time>2026-10-02T13:16:43Z</time></trkpt>
<trkpt lat="38.846684" lon="-121.060325">
<ele>163</ele>
<time>2026-10-02T13:16:43Z</time></trkpt>
<trkpt lat="38.84655" lon="-121.060522">
<ele>159</ele>
<time>2026-10-02T13:16:51Z</time></trkpt>
<trkpt lat="38.846517" lon="-121.060818">
<ele>165</ele>
<time>2026-10-02T13:17:00Z</time></trkpt>
<trkpt lat="38.846261" lon="-121.061024">
<ele>160</ele>
<time>2026-10-02T13:17:12Z</time></trkpt>
<trkpt lat="38.846328" lon="-121.061383">
<ele>176</ele>
<time>2026-10-02T13:17:24Z</time></trkpt>
<trkpt lat="38.845992" lon="-121.061911">
<ele>170</ele>
<time>2026-10-02T13:17:45Z</time></trkpt>
<trkpt lat="38.846014" lon="-121.062147">
<ele>181</ele>
<time>2026-10-02T13:17:52Z</time></trkpt>
<trkpt lat="38.845826" lon="-121.062484">
<ele>182</ele>
<time>2026-10-02T13:18:05Z</time></trkpt>
<trkpt lat="38.845826" lon="-121.062484">
<ele>182</ele>
<time>2026-10-02T13:18:05Z</time></trkpt>
<trkpt lat="38.845748" lon="-121.062625">
<ele>177</ele>
<time>2026-10-02T13:18:11Z</time></trkpt>
<trkpt lat="38.84573" lon="-121.063333">
<ele>184</ele>
<time>2026-10-02T13:18:33Z</time></trkpt>
<trkpt lat="38.846094" lon="-121.063732">
<ele>196</ele>
<time>2026-10-02T13:18:52Z</time></trkpt>
<trkpt lat="38.846108" lon="-121.06383">
<ele>195</ele>
<time>2026-10-02T13:18:55Z</time></trkpt>
<trkpt lat="38.846061" lon="-121.063952">
<ele>196</ele>
<time>2026-10-02T13:18:59Z</time></trkpt>
<trkpt lat="38.845841" lon="-121.064078">
<ele>191</ele>
<time>2026-10-02T13:19:09Z</time></trkpt>
<trkpt lat="38.845824" lon="-121.064239">
<ele>195</ele>
<time>2026-10-02T13:19:14Z</time></trkpt>
<trkpt lat="38.845888" lon="-121.064458">
<ele>203</ele>
<time>2026-10-02T13:19:21Z</time></trkpt>
<trkpt lat="38.845535" lon="-121.064552">
<ele>187</ele>
<time>2026-10-02T13:19:36Z</time></trkpt>
<trkpt lat="38.845397" lon="-121.064687">
<ele>183</ele>
<time>2026-10-02T13:19:43Z</time></trkpt>
<trkpt lat="38.84533" lon="-121.065276">
<ele>180</ele>
<time>2026-10-02T13:20:01Z</time></trkpt>
<trkpt lat="38.845515" lon="-121.065645">
<ele>182</ele>
<time>2026-10-02T13:20:15Z</time></trkpt>
<trkpt lat="38.845599" lon="-121.065971">
<ele>184</ele>
<time>2026-10-02T13:20:26Z</time></trkpt>
<trkpt lat="38.845473" lon="-121.066193">
<ele>177</ele>
<time>2026-10-02T13:20:34Z</time></trkpt>
<trkpt lat="38.845473" lon="-121.066193">
<ele>177</ele>
<time>2026-10-02T13:20:34Z</time></trkpt>
<trkpt lat="38.845512" lon="-121.066399">
<ele>175</ele>
<time>2026-10-02T13:20:41Z</time></trkpt>
<trkpt lat="38.845679" lon="-121.066649">
<ele>171</ele>
<time>2026-10-02T13:20:51Z</time></trkpt>
<trkpt lat="38.846226" lon="-121.067053">
<ele>177</ele>
<time>2026-10-02T13:21:17Z</time></trkpt>
<trkpt lat="38.846204" lon="-121.067155">
<ele>179</ele>
<time>2026-10-02T13:21:20Z</time></trkpt>
<trkpt lat="38.845646" lon="-121.067083">
<ele>169</ele>
<time>2026-10-02T13:21:42Z</time></trkpt>
<trkpt lat="38.844919" lon="-121.06748">
<ele>172</ele>
<time>2026-10-02T13:22:14Z</time></trkpt>
<trkpt lat="38.844766" lon="-121.067816">
<ele>172</ele>
<time>2026-10-02T13:22:26Z</time></trkpt>
<trkpt lat="38.844966" lon="-121.068411">
<ele>176</ele>
<time>2026-10-02T13:22:46Z</time></trkpt>
<trkpt lat="38.844884" lon="-121.068489">
<ele>173</ele>
<time>2026-10-02T13:22:50Z</time></trkpt>
<trkpt lat="38.844859" lon="-121.068727">
<ele>177</ele>
<time>2026-10-02T13:22:58Z</time></trkpt>
<trkpt lat="38.844402" lon="-121.069413">
<ele>171</ele>
<time>2026-10-02T13:23:26Z</time></trkpt>
<trkpt lat="38.844355" lon="-121.069637">
<ele>171</ele>
<time>2026-10-02T13:23:33Z</time></trkpt>
<trkpt lat="38.844355" lon="-121.069637">
<ele>171</ele>
<time>2026-10-02T13:23:33Z</time></trkpt>
<trkpt lat="38.844315" lon="-121.069824">
<ele>168</ele>
<time>2026-10-02T13:23:39Z</time></trkpt>
<trkpt lat="38.84447" lon="-121.070144">
<ele>174</ele>
<time>2026-10-02T13:23:51Z</time></trkpt>
<trkpt lat="38.844229" lon="-121.070625">
<ele>167</ele>
<time>2026-10-02T13:24:09Z</time></trkpt>
<trkpt lat="38.84424" lon="-121.070765">
<ele>166</ele>
<time>2026-10-02T13:24:13Z</time></trkpt>
<trkpt lat="38.844413" lon="-121.071057">
<ele>175</ele>
<time>2026-10-02T13:24:25Z</time></trkpt>
<trkpt lat="38.844179" lon="-121.071312">
<ele>167</ele>
<time>2026-10-02T13:24:37Z</time></trkpt>
<trkpt lat="38.844166" lon="-121.071468">
<ele>169</ele>
<time>2026-10-02T13:24:42Z</time></trkpt>
<trkpt lat="38.843933" lon="-121.071755">
<ele>164</ele>
<time>2026-10-02T13:24:55Z</time></trkpt>
<trkpt lat="38.843846" lon="-121.072054">
<ele>161</ele>
<time>2026-10-02T13:25:05Z</time></trkpt>
<trkpt lat="38.843853" lon="-121.072381">
<ele>158</ele>
<time>2026-10-02T13:25:15Z</time></trkpt>
<trkpt lat="38.843933" lon="-121.072558">
<ele>159</ele>
<time>2026-10-02T13:25:22Z</time></trkpt>
<trkpt lat="38.844124" lon="-121.072827">
<ele>158</ele>
<time>2026-10-02T13:25:33Z</time></trkpt>
<trkpt lat="38.844411" lon="-121.073044">
<ele>159</ele>
<time>2026-10-02T13:25:46Z</time></trkpt>
<trkpt lat="38.844329" lon="-121.073156">
<ele>162</ele>
<time>2026-10-02T13:25:51Z</time></trkpt>
<trkpt lat="38.844119" lon="-121.073145">
<ele>156</ele>
<time>2026-10-02T13:25:59Z</time></trkpt>
<trkpt lat="38.843917" lon="-121.07321">
<ele>156</ele>
<time>2026-10-02T13:26:08Z</time></trkpt>
<trkpt lat="38.843813" lon="-121.073299">
<ele>156</ele>
<time>2026-10-02T13:26:13Z</time></trkpt>
<trkpt lat="38.843719" lon="-121.073438">
<ele>156</ele>
<time>2026-10-02T13:26:19Z</time></trkpt>
<trkpt lat="38.843719" lon="-121.073438">
<ele>156</ele>
<time>2026-10-02T13:26:19Z</time></trkpt>
<trkpt lat="38.843611" lon="-121.073598">
<ele>157</ele>
<time>2026-10-02T13:26:25Z</time></trkpt>
<trkpt lat="38.843573" lon="-121.073892">
<ele>155</ele>
<time>2026-10-02T13:26:34Z</time></trkpt>
<trkpt lat="38.843877" lon="-121.074221">
<ele>158</ele>
<time>2026-10-02T13:26:50Z</time></trkpt>
<trkpt lat="38.843942" lon="-121.074366">
<ele>158</ele>
<time>2026-10-02T13:26:56Z</time></trkpt>
<trkpt lat="38.844197" lon="-121.074534">
<ele>164</ele>
<time>2026-10-02T13:27:07Z</time></trkpt>
<trkpt lat="38.844319" lon="-121.075197">
<ele>151</ele>
<time>2026-10-02T13:27:28Z</time></trkpt>
<trkpt lat="38.844264" lon="-121.075311">
<ele>151</ele>
<time>2026-10-02T13:27:33Z</time></trkpt>
<trkpt lat="38.844075" lon="-121.075412">
<ele>156</ele>
<time>2026-10-02T13:27:41Z</time></trkpt>
<trkpt lat="38.844017" lon="-121.075304">
<ele>154</ele>
<time>2026-10-02T13:27:45Z</time></trkpt>
<trkpt lat="38.843777" lon="-121.075209">
<ele>156</ele>
<time>2026-10-02T13:27:55Z</time></trkpt>
<trkpt lat="38.843589" lon="-121.075253">
<ele>158</ele>
<time>2026-10-02T13:28:03Z</time></trkpt>
<trkpt lat="38.843491" lon="-121.075337">
<ele>157</ele>
<time>2026-10-02T13:28:07Z</time></trkpt>
<trkpt lat="38.843306" lon="-121.075601">
<ele>153</ele>
<time>2026-10-02T13:28:18Z</time></trkpt>
<trkpt lat="38.843056" lon="-121.075806">
<ele>153</ele>
<time>2026-10-02T13:28:30Z</time></trkpt>
<trkpt lat="38.842787" lon="-121.076084">
<ele>154</ele>
<time>2026-10-02T13:28:44Z</time></trkpt>
<trkpt lat="38.84274" lon="-121.076262">
<ele>155</ele>
<time>2026-10-02T13:28:50Z</time></trkpt>
<trkpt lat="38.842598" lon="-121.076257">
<ele>153</ele>
<time>2026-10-02T13:28:56Z</time></trkpt>
<trkpt lat="38.842389" lon="-121.076404">
<ele>153</ele>
<time>2026-10-02T13:29:05Z</time></trkpt>
<trkpt lat="38.842389" lon="-121.076404">
<ele>153</ele>
<time>2026-10-02T13:29:05Z</time></trkpt>
<trkpt lat="38.842158" lon="-121.076631">
<ele>151</ele>
<time>2026-10-02T13:29:17Z</time></trkpt>
<trkpt lat="38.84204" lon="-121.076796">
<ele>151</ele>
<time>2026-10-02T13:29:24Z</time></trkpt>
<trkpt lat="38.841816" lon="-121.076958">
<ele>150</ele>
<time>2026-10-02T13:29:34Z</time></trkpt>
<trkpt lat="38.841658" lon="-121.077301">
<ele>150</ele>
<time>2026-10-02T13:29:47Z</time></trkpt>
<trkpt lat="38.841629" lon="-121.077404">
<ele>149</ele>
<time>2026-10-02T13:29:50Z</time></trkpt>
<trkpt lat="38.841665" lon="-121.077653">
<ele>151</ele>
<time>2026-10-02T13:29:58Z</time></trkpt>
<trkpt lat="38.841461" lon="-121.077581">
<ele>150</ele>
<time>2026-10-02T13:30:06Z</time></trkpt>
<trkpt lat="38.841345" lon="-121.077567">
<ele>150</ele>
<time>2026-10-02T13:30:11Z</time></trkpt>
<trkpt lat="38.841189" lon="-121.077723">
<ele>150</ele>
<time>2026-10-02T13:30:19Z</time></trkpt>
<trkpt lat="38.841089" lon="-121.077941">
<ele>150</ele>
<time>2026-10-02T13:30:27Z</time></trkpt>
<trkpt lat="38.84099" lon="-121.078223">
<ele>152</ele>
<time>2026-10-02T13:30:37Z</time></trkpt>
<trkpt lat="38.840694" lon="-121.078167">
<ele>150</ele>
<time>2026-10-02T13:30:49Z</time></trkpt>
<trkpt lat="38.840631" lon="-121.078187">
<ele>150</ele>
<time>2026-10-02T13:30:51Z</time></trkpt>
<trkpt lat="38.840631" lon="-121.078187">
<ele>150</ele>
<time>2026-10-02T13:30:51Z</time></trkpt>
<trkpt lat="38.840558" lon="-121.078209">
<ele>150</ele>
<time>2026-10-02T13:30:54Z</time></trkpt>
<trkpt lat="38.840368" lon="-121.078389">
<ele>149</ele>
<time>2026-10-02T13:31:04Z</time></trkpt>
<trkpt lat="38.83995" lon="-121.078984">
<ele>152</ele>
<time>2026-10-02T13:31:29Z</time></trkpt>
<trkpt lat="38.839812" lon="-121.079005">
<ele>150</ele>
<time>2026-10-02T13:31:34Z</time></trkpt>
<trkpt lat="38.839303" lon="-121.079659">
<ele>150</ele>
<time>2026-10-02T13:32:03Z</time></trkpt>
<trkpt lat="38.839161" lon="-121.079867">
<ele>149</ele>
<time>2026-10-02T13:32:12Z</time></trkpt>
<trkpt lat="38.839144" lon="-121.08029">
<ele>147</ele>
<time>2026-10-02T13:32:25Z</time></trkpt>
<trkpt lat="38.839144" lon="-121.08029">
<ele>147</ele>
<time>2026-10-02T13:32:25Z</time></trkpt>
<trkpt lat="38.839141" lon="-121.080364">
<ele>146</ele>
<time>2026-10-02T13:32:27Z</time></trkpt>
<trkpt lat="38.839252" lon="-121.080647">
<ele>146</ele>
<time>2026-10-02T13:32:37Z</time></trkpt>
<trkpt lat="38.839375" lon="-121.080726">
<ele>151</ele>
<time>2026-10-02T13:32:43Z</time></trkpt>
<trkpt lat="38.839326" lon="-121.080883">
<ele>150</ele>
<time>2026-10-02T13:32:48Z</time></trkpt>
<trkpt lat="38.839312" lon="-121.08117">
<ele>153</ele>
<time>2026-10-02T13:32:57Z</time></trkpt>
<trkpt lat="38.838917" lon="-121.080997">
<ele>153</ele>
<time>2026-10-02T13:33:14Z</time></trkpt>
<trkpt lat="38.838813" lon="-121.080768">
<ele>147</ele>
<time>2026-10-02T13:33:22Z</time></trkpt>
<trkpt lat="38.838406" lon="-121.08074">
<ele>152</ele>
<time>2026-10-02T13:33:38Z</time></trkpt>
<trkpt lat="38.838211" lon="-121.080859">
<ele>152</ele>
<time>2026-10-02T13:33:47Z</time></trkpt>
<trkpt lat="38.838035" lon="-121.08159">
<ele>159</ele>
<time>2026-10-02T13:34:11Z</time></trkpt>
<trkpt lat="38.837748" lon="-121.081436">
<ele>153</ele>
<time>2026-10-02T13:34:23Z</time></trkpt>
<trkpt lat="38.837748" lon="-121.081436">
<ele>153</ele>
<time>2026-10-02T13:34:23Z</time></trkpt>
<trkpt lat="38.837637" lon="-121.081483">
<ele>152</ele>
<time>2026-10-02T13:34:28Z</time></trkpt>
<trkpt lat="38.837233" lon="-121.081824">
<ele>153</ele>
<time>2026-10-02T13:34:47Z</time></trkpt>
<trkpt lat="38.837049" lon="-121.082113">
<ele>153</ele>
<time>2026-10-02T13:34:59Z</time></trkpt>
<trkpt lat="38.83698" lon="-121.082302">
<ele>152</ele>
<time>2026-10-02T13:35:05Z</time></trkpt>
<trkpt lat="38.836955" lon="-121.082573">
<ele>152</ele>
<time>2026-10-02T13:35:14Z</time></trkpt>
<trkpt lat="38.836767" lon="-121.082839">
<ele>150</ele>
<time>2026-10-02T13:35:25Z</time></trkpt>
<trkpt lat="38.836722" lon="-121.083131">
<ele>150</ele>
<time>2026-10-02T13:35:34Z</time></trkpt>
<trkpt lat="38.83648" lon="-121.083271">
<ele>150</ele>
<time>2026-10-02T13:35:45Z</time></trkpt>
<trkpt lat="38.83648" lon="-121.083271">
<ele>150</ele>
<time>2026-10-02T13:35:45Z</time></trkpt>
<trkpt lat="38.836313" lon="-121.083367">
<ele>148</ele>
<time>2026-10-02T13:35:52Z</time></trkpt>
<trkpt lat="38.836233" lon="-121.083456">
<ele>147</ele>
<time>2026-10-02T13:35:57Z</time></trkpt>
<trkpt lat="38.836218" lon="-121.08368">
<ele>148</ele>
<time>2026-10-02T13:36:04Z</time></trkpt>
<trkpt lat="38.836163" lon="-121.084026">
<ele>148</ele>
<time>2026-10-02T13:36:15Z</time></trkpt>
<trkpt lat="38.836176" lon="-121.084296">
<ele>148</ele>
<time>2026-10-02T13:36:23Z</time></trkpt>
<trkpt lat="38.83624" lon="-121.08443">
<ele>148</ele>
<time>2026-10-02T13:36:28Z</time></trkpt>
<trkpt lat="38.836485" lon="-121.084672">
<ele>149</ele>
<time>2026-10-02T13:36:40Z</time></trkpt>
<trkpt lat="38.836504" lon="-121.084829">
<ele>149</ele>
<time>2026-10-02T13:36:45Z</time></trkpt>
<trkpt lat="38.836485" lon="-121.085294">
<ele>148</ele>
<time>2026-10-02T13:37:00Z</time></trkpt>
<trkpt lat="38.836245" lon="-121.085686">
<ele>151</ele>
<time>2026-10-02T13:37:16Z</time></trkpt>
<trkpt lat="38.836092" lon="-121.086314">
<ele>154</ele>
<time>2026-10-02T13:37:36Z</time></trkpt>
<trkpt lat="38.836061" lon="-121.08663">
<ele>152</ele>
<time>2026-10-02T13:37:46Z</time></trkpt>
<trkpt lat="38.836061" lon="-121.08663">
<ele>152</ele>
<time>2026-10-02T13:37:46Z</time></trkpt>
<trkpt lat="38.836096" lon="-121.086895">
<ele>152</ele>
<time>2026-10-02T13:37:54Z</time></trkpt>
<trkpt lat="38.835889" lon="-121.087295">
<ele>154</ele>
<time>2026-10-02T13:38:09Z</time></trkpt>
<trkpt lat="38.835547" lon="-121.087757">
<ele>154</ele>
<time>2026-10-02T13:38:29Z</time></trkpt>
<trkpt lat="38.835481" lon="-121.087986">
<ele>154</ele>
<time>2026-10-02T13:38:37Z</time></trkpt>
<trkpt lat="38.835407" lon="-121.088728">
<ele>152</ele>
<time>2026-10-02T13:39:00Z</time></trkpt>
<trkpt lat="38.835294" lon="-121.089039">
<ele>150</ele>
<time>2026-10-02T13:39:11Z</time></trkpt>
<trkpt lat="38.835376" lon="-121.089823">
<ele>149</ele>
<time>2026-10-02T13:39:36Z</time></trkpt>
<trkpt lat="38.835285" lon="-121.090283">
<ele>149</ele>
<time>2026-10-02T13:39:51Z</time></trkpt>
<trkpt lat="38.83551" lon="-121.090671">
<ele>150</ele>
<time>2026-10-02T13:40:06Z</time></trkpt>
<trkpt lat="38.835527" lon="-121.090956">
<ele>149</ele>
<time>2026-10-02T13:40:15Z</time></trkpt>
<trkpt lat="38.835618" lon="-121.091147">
<ele>149</ele>
<time>2026-10-02T13:40:22Z</time></trkpt>
<trkpt lat="38.835618" lon="-121.091147">
<ele>149</ele>
<time>2026-10-02T13:40:22Z</time></trkpt>
<trkpt lat="38.8357" lon="-121.09132">
<ele>150</ele>
<time>2026-10-02T13:40:28Z</time></trkpt>
<trkpt lat="38.835694" lon="-121.091572">
<ele>151</ele>
<time>2026-10-02T13:40:36Z</time></trkpt>
<trkpt lat="38.835614" lon="-121.09185">
<ele>149</ele>
<time>2026-10-02T13:40:45Z</time></trkpt>
<trkpt lat="38.835774" lon="-121.092553">
<ele>144</ele>
<time>2026-10-02T13:41:08Z</time></trkpt>
<trkpt lat="38.836261" lon="-121.093533">
<ele>147</ele>
<time>2026-10-02T13:41:44Z</time></trkpt>
<trkpt lat="38.836324" lon="-121.09361">
<ele>147</ele>
<time>2026-10-02T13:41:48Z</time></trkpt>
<trkpt lat="38.836549" lon="-121.093737">
<ele>151</ele>
<time>2026-10-02T13:41:57Z</time></trkpt>
<trkpt lat="38.836594" lon="-121.093796">
<ele>150</ele>
<time>2026-10-02T13:42:00Z</time></trkpt>
<trkpt lat="38.836685" lon="-121.093978">
<ele>149</ele>
<time>2026-10-02T13:42:07Z</time></trkpt>
<trkpt lat="38.836706" lon="-121.094098">
<ele>151</ele>
<time>2026-10-02T13:42:11Z</time></trkpt>
<trkpt lat="38.83664" lon="-121.094317">
<ele>153</ele>
<time>2026-10-02T13:42:18Z</time></trkpt>
<trkpt lat="38.836514" lon="-121.094242">
<ele>150</ele>
<time>2026-10-02T13:42:24Z</time></trkpt>
<trkpt lat="38.836465" lon="-121.094141">
<ele>149</ele>
<time>2026-10-02T13:42:27Z</time></trkpt>
<trkpt lat="38.836363" lon="-121.094089">
<ele>148</ele>
<time>2026-10-02T13:42:32Z</time></trkpt>
<trkpt lat="38.836138" lon="-121.094136">
<ele>150</ele>
<time>2026-10-02T13:42:41Z</time></trkpt>
<trkpt lat="38.835914" lon="-121.094057">
<ele>150</ele>
<time>2026-10-02T13:42:50Z</time></trkpt>
<trkpt lat="38.835696" lon="-121.094033">
<ele>157</ele>
<time>2026-10-02T13:42:59Z</time></trkpt>
<trkpt lat="38.835658" lon="-121.093979">
<ele>155</ele>
<time>2026-10-02T13:43:01Z</time></trkpt>
<trkpt lat="38.835658" lon="-121.093979">
<ele>155</ele>
<time>2026-10-02T13:43:01Z</time></trkpt>
<trkpt lat="38.835456" lon="-121.093693">
<ele>152</ele>
<time>2026-10-02T13:43:13Z</time></trkpt>
<trkpt lat="38.835279" lon="-121.093202">
<ele>147</ele>
<time>2026-10-02T13:43:30Z</time></trkpt>
<trkpt lat="38.835093" lon="-121.092776">
<ele>143</ele>
<time>2026-10-02T13:43:45Z</time></trkpt>
<trkpt lat="38.834578" lon="-121.09245">
<ele>149</ele>
<time>2026-10-02T13:44:08Z</time></trkpt>
<trkpt lat="38.834464" lon="-121.092339">
<ele>147</ele>
<time>2026-10-02T13:44:14Z</time></trkpt>
<trkpt lat="38.834011" lon="-121.091654">
<ele>147</ele>
<time>2026-10-02T13:44:42Z</time></trkpt>
<trkpt lat="38.834011" lon="-121.091654">
<ele>147</ele>
<time>2026-10-02T13:44:42Z</time></trkpt>
<trkpt lat="38.833896" lon="-121.091515">
<ele>146</ele>
<time>2026-10-02T13:44:48Z</time></trkpt>
<trkpt lat="38.833154" lon="-121.091008">
<ele>145</ele>
<time>2026-10-02T13:45:22Z</time></trkpt>
<trkpt lat="38.832612" lon="-121.090725">
<ele>146</ele>
<time>2026-10-02T13:45:46Z</time></trkpt>
<trkpt lat="38.832519" lon="-121.090691">
<ele>147</ele>
<time>2026-10-02T13:45:49Z</time></trkpt>
<trkpt lat="38.832445" lon="-121.090691">
<ele>147</ele>
<time>2026-10-02T13:45:52Z</time></trkpt>
<trkpt lat="38.832385" lon="-121.090734">
<ele>147</ele>
<time>2026-10-02T13:45:55Z</time></trkpt>
<trkpt lat="38.832241" lon="-121.091055">
<ele>150</ele>
<time>2026-10-02T13:46:07Z</time></trkpt>
<trkpt lat="38.832241" lon="-121.091055">
<ele>150</ele>
<time>2026-10-02T13:46:07Z</time></trkpt>
<trkpt lat="38.832385" lon="-121.090734">
<ele>147</ele>
<time>2026-10-02T13:46:18Z</time></trkpt>
<trkpt lat="38.832445" lon="-121.090691">
<ele>147</ele>
<time>2026-10-02T13:46:21Z</time></trkpt>
<trkpt lat="38.832194" lon="-121.090713">
<ele>145</ele>
<time>2026-10-02T13:46:31Z</time></trkpt>
<trkpt lat="38.831863" lon="-121.091148">
<ele>146</ele>
<time>2026-10-02T13:46:50Z</time></trkpt>
<trkpt lat="38.831688" lon="-121.091293">
<ele>145</ele>
<time>2026-10-02T13:46:58Z</time></trkpt>
<trkpt lat="38.831281" lon="-121.091087">
<ele>145</ele>
<time>2026-10-02T13:47:16Z</time></trkpt>
<trkpt lat="38.831092" lon="-121.090798">
<ele>144</ele>
<time>2026-10-02T13:47:28Z</time></trkpt>
<trkpt lat="38.830968" lon="-121.090756">
<ele>143</ele>
<time>2026-10-02T13:47:33Z</time></trkpt>
<trkpt lat="38.830655" lon="-121.09091">
<ele>143</ele>
<time>2026-10-02T13:47:46Z</time></trkpt>
<trkpt lat="38.830451" lon="-121.091078">
<ele>143</ele>
<time>2026-10-02T13:47:56Z</time></trkpt>
<trkpt lat="38.830176" lon="-121.091108">
<ele>144</ele>
<time>2026-10-02T13:48:07Z</time></trkpt>
<trkpt lat="38.830176" lon="-121.091108">
<ele>144</ele>
<time>2026-10-02T13:48:07Z</time></trkpt>
<trkpt lat="38.830113" lon="-121.091115">
<ele>145</ele>
<time>2026-10-02T13:48:10Z</time></trkpt>
<trkpt lat="38.82984" lon="-121.090961">
<ele>143</ele>
<time>2026-10-02T13:48:22Z</time></trkpt>
<trkpt lat="38.829797" lon="-121.090891">
<ele>143</ele>
<time>2026-10-02T13:48:24Z</time></trkpt>
<trkpt lat="38.829615" lon="-121.09098">
<ele>143</ele>
<time>2026-10-02T13:48:32Z</time></trkpt>
<trkpt lat="38.829404" lon="-121.091363">
<ele>143</ele>
<time>2026-10-02T13:48:47Z</time></trkpt>
<trkpt lat="38.829425" lon="-121.091918">
<ele>143</ele>
<time>2026-10-02T13:49:04Z</time></trkpt>
<trkpt lat="38.82952" lon="-121.092035">
<ele>144</ele>
<time>2026-10-02T13:49:09Z</time></trkpt>
<trkpt lat="38.829655" lon="-121.092082">
<ele>145</ele>
<time>2026-10-02T13:49:15Z</time></trkpt>
<trkpt lat="38.829658" lon="-121.092194">
<ele>145</ele>
<time>2026-10-02T13:49:19Z</time></trkpt>
<trkpt lat="38.829582" lon="-121.092315">
<ele>145</ele>
<time>2026-10-02T13:49:23Z</time></trkpt>
<trkpt lat="38.829364" lon="-121.09239">
<ele>146</ele>
<time>2026-10-02T13:49:32Z</time></trkpt>
<trkpt lat="38.829293" lon="-121.092349">
<ele>146</ele>
<time>2026-10-02T13:49:36Z</time></trkpt>
<trkpt lat="38.829293" lon="-121.092349">
<ele>146</ele>
<time>2026-10-02T13:49:36Z</time></trkpt>
<trkpt lat="38.828956" lon="-121.092151">
<ele>147</ele>
<time>2026-10-02T13:49:50Z</time></trkpt>
<trkpt lat="38.827752" lon="-121.091872">
<ele>156</ele>
<time>2026-10-02T13:50:39Z</time></trkpt>
<trkpt lat="38.8274" lon="-121.091706">
<ele>158</ele>
<time>2026-10-02T13:50:54Z</time></trkpt>
<trkpt lat="38.8274" lon="-121.091706">
<ele>158</ele>
<time>2026-10-02T13:50:54Z</time></trkpt>
<trkpt lat="38.827315" lon="-121.091666">
<ele>160</ele>
<time>2026-10-02T13:50:58Z</time></trkpt>
<trkpt lat="38.826777" lon="-121.091078">
<ele>159</ele>
<time>2026-10-02T13:51:26Z</time></trkpt>
<trkpt lat="38.826508" lon="-121.090629">
<ele>156</ele>
<time>2026-10-02T13:51:44Z</time></trkpt>
<trkpt lat="38.826202" lon="-121.090391">
<ele>158</ele>
<time>2026-10-02T13:51:58Z</time></trkpt>
<trkpt lat="38.826046" lon="-121.090471">
<ele>163</ele>
<time>2026-10-02T13:52:05Z</time></trkpt>
<trkpt lat="38.82578" lon="-121.090816">
<ele>168</ele>
<time>2026-10-02T13:52:20Z</time></trkpt>
<trkpt lat="38.825609" lon="-121.090509">
<ele>165</ele>
<time>2026-10-02T13:52:32Z</time></trkpt>
<trkpt lat="38.825609" lon="-121.090509">
<ele>165</ele>
<time>2026-10-02T13:52:32Z</time></trkpt>
<trkpt lat="38.825525" lon="-121.090359">
<ele>163</ele>
<time>2026-10-02T13:52:38Z</time></trkpt>
<trkpt lat="38.825278" lon="-121.090055">
<ele>163</ele>
<time>2026-10-02T13:52:52Z</time></trkpt>
<trkpt lat="38.825074" lon="-121.089952">
<ele>165</ele>
<time>2026-10-02T13:53:00Z</time></trkpt>
<trkpt lat="38.824834" lon="-121.089882">
<ele>168</ele>
<time>2026-10-02T13:53:10Z</time></trkpt>
<trkpt lat="38.824467" lon="-121.089485">
<ele>170</ele>
<time>2026-10-02T13:53:29Z</time></trkpt>
<trkpt lat="38.824601" lon="-121.089191">
<ele>173</ele>
<time>2026-10-02T13:53:40Z</time></trkpt>
<trkpt lat="38.824601" lon="-121.089">
<ele>175</ele>
<time>2026-10-02T13:53:46Z</time></trkpt>
<trkpt lat="38.824496" lon="-121.088612">
<ele>177</ele>
<time>2026-10-02T13:53:59Z</time></trkpt>
<trkpt lat="38.824347" lon="-121.088308">
<ele>173</ele>
<time>2026-10-02T13:54:10Z</time></trkpt>
<trkpt lat="38.82418" lon="-121.08823">
<ele>173</ele>
<time>2026-10-02T13:54:17Z</time></trkpt>
<trkpt lat="38.82418" lon="-121.08823">
<ele>173</ele>
<time>2026-10-02T13:54:17Z</time></trkpt>
<trkpt lat="38.823917" lon="-121.088145">
<ele>171</ele>
<time>2026-10-02T13:54:28Z</time></trkpt>
<trkpt lat="38.823539" lon="-121.087407">
<ele>164</ele>
<time>2026-10-02T13:54:56Z</time></trkpt>
<trkpt lat="38.82343" lon="-121.087136">
<ele>160</ele>
<time>2026-10-02T13:55:05Z</time></trkpt>
<trkpt lat="38.823288" lon="-121.087029">
<ele>162</ele>
<time>2026-10-02T13:55:12Z</time></trkpt>
<trkpt lat="38.823059" lon="-121.087099">
<ele>165</ele>
<time>2026-10-02T13:55:21Z</time></trkpt>
<trkpt lat="38.822884" lon="-121.087551">
<ele>167</ele>
<time>2026-10-02T13:55:37Z</time></trkpt>
<trkpt lat="38.822884" lon="-121.087551">
<ele>167</ele>
<time>2026-10-02T13:55:37Z</time></trkpt>
<trkpt lat="38.822902" lon="-121.087673">
<ele>168</ele>
<time>2026-10-02T13:55:41Z</time></trkpt>
<trkpt lat="38.822848" lon="-121.087879">
<ele>168</ele>
<time>2026-10-02T13:55:48Z</time></trkpt>
<trkpt lat="38.822473" lon="-121.087996">
<ele>166</ele>
<time>2026-10-02T13:56:03Z</time></trkpt>
<trkpt lat="38.822324" lon="-121.087664">
<ele>164</ele>
<time>2026-10-02T13:56:15Z</time></trkpt>
<trkpt lat="38.821789" lon="-121.08729">
<ele>164</ele>
<time>2026-10-02T13:56:39Z</time></trkpt>
<trkpt lat="38.821538" lon="-121.08737">
<ele>164</ele>
<time>2026-10-02T13:56:50Z</time></trkpt>
<trkpt lat="38.82117" lon="-121.087692">
<ele>165</ele>
<time>2026-10-02T13:57:08Z</time></trkpt>
<trkpt lat="38.821058" lon="-121.087613">
<ele>164</ele>
<time>2026-10-02T13:57:13Z</time></trkpt>
<trkpt lat="38.820909" lon="-121.087357">
<ele>163</ele>
<time>2026-10-02T13:57:23Z</time></trkpt>
<trkpt lat="38.820909" lon="-121.087357">
<ele>163</ele>
<time>2026-10-02T13:57:23Z</time></trkpt>
<trkpt lat="38.820716" lon="-121.087024">
<ele>165</ele>
<time>2026-10-02T13:57:36Z</time></trkpt>
<trkpt lat="38.820628" lon="-121.08673">
<ele>165</ele>
<time>2026-10-02T13:57:46Z</time></trkpt>
<trkpt lat="38.820432" lon="-121.08652">
<ele>168</ele>
<time>2026-10-02T13:57:56Z</time></trkpt>
<trkpt lat="38.82033" lon="-121.086501">
<ele>170</ele>
<time>2026-10-02T13:58:00Z</time></trkpt>
<trkpt lat="38.820239" lon="-121.086585">
<ele>171</ele>
<time>2026-10-02T13:58:04Z</time></trkpt>
<trkpt lat="38.820133" lon="-121.087001">
<ele>169</ele>
<time>2026-10-02T13:58:18Z</time></trkpt>
<trkpt lat="38.820104" lon="-121.08751">
<ele>164</ele>
<time>2026-10-02T13:58:34Z</time></trkpt>
<trkpt lat="38.819977" lon="-121.087715">
<ele>162</ele>
<time>2026-10-02T13:58:42Z</time></trkpt>
<trkpt lat="38.819901" lon="-121.088061">
<ele>162</ele>
<time>2026-10-02T13:58:53Z</time></trkpt>
<trkpt lat="38.819933" lon="-121.088224">
<ele>161</ele>
<time>2026-10-02T13:58:59Z</time></trkpt>
<trkpt lat="38.819999" lon="-121.088355">
<ele>161</ele>
<time>2026-10-02T13:59:04Z</time></trkpt>
<trkpt lat="38.820246" lon="-121.088472">
<ele>162</ele>
<time>2026-10-02T13:59:14Z</time></trkpt>
<trkpt lat="38.820294" lon="-121.088561">
<ele>163</ele>
<time>2026-10-02T13:59:17Z</time></trkpt>
<trkpt lat="38.820195" lon="-121.088794">
<ele>160</ele>
<time>2026-10-02T13:59:26Z</time></trkpt>
<trkpt lat="38.820195" lon="-121.088794">
<ele>160</ele>
<time>2026-10-02T13:59:26Z</time></trkpt>
<trkpt lat="38.820264" lon="-121.08892">
<ele>162</ele>
<time>2026-10-02T13:59:31Z</time></trkpt>
<trkpt lat="38.820264" lon="-121.08906">
<ele>162</ele>
<time>2026-10-02T13:59:35Z</time></trkpt>
<trkpt lat="38.820195" lon="-121.08921">
<ele>161</ele>
<time>2026-10-02T13:59:40Z</time></trkpt>
<trkpt lat="38.820257" lon="-121.089555">
<ele>161</ele>
<time>2026-10-02T13:59:51Z</time></trkpt>
<trkpt lat="38.82037" lon="-121.089709">
<ele>164</ele>
<time>2026-10-02T13:59:58Z</time></trkpt>
<trkpt lat="38.82033" lon="-121.089789">
<ele>164</ele>
<time>2026-10-02T14:00:01Z</time></trkpt>
<trkpt lat="38.820192" lon="-121.089789">
<ele>163</ele>
<time>2026-10-02T14:00:07Z</time></trkpt>
<trkpt lat="38.820017" lon="-121.08963">
<ele>161</ele>
<time>2026-10-02T14:00:15Z</time></trkpt>
<trkpt lat="38.81976" lon="-121.08965">
<ele>161</ele>
<time>2026-10-02T14:00:25Z</time></trkpt>
<trkpt lat="38.81976" lon="-121.08965">
<ele>161</ele>
<time>2026-10-02T14:00:25Z</time></trkpt>
<trkpt lat="38.819714" lon="-121.08968">
<ele>161</ele>
<time>2026-10-02T14:00:28Z</time></trkpt>
<trkpt lat="38.8196696" lon="-121.0896215">
<ele>159</ele>
<time>2026-10-02T14:00:30Z</time></trkpt>
<trkpt lat="38.819586" lon="-121.089592">
<ele>157</ele>
<time>2026-10-02T14:00:34Z</time></trkpt>
<trkpt lat="38.8194628" lon="-121.0895705">
<ele>156</ele>
<time>2026-10-02T14:00:39Z</time></trkpt>
<trkpt lat="38.8193854" lon="-121.0895544">
<ele>155</ele>
<time>2026-10-02T14:00:42Z</time></trkpt>
<trkpt lat="38.8193018" lon="-121.089769">
<ele>156</ele>
<time>2026-10-02T14:00:49Z</time></trkpt>
<trkpt lat="38.8192892" lon="-121.0898119">
<ele>156</ele>
<time>2026-10-02T14:00:51Z</time></trkpt>
<trkpt lat="38.8193498" lon="-121.0898978">
<ele>157</ele>
<time>2026-10-02T14:00:54Z</time></trkpt>
<trkpt lat="38.8194417" lon="-121.0897717">
<ele>157</ele>
<time>2026-10-02T14:01:00Z</time></trkpt>
<trkpt lat="38.8194543" lon="-121.0897073">
<ele>156</ele>
<time>2026-10-02T14:01:02Z</time></trkpt>
<trkpt lat="38.8195921" lon="-121.0897207">
<ele>159</ele>
<time>2026-10-02T14:01:07Z</time></trkpt>
<trkpt lat="38.819623" lon="-121.089761">
<ele>160</ele>
<time>2026-10-02T14:01:09Z</time></trkpt>
<trkpt lat="38.819515" lon="-121.089896">
<ele>160</ele>
<time>2026-10-02T14:01:15Z</time></trkpt>
<trkpt lat="38.81949" lon="-121.09022">
<ele>163</ele>
<time>2026-10-02T14:01:25Z</time></trkpt>
<trkpt lat="38.81949" lon="-121.09022">
<ele>163</ele>
<time>2026-10-02T14:01:25Z</time></trkpt>
<trkpt lat="38.819482" lon="-121.090317">
<ele>164</ele>
<time>2026-10-02T14:01:28Z</time></trkpt>
<trkpt lat="38.8193" lon="-121.090639">
<ele>162</ele>
<time>2026-10-02T14:01:41Z</time></trkpt>
<trkpt lat="38.819282" lon="-121.090821">
<ele>160</ele>
<time>2026-10-02T14:01:46Z</time></trkpt>
<trkpt lat="38.819302" lon="-121.090944">
<ele>159</ele>
<time>2026-10-02T14:01:50Z</time></trkpt>
<trkpt lat="38.819302" lon="-121.090944">
<ele>159</ele>
<time>2026-10-02T14:01:50Z</time></trkpt>
<trkpt lat="38.81934" lon="-121.091176">
<ele>158</ele>
<time>2026-10-02T14:01:58Z</time></trkpt>
<trkpt lat="38.819382" lon="-121.092032">
<ele>157</ele>
<time>2026-10-02T14:02:25Z</time></trkpt>
<trkpt lat="38.819382" lon="-121.092032">
<ele>157</ele>
<time>2026-10-02T14:02:25Z</time></trkpt>
<trkpt lat="38.819388" lon="-121.092152">
<ele>156</ele>
<time>2026-10-02T14:02:28Z</time></trkpt>
<trkpt lat="38.81958" lon="-121.092469">
<ele>154</ele>
<time>2026-10-02T14:02:41Z</time></trkpt>
<trkpt lat="38.819757" lon="-121.09256">
<ele>154</ele>
<time>2026-10-02T14:02:48Z</time></trkpt>
<trkpt lat="38.819757" lon="-121.09256">
<ele>154</ele>
<time>2026-10-02T14:02:48Z</time></trkpt>
<trkpt lat="38.819944" lon="-121.092656">
<ele>154</ele>
<time>2026-10-02T14:02:57Z</time></trkpt>
<trkpt lat="38.820062" lon="-121.092866">
<ele>152</ele>
<time>2026-10-02T14:03:05Z</time></trkpt>
<trkpt lat="38.820062" lon="-121.092866">
<ele>152</ele>
<time>2026-10-02T14:03:05Z</time></trkpt>
<trkpt lat="38.820363" lon="-121.093058">
<ele>156</ele>
<time>2026-10-02T14:03:18Z</time></trkpt>
<trkpt lat="38.82039" lon="-121.093211">
<ele>156</ele>
<time>2026-10-02T14:03:23Z</time></trkpt>
<trkpt lat="38.82039" lon="-121.093211">
<ele>156</ele>
<time>2026-10-02T14:03:23Z</time></trkpt>
<trkpt lat="38.820414" lon="-121.093338">
<ele>155</ele>
<time>2026-10-02T14:03:27Z</time></trkpt>
<trkpt lat="38.820625" lon="-121.09352">
<ele>153</ele>
<time>2026-10-02T14:03:37Z</time></trkpt>
<trkpt lat="38.820625" lon="-121.09352">
<ele>153</ele>
<time>2026-10-02T14:03:37Z</time></trkpt>
<trkpt lat="38.820836" lon="-121.093459">
<ele>153</ele>
<time>2026-10-02T14:03:46Z</time></trkpt>
<trkpt lat="38.820919" lon="-121.093283">
<ele>152</ele>
<time>2026-10-02T14:03:52Z</time></trkpt>
<trkpt lat="38.820919" lon="-121.093283">
<ele>152</ele>
<time>2026-10-02T14:03:52Z</time></trkpt>
<trkpt lat="38.82101" lon="-121.093091">
<ele>151</ele>
<time>2026-10-02T14:03:59Z</time></trkpt>
<trkpt lat="38.821007" lon="-121.092992">
<ele>151</ele>
<time>2026-10-02T14:04:02Z</time></trkpt>
<trkpt lat="38.8211459" lon="-121.0929618">
<ele>147</ele>
<time>2026-10-02T14:04:08Z</time></trkpt>
<trkpt lat="38.821177" lon="-121.092955">
<ele>147</ele>
<time>2026-10-02T14:04:09Z</time></trkpt>
<trkpt lat="38.821177" lon="-121.092955">
<ele>147</ele>
<time>2026-10-02T14:04:09Z</time></trkpt>
<trkpt lat="38.821199" lon="-121.09295">
<ele>146</ele>
<time>2026-10-02T14:04:10Z</time></trkpt>
<trkpt lat="38.821218" lon="-121.093015">
<ele>146</ele>
<time>2026-10-02T14:04:12Z</time></trkpt>
<trkpt lat="38.821236" lon="-121.093076">
<ele>146</ele>
<time>2026-10-02T14:04:14Z</time></trkpt>
<trkpt lat="38.821497" lon="-121.093192">
<ele>143</ele>
<time>2026-10-02T14:04:26Z</time></trkpt>
<trkpt lat="38.821497" lon="-121.093192">
<ele>143</ele>
<time>2026-10-02T14:04:26Z</time></trkpt>
<trkpt lat="38.821563" lon="-121.093221">
<ele>143</ele>
<time>2026-10-02T14:04:28Z</time></trkpt>
<trkpt lat="38.821647" lon="-121.09352">
<ele>143</ele>
<time>2026-10-02T14:04:38Z</time></trkpt>
<trkpt lat="38.821723" lon="-121.093712">
<ele>142</ele>
<time>2026-10-02T14:04:45Z</time></trkpt>
<trkpt lat="38.821765" lon="-121.093733">
<ele>142</ele>
<time>2026-10-02T14:04:47Z</time></trkpt>
<trkpt lat="38.821765" lon="-121.093732">
<ele>142</ele>
<time>2026-10-02T14:04:47Z</time></trkpt>
<trkpt lat="38.821902" lon="-121.0938">
<ele>142</ele>
<time>2026-10-02T14:04:53Z</time></trkpt>
<trkpt lat="38.821934" lon="-121.09395">
<ele>142</ele>
<time>2026-10-02T14:04:58Z</time></trkpt>
<trkpt lat="38.821896" lon="-121.094045">
<ele>142</ele>
<time>2026-10-02T14:05:01Z</time></trkpt>
<trkpt lat="38.821896" lon="-121.094045">
<ele>142</ele>
<time>2026-10-02T14:05:01Z</time></trkpt>
<trkpt lat="38.8218" lon="-121.094281">
<ele>143</ele>
<time>2026-10-02T14:05:09Z</time></trkpt>
<trkpt lat="38.821818" lon="-121.094393">
<ele>144</ele>
<time>2026-10-02T14:05:13Z</time></trkpt>
<trkpt lat="38.822153" lon="-121.094529">
<ele>149</ele>
<time>2026-10-02T14:05:27Z</time></trkpt>
<trkpt lat="38.822153" lon="-121.094529">
<ele>149</ele>
<time>2026-10-02T14:05:27Z</time></trkpt>
<trkpt lat="38.822251" lon="-121.094702">
<ele>150</ele>
<time>2026-10-02T14:05:34Z</time></trkpt>
<trkpt lat="38.822207" lon="-121.0948">
<ele>151</ele>
<time>2026-10-02T14:05:37Z</time></trkpt>
<trkpt lat="38.822236" lon="-121.095127">
<ele>153</ele>
<time>2026-10-02T14:05:47Z</time></trkpt>
<trkpt lat="38.822311" lon="-121.095216">
<ele>155</ele>
<time>2026-10-02T14:05:51Z</time></trkpt>
<trkpt lat="38.822311" lon="-121.095216">
<ele>155</ele>
<time>2026-10-02T14:05:51Z</time></trkpt>
<trkpt lat="38.822349" lon="-121.095262">
<ele>156</ele>
<time>2026-10-02T14:05:54Z</time></trkpt>
<trkpt lat="38.822317" lon="-121.096409">
<ele>154</ele>
<time>2026-10-02T14:06:29Z</time></trkpt>
<trkpt lat="38.822317" lon="-121.096409">
<ele>154</ele>
<time>2026-10-02T14:06:29Z</time></trkpt>
<trkpt lat="38.822309" lon="-121.09671">
<ele>159</ele>
<time>2026-10-02T14:06:39Z</time></trkpt>
<trkpt lat="38.822213" lon="-121.097781">
<ele>149</ele>
<time>2026-10-02T14:07:12Z</time></trkpt>
<trkpt lat="38.822212" lon="-121.097781">
<ele>149</ele>
<time>2026-10-02T14:07:12Z</time></trkpt>
<trkpt lat="38.8222" lon="-121.097919">
<ele>148</ele>
<time>2026-10-02T14:07:17Z</time></trkpt>
<trkpt lat="38.822207" lon="-121.098284">
<ele>147</ele>
<time>2026-10-02T14:07:28Z</time></trkpt>
<trkpt lat="38.822298" lon="-121.098517">
<ele>145</ele>
<time>2026-10-02T14:07:36Z</time></trkpt>
<trkpt lat="38.822393" lon="-121.098624">
<ele>144</ele>
<time>2026-10-02T14:07:41Z</time></trkpt>
<trkpt lat="38.822487" lon="-121.098779">
<ele>144</ele>
<time>2026-10-02T14:07:48Z</time></trkpt>
<trkpt lat="38.822375" lon="-121.099526">
<ele>146</ele>
<time>2026-10-02T14:08:11Z</time></trkpt>
<trkpt lat="38.822415" lon="-121.099782">
<ele>145</ele>
<time>2026-10-02T14:08:19Z</time></trkpt>
<trkpt lat="38.822415" lon="-121.099782">
<ele>145</ele>
<time>2026-10-02T14:08:19Z</time></trkpt>
<trkpt lat="38.822422" lon="-121.099825">
<ele>145</ele>
<time>2026-10-02T14:08:21Z</time></trkpt>
<trkpt lat="38.822388" lon="-121.100152">
<ele>143</ele>
<time>2026-10-02T14:08:31Z</time></trkpt>
<trkpt lat="38.82268" lon="-121.100567">
<ele>142</ele>
<time>2026-10-02T14:08:49Z</time></trkpt>
<trkpt lat="38.823123" lon="-121.100465">
<ele>146</ele>
<time>2026-10-02T14:09:07Z</time></trkpt>
<trkpt lat="38.823123" lon="-121.100465">
<ele>146</ele>
<time>2026-10-02T14:09:07Z</time></trkpt>
<trkpt lat="38.823623" lon="-121.100147">
<ele>149</ele>
<time>2026-10-02T14:09:29Z</time></trkpt>
<trkpt lat="38.823729" lon="-121.100193">
<ele>148</ele>
<time>2026-10-02T14:09:33Z</time></trkpt>
<trkpt lat="38.823729" lon="-121.100193">
<ele>148</ele>
<time>2026-10-02T14:09:33Z</time></trkpt>
<trkpt lat="38.82423" lon="-121.100408">
<ele>150</ele>
<time>2026-10-02T14:09:55Z</time></trkpt>
<trkpt lat="38.824416" lon="-121.100376">
<ele>151</ele>
<time>2026-10-02T14:10:02Z</time></trkpt>
<trkpt lat="38.824449" lon="-121.100455">
<ele>153</ele>
<time>2026-10-02T14:10:05Z</time></trkpt>
<trkpt lat="38.824001" lon="-121.10067">
<ele>154</ele>
<time>2026-10-02T14:10:24Z</time></trkpt>
<trkpt lat="38.823735" lon="-121.100661">
<ele>152</ele>
<time>2026-10-02T14:10:35Z</time></trkpt>
<trkpt lat="38.823586" lon="-121.10081">
<ele>154</ele>
<time>2026-10-02T14:10:42Z</time></trkpt>
<trkpt lat="38.823473" lon="-121.10103">
<ele>157</ele>
<time>2026-10-02T14:10:51Z</time></trkpt>
<trkpt lat="38.823291" lon="-121.10122">
<ele>157</ele>
<time>2026-10-02T14:11:00Z</time></trkpt>
<trkpt lat="38.823291" lon="-121.10122">
<ele>157</ele>
<time>2026-10-02T14:11:00Z</time></trkpt>
<trkpt lat="38.822928" lon="-121.101599">
<ele>154</ele>
<time>2026-10-02T14:11:19Z</time></trkpt>
<trkpt lat="38.822851" lon="-121.101749">
<ele>156</ele>
<time>2026-10-02T14:11:24Z</time></trkpt>
<trkpt lat="38.822615" lon="-121.101781">
<ele>151</ele>
<time>2026-10-02T14:11:34Z</time></trkpt>
<trkpt lat="38.822509" lon="-121.101959">
<ele>151</ele>
<time>2026-10-02T14:11:41Z</time></trkpt>
<trkpt lat="38.822509" lon="-121.101959">
<ele>151</ele>
<time>2026-10-02T14:11:41Z</time></trkpt>
<trkpt lat="38.822597" lon="-121.102491">
<ele>153</ele>
<time>2026-10-02T14:11:58Z</time></trkpt>
<trkpt lat="38.822451" lon="-121.102837">
<ele>154</ele>
<time>2026-10-02T14:12:10Z</time></trkpt>
<trkpt lat="38.822145" lon="-121.103005">
<ele>152</ele>
<time>2026-10-02T14:12:23Z</time></trkpt>
<trkpt lat="38.822099" lon="-121.103112">
<ele>152</ele>
<time>2026-10-02T14:12:27Z</time></trkpt>
<trkpt lat="38.822099" lon="-121.103112">
<ele>152</ele>
<time>2026-10-02T14:12:27Z</time></trkpt>
<trkpt lat="38.822025" lon="-121.10328">
<ele>152</ele>
<time>2026-10-02T14:12:33Z</time></trkpt>
<trkpt lat="38.822062" lon="-121.103925">
<ele>152</ele>
<time>2026-10-02T14:12:53Z</time></trkpt>
<trkpt lat="38.822102" lon="-121.104046">
<ele>153</ele>
<time>2026-10-02T14:12:58Z</time></trkpt>
<trkpt lat="38.822062" lon="-121.104261">
<ele>151</ele>
<time>2026-10-02T14:13:04Z</time></trkpt>
<trkpt lat="38.822196" lon="-121.104751">
<ele>148</ele>
<time>2026-10-02T14:13:21Z</time></trkpt>
<trkpt lat="38.822422" lon="-121.1051">
<ele>148</ele>
<time>2026-10-02T14:13:35Z</time></trkpt>
<trkpt lat="38.822422" lon="-121.1051">
<ele>148</ele>
<time>2026-10-02T14:13:35Z</time></trkpt>
<trkpt lat="38.822655" lon="-121.105751">
<ele>155</ele>
<time>2026-10-02T14:13:57Z</time></trkpt>
<trkpt lat="38.822609" lon="-121.106269">
<ele>153</ele>
<time>2026-10-02T14:14:13Z</time></trkpt>
<trkpt lat="38.822609" lon="-121.106269">
<ele>153</ele>
<time>2026-10-02T14:14:13Z</time></trkpt>
<trkpt lat="38.822757" lon="-121.106699">
<ele>155</ele>
<time>2026-10-02T14:14:28Z</time></trkpt>
<trkpt lat="38.822651" lon="-121.106764">
<ele>156</ele>
<time>2026-10-02T14:14:33Z</time></trkpt>
<trkpt lat="38.822011" lon="-121.10668">
<ele>153</ele>
<time>2026-10-02T14:14:59Z</time></trkpt>
<trkpt lat="38.821851" lon="-121.106745">
<ele>154</ele>
<time>2026-10-02T14:15:05Z</time></trkpt>
<trkpt lat="38.821851" lon="-121.106745">
<ele>154</ele>
<time>2026-10-02T14:15:05Z</time></trkpt>
<trkpt lat="38.821782" lon="-121.106774">
<ele>153</ele>
<time>2026-10-02T14:15:08Z</time></trkpt>
<trkpt lat="38.82156" lon="-121.107077">
<ele>154</ele>
<time>2026-10-02T14:15:21Z</time></trkpt>
<trkpt lat="38.82156" lon="-121.107413">
<ele>156</ele>
<time>2026-10-02T14:15:32Z</time></trkpt>
<trkpt lat="38.821428" lon="-121.108099">
<ele>154</ele>
<time>2026-10-02T14:15:54Z</time></trkpt>
<trkpt lat="38.821428" lon="-121.108099">
<ele>154</ele>
<time>2026-10-02T14:15:54Z</time></trkpt>
<trkpt lat="38.821327" lon="-121.108441">
<ele>152</ele>
<time>2026-10-02T14:16:05Z</time></trkpt>
<trkpt lat="38.821338" lon="-121.1086">
<ele>153</ele>
<time>2026-10-02T14:16:10Z</time></trkpt>
<trkpt lat="38.82121" lon="-121.108614">
<ele>153</ele>
<time>2026-10-02T14:16:15Z</time></trkpt>
<trkpt lat="38.82113" lon="-121.10888">
<ele>159</ele>
<time>2026-10-02T14:16:24Z</time></trkpt>
<trkpt lat="38.821087" lon="-121.108912">
<ele>160</ele>
<time>2026-10-02T14:16:26Z</time></trkpt>
<trkpt lat="38.820981" lon="-121.108884">
<ele>161</ele>
<time>2026-10-02T14:16:31Z</time></trkpt>
<trkpt lat="38.820839" lon="-121.108665">
<ele>158</ele>
<time>2026-10-02T14:16:40Z</time></trkpt>
<trkpt lat="38.820741" lon="-121.108623">
<ele>158</ele>
<time>2026-10-02T14:16:44Z</time></trkpt>
<trkpt lat="38.820648" lon="-121.10862">
<ele>158</ele>
<time>2026-10-02T14:16:47Z</time></trkpt>
<trkpt lat="38.820648" lon="-121.10862">
<ele>158</ele>
<time>2026-10-02T14:16:47Z</time></trkpt>
<trkpt lat="38.82033" lon="-121.108609">
<ele>159</ele>
<time>2026-10-02T14:17:00Z</time></trkpt>
<trkpt lat="38.820195" lon="-121.108707">
<ele>157</ele>
<time>2026-10-02T14:17:06Z</time></trkpt>
<trkpt lat="38.820082" lon="-121.108926">
<ele>155</ele>
<time>2026-10-02T14:17:15Z</time></trkpt>
<trkpt lat="38.820008" lon="-121.108996">
<ele>154</ele>
<time>2026-10-02T14:17:18Z</time></trkpt>
<trkpt lat="38.820008" lon="-121.108996">
<ele>154</ele>
<time>2026-10-02T14:17:18Z</time></trkpt>
<trkpt lat="38.819628" lon="-121.109356">
<ele>151</ele>
<time>2026-10-02T14:17:37Z</time></trkpt>
<trkpt lat="38.819358" lon="-121.109235">
<ele>151</ele>
<time>2026-10-02T14:17:49Z</time></trkpt>
<trkpt lat="38.819314" lon="-121.109277">
<ele>152</ele>
<time>2026-10-02T14:17:51Z</time></trkpt>
<trkpt lat="38.819314" lon="-121.109277">
<ele>152</ele>
<time>2026-10-02T14:17:51Z</time></trkpt>
<trkpt lat="38.819275" lon="-121.109314">
<ele>152</ele>
<time>2026-10-02T14:17:53Z</time></trkpt>
<trkpt lat="38.819188" lon="-121.109898">
<ele>162</ele>
<time>2026-10-02T14:18:11Z</time></trkpt>
<trkpt lat="38.818944" lon="-121.109874">
<ele>164</ele>
<time>2026-10-02T14:18:21Z</time></trkpt>
<trkpt lat="38.818714" lon="-121.109646">
<ele>164</ele>
<time>2026-10-02T14:18:33Z</time></trkpt>
<trkpt lat="38.818665" lon="-121.109684">
<ele>166</ele>
<time>2026-10-02T14:18:35Z</time></trkpt>
<trkpt lat="38.818665" lon="-121.109684">
<ele>166</ele>
<time>2026-10-02T14:18:35Z</time></trkpt>
<trkpt lat="38.818631" lon="-121.109711">
<ele>167</ele>
<time>2026-10-02T14:18:37Z</time></trkpt>
<trkpt lat="38.818285" lon="-121.110183">
<ele>170</ele>
<time>2026-10-02T14:18:57Z</time></trkpt>
<trkpt lat="38.818176" lon="-121.110206">
<ele>172</ele>
<time>2026-10-02T14:19:01Z</time></trkpt>
<trkpt lat="38.817855" lon="-121.110141">
<ele>169</ele>
<time>2026-10-02T14:19:14Z</time></trkpt>
<trkpt lat="38.817855" lon="-121.110141">
<ele>169</ele>
<time>2026-10-02T14:19:14Z</time></trkpt>
<trkpt lat="38.817783" lon="-121.110127">
<ele>169</ele>
<time>2026-10-02T14:19:17Z</time></trkpt>
<trkpt lat="38.817666" lon="-121.110285">
<ele>168</ele>
<time>2026-10-02T14:19:24Z</time></trkpt>
<trkpt lat="38.817441" lon="-121.110435">
<ele>168</ele>
<time>2026-10-02T14:19:34Z</time></trkpt>
<trkpt lat="38.817015" lon="-121.11001">
<ele>158</ele>
<time>2026-10-02T14:19:56Z</time></trkpt>
<trkpt lat="38.817015" lon="-121.11001">
<ele>158</ele>
<time>2026-10-02T14:19:56Z</time></trkpt>
<trkpt lat="38.81691" lon="-121.110052">
<ele>159</ele>
<time>2026-10-02T14:20:00Z</time></trkpt>
<trkpt lat="38.816691" lon="-121.110369">
<ele>159</ele>
<time>2026-10-02T14:20:13Z</time></trkpt>
<trkpt lat="38.816557" lon="-121.110477">
<ele>157</ele>
<time>2026-10-02T14:20:20Z</time></trkpt>
<trkpt lat="38.816418" lon="-121.110776">
<ele>156</ele>
<time>2026-10-02T14:20:31Z</time></trkpt>
<trkpt lat="38.816418" lon="-121.110776">
<ele>156</ele>
<time>2026-10-02T14:20:31Z</time></trkpt>
<trkpt lat="38.816375" lon="-121.110981">
<ele>155</ele>
<time>2026-10-02T14:20:37Z</time></trkpt>
<trkpt lat="38.816411" lon="-121.111121">
<ele>156</ele>
<time>2026-10-02T14:20:42Z</time></trkpt>
<trkpt lat="38.815632" lon="-121.110598">
<ele>147</ele>
<time>2026-10-02T14:21:17Z</time></trkpt>
<trkpt lat="38.815597" lon="-121.110622">
<ele>148</ele>
<time>2026-10-02T14:21:19Z</time></trkpt>
<trkpt lat="38.815597" lon="-121.110622">
<ele>148</ele>
<time>2026-10-02T14:21:19Z</time></trkpt>
<trkpt lat="38.815392" lon="-121.110757">
<ele>152</ele>
<time>2026-10-02T14:21:28Z</time></trkpt>
<trkpt lat="38.815043" lon="-121.110869">
<ele>153</ele>
<time>2026-10-02T14:21:42Z</time></trkpt>
<trkpt lat="38.814905" lon="-121.110813">
<ele>154</ele>
<time>2026-10-02T14:21:48Z</time></trkpt>
<trkpt lat="38.814999" lon="-121.110412">
<ele>155</ele>
<time>2026-10-02T14:22:01Z</time></trkpt>
<trkpt lat="38.81481" lon="-121.110094">
<ele>155</ele>
<time>2026-10-02T14:22:14Z</time></trkpt>
<trkpt lat="38.814684" lon="-121.110094">
<ele>157</ele>
<time>2026-10-02T14:22:19Z</time></trkpt>
<trkpt lat="38.814684" lon="-121.110094">
<ele>157</ele>
<time>2026-10-02T14:22:19Z</time></trkpt>
<trkpt lat="38.814497" lon="-121.110094">
<ele>156</ele>
<time>2026-10-02T14:22:26Z</time></trkpt>
<trkpt lat="38.814344" lon="-121.110001">
<ele>152</ele>
<time>2026-10-02T14:22:33Z</time></trkpt>
<trkpt lat="38.814119" lon="-121.109982">
<ele>154</ele>
<time>2026-10-02T14:22:42Z</time></trkpt>
<trkpt lat="38.813889" lon="-121.109815">
<ele>153</ele>
<time>2026-10-02T14:22:53Z</time></trkpt>
<trkpt lat="38.813618" lon="-121.109724">
<ele>152</ele>
<time>2026-10-02T14:23:04Z</time></trkpt>
<trkpt lat="38.813618" lon="-121.109725">
<ele>152</ele>
<time>2026-10-02T14:23:04Z</time></trkpt>
<trkpt lat="38.813401" lon="-121.109652">
<ele>150</ele>
<time>2026-10-02T14:23:13Z</time></trkpt>
<trkpt lat="38.813338" lon="-121.109648">
<ele>150</ele>
<time>2026-10-02T14:23:16Z</time></trkpt>
<trkpt lat="38.813132" lon="-121.109567">
<ele>150</ele>
<time>2026-10-02T14:23:24Z</time></trkpt>
<trkpt lat="38.813104" lon="-121.10938">
<ele>146</ele>
<time>2026-10-02T14:23:30Z</time></trkpt>
<trkpt lat="38.813047" lon="-121.109299">
<ele>145</ele>
<time>2026-10-02T14:23:33Z</time></trkpt>
<trkpt lat="38.812929" lon="-121.10925">
<ele>147</ele>
<time>2026-10-02T14:23:38Z</time></trkpt>
<trkpt lat="38.812853" lon="-121.109148">
<ele>147</ele>
<time>2026-10-02T14:23:43Z</time></trkpt>
<trkpt lat="38.81286" lon="-121.108973">
<ele>146</ele>
<time>2026-10-02T14:23:48Z</time></trkpt>
<trkpt lat="38.81299" lon="-121.108774">
<ele>142</ele>
<time>2026-10-02T14:23:56Z</time></trkpt>
<trkpt lat="38.812926" lon="-121.108534">
<ele>146</ele>
<time>2026-10-02T14:24:04Z</time></trkpt>
<trkpt lat="38.812869" lon="-121.108457">
<ele>147</ele>
<time>2026-10-02T14:24:08Z</time></trkpt>
<trkpt lat="38.812964" lon="-121.108396">
<ele>147</ele>
<time>2026-10-02T14:24:12Z</time></trkpt>
<trkpt lat="38.813031" lon="-121.108408">
<ele>147</ele>
<time>2026-10-02T14:24:15Z</time></trkpt>
<trkpt lat="38.81311" lon="-121.108327">
<ele>149</ele>
<time>2026-10-02T14:24:19Z</time></trkpt>
<trkpt lat="38.813028" lon="-121.108095">
<ele>152</ele>
<time>2026-10-02T14:24:27Z</time></trkpt>
<trkpt lat="38.812939" lon="-121.108034">
<ele>153</ele>
<time>2026-10-02T14:24:31Z</time></trkpt>
<trkpt lat="38.812768" lon="-121.108026">
<ele>153</ele>
<time>2026-10-02T14:24:38Z</time></trkpt>
<trkpt lat="38.812679" lon="-121.107941">
<ele>155</ele>
<time>2026-10-02T14:24:42Z</time></trkpt>
<trkpt lat="38.812565" lon="-121.107904">
<ele>157</ele>
<time>2026-10-02T14:24:47Z</time></trkpt>
<trkpt lat="38.8124" lon="-121.107721">
<ele>161</ele>
<time>2026-10-02T14:24:55Z</time></trkpt>
<trkpt lat="38.812277" lon="-121.107587">
<ele>162</ele>
<time>2026-10-02T14:25:02Z</time></trkpt>
<trkpt lat="38.812277" lon="-121.107587">
<ele>162</ele>
<time>2026-10-02T14:25:02Z</time></trkpt>
<trkpt lat="38.812226" lon="-121.107531">
<ele>162</ele>
<time>2026-10-02T14:25:05Z</time></trkpt>
<trkpt lat="38.812052" lon="-121.107559">
<ele>158</ele>
<time>2026-10-02T14:25:12Z</time></trkpt>
<trkpt lat="38.811878" lon="-121.107464">
<ele>155</ele>
<time>2026-10-02T14:25:19Z</time></trkpt>
<trkpt lat="38.811553" lon="-121.107637">
<ele>161</ele>
<time>2026-10-02T14:25:33Z</time></trkpt>
<trkpt lat="38.811211" lon="-121.10739">
<ele>161</ele>
<time>2026-10-02T14:25:49Z</time></trkpt>
<trkpt lat="38.81112" lon="-121.107096">
<ele>159</ele>
<time>2026-10-02T14:25:59Z</time></trkpt>
<trkpt lat="38.811062" lon="-121.107025">
<ele>158</ele>
<time>2026-10-02T14:26:02Z</time></trkpt>
<trkpt lat="38.810949" lon="-121.107">
<ele>159</ele>
<time>2026-10-02T14:26:07Z</time></trkpt>
<trkpt lat="38.810681" lon="-121.107177">
<ele>163</ele>
<time>2026-10-02T14:26:19Z</time></trkpt>
<trkpt lat="38.810543" lon="-121.107191">
<ele>162</ele>
<time>2026-10-02T14:26:24Z</time></trkpt>
<trkpt lat="38.810417" lon="-121.107135">
<ele>162</ele>
<time>2026-10-02T14:26:30Z</time></trkpt>
<trkpt lat="38.81035" lon="-121.107057">
<ele>161</ele>
<time>2026-10-02T14:26:33Z</time></trkpt>
<trkpt lat="38.810248" lon="-121.106997">
<ele>161</ele>
<time>2026-10-02T14:26:38Z</time></trkpt>
<trkpt lat="38.810248" lon="-121.106997">
<ele>161</ele>
<time>2026-10-02T14:26:38Z</time></trkpt>
<trkpt lat="38.810069" lon="-121.106947">
<ele>161</ele>
<time>2026-10-02T14:26:45Z</time></trkpt>
<trkpt lat="38.810011" lon="-121.106993">
<ele>162</ele>
<time>2026-10-02T14:26:48Z</time></trkpt>
<trkpt lat="38.809846" lon="-121.10694">
<ele>162</ele>
<time>2026-10-02T14:26:55Z</time></trkpt>
<trkpt lat="38.809735" lon="-121.106611">
<ele>160</ele>
<time>2026-10-02T14:27:06Z</time></trkpt>
<trkpt lat="38.809829" lon="-121.106268">
<ele>154</ele>
<time>2026-10-02T14:27:17Z</time></trkpt>
<trkpt lat="38.809821" lon="-121.106165">
<ele>154</ele>
<time>2026-10-02T14:27:21Z</time></trkpt>
<trkpt lat="38.809664" lon="-121.106034">
<ele>156</ele>
<time>2026-10-02T14:27:28Z</time></trkpt>
<trkpt lat="38.809526" lon="-121.105992">
<ele>157</ele>
<time>2026-10-02T14:27:34Z</time></trkpt>
<trkpt lat="38.809479" lon="-121.105921">
<ele>157</ele>
<time>2026-10-02T14:27:37Z</time></trkpt>
<trkpt lat="38.809644" lon="-121.105609">
<ele>150</ele>
<time>2026-10-02T14:27:48Z</time></trkpt>
<trkpt lat="38.809622" lon="-121.105489">
<ele>150</ele>
<time>2026-10-02T14:27:52Z</time></trkpt>
<trkpt lat="38.809553" lon="-121.105386">
<ele>150</ele>
<time>2026-10-02T14:27:56Z</time></trkpt>
<trkpt lat="38.809424" lon="-121.105287">
<ele>151</ele>
<time>2026-10-02T14:28:02Z</time></trkpt>
<trkpt lat="38.809275" lon="-121.105032">
<ele>146</ele>
<time>2026-10-02T14:28:12Z</time></trkpt>
<trkpt lat="38.809198" lon="-121.105008">
<ele>147</ele>
<time>2026-10-02T14:28:16Z</time></trkpt>
<trkpt lat="38.809175" lon="-121.104895">
<ele>146</ele>
<time>2026-10-02T14:28:19Z</time></trkpt>
<trkpt lat="38.809175" lon="-121.104895">
<ele>146</ele>
<time>2026-10-02T14:28:19Z</time></trkpt>
<trkpt lat="38.809134" lon="-121.104693">
<ele>144</ele>
<time>2026-10-02T14:28:26Z</time></trkpt>
<trkpt lat="38.809016" lon="-121.104434">
<ele>143</ele>
<time>2026-10-02T14:28:35Z</time></trkpt>
<trkpt lat="38.80888" lon="-121.104335">
<ele>144</ele>
<time>2026-10-02T14:28:41Z</time></trkpt>
<trkpt lat="38.808762" lon="-121.104296">
<ele>144</ele>
<time>2026-10-02T14:28:46Z</time></trkpt>
<trkpt lat="38.808574" lon="-121.10431">
<ele>146</ele>
<time>2026-10-02T14:28:54Z</time></trkpt>
<trkpt lat="38.808334" lon="-121.104417">
<ele>147</ele>
<time>2026-10-02T14:29:04Z</time></trkpt>
<trkpt lat="38.808114" lon="-121.104576">
<ele>146</ele>
<time>2026-10-02T14:29:14Z</time></trkpt>
<trkpt lat="38.807912" lon="-121.104608">
<ele>146</ele>
<time>2026-10-02T14:29:22Z</time></trkpt>
<trkpt lat="38.807678" lon="-121.104572">
<ele>145</ele>
<time>2026-10-02T14:29:32Z</time></trkpt>
<trkpt lat="38.807559" lon="-121.104636">
<ele>145</ele>
<time>2026-10-02T14:29:37Z</time></trkpt>
<trkpt lat="38.807399" lon="-121.104845">
<ele>149</ele>
<time>2026-10-02T14:29:46Z</time></trkpt>
<trkpt lat="38.807168" lon="-121.104788">
<ele>149</ele>
<time>2026-10-02T14:29:56Z</time></trkpt>
<trkpt lat="38.807165" lon="-121.104696">
<ele>147</ele>
<time>2026-10-02T14:29:58Z</time></trkpt>
<trkpt lat="38.807242" lon="-121.104647">
<ele>145</ele>
<time>2026-10-02T14:30:02Z</time></trkpt>
<trkpt lat="38.807278" lon="-121.104516">
<ele>145</ele>
<time>2026-10-02T14:30:06Z</time></trkpt>
<trkpt lat="38.807257" lon="-121.10438">
<ele>145</ele>
<time>2026-10-02T14:30:10Z</time></trkpt>
<trkpt lat="38.807257" lon="-121.10438">
<ele>145</ele>
<time>2026-10-02T14:30:10Z</time></trkpt>
<trkpt lat="38.807223" lon="-121.104151">
<ele>142</ele>
<time>2026-10-02T14:30:18Z</time></trkpt>
<trkpt lat="38.80671" lon="-121.103677">
<ele>146</ele>
<time>2026-10-02T14:30:43Z</time></trkpt>
<trkpt lat="38.80647" lon="-121.103574">
<ele>145</ele>
<time>2026-10-02T14:30:53Z</time></trkpt>
<trkpt lat="38.806255" lon="-121.103631">
<ele>144</ele>
<time>2026-10-02T14:31:02Z</time></trkpt>
<trkpt lat="38.806161" lon="-121.103801">
<ele>144</ele>
<time>2026-10-02T14:31:09Z</time></trkpt>
<trkpt lat="38.806178" lon="-121.104148">
<ele>148</ele>
<time>2026-10-02T14:31:19Z</time></trkpt>
<trkpt lat="38.805938" lon="-121.104544">
<ele>148</ele>
<time>2026-10-02T14:31:35Z</time></trkpt>
<trkpt lat="38.805769" lon="-121.1051">
<ele>148</ele>
<time>2026-10-02T14:31:54Z</time></trkpt>
<trkpt lat="38.805778" lon="-121.105192">
<ele>149</ele>
<time>2026-10-02T14:31:57Z</time></trkpt>
<trkpt lat="38.805687" lon="-121.105241">
<ele>150</ele>
<time>2026-10-02T14:32:01Z</time></trkpt>
<trkpt lat="38.805673" lon="-121.105146">
<ele>148</ele>
<time>2026-10-02T14:32:04Z</time></trkpt>
<trkpt lat="38.805472" lon="-121.104887">
<ele>146</ele>
<time>2026-10-02T14:32:15Z</time></trkpt>
<trkpt lat="38.805472" lon="-121.104887">
<ele>146</ele>
<time>2026-10-02T14:32:15Z</time></trkpt>
<trkpt lat="38.804931" lon="-121.104887">
<ele>147</ele>
<time>2026-10-02T14:32:37Z</time></trkpt>
<trkpt lat="38.804881" lon="-121.104926">
<ele>146</ele>
<time>2026-10-02T14:32:39Z</time></trkpt>
<trkpt lat="38.804868" lon="-121.105071">
<ele>147</ele>
<time>2026-10-02T14:32:44Z</time></trkpt>
<trkpt lat="38.804812" lon="-121.105089">
<ele>147</ele>
<time>2026-10-02T14:32:46Z</time></trkpt>
<trkpt lat="38.804672" lon="-121.105029">
<ele>146</ele>
<time>2026-10-02T14:32:52Z</time></trkpt>
<trkpt lat="38.804515" lon="-121.104926">
<ele>147</ele>
<time>2026-10-02T14:32:59Z</time></trkpt>
<trkpt lat="38.804426" lon="-121.104933">
<ele>147</ele>
<time>2026-10-02T14:33:02Z</time></trkpt>
<trkpt lat="38.804338" lon="-121.104969">
<ele>147</ele>
<time>2026-10-02T14:33:06Z</time></trkpt>
<trkpt lat="38.804297" lon="-121.105132">
<ele>148</ele>
<time>2026-10-02T14:33:12Z</time></trkpt>
<trkpt lat="38.804214" lon="-121.105252">
<ele>147</ele>
<time>2026-10-02T14:33:17Z</time></trkpt>
<trkpt lat="38.80396" lon="-121.105469">
<ele>146</ele>
<time>2026-10-02T14:33:29Z</time></trkpt>
<trkpt lat="38.80396" lon="-121.105469">
<ele>146</ele>
<time>2026-10-02T14:33:29Z</time></trkpt>
<trkpt lat="38.803635" lon="-121.105747">
<ele>148</ele>
<time>2026-10-02T14:33:44Z</time></trkpt>
<trkpt lat="38.803458" lon="-121.105751">
<ele>147</ele>
<time>2026-10-02T14:33:51Z</time></trkpt>
<trkpt lat="38.803367" lon="-121.105917">
<ele>147</ele>
<time>2026-10-02T14:33:58Z</time></trkpt>
<trkpt lat="38.802896" lon="-121.106392">
<ele>144</ele>
<time>2026-10-02T14:34:22Z</time></trkpt>
<trkpt lat="38.802821" lon="-121.106526">
<ele>143</ele>
<time>2026-10-02T14:34:27Z</time></trkpt>
<trkpt lat="38.802799" lon="-121.106724">
<ele>144</ele>
<time>2026-10-02T14:34:33Z</time></trkpt>
<trkpt lat="38.802722" lon="-121.106876">
<ele>144</ele>
<time>2026-10-02T14:34:39Z</time></trkpt>
<trkpt lat="38.802545" lon="-121.106887">
<ele>144</ele>
<time>2026-10-02T14:34:46Z</time></trkpt>
<trkpt lat="38.802328" lon="-121.107001">
<ele>144</ele>
<time>2026-10-02T14:34:55Z</time></trkpt>
<trkpt lat="38.802328" lon="-121.107001">
<ele>144</ele>
<time>2026-10-02T14:34:55Z</time></trkpt>
<trkpt lat="38.802098" lon="-121.107121">
<ele>145</ele>
<time>2026-10-02T14:35:05Z</time></trkpt>
<trkpt lat="38.802021" lon="-121.107255">
<ele>146</ele>
<time>2026-10-02T14:35:11Z</time></trkpt>
<trkpt lat="38.801897" lon="-121.107344">
<ele>147</ele>
<time>2026-10-02T14:35:16Z</time></trkpt>
<trkpt lat="38.801533" lon="-121.107326">
<ele>150</ele>
<time>2026-10-02T14:35:31Z</time></trkpt>
<trkpt lat="38.801345" lon="-121.107234">
<ele>151</ele>
<time>2026-10-02T14:35:39Z</time></trkpt>
<trkpt lat="38.800973" lon="-121.107195">
<ele>154</ele>
<time>2026-10-02T14:35:54Z</time></trkpt>
<trkpt lat="38.800686" lon="-121.107237">
<ele>156</ele>
<time>2026-10-02T14:36:05Z</time></trkpt>
<trkpt lat="38.800686" lon="-121.107237">
<ele>156</ele>
<time>2026-10-02T14:36:05Z</time></trkpt>
<trkpt lat="38.800973" lon="-121.107195">
<ele>154</ele>
<time>2026-10-02T14:36:17Z</time></trkpt>
<trkpt lat="38.800788" lon="-121.107386">
<ele>159</ele>
<time>2026-10-02T14:36:27Z</time></trkpt>
<trkpt lat="38.800772" lon="-121.107559">
<ele>163</ele>
<time>2026-10-02T14:36:32Z</time></trkpt>
<trkpt lat="38.800468" lon="-121.10751">
<ele>167</ele>
<time>2026-10-02T14:36:44Z</time></trkpt>
<trkpt lat="38.800179" lon="-121.107535">
<ele>170</ele>
<time>2026-10-02T14:36:56Z</time></trkpt>
<trkpt lat="38.800046" lon="-121.107655">
<ele>172</ele>
<time>2026-10-02T14:37:02Z</time></trkpt>
<trkpt lat="38.799983" lon="-121.107836">
<ele>173</ele>
<time>2026-10-02T14:37:09Z</time></trkpt>
<trkpt lat="38.800027" lon="-121.108062">
<ele>175</ele>
<time>2026-10-02T14:37:16Z</time></trkpt>
<trkpt lat="38.800016" lon="-121.108412">
<ele>179</ele>
<time>2026-10-02T14:37:27Z</time></trkpt>
<trkpt lat="38.799975" lon="-121.108614">
<ele>179</ele>
<time>2026-10-02T14:37:33Z</time></trkpt>
<trkpt lat="38.799702" lon="-121.109287">
<ele>177</ele>
<time>2026-10-02T14:37:57Z</time></trkpt>
<trkpt lat="38.799497" lon="-121.109499">
<ele>179</ele>
<time>2026-10-02T14:38:08Z</time></trkpt>
<trkpt lat="38.799373" lon="-121.109506">
<ele>180</ele>
<time>2026-10-02T14:38:13Z</time></trkpt>
<trkpt lat="38.79918" lon="-121.109368">
<ele>183</ele>
<time>2026-10-02T14:38:21Z</time></trkpt>
<trkpt lat="38.799103" lon="-121.109265">
<ele>183</ele>
<time>2026-10-02T14:38:26Z</time></trkpt>
<trkpt lat="38.799103" lon="-121.109265">
<ele>183</ele>
<time>2026-10-02T14:38:26Z</time></trkpt>
<trkpt lat="38.798998" lon="-121.109127">
<ele>184</ele>
<time>2026-10-02T14:38:32Z</time></trkpt>
<trkpt lat="38.798924" lon="-121.109103">
<ele>185</ele>
<time>2026-10-02T14:38:35Z</time></trkpt>
<trkpt lat="38.798866" lon="-121.109141">
<ele>187</ele>
<time>2026-10-02T14:38:38Z</time></trkpt>
<trkpt lat="38.798693" lon="-121.1095178">
<ele>191</ele>
<time>2026-10-02T14:38:51Z</time></trkpt>
<trkpt lat="38.798693" lon="-121.109518">
<ele>191</ele>
<time>2026-10-02T14:38:51Z</time></trkpt>
<trkpt lat="38.798596" lon="-121.109729">
<ele>191</ele>
<time>2026-10-02T14:38:59Z</time></trkpt>
<trkpt lat="38.798339" lon="-121.109531">
<ele>188</ele>
<time>2026-10-02T14:39:11Z</time></trkpt>
<trkpt lat="38.798281" lon="-121.109352">
<ele>186</ele>
<time>2026-10-02T14:39:17Z</time></trkpt>
<trkpt lat="38.798281" lon="-121.109352">
<ele>186</ele>
<time>2026-10-02T14:39:17Z</time></trkpt>
<trkpt lat="38.798231" lon="-121.109197">
<ele>184</ele>
<time>2026-10-02T14:39:22Z</time></trkpt>
<trkpt lat="38.797917" lon="-121.108998">
<ele>182</ele>
<time>2026-10-02T14:39:36Z</time></trkpt>
<trkpt lat="38.797603" lon="-121.108547">
<ele>181</ele>
<time>2026-10-02T14:39:55Z</time></trkpt>
<trkpt lat="38.797493" lon="-121.108466">
<ele>180</ele>
<time>2026-10-02T14:40:00Z</time></trkpt>
<trkpt lat="38.797372" lon="-121.108409">
<ele>178</ele>
<time>2026-10-02T14:40:05Z</time></trkpt>
<trkpt lat="38.7971461" lon="-121.1085522">
<ele>176</ele>
<time>2026-10-02T14:40:15Z</time></trkpt>
<trkpt lat="38.797167" lon="-121.108476">
<ele>176</ele>
<time>2026-10-02T14:40:18Z</time></trkpt>
<trkpt lat="38.796905" lon="-121.10825">
<ele>172</ele>
<time>2026-10-02T14:40:31Z</time></trkpt>
<trkpt lat="38.79675" lon="-121.10826">
<ele>172</ele>
<time>2026-10-02T14:40:37Z</time></trkpt>
<trkpt lat="38.796524" lon="-121.108193">
<ele>168</ele>
<time>2026-10-02T14:40:46Z</time></trkpt>
<trkpt lat="38.796397" lon="-121.108175">
<ele>166</ele>
<time>2026-10-02T14:40:51Z</time></trkpt>
<trkpt lat="38.796212" lon="-121.108296">
<ele>170</ele>
<time>2026-10-02T14:41:00Z</time></trkpt>
<trkpt lat="38.79611" lon="-121.108264">
<ele>169</ele>
<time>2026-10-02T14:41:04Z</time></trkpt>
<trkpt lat="38.795956" lon="-121.10831">
<ele>172</ele>
<time>2026-10-02T14:41:10Z</time></trkpt>
<trkpt lat="38.795697" lon="-121.108253">
<ele>172</ele>
<time>2026-10-02T14:41:21Z</time></trkpt>
<trkpt lat="38.795622" lon="-121.108143">
<ele>169</ele>
<time>2026-10-02T14:41:25Z</time></trkpt>
<trkpt lat="38.795434" lon="-121.10802">
<ele>165</ele>
<time>2026-10-02T14:41:34Z</time></trkpt>
<trkpt lat="38.795434" lon="-121.10802">
<ele>165</ele>
<time>2026-10-02T14:41:34Z</time></trkpt>
<trkpt lat="38.795035" lon="-121.10831">
<ele>163</ele>
<time>2026-10-02T14:41:52Z</time></trkpt>
<trkpt lat="38.79491" lon="-121.108579">
<ele>166</ele>
<time>2026-10-02T14:42:02Z</time></trkpt>
<trkpt lat="38.794684" lon="-121.108904">
<ele>165</ele>
<time>2026-10-02T14:42:15Z</time></trkpt>
<trkpt lat="38.794596" lon="-121.108993">
<ele>164</ele>
<time>2026-10-02T14:42:20Z</time></trkpt>
<trkpt lat="38.794563" lon="-121.109219">
<ele>167</ele>
<time>2026-10-02T14:42:27Z</time></trkpt>
<trkpt lat="38.794499" lon="-121.10929">
<ele>166</ele>
<time>2026-10-02T14:42:30Z</time></trkpt>
<trkpt lat="38.794281" lon="-121.109329">
<ele>163</ele>
<time>2026-10-02T14:42:39Z</time></trkpt>
<trkpt lat="38.794174" lon="-121.109435">
<ele>160</ele>
<time>2026-10-02T14:42:45Z</time></trkpt>
<trkpt lat="38.794138" lon="-121.109343">
<ele>161</ele>
<time>2026-10-02T14:42:48Z</time></trkpt>
<trkpt lat="38.794064" lon="-121.109343">
<ele>160</ele>
<time>2026-10-02T14:42:51Z</time></trkpt>
<trkpt lat="38.794064" lon="-121.109343">
<ele>160</ele>
<time>2026-10-02T14:42:51Z</time></trkpt>
<trkpt lat="38.793796" lon="-121.109495">
<ele>163</ele>
<time>2026-10-02T14:43:03Z</time></trkpt>
<trkpt lat="38.793647" lon="-121.109248">
<ele>162</ele>
<time>2026-10-02T14:43:12Z</time></trkpt>
<trkpt lat="38.793255" lon="-121.109382">
<ele>161</ele>
<time>2026-10-02T14:43:29Z</time></trkpt>
<trkpt lat="38.793137" lon="-121.109478">
<ele>159</ele>
<time>2026-10-02T14:43:34Z</time></trkpt>
<trkpt lat="38.792808" lon="-121.109591">
<ele>152</ele>
<time>2026-10-02T14:43:48Z</time></trkpt>
<trkpt lat="38.792599" lon="-121.109616">
<ele>151</ele>
<time>2026-10-02T14:43:56Z</time></trkpt>
<trkpt lat="38.792306" lon="-121.109421">
<ele>146</ele>
<time>2026-10-02T14:44:10Z</time></trkpt>
<trkpt lat="38.792306" lon="-121.109421">
<ele>146</ele>
<time>2026-10-02T14:44:10Z</time></trkpt>
<trkpt lat="38.792042" lon="-121.109467">
<ele>149</ele>
<time>2026-10-02T14:44:20Z</time></trkpt>
<trkpt lat="38.791859" lon="-121.109361">
<ele>145</ele>
<time>2026-10-02T14:44:28Z</time></trkpt>
<trkpt lat="38.791757" lon="-121.109379">
<ele>147</ele>
<time>2026-10-02T14:44:32Z</time></trkpt>
<trkpt lat="38.79152" lon="-121.10918">
<ele>144</ele>
<time>2026-10-02T14:44:44Z</time></trkpt>
<trkpt lat="38.791377" lon="-121.109188">
<ele>148</ele>
<time>2026-10-02T14:44:49Z</time></trkpt>
<trkpt lat="38.79104" lon="-121.109269">
<ele>157</ele>
<time>2026-10-02T14:45:03Z</time></trkpt>
<trkpt lat="38.790911" lon="-121.109149">
<ele>152</ele>
<time>2026-10-02T14:45:10Z</time></trkpt>
<trkpt lat="38.790811" lon="-121.109134">
<ele>153</ele>
<time>2026-10-02T14:45:14Z</time></trkpt>
<trkpt lat="38.79072" lon="-121.109075">
<ele>151</ele>
<time>2026-10-02T14:45:18Z</time></trkpt>
<trkpt lat="38.79072" lon="-121.109075">
<ele>151</ele>
<time>2026-10-02T14:45:18Z</time></trkpt>
<trkpt lat="38.790585" lon="-121.108986">
<ele>149</ele>
<time>2026-10-02T14:45:24Z</time></trkpt>
<trkpt lat="38.790157" lon="-121.108788">
<ele>148</ele>
<time>2026-10-02T14:45:42Z</time></trkpt>
<trkpt lat="38.790014" lon="-121.108692">
<ele>148</ele>
<time>2026-10-02T14:45:48Z</time></trkpt>
<trkpt lat="38.789755" lon="-121.108773">
<ele>151</ele>
<time>2026-10-02T14:45:59Z</time></trkpt>
<trkpt lat="38.789468" lon="-121.108823">
<ele>151</ele>
<time>2026-10-02T14:46:11Z</time></trkpt>
<trkpt lat="38.789164" lon="-121.10894">
<ele>149</ele>
<time>2026-10-02T14:46:24Z</time></trkpt>
<trkpt lat="38.789164" lon="-121.10894">
<ele>149</ele>
<time>2026-10-02T14:46:24Z</time></trkpt>
<trkpt lat="38.789002" lon="-121.109149">
<ele>149</ele>
<time>2026-10-02T14:46:33Z</time></trkpt>
<trkpt lat="38.788751" lon="-121.109173">
<ele>149</ele>
<time>2026-10-02T14:46:43Z</time></trkpt>
<trkpt lat="38.788676" lon="-121.109209">
<ele>149</ele>
<time>2026-10-02T14:46:46Z</time></trkpt>
<trkpt lat="38.788328" lon="-121.10946">
<ele>154</ele>
<time>2026-10-02T14:47:02Z</time></trkpt>
<trkpt lat="38.788061" lon="-121.109549">
<ele>154</ele>
<time>2026-10-02T14:47:13Z</time></trkpt>
<trkpt lat="38.787931" lon="-121.109648">
<ele>152</ele>
<time>2026-10-02T14:47:19Z</time></trkpt>
<trkpt lat="38.78784" lon="-121.110019">
<ele>157</ele>
<time>2026-10-02T14:47:31Z</time></trkpt>
<trkpt lat="38.787694" lon="-121.110062">
<ele>155</ele>
<time>2026-10-02T14:47:37Z</time></trkpt>
<trkpt lat="38.787643" lon="-121.110226">
<ele>155</ele>
<time>2026-10-02T14:47:43Z</time></trkpt>
<trkpt lat="38.787643" lon="-121.110226">
<ele>155</ele>
<time>2026-10-02T14:47:43Z</time></trkpt>
<trkpt lat="38.787633" lon="-121.110426">
<ele>155</ele>
<time>2026-10-02T14:47:49Z</time></trkpt>
<trkpt lat="38.78768" lon="-121.110554">
<ele>155</ele>
<time>2026-10-02T14:47:53Z</time></trkpt>
<trkpt lat="38.787644" lon="-121.110653">
<ele>159</ele>
<time>2026-10-02T14:47:57Z</time></trkpt>
<trkpt lat="38.787275" lon="-121.11072">
<ele>156</ele>
<time>2026-10-02T14:48:12Z</time></trkpt>
<trkpt lat="38.787037" lon="-121.111056">
<ele>162</ele>
<time>2026-10-02T14:48:26Z</time></trkpt>
<trkpt lat="38.786784" lon="-121.110964">
<ele>155</ele>
<time>2026-10-02T14:48:37Z</time></trkpt>
<trkpt lat="38.786533" lon="-121.111056">
<ele>153</ele>
<time>2026-10-02T14:48:47Z</time></trkpt>
<trkpt lat="38.786395" lon="-121.111134">
<ele>150</ele>
<time>2026-10-02T14:48:53Z</time></trkpt>
<trkpt lat="38.786326" lon="-121.111488">
<ele>153</ele>
<time>2026-10-02T14:49:04Z</time></trkpt>
<trkpt lat="38.786257" lon="-121.111509">
<ele>153</ele>
<time>2026-10-02T14:49:07Z</time></trkpt>
<trkpt lat="38.786091" lon="-121.111467">
<ele>150</ele>
<time>2026-10-02T14:49:14Z</time></trkpt>
<trkpt lat="38.786091" lon="-121.111467">
<ele>150</ele>
<time>2026-10-02T14:49:14Z</time></trkpt>
<trkpt lat="38.78603" lon="-121.111665">
<ele>153</ele>
<time>2026-10-02T14:49:21Z</time></trkpt>
<trkpt lat="38.786036" lon="-121.111732">
<ele>155</ele>
<time>2026-10-02T14:49:23Z</time></trkpt>
<trkpt lat="38.786229" lon="-121.111955">
<ele>164</ele>
<time>2026-10-02T14:49:33Z</time></trkpt>
<trkpt lat="38.786254" lon="-121.112252">
<ele>166</ele>
<time>2026-10-02T14:49:43Z</time></trkpt>
<trkpt lat="38.786179" lon="-121.112327">
<ele>163</ele>
<time>2026-10-02T14:49:46Z</time></trkpt>
<trkpt lat="38.786094" lon="-121.112263">
<ele>160</ele>
<time>2026-10-02T14:49:50Z</time></trkpt>
<trkpt lat="38.786008" lon="-121.112291">
<ele>157</ele>
<time>2026-10-02T14:49:54Z</time></trkpt>
<trkpt lat="38.785995" lon="-121.112444">
<ele>158</ele>
<time>2026-10-02T14:49:59Z</time></trkpt>
<trkpt lat="38.785914" lon="-121.1125">
<ele>156</ele>
<time>2026-10-02T14:50:02Z</time></trkpt>
<trkpt lat="38.785664" lon="-121.112429">
<ele>151</ele>
<time>2026-10-02T14:50:13Z</time></trkpt>
<trkpt lat="38.785545" lon="-121.112447">
<ele>150</ele>
<time>2026-10-02T14:50:17Z</time></trkpt>
<trkpt lat="38.785454" lon="-121.1125">
<ele>148</ele>
<time>2026-10-02T14:50:21Z</time></trkpt>
<trkpt lat="38.785344" lon="-121.112776">
<ele>145</ele>
<time>2026-10-02T14:50:31Z</time></trkpt>
<trkpt lat="38.785349" lon="-121.113038">
<ele>147</ele>
<time>2026-10-02T14:50:39Z</time></trkpt>
<trkpt lat="38.785308" lon="-121.113233">
<ele>151</ele>
<time>2026-10-02T14:50:46Z</time></trkpt>
<trkpt lat="38.785211" lon="-121.113208">
<ele>149</ele>
<time>2026-10-02T14:50:50Z</time></trkpt>
<trkpt lat="38.785062" lon="-121.113282">
<ele>152</ele>
<time>2026-10-02T14:50:56Z</time></trkpt>
<trkpt lat="38.784858" lon="-121.11312">
<ele>143</ele>
<time>2026-10-02T14:51:06Z</time></trkpt>
<trkpt lat="38.78469" lon="-121.113176">
<ele>144</ele>
<time>2026-10-02T14:51:13Z</time></trkpt>
<trkpt lat="38.784419" lon="-121.113498">
<ele>151</ele>
<time>2026-10-02T14:51:27Z</time></trkpt>
<trkpt lat="38.784268" lon="-121.113597">
<ele>151</ele>
<time>2026-10-02T14:51:34Z</time></trkpt>
<trkpt lat="38.784135" lon="-121.113583">
<ele>148</ele>
<time>2026-10-02T14:51:40Z</time></trkpt>
<trkpt lat="38.784096" lon="-121.113563">
<ele>148</ele>
<time>2026-10-02T14:51:41Z</time></trkpt>
<trkpt lat="38.784096" lon="-121.113563">
<ele>148</ele>
<time>2026-10-02T14:51:41Z</time></trkpt>
<trkpt lat="38.78397" lon="-121.113498">
<ele>146</ele>
<time>2026-10-02T14:51:47Z</time></trkpt>
<trkpt lat="38.783713" lon="-121.113488">
<ele>144</ele>
<time>2026-10-02T14:51:57Z</time></trkpt>
<trkpt lat="38.78341" lon="-121.113803">
<ele>147</ele>
<time>2026-10-02T14:52:13Z</time></trkpt>
<trkpt lat="38.783048" lon="-121.114121">
<ele>152</ele>
<time>2026-10-02T14:52:30Z</time></trkpt>
<trkpt lat="38.783001" lon="-121.114252">
<ele>154</ele>
<time>2026-10-02T14:52:35Z</time></trkpt>
<trkpt lat="38.783164" lon="-121.114263">
<ele>158</ele>
<time>2026-10-02T14:52:41Z</time></trkpt>
<trkpt lat="38.783051" lon="-121.114429">
<ele>159</ele>
<time>2026-10-02T14:52:48Z</time></trkpt>
<trkpt lat="38.782921" lon="-121.114797">
<ele>155</ele>
<time>2026-10-02T14:53:01Z</time></trkpt>
<trkpt lat="38.782921" lon="-121.114797">
<ele>155</ele>
<time>2026-10-02T14:53:01Z</time></trkpt>
<trkpt lat="38.782916" lon="-121.11496">
<ele>154</ele>
<time>2026-10-02T14:53:06Z</time></trkpt>
<trkpt lat="38.782861" lon="-121.115126">
<ele>150</ele>
<time>2026-10-02T14:53:11Z</time></trkpt>
<trkpt lat="38.782872" lon="-121.115381">
<ele>150</ele>
<time>2026-10-02T14:53:19Z</time></trkpt>
<trkpt lat="38.782703" lon="-121.115657">
<ele>145</ele>
<time>2026-10-02T14:53:30Z</time></trkpt>
<trkpt lat="38.782728" lon="-121.115781">
<ele>145</ele>
<time>2026-10-02T14:53:34Z</time></trkpt>
<trkpt lat="38.782808" lon="-121.115887">
<ele>147</ele>
<time>2026-10-02T14:53:39Z</time></trkpt>
<trkpt lat="38.782844" lon="-121.116032">
<ele>149</ele>
<time>2026-10-02T14:53:44Z</time></trkpt>
<trkpt lat="38.782739" lon="-121.116142">
<ele>149</ele>
<time>2026-10-02T14:53:49Z</time></trkpt>
<trkpt lat="38.782902" lon="-121.116468">
<ele>152</ele>
<time>2026-10-02T14:54:01Z</time></trkpt>
<trkpt lat="38.783056" lon="-121.116503">
<ele>153</ele>
<time>2026-10-02T14:54:08Z</time></trkpt>
<trkpt lat="38.783181" lon="-121.116475">
<ele>155</ele>
<time>2026-10-02T14:54:13Z</time></trkpt>
<trkpt lat="38.783294" lon="-121.116602">
<ele>159</ele>
<time>2026-10-02T14:54:19Z</time></trkpt>
<trkpt lat="38.783299" lon="-121.116673">
<ele>161</ele>
<time>2026-10-02T14:54:21Z</time></trkpt>
<trkpt lat="38.78315" lon="-121.116765">
<ele>159</ele>
<time>2026-10-02T14:54:27Z</time></trkpt>
<trkpt lat="38.782949" lon="-121.116984">
<ele>162</ele>
<time>2026-10-02T14:54:38Z</time></trkpt>
<trkpt lat="38.782825" lon="-121.117016">
<ele>162</ele>
<time>2026-10-02T14:54:43Z</time></trkpt>
<trkpt lat="38.782676" lon="-121.117243">
<ele>162</ele>
<time>2026-10-02T14:54:52Z</time></trkpt>
<trkpt lat="38.782549" lon="-121.11749">
<ele>162</ele>
<time>2026-10-02T14:55:02Z</time></trkpt>
<trkpt lat="38.782549" lon="-121.117538">
<ele>162</ele>
<time>2026-10-02T14:55:03Z</time></trkpt>
<trkpt lat="38.782549" lon="-121.117538">
<ele>162</ele>
<time>2026-10-02T14:55:03Z</time></trkpt>
<trkpt lat="38.782554" lon="-121.118103">
<ele>165</ele>
<time>2026-10-02T14:55:21Z</time></trkpt>
<trkpt lat="38.782507" lon="-121.118149">
<ele>165</ele>
<time>2026-10-02T14:55:23Z</time></trkpt>
<trkpt lat="38.782389" lon="-121.118117">
<ele>163</ele>
<time>2026-10-02T14:55:28Z</time></trkpt>
<trkpt lat="38.781914" lon="-121.117919">
<ele>160</ele>
<time>2026-10-02T14:55:48Z</time></trkpt>
<trkpt lat="38.781694" lon="-121.117774">
<ele>162</ele>
<time>2026-10-02T14:55:58Z</time></trkpt>
<trkpt lat="38.781556" lon="-121.117788">
<ele>160</ele>
<time>2026-10-02T14:56:03Z</time></trkpt>
<trkpt lat="38.781503" lon="-121.117887">
<ele>161</ele>
<time>2026-10-02T14:56:07Z</time></trkpt>
<trkpt lat="38.781357" lon="-121.117897">
<ele>157</ele>
<time>2026-10-02T14:56:13Z</time></trkpt>
<trkpt lat="38.781227" lon="-121.118039">
<ele>154</ele>
<time>2026-10-02T14:56:20Z</time></trkpt>
<trkpt lat="38.781191" lon="-121.118202">
<ele>154</ele>
<time>2026-10-02T14:56:25Z</time></trkpt>
<trkpt lat="38.78107" lon="-121.118322">
<ele>152</ele>
<time>2026-10-02T14:56:31Z</time></trkpt>
<trkpt lat="38.780951" lon="-121.118616">
<ele>149</ele>
<time>2026-10-02T14:56:42Z</time></trkpt>
<trkpt lat="38.780982" lon="-121.118704">
<ele>150</ele>
<time>2026-10-02T14:56:45Z</time></trkpt>
<trkpt lat="38.781172" lon="-121.118952">
<ele>157</ele>
<time>2026-10-02T14:56:56Z</time></trkpt>
<trkpt lat="38.781158" lon="-121.119211">
<ele>160</ele>
<time>2026-10-02T14:57:04Z</time></trkpt>
<trkpt lat="38.781205" lon="-121.119618">
<ele>165</ele>
<time>2026-10-02T14:57:17Z</time></trkpt>
<trkpt lat="38.781204" lon="-121.119816">
<ele>164</ele>
<time>2026-10-02T14:57:23Z</time></trkpt>
<trkpt lat="38.781204" lon="-121.119816">
<ele>164</ele>
<time>2026-10-02T14:57:23Z</time></trkpt>
<trkpt lat="38.781202" lon="-121.120269">
<ele>160</ele>
<time>2026-10-02T14:57:37Z</time></trkpt>
<trkpt lat="38.781305" lon="-121.12041">
<ele>162</ele>
<time>2026-10-02T14:57:43Z</time></trkpt>
<trkpt lat="38.78131" lon="-121.120481">
<ele>162</ele>
<time>2026-10-02T14:57:45Z</time></trkpt>
<trkpt lat="38.781263" lon="-121.120598">
<ele>159</ele>
<time>2026-10-02T14:57:49Z</time></trkpt>
<trkpt lat="38.781299" lon="-121.120722">
<ele>157</ele>
<time>2026-10-02T14:57:53Z</time></trkpt>
<trkpt lat="38.781448" lon="-121.120945">
<ele>157</ele>
<time>2026-10-02T14:58:03Z</time></trkpt>
<trkpt lat="38.781511" lon="-121.121161">
<ele>154</ele>
<time>2026-10-02T14:58:10Z</time></trkpt>
<trkpt lat="38.781509" lon="-121.121288">
<ele>150</ele>
<time>2026-10-02T14:58:14Z</time></trkpt>
<trkpt lat="38.781776" lon="-121.121706">
<ele>144</ele>
<time>2026-10-02T14:58:31Z</time></trkpt>
<trkpt lat="38.781975" lon="-121.121759">
<ele>144</ele>
<time>2026-10-02T14:58:39Z</time></trkpt>
<trkpt lat="38.782187" lon="-121.121737">
<ele>145</ele>
<time>2026-10-02T14:58:47Z</time></trkpt>
<trkpt lat="38.782678" lon="-121.121755">
<ele>148</ele>
<time>2026-10-02T14:59:07Z</time></trkpt>
<trkpt lat="38.782736" lon="-121.121883">
<ele>144</ele>
<time>2026-10-02T14:59:12Z</time></trkpt>
<trkpt lat="38.782996" lon="-121.121975">
<ele>147</ele>
<time>2026-10-02T14:59:22Z</time></trkpt>
<trkpt lat="38.783004" lon="-121.122045">
<ele>150</ele>
<time>2026-10-02T14:59:25Z</time></trkpt>
<trkpt lat="38.782678" lon="-121.122247">
<ele>146</ele>
<time>2026-10-02T14:59:39Z</time></trkpt>
<trkpt lat="38.782612" lon="-121.122396">
<ele>148</ele>
<time>2026-10-02T14:59:44Z</time></trkpt>
<trkpt lat="38.782361" lon="-121.12252">
<ele>146</ele>
<time>2026-10-02T14:59:55Z</time></trkpt>
<trkpt lat="38.782361" lon="-121.12252">
<ele>146</ele>
<time>2026-10-02T14:59:55Z</time></trkpt>
<trkpt lat="38.782171" lon="-121.122905">
<ele>150</ele>
<time>2026-10-02T15:00:09Z</time></trkpt>
<trkpt lat="38.782143" lon="-121.123181">
<ele>155</ele>
<time>2026-10-02T15:00:18Z</time></trkpt>
<trkpt lat="38.782077" lon="-121.123366">
<ele>157</ele>
<time>2026-10-02T15:00:25Z</time></trkpt>
<trkpt lat="38.781947" lon="-121.12356">
<ele>159</ele>
<time>2026-10-02T15:00:33Z</time></trkpt>
<trkpt lat="38.781859" lon="-121.12378">
<ele>160</ele>
<time>2026-10-02T15:00:40Z</time></trkpt>
<trkpt lat="38.781867" lon="-121.124367">
<ele>160</ele>
<time>2026-10-02T15:00:59Z</time></trkpt>
<trkpt lat="38.781585" lon="-121.124405">
<ele>162</ele>
<time>2026-10-02T15:01:10Z</time></trkpt>
<trkpt lat="38.781315" lon="-121.124297">
<ele>164</ele>
<time>2026-10-02T15:01:21Z</time></trkpt>
<trkpt lat="38.781233" lon="-121.12429">
<ele>165</ele>
<time>2026-10-02T15:01:25Z</time></trkpt>
<trkpt lat="38.781233" lon="-121.12429">
<ele>165</ele>
<time>2026-10-02T15:01:25Z</time></trkpt>
<trkpt lat="38.780827" lon="-121.124257">
<ele>170</ele>
<time>2026-10-02T15:01:41Z</time></trkpt>
<trkpt lat="38.780663" lon="-121.124331">
<ele>167</ele>
<time>2026-10-02T15:01:48Z</time></trkpt>
<trkpt lat="38.78064" lon="-121.124513">
<ele>167</ele>
<time>2026-10-02T15:01:54Z</time></trkpt>
<trkpt lat="38.780503" lon="-121.124615">
<ele>162</ele>
<time>2026-10-02T15:02:00Z</time></trkpt>
<trkpt lat="38.780316" lon="-121.12498">
<ele>158</ele>
<time>2026-10-02T15:02:14Z</time></trkpt>
<trkpt lat="38.779966" lon="-121.125088">
<ele>154</ele>
<time>2026-10-02T15:02:28Z</time></trkpt>
<trkpt lat="38.779959" lon="-121.125207">
<ele>154</ele>
<time>2026-10-02T15:02:32Z</time></trkpt>
<trkpt lat="38.779959" lon="-121.125207">
<ele>154</ele>
<time>2026-10-02T15:02:32Z</time></trkpt>
<trkpt lat="38.779948" lon="-121.125395">
<ele>152</ele>
<time>2026-10-02T15:02:38Z</time></trkpt>
<trkpt lat="38.78009" lon="-121.125742">
<ele>149</ele>
<time>2026-10-02T15:02:50Z</time></trkpt>
<trkpt lat="38.780423" lon="-121.125828">
<ele>150</ele>
<time>2026-10-02T15:03:04Z</time></trkpt>
<trkpt lat="38.780707" lon="-121.1256">
<ele>153</ele>
<time>2026-10-02T15:03:17Z</time></trkpt>
<trkpt lat="38.780907" lon="-121.125805">
<ele>149</ele>
<time>2026-10-02T15:03:27Z</time></trkpt>
<trkpt lat="38.780995" lon="-121.126124">
<ele>146</ele>
<time>2026-10-02T15:03:38Z</time></trkpt>
<trkpt lat="38.780995" lon="-121.126124">
<ele>146</ele>
<time>2026-10-02T15:03:38Z</time></trkpt>
<trkpt lat="38.781137" lon="-121.126408">
<ele>146</ele>
<time>2026-10-02T15:03:48Z</time></trkpt>
<trkpt lat="38.781199" lon="-121.126676">
<ele>144</ele>
<time>2026-10-02T15:03:57Z</time></trkpt>
<trkpt lat="38.781089" lon="-121.126909">
<ele>145</ele>
<time>2026-10-02T15:04:06Z</time></trkpt>
<trkpt lat="38.780876" lon="-121.126966">
<ele>149</ele>
<time>2026-10-02T15:04:14Z</time></trkpt>
<trkpt lat="38.780645" lon="-121.127063">
<ele>148</ele>
<time>2026-10-02T15:04:24Z</time></trkpt>
<trkpt lat="38.78041" lon="-121.127376">
<ele>149</ele>
<time>2026-10-02T15:04:38Z</time></trkpt>
<trkpt lat="38.780339" lon="-121.127592">
<ele>147</ele>
<time>2026-10-02T15:04:45Z</time></trkpt>
<trkpt lat="38.780334" lon="-121.128013">
<ele>147</ele>
<time>2026-10-02T15:04:58Z</time></trkpt>
<trkpt lat="38.780277" lon="-121.128315">
<ele>145</ele>
<time>2026-10-02T15:05:08Z</time></trkpt>
<trkpt lat="38.780024" lon="-121.12844">
<ele>146</ele>
<time>2026-10-02T15:05:19Z</time></trkpt>
<trkpt lat="38.779558" lon="-121.128537">
<ele>151</ele>
<time>2026-10-02T15:05:38Z</time></trkpt>
<trkpt lat="38.779558" lon="-121.128537">
<ele>151</ele>
<time>2026-10-02T15:05:38Z</time></trkpt>
<trkpt lat="38.779398" lon="-121.128742">
<ele>154</ele>
<time>2026-10-02T15:05:47Z</time></trkpt>
<trkpt lat="38.77934" lon="-121.128913">
<ele>156</ele>
<time>2026-10-02T15:05:52Z</time></trkpt>
<trkpt lat="38.779274" lon="-121.129021">
<ele>157</ele>
<time>2026-10-02T15:05:57Z</time></trkpt>
<trkpt lat="38.779083" lon="-121.129135">
<ele>156</ele>
<time>2026-10-02T15:06:05Z</time></trkpt>
<trkpt lat="38.778985" lon="-121.129283">
<ele>156</ele>
<time>2026-10-02T15:06:11Z</time></trkpt>
<trkpt lat="38.778901" lon="-121.129488">
<ele>154</ele>
<time>2026-10-02T15:06:18Z</time></trkpt>
<trkpt lat="38.778755" lon="-121.129613">
<ele>152</ele>
<time>2026-10-02T15:06:26Z</time></trkpt>
<trkpt lat="38.778524" lon="-121.12963">
<ele>151</ele>
<time>2026-10-02T15:06:35Z</time></trkpt>
<trkpt lat="38.77828" lon="-121.12955">
<ele>153</ele>
<time>2026-10-02T15:06:45Z</time></trkpt>
<trkpt lat="38.778016" lon="-121.129367">
<ele>155</ele>
<time>2026-10-02T15:06:57Z</time></trkpt>
<trkpt lat="38.778016" lon="-121.129367">
<ele>155</ele>
<time>2026-10-02T15:06:57Z</time></trkpt>
<trkpt lat="38.777601" lon="-121.129078">
<ele>159</ele>
<time>2026-10-02T15:07:16Z</time></trkpt>
<trkpt lat="38.777379" lon="-121.128725">
<ele>161</ele>
<time>2026-10-02T15:07:30Z</time></trkpt>
<trkpt lat="38.7771" lon="-121.128361">
<ele>163</ele>
<time>2026-10-02T15:07:46Z</time></trkpt>
<trkpt lat="38.77694" lon="-121.128292">
<ele>161</ele>
<time>2026-10-02T15:07:53Z</time></trkpt>
<trkpt lat="38.776816" lon="-121.128346">
<ele>161</ele>
<time>2026-10-02T15:07:58Z</time></trkpt>
<trkpt lat="38.776816" lon="-121.128346">
<ele>161</ele>
<time>2026-10-02T15:07:58Z</time></trkpt>
<trkpt lat="38.776651" lon="-121.128417">
<ele>161</ele>
<time>2026-10-02T15:08:05Z</time></trkpt>
<trkpt lat="38.776168" lon="-121.128287">
<ele>159</ele>
<time>2026-10-02T15:08:25Z</time></trkpt>
<trkpt lat="38.776017" lon="-121.12823">
<ele>159</ele>
<time>2026-10-02T15:08:31Z</time></trkpt>
<trkpt lat="38.775582" lon="-121.128241">
<ele>159</ele>
<time>2026-10-02T15:08:48Z</time></trkpt>
<trkpt lat="38.775369" lon="-121.128298">
<ele>158</ele>
<time>2026-10-02T15:08:57Z</time></trkpt>
<trkpt lat="38.775296" lon="-121.128337">
<ele>158</ele>
<time>2026-10-02T15:09:00Z</time></trkpt>
<trkpt lat="38.775296" lon="-121.128337">
<ele>158</ele>
<time>2026-10-02T15:09:00Z</time></trkpt>
<trkpt lat="38.775072" lon="-121.128457">
<ele>157</ele>
<time>2026-10-02T15:09:10Z</time></trkpt>
<trkpt lat="38.774854" lon="-121.128469">
<ele>156</ele>
<time>2026-10-02T15:09:19Z</time></trkpt>
<trkpt lat="38.774375" lon="-121.127996">
<ele>157</ele>
<time>2026-10-02T15:09:43Z</time></trkpt>
<trkpt lat="38.774162" lon="-121.127985">
<ele>158</ele>
<time>2026-10-02T15:09:52Z</time></trkpt>
<trkpt lat="38.773874" lon="-121.128308">
<ele>156</ele>
<time>2026-10-02T15:10:07Z</time></trkpt>
<trkpt lat="38.773874" lon="-121.128308">
<ele>156</ele>
<time>2026-10-02T15:10:07Z</time></trkpt>
<trkpt lat="38.773479" lon="-121.128753">
<ele>156</ele>
<time>2026-10-02T15:10:28Z</time></trkpt>
<trkpt lat="38.773079" lon="-121.129146">
<ele>158</ele>
<time>2026-10-02T15:10:48Z</time></trkpt>
<trkpt lat="38.772635" lon="-121.129618">
<ele>161</ele>
<time>2026-10-02T15:11:11Z</time></trkpt>
<trkpt lat="38.772538" lon="-121.129806">
<ele>162</ele>
<time>2026-10-02T15:11:18Z</time></trkpt>
<trkpt lat="38.772531" lon="-121.130015">
<ele>164</ele>
<time>2026-10-02T15:11:25Z</time></trkpt>
<trkpt lat="38.772531" lon="-121.130015">
<ele>164</ele>
<time>2026-10-02T15:11:25Z</time></trkpt>
<trkpt lat="38.772538" lon="-121.129806">
<ele>162</ele>
<time>2026-10-02T15:11:31Z</time></trkpt>
<trkpt lat="38.772551" lon="-121.129782">
<ele>162</ele>
<time>2026-10-02T15:11:32Z</time></trkpt>
<trkpt lat="38.772551" lon="-121.129782">
<ele>162</ele>
<time>2026-10-02T15:11:32Z</time></trkpt>
<trkpt lat="38.772538" lon="-121.129806">
<ele>162</ele>
<time>2026-10-02T15:11:33Z</time></trkpt>
<trkpt lat="38.772525" lon="-121.130239">
<ele>165</ele>
<time>2026-10-02T15:11:47Z</time></trkpt>
<trkpt lat="38.772454" lon="-121.130398">
<ele>164</ele>
<time>2026-10-02T15:11:52Z</time></trkpt>
<trkpt lat="38.772502" lon="-121.130472">
<ele>165</ele>
<time>2026-10-02T15:11:56Z</time></trkpt>
<trkpt lat="38.772591" lon="-121.130671">
<ele>165</ele>
<time>2026-10-02T15:12:03Z</time></trkpt>
<trkpt lat="38.77256" lon="-121.130888">
<ele>162</ele>
<time>2026-10-02T15:12:10Z</time></trkpt>
<trkpt lat="38.772454" lon="-121.131036">
<ele>159</ele>
<time>2026-10-02T15:12:16Z</time></trkpt>
<trkpt lat="38.772489" lon="-121.131218">
<ele>156</ele>
<time>2026-10-02T15:12:22Z</time></trkpt>
<trkpt lat="38.772751" lon="-121.131696">
<ele>155</ele>
<time>2026-10-02T15:12:40Z</time></trkpt>
<trkpt lat="38.773093" lon="-121.132794">
<ele>152</ele>
<time>2026-10-02T15:13:17Z</time></trkpt>
<trkpt lat="38.77304" lon="-121.133034">
<ele>152</ele>
<time>2026-10-02T15:13:25Z</time></trkpt>
<trkpt lat="38.77304" lon="-121.133034">
<ele>152</ele>
<time>2026-10-02T15:13:25Z</time></trkpt>
<trkpt lat="38.772995" lon="-121.133238">
<ele>153</ele>
<time>2026-10-02T15:13:31Z</time></trkpt>
<trkpt lat="38.772924" lon="-121.133717">
<ele>153</ele>
<time>2026-10-02T15:13:47Z</time></trkpt>
<trkpt lat="38.772631" lon="-121.133751">
<ele>151</ele>
<time>2026-10-02T15:13:58Z</time></trkpt>
<trkpt lat="38.772527" lon="-121.133783">
<ele>152</ele>
<time>2026-10-02T15:14:03Z</time></trkpt>
<trkpt lat="38.772407" lon="-121.133683">
<ele>151</ele>
<time>2026-10-02T15:14:08Z</time></trkpt>
<trkpt lat="38.772165" lon="-121.133653">
<ele>153</ele>
<time>2026-10-02T15:14:18Z</time></trkpt>
<trkpt lat="38.772165" lon="-121.133653">
<ele>153</ele>
<time>2026-10-02T15:14:18Z</time></trkpt>
<trkpt lat="38.772016" lon="-121.13366">
<ele>154</ele>
<time>2026-10-02T15:14:24Z</time></trkpt>
<trkpt lat="38.771836" lon="-121.133746">
<ele>157</ele>
<time>2026-10-02T15:14:32Z</time></trkpt>
<trkpt lat="38.771716" lon="-121.13377">
<ele>158</ele>
<time>2026-10-02T15:14:37Z</time></trkpt>
<trkpt lat="38.771449" lon="-121.133763">
<ele>157</ele>
<time>2026-10-02T15:14:47Z</time></trkpt>
<trkpt lat="38.771175" lon="-121.133794">
<ele>156</ele>
<time>2026-10-02T15:14:58Z</time></trkpt>
<trkpt lat="38.77111" lon="-121.133823">
<ele>156</ele>
<time>2026-10-02T15:15:01Z</time></trkpt>
<trkpt lat="38.77101" lon="-121.133966">
<ele>156</ele>
<time>2026-10-02T15:15:07Z</time></trkpt>
<trkpt lat="38.770966" lon="-121.133982">
<ele>155</ele>
<time>2026-10-02T15:15:09Z</time></trkpt>
<trkpt lat="38.770966" lon="-121.133982">
<ele>155</ele>
<time>2026-10-02T15:15:09Z</time></trkpt>
<trkpt lat="38.770928" lon="-121.133996">
<ele>155</ele>
<time>2026-10-02T15:15:11Z</time></trkpt>
<trkpt lat="38.770695" lon="-121.13391">
<ele>155</ele>
<time>2026-10-02T15:15:20Z</time></trkpt>
<trkpt lat="38.770555" lon="-121.133889">
<ele>157</ele>
<time>2026-10-02T15:15:26Z</time></trkpt>
<trkpt lat="38.770216" lon="-121.133913">
<ele>154</ele>
<time>2026-10-02T15:15:40Z</time></trkpt>
<trkpt lat="38.769935" lon="-121.133994">
<ele>151</ele>
<time>2026-10-02T15:15:51Z</time></trkpt>
<trkpt lat="38.769805" lon="-121.133932">
<ele>149</ele>
<time>2026-10-02T15:15:57Z</time></trkpt>
<trkpt lat="38.769592" lon="-121.133727">
<ele>150</ele>
<time>2026-10-02T15:16:07Z</time></trkpt>
<trkpt lat="38.769317" lon="-121.133601">
<ele>150</ele>
<time>2026-10-02T15:16:19Z</time></trkpt>
<trkpt lat="38.769317" lon="-121.133601">
<ele>150</ele>
<time>2026-10-02T15:16:19Z</time></trkpt>
<trkpt lat="38.769214" lon="-121.133577">
<ele>151</ele>
<time>2026-10-02T15:16:23Z</time></trkpt>
<trkpt lat="38.769124" lon="-121.133606">
<ele>152</ele>
<time>2026-10-02T15:16:27Z</time></trkpt>
<trkpt lat="38.769044" lon="-121.13369">
<ele>153</ele>
<time>2026-10-02T15:16:31Z</time></trkpt>
<trkpt lat="38.769019" lon="-121.133775">
<ele>154</ele>
<time>2026-10-02T15:16:34Z</time></trkpt>
<trkpt lat="38.769029" lon="-121.133902">
<ele>155</ele>
<time>2026-10-02T15:16:38Z</time></trkpt>
<trkpt lat="38.7691" lon="-121.13405">
<ele>154</ele>
<time>2026-10-02T15:16:43Z</time></trkpt>
<trkpt lat="38.769109" lon="-121.134162">
<ele>155</ele>
<time>2026-10-02T15:16:47Z</time></trkpt>
<trkpt lat="38.769092" lon="-121.134357">
<ele>157</ele>
<time>2026-10-02T15:16:53Z</time></trkpt>
<trkpt lat="38.769052" lon="-121.134552">
<ele>159</ele>
<time>2026-10-02T15:16:59Z</time></trkpt>
<trkpt lat="38.768967" lon="-121.134753">
<ele>160</ele>
<time>2026-10-02T15:17:06Z</time></trkpt>
<trkpt lat="38.768913" lon="-121.134841">
<ele>160</ele>
<time>2026-10-02T15:17:10Z</time></trkpt>
<trkpt lat="38.768799" lon="-121.134967">
<ele>162</ele>
<time>2026-10-02T15:17:16Z</time></trkpt>
<trkpt lat="38.76863" lon="-121.135272">
<ele>161</ele>
<time>2026-10-02T15:17:28Z</time></trkpt>
<trkpt lat="38.76863" lon="-121.135272">
<ele>161</ele>
<time>2026-10-02T15:17:28Z</time></trkpt>
<trkpt lat="38.768427" lon="-121.135531">
<ele>161</ele>
<time>2026-10-02T15:17:39Z</time></trkpt>
<trkpt lat="38.768309" lon="-121.135604">
<ele>161</ele>
<time>2026-10-02T15:17:44Z</time></trkpt>
<trkpt lat="38.768007" lon="-121.135625">
<ele>163</ele>
<time>2026-10-02T15:17:56Z</time></trkpt>
<trkpt lat="38.767882" lon="-121.135612">
<ele>162</ele>
<time>2026-10-02T15:18:01Z</time></trkpt>
<trkpt lat="38.767761" lon="-121.135632">
<ele>162</ele>
<time>2026-10-02T15:18:06Z</time></trkpt>
<trkpt lat="38.76769" lon="-121.135677">
<ele>162</ele>
<time>2026-10-02T15:18:10Z</time></trkpt>
<trkpt lat="38.767435" lon="-121.135924">
<ele>161</ele>
<time>2026-10-02T15:18:22Z</time></trkpt>
<trkpt lat="38.767386" lon="-121.13603">
<ele>162</ele>
<time>2026-10-02T15:18:26Z</time></trkpt>
<trkpt lat="38.767348" lon="-121.136253">
<ele>162</ele>
<time>2026-10-02T15:18:33Z</time></trkpt>
<trkpt lat="38.767368" lon="-121.136684">
<ele>165</ele>
<time>2026-10-02T15:18:47Z</time></trkpt>
<trkpt lat="38.767292" lon="-121.136961">
<ele>166</ele>
<time>2026-10-02T15:18:56Z</time></trkpt>
<trkpt lat="38.767292" lon="-121.137046">
<ele>167</ele>
<time>2026-10-02T15:18:59Z</time></trkpt>
<trkpt lat="38.767292" lon="-121.137046">
<ele>167</ele>
<time>2026-10-02T15:18:59Z</time></trkpt>
<trkpt lat="38.767323" lon="-121.137214">
<ele>169</ele>
<time>2026-10-02T15:19:04Z</time></trkpt>
<trkpt lat="38.767364" lon="-121.137946">
<ele>172</ele>
<time>2026-10-02T15:19:27Z</time></trkpt>
<trkpt lat="38.767351" lon="-121.138115">
<ele>171</ele>
<time>2026-10-02T15:19:32Z</time></trkpt>
<trkpt lat="38.767359" lon="-121.138282">
<ele>170</ele>
<time>2026-10-02T15:19:38Z</time></trkpt>
<trkpt lat="38.767313" lon="-121.138637">
<ele>168</ele>
<time>2026-10-02T15:19:49Z</time></trkpt>
<trkpt lat="38.767331" lon="-121.138851">
<ele>167</ele>
<time>2026-10-02T15:19:56Z</time></trkpt>
<trkpt lat="38.767306" lon="-121.139133">
<ele>165</ele>
<time>2026-10-02T15:20:04Z</time></trkpt>
<trkpt lat="38.767315" lon="-121.139357">
<ele>163</ele>
<time>2026-10-02T15:20:11Z</time></trkpt>
<trkpt lat="38.767285" lon="-121.139988">
<ele>162</ele>
<time>2026-10-02T15:20:31Z</time></trkpt>
<trkpt lat="38.767306" lon="-121.140216">
<ele>161</ele>
<time>2026-10-02T15:20:38Z</time></trkpt>
<trkpt lat="38.767306" lon="-121.140216">
<ele>161</ele>
<time>2026-10-02T15:20:38Z</time></trkpt>
<trkpt lat="38.767335" lon="-121.140525">
<ele>160</ele>
<time>2026-10-02T15:20:48Z</time></trkpt>
<trkpt lat="38.767322" lon="-121.140689">
<ele>161</ele>
<time>2026-10-02T15:20:53Z</time></trkpt>
<trkpt lat="38.767235" lon="-121.141252">
<ele>160</ele>
<time>2026-10-02T15:21:11Z</time></trkpt>
<trkpt lat="38.767148" lon="-121.141467">
<ele>158</ele>
<time>2026-10-02T15:21:19Z</time></trkpt>
<trkpt lat="38.767137" lon="-121.141532">
<ele>157</ele>
<time>2026-10-02T15:21:21Z</time></trkpt>
<trkpt lat="38.767149" lon="-121.141629">
<ele>156</ele>
<time>2026-10-02T15:21:24Z</time></trkpt>
<trkpt lat="38.767247" lon="-121.141818">
<ele>154</ele>
<time>2026-10-02T15:21:31Z</time></trkpt>
<trkpt lat="38.76727" lon="-121.1419">
<ele>153</ele>
<time>2026-10-02T15:21:34Z</time></trkpt>
<trkpt lat="38.767262" lon="-121.142035">
<ele>152</ele>
<time>2026-10-02T15:21:38Z</time></trkpt>
<trkpt lat="38.767219" lon="-121.142245">
<ele>150</ele>
<time>2026-10-02T15:21:45Z</time></trkpt>
<trkpt lat="38.767226" lon="-121.142356">
<ele>149</ele>
<time>2026-10-02T15:21:48Z</time></trkpt>
<trkpt lat="38.767261" lon="-121.142485">
<ele>148</ele>
<time>2026-10-02T15:21:52Z</time></trkpt>
<trkpt lat="38.767278" lon="-121.14269">
<ele>147</ele>
<time>2026-10-02T15:21:59Z</time></trkpt>
<trkpt lat="38.767246" lon="-121.142899">
<ele>146</ele>
<time>2026-10-02T15:22:06Z</time></trkpt>
<trkpt lat="38.767187" lon="-121.143031">
<ele>145</ele>
<time>2026-10-02T15:22:10Z</time></trkpt>
<trkpt lat="38.766954" lon="-121.143166">
<ele>145</ele>
<time>2026-10-02T15:22:21Z</time></trkpt>
<trkpt lat="38.766954" lon="-121.143166">
<ele>145</ele>
<time>2026-10-02T15:22:21Z</time></trkpt>
<trkpt lat="38.766827" lon="-121.143231">
<ele>145</ele>
<time>2026-10-02T15:22:26Z</time></trkpt>
<trkpt lat="38.766624" lon="-121.143373">
<ele>145</ele>
<time>2026-10-02T15:22:35Z</time></trkpt>
<trkpt lat="38.766526" lon="-121.143486">
<ele>145</ele>
<time>2026-10-02T15:22:41Z</time></trkpt>
<trkpt lat="38.766459" lon="-121.143648">
<ele>145</ele>
<time>2026-10-02T15:22:46Z</time></trkpt>
<trkpt lat="38.766353" lon="-121.144144">
<ele>145</ele>
<time>2026-10-02T15:23:02Z</time></trkpt>
<trkpt lat="38.766227" lon="-121.144181">
<ele>146</ele>
<time>2026-10-02T15:23:08Z</time></trkpt>
<trkpt lat="38.766" lon="-121.144244">
<ele>147</ele>
<time>2026-10-02T15:23:17Z</time></trkpt>
<trkpt lat="38.766" lon="-121.144244">
<ele>147</ele>
<time>2026-10-02T15:23:17Z</time></trkpt>
<trkpt lat="38.765969" lon="-121.144253">
<ele>148</ele>
<time>2026-10-02T15:23:18Z</time></trkpt>
<trkpt lat="38.765646" lon="-121.144351">
<ele>149</ele>
<time>2026-10-02T15:23:31Z</time></trkpt>
<trkpt lat="38.765484" lon="-121.144414">
<ele>149</ele>
<time>2026-10-02T15:23:38Z</time></trkpt>
<trkpt lat="38.765355" lon="-121.144437">
<ele>149</ele>
<time>2026-10-02T15:23:43Z</time></trkpt>
<trkpt lat="38.765217" lon="-121.144481">
<ele>149</ele>
<time>2026-10-02T15:23:49Z</time></trkpt>
<trkpt lat="38.765106" lon="-121.144594">
<ele>148</ele>
<time>2026-10-02T15:23:55Z</time></trkpt>
<trkpt lat="38.765033" lon="-121.144596">
<ele>148</ele>
<time>2026-10-02T15:23:58Z</time></trkpt>
<trkpt lat="38.76497" lon="-121.144561">
<ele>148</ele>
<time>2026-10-02T15:24:00Z</time></trkpt>
<trkpt lat="38.764899" lon="-121.144561">
<ele>148</ele>
<time>2026-10-02T15:24:03Z</time></trkpt>
<trkpt lat="38.764759" lon="-121.144645">
<ele>148</ele>
<time>2026-10-02T15:24:09Z</time></trkpt>
<trkpt lat="38.764525" lon="-121.14475">
<ele>147</ele>
<time>2026-10-02T15:24:19Z</time></trkpt>
<trkpt lat="38.764525" lon="-121.14475">
<ele>147</ele>
<time>2026-10-02T15:24:19Z</time></trkpt>
<trkpt lat="38.764205" lon="-121.144894">
<ele>146</ele>
<time>2026-10-02T15:24:33Z</time></trkpt>
<trkpt lat="38.76361" lon="-121.145113">
<ele>143</ele>
<time>2026-10-02T15:24:58Z</time></trkpt>
<trkpt lat="38.763596" lon="-121.144899">
<ele>143</ele>
<time>2026-10-02T15:25:05Z</time></trkpt>
<trkpt lat="38.763617" lon="-121.144843">
<ele>143</ele>
<time>2026-10-02T15:25:06Z</time></trkpt>
<trkpt lat="38.763288" lon="-121.144943">
<ele>143</ele>
<time>2026-10-02T15:25:20Z</time></trkpt>
<trkpt lat="38.763017" lon="-121.144988">
<ele>143</ele>
<time>2026-10-02T15:25:31Z</time></trkpt>
<trkpt lat="38.762812" lon="-121.144999">
<ele>142</ele>
<time>2026-10-02T15:25:39Z</time></trkpt>
<trkpt lat="38.762647" lon="-121.145041">
<ele>142</ele>
<time>2026-10-02T15:25:46Z</time></trkpt>
<trkpt lat="38.762647" lon="-121.145041">
<ele>142</ele>
<time>2026-10-02T15:25:46Z</time></trkpt>
<trkpt lat="38.762543" lon="-121.145068">
<ele>142</ele>
<time>2026-10-02T15:25:50Z</time></trkpt>
<trkpt lat="38.76241" lon="-121.145062">
<ele>142</ele>
<time>2026-10-02T15:25:56Z</time></trkpt>
<trkpt lat="38.762235" lon="-121.145021">
<ele>142</ele>
<time>2026-10-02T15:26:03Z</time></trkpt>
<trkpt lat="38.762093" lon="-121.145013">
<ele>142</ele>
<time>2026-10-02T15:26:08Z</time></trkpt>
<trkpt lat="38.762024" lon="-121.145033">
<ele>142</ele>
<time>2026-10-02T15:26:11Z</time></trkpt>
<trkpt lat="38.761874" lon="-121.145154">
<ele>142</ele>
<time>2026-10-02T15:26:18Z</time></trkpt>
<trkpt lat="38.761573" lon="-121.145496">
<ele>142</ele>
<time>2026-10-02T15:26:34Z</time></trkpt>
<trkpt lat="38.76145" lon="-121.145582">
<ele>142</ele>
<time>2026-10-02T15:26:40Z</time></trkpt>
<trkpt lat="38.761026" lon="-121.145634">
<ele>142</ele>
<time>2026-10-02T15:26:57Z</time></trkpt>
<trkpt lat="38.760757" lon="-121.145611">
<ele>142</ele>
<time>2026-10-02T15:27:08Z</time></trkpt>
<trkpt lat="38.760757" lon="-121.145611">
<ele>142</ele>
<time>2026-10-02T15:27:08Z</time></trkpt>
<trkpt lat="38.760519" lon="-121.14559">
<ele>142</ele>
<time>2026-10-02T15:27:17Z</time></trkpt>
<trkpt lat="38.760102" lon="-121.145625">
<ele>142</ele>
<time>2026-10-02T15:27:34Z</time></trkpt>
<trkpt lat="38.759971" lon="-121.145653">
<ele>142</ele>
<time>2026-10-02T15:27:40Z</time></trkpt>
<trkpt lat="38.759904" lon="-121.145685">
<ele>142</ele>
<time>2026-10-02T15:27:42Z</time></trkpt>
<trkpt lat="38.759773" lon="-121.1458">
<ele>142</ele>
<time>2026-10-02T15:27:49Z</time></trkpt>
<trkpt lat="38.759533" lon="-121.146104">
<ele>142</ele>
<time>2026-10-02T15:28:02Z</time></trkpt>
<trkpt lat="38.759533" lon="-121.146104">
<ele>142</ele>
<time>2026-10-02T15:28:02Z</time></trkpt>
<trkpt lat="38.759327" lon="-121.146263">
<ele>142</ele>
<time>2026-10-02T15:28:12Z</time></trkpt>
<trkpt lat="38.75916" lon="-121.146344">
<ele>142</ele>
<time>2026-10-02T15:28:19Z</time></trkpt>
<trkpt lat="38.758961" lon="-121.146538">
<ele>142</ele>
<time>2026-10-02T15:28:29Z</time></trkpt>
<trkpt lat="38.758878" lon="-121.146573">
<ele>142</ele>
<time>2026-10-02T15:28:33Z</time></trkpt>
<trkpt lat="38.758531" lon="-121.146533">
<ele>142</ele>
<time>2026-10-02T15:28:47Z</time></trkpt>
<trkpt lat="38.758423" lon="-121.146541">
<ele>143</ele>
<time>2026-10-02T15:28:51Z</time></trkpt>
<trkpt lat="38.758369" lon="-121.146573">
<ele>143</ele>
<time>2026-10-02T15:28:53Z</time></trkpt>
<trkpt lat="38.758304" lon="-121.146676">
<ele>143</ele>
<time>2026-10-02T15:28:57Z</time></trkpt>
<trkpt lat="38.758278" lon="-121.146752">
<ele>143</ele>
<time>2026-10-02T15:29:00Z</time></trkpt>
<trkpt lat="38.758278" lon="-121.146752">
<ele>143</ele>
<time>2026-10-02T15:29:00Z</time></trkpt>
<trkpt lat="38.758207" lon="-121.146962">
<ele>143</ele>
<time>2026-10-02T15:29:07Z</time></trkpt>
<trkpt lat="38.758093" lon="-121.147136">
<ele>143</ele>
<time>2026-10-02T15:29:14Z</time></trkpt>
<trkpt lat="38.7580465" lon="-121.1471743">
<ele>143</ele>
<time>2026-10-02T15:29:16Z</time></trkpt>
<trkpt lat="38.758046" lon="-121.147174">
<ele>143</ele>
<time>2026-10-02T15:29:16Z</time></trkpt>
<trkpt lat="38.758093" lon="-121.147136">
<ele>143</ele>
<time>2026-10-02T15:29:19Z</time></trkpt>
<trkpt lat="38.7580071" lon="-121.147156">
<ele>143</ele>
<time>2026-10-02T15:29:22Z</time></trkpt>
<trkpt lat="38.758007" lon="-121.147156">
<ele>143</ele>
<time>2026-10-02T15:29:22Z</time></trkpt>
<trkpt lat="38.758093" lon="-121.147136">
<ele>143</ele>
<time>2026-10-02T15:29:26Z</time></trkpt>
<trkpt lat="38.75798" lon="-121.147229">
<ele>143</ele>
<time>2026-10-02T15:29:31Z</time></trkpt>
<trkpt lat="38.757717" lon="-121.147368">
<ele>143</ele>
<time>2026-10-02T15:29:42Z</time></trkpt>
<trkpt lat="38.757555" lon="-121.147447">
<ele>143</ele>
<time>2026-10-02T15:29:49Z</time></trkpt>
<trkpt lat="38.757507" lon="-121.14736">
<ele>143</ele>
<time>2026-10-02T15:29:53Z</time></trkpt>
<trkpt lat="38.757507" lon="-121.14736">
<ele>143</ele>
<time>2026-10-02T15:29:53Z</time></trkpt>
<trkpt lat="38.757337" lon="-121.147057">
<ele>143</ele>
<time>2026-10-02T15:30:04Z</time></trkpt>
<trkpt lat="38.756969" lon="-121.147406">
<ele>143</ele>
<time>2026-10-02T15:30:23Z</time></trkpt>
<trkpt lat="38.756969" lon="-121.147406">
<ele>143</ele>
<time>2026-10-02T15:30:23Z</time></trkpt>
<trkpt lat="38.756633" lon="-121.147725">
<ele>144</ele>
<time>2026-10-02T15:30:40Z</time></trkpt>
<trkpt lat="38.756427" lon="-121.147927">
<ele>144</ele>
<time>2026-10-02T15:30:50Z</time></trkpt>
<trkpt lat="38.756316" lon="-121.148012">
<ele>144</ele>
<time>2026-10-02T15:30:55Z</time></trkpt>
<trkpt lat="38.756148" lon="-121.148057">
<ele>144</ele>
<time>2026-10-02T15:31:02Z</time></trkpt>
<trkpt lat="38.75586" lon="-121.148081">
<ele>144</ele>
<time>2026-10-02T15:31:14Z</time></trkpt>
<trkpt lat="38.75586" lon="-121.148081">
<ele>144</ele>
<time>2026-10-02T15:31:14Z</time></trkpt>
<trkpt lat="38.754839" lon="-121.148167">
<ele>144</ele>
<time>2026-10-02T15:31:55Z</time></trkpt>
<trkpt lat="38.754969" lon="-121.147485">
<ele>142</ele>
<time>2026-10-02T15:32:16Z</time></trkpt>
<trkpt lat="38.754831" lon="-121.147392">
<ele>143</ele>
<time>2026-10-02T15:32:23Z</time></trkpt>
<trkpt lat="38.754831" lon="-121.147392">
<ele>143</ele>
<time>2026-10-02T15:32:23Z</time></trkpt>
<trkpt lat="38.754671" lon="-121.147284">
<ele>144</ele>
<time>2026-10-02T15:32:30Z</time></trkpt>
<trkpt lat="38.75437" lon="-121.146965">
<ele>144</ele>
<time>2026-10-02T15:32:46Z</time></trkpt>
<trkpt lat="38.753845" lon="-121.146315">
<ele>143</ele>
<time>2026-10-02T15:33:15Z</time></trkpt>
<trkpt lat="38.753827" lon="-121.146323">
<ele>143</ele>
<time>2026-10-02T15:33:16Z</time></trkpt>
<trkpt lat="38.75355" lon="-121.146206">
<ele>143</ele>
<time>2026-10-02T15:33:27Z</time></trkpt>
<trkpt lat="38.753406" lon="-121.14625">
<ele>143</ele>
<time>2026-10-02T15:33:33Z</time></trkpt>
<trkpt lat="38.753263" lon="-121.146253">
<ele>143</ele>
<time>2026-10-02T15:33:39Z</time></trkpt>
<trkpt lat="38.753254" lon="-121.146253">
<ele>143</ele>
<time>2026-10-02T15:33:39Z</time></trkpt>
<trkpt lat="38.753254" lon="-121.146253">
<ele>143</ele>
<time>2026-10-02T15:33:39Z</time></trkpt>
<trkpt lat="38.75264" lon="-121.146248">
<ele>143</ele>
<time>2026-10-02T15:34:04Z</time></trkpt>
<trkpt lat="38.752353" lon="-121.146173">
<ele>144</ele>
<time>2026-10-02T15:34:16Z</time></trkpt>
<trkpt lat="38.752207" lon="-121.146183">
<ele>145</ele>
<time>2026-10-02T15:34:22Z</time></trkpt>
<trkpt lat="38.751911" lon="-121.146502">
<ele>144</ele>
<time>2026-10-02T15:34:37Z</time></trkpt>
<trkpt lat="38.751797" lon="-121.146639">
<ele>143</ele>
<time>2026-10-02T15:34:43Z</time></trkpt>
<trkpt lat="38.751625" lon="-121.146728">
<ele>143</ele>
<time>2026-10-02T15:34:51Z</time></trkpt>
<trkpt lat="38.751407" lon="-121.1467">
<ele>144</ele>
<time>2026-10-02T15:35:00Z</time></trkpt>
<trkpt lat="38.751407" lon="-121.1467">
<ele>144</ele>
<time>2026-10-02T15:35:00Z</time></trkpt>
<trkpt lat="38.751327" lon="-121.146731">
<ele>145</ele>
<time>2026-10-02T15:35:03Z</time></trkpt>
<trkpt lat="38.751182" lon="-121.146837">
<ele>147</ele>
<time>2026-10-02T15:35:10Z</time></trkpt>
<trkpt lat="38.75098" lon="-121.146855">
<ele>151</ele>
<time>2026-10-02T15:35:18Z</time></trkpt>
<trkpt lat="38.750819" lon="-121.14698">
<ele>158</ele>
<time>2026-10-02T15:35:25Z</time></trkpt>
<trkpt lat="38.750611" lon="-121.147264">
<ele>167</ele>
<time>2026-10-02T15:35:37Z</time></trkpt>
<trkpt lat="38.750611" lon="-121.147264">
<ele>167</ele>
<time>2026-10-02T15:35:37Z</time></trkpt>
<trkpt lat="38.750522" lon="-121.147342">
<ele>168</ele>
<time>2026-10-02T15:35:42Z</time></trkpt>
<trkpt lat="38.750313" lon="-121.147328">
<ele>168</ele>
<time>2026-10-02T15:35:50Z</time></trkpt>
<trkpt lat="38.75031" lon="-121.147363">
<ele>168</ele>
<time>2026-10-02T15:35:51Z</time></trkpt>
<trkpt lat="38.75031" lon="-121.14756">
<ele>166</ele>
<time>2026-10-02T15:35:57Z</time></trkpt>
<trkpt lat="38.750308" lon="-121.147777">
<ele>161</ele>
<time>2026-10-02T15:36:04Z</time></trkpt>
<trkpt lat="38.750307" lon="-121.147867">
<ele>156</ele>
<time>2026-10-02T15:36:07Z</time></trkpt>
<trkpt lat="38.750306" lon="-121.147972">
<ele>150</ele>
<time>2026-10-02T15:36:10Z</time></trkpt>
<trkpt lat="38.750284" lon="-121.148176">
<ele>146</ele>
<time>2026-10-02T15:36:17Z</time></trkpt>
<trkpt lat="38.749989" lon="-121.148183">
<ele>147</ele>
<time>2026-10-02T15:36:29Z</time></trkpt>
<trkpt lat="38.749989" lon="-121.148183">
<ele>147</ele>
<time>2026-10-02T15:36:29Z</time></trkpt>
<trkpt lat="38.749738" lon="-121.148188">
<ele>146</ele>
<time>2026-10-02T15:36:39Z</time></trkpt>
<trkpt lat="38.749481" lon="-121.14845">
<ele>146</ele>
<time>2026-10-02T15:36:52Z</time></trkpt>
<trkpt lat="38.749301" lon="-121.148793">
<ele>146</ele>
<time>2026-10-02T15:37:05Z</time></trkpt>
<trkpt lat="38.749134" lon="-121.149024">
<ele>146</ele>
<time>2026-10-02T15:37:14Z</time></trkpt>
<trkpt lat="38.749055" lon="-121.149077">
<ele>147</ele>
<time>2026-10-02T15:37:18Z</time></trkpt>
<trkpt lat="38.748929" lon="-121.149083">
<ele>147</ele>
<time>2026-10-02T15:37:23Z</time></trkpt>
<trkpt lat="38.747912" lon="-121.14937">
<ele>147</ele>
<time>2026-10-02T15:38:05Z</time></trkpt>
<trkpt lat="38.747912" lon="-121.14937">
<ele>147</ele>
<time>2026-10-02T15:38:05Z</time></trkpt>
<trkpt lat="38.74777" lon="-121.14941">
<ele>147</ele>
<time>2026-10-02T15:38:11Z</time></trkpt>
<trkpt lat="38.747653" lon="-121.14941">
<ele>147</ele>
<time>2026-10-02T15:38:15Z</time></trkpt>
<trkpt lat="38.747469" lon="-121.149356">
<ele>147</ele>
<time>2026-10-02T15:38:23Z</time></trkpt>
<trkpt lat="38.747038" lon="-121.149281">
<ele>146</ele>
<time>2026-10-02T15:38:40Z</time></trkpt>
<trkpt lat="38.746902" lon="-121.149295">
<ele>146</ele>
<time>2026-10-02T15:38:46Z</time></trkpt>
<trkpt lat="38.746728" lon="-121.149314">
<ele>146</ele>
<time>2026-10-02T15:38:53Z</time></trkpt>
<trkpt lat="38.746335" lon="-121.149244">
<ele>144</ele>
<time>2026-10-02T15:39:09Z</time></trkpt>
<trkpt lat="38.746335" lon="-121.149244">
<ele>144</ele>
<time>2026-10-02T15:39:09Z</time></trkpt>
<trkpt lat="38.746116" lon="-121.149205">
<ele>143</ele>
<time>2026-10-02T15:39:18Z</time></trkpt>
<trkpt lat="38.745482" lon="-121.14926">
<ele>144</ele>
<time>2026-10-02T15:39:43Z</time></trkpt>
<trkpt lat="38.745176" lon="-121.149389">
<ele>145</ele>
<time>2026-10-02T15:39:56Z</time></trkpt>
<trkpt lat="38.744887" lon="-121.14939">
<ele>146</ele>
<time>2026-10-02T15:40:08Z</time></trkpt>
<trkpt lat="38.744887" lon="-121.14939">
<ele>146</ele>
<time>2026-10-02T15:40:08Z</time></trkpt>
<trkpt lat="38.744735" lon="-121.149339">
<ele>145</ele>
<time>2026-10-02T15:40:14Z</time></trkpt>
<trkpt lat="38.744628" lon="-121.149382">
<ele>146</ele>
<time>2026-10-02T15:40:18Z</time></trkpt>
<trkpt lat="38.744214" lon="-121.149689">
<ele>151</ele>
<time>2026-10-02T15:40:38Z</time></trkpt>
<trkpt lat="38.74416" lon="-121.14971">
<ele>151</ele>
<time>2026-10-02T15:40:40Z</time></trkpt>
<trkpt lat="38.74393" lon="-121.14964">
<ele>148</ele>
<time>2026-10-02T15:40:49Z</time></trkpt>
<trkpt lat="38.74381" lon="-121.149683">
<ele>148</ele>
<time>2026-10-02T15:40:54Z</time></trkpt>
<trkpt lat="38.743785" lon="-121.14971">
<ele>148</ele>
<time>2026-10-02T15:40:56Z</time></trkpt>
<trkpt lat="38.743785" lon="-121.14971">
<ele>148</ele>
<time>2026-10-02T15:40:56Z</time></trkpt>
<trkpt lat="38.743704" lon="-121.149796">
<ele>148</ele>
<time>2026-10-02T15:41:00Z</time></trkpt>
<trkpt lat="38.743576" lon="-121.149748">
<ele>147</ele>
<time>2026-10-02T15:41:05Z</time></trkpt>
<trkpt lat="38.743534" lon="-121.149573">
<ele>147</ele>
<time>2026-10-02T15:41:11Z</time></trkpt>
<trkpt lat="38.743362" lon="-121.149461">
<ele>147</ele>
<time>2026-10-02T15:41:19Z</time></trkpt>
<trkpt lat="38.74336" lon="-121.149516">
<ele>147</ele>
<time>2026-10-02T15:41:20Z</time></trkpt>
<trkpt lat="38.743207" lon="-121.149522">
<ele>149</ele>
<time>2026-10-02T15:41:26Z</time></trkpt>
<trkpt lat="38.742867" lon="-121.149457">
<ele>151</ele>
<time>2026-10-02T15:41:40Z</time></trkpt>
<trkpt lat="38.742827" lon="-121.149333">
<ele>150</ele>
<time>2026-10-02T15:41:44Z</time></trkpt>
<trkpt lat="38.742847" lon="-121.149082">
<ele>149</ele>
<time>2026-10-02T15:41:52Z</time></trkpt>
<trkpt lat="38.742847" lon="-121.149082">
<ele>149</ele>
<time>2026-10-02T15:41:52Z</time></trkpt>
<trkpt lat="38.742854" lon="-121.148988">
<ele>149</ele>
<time>2026-10-02T15:41:55Z</time></trkpt>
<trkpt lat="38.742834" lon="-121.14876">
<ele>148</ele>
<time>2026-10-02T15:42:02Z</time></trkpt>
<trkpt lat="38.742796" lon="-121.148687">
<ele>149</ele>
<time>2026-10-02T15:42:05Z</time></trkpt>
<trkpt lat="38.742489" lon="-121.148466">
<ele>152</ele>
<time>2026-10-02T15:42:19Z</time></trkpt>
<trkpt lat="38.742391" lon="-121.148304">
<ele>153</ele>
<time>2026-10-02T15:42:26Z</time></trkpt>
<trkpt lat="38.742341" lon="-121.148126">
<ele>153</ele>
<time>2026-10-02T15:42:32Z</time></trkpt>
<trkpt lat="38.742284" lon="-121.147901">
<ele>153</ele>
<time>2026-10-02T15:42:39Z</time></trkpt>
<trkpt lat="38.742064" lon="-121.147438">
<ele>157</ele>
<time>2026-10-02T15:42:56Z</time></trkpt>
<trkpt lat="38.741991" lon="-121.147338">
<ele>158</ele>
<time>2026-10-02T15:43:00Z</time></trkpt>
<trkpt lat="38.741945" lon="-121.147235">
<ele>158</ele>
<time>2026-10-02T15:43:04Z</time></trkpt>
<trkpt lat="38.741918" lon="-121.147118">
<ele>158</ele>
<time>2026-10-02T15:43:08Z</time></trkpt>
<trkpt lat="38.741923" lon="-121.14703">
<ele>157</ele>
<time>2026-10-02T15:43:10Z</time></trkpt>
<trkpt lat="38.742031" lon="-121.146777">
<ele>157</ele>
<time>2026-10-02T15:43:19Z</time></trkpt>
<trkpt lat="38.742025" lon="-121.146661">
<ele>159</ele>
<time>2026-10-02T15:43:23Z</time></trkpt>
<trkpt lat="38.741985" lon="-121.146495">
<ele>159</ele>
<time>2026-10-02T15:43:29Z</time></trkpt>
<trkpt lat="38.741989" lon="-121.146404">
<ele>159</ele>
<time>2026-10-02T15:43:31Z</time></trkpt>
<trkpt lat="38.742025" lon="-121.146278">
<ele>159</ele>
<time>2026-10-02T15:43:36Z</time></trkpt>
<trkpt lat="38.742064" lon="-121.146236">
<ele>158</ele>
<time>2026-10-02T15:43:38Z</time></trkpt>
<trkpt lat="38.742178" lon="-121.14617">
<ele>155</ele>
<time>2026-10-02T15:43:43Z</time></trkpt>
<trkpt lat="38.742191" lon="-121.146112">
<ele>155</ele>
<time>2026-10-02T15:43:45Z</time></trkpt>
<trkpt lat="38.742166" lon="-121.145976">
<ele>155</ele>
<time>2026-10-02T15:43:49Z</time></trkpt>
<trkpt lat="38.742064" lon="-121.145817">
<ele>157</ele>
<time>2026-10-02T15:43:55Z</time></trkpt>
<trkpt lat="38.742038" lon="-121.145785">
<ele>157</ele>
<time>2026-10-02T15:43:57Z</time></trkpt>
<trkpt lat="38.741951" lon="-121.145745">
<ele>158</ele>
<time>2026-10-02T15:44:00Z</time></trkpt>
<trkpt lat="38.7419104" lon="-121.1457801">
<ele>158</ele>
<time>2026-10-02T15:44:02Z</time></trkpt>
<trkpt lat="38.741951" lon="-121.145745">
<ele>158</ele>
<time>2026-10-02T15:44:04Z</time></trkpt>
<trkpt lat="38.741928" lon="-121.145741">
<ele>158</ele>
<time>2026-10-02T15:44:05Z</time></trkpt>
<trkpt lat="38.741928" lon="-121.145741">
<ele>158</ele>
<time>2026-10-02T15:44:05Z</time></trkpt>
<trkpt lat="38.741951" lon="-121.145745">
<ele>158</ele>
<time>2026-10-02T15:44:06Z</time></trkpt>
<trkpt lat="38.741951" lon="-121.145745">
<ele>158</ele>
<time>2026-10-02T15:44:06Z</time></trkpt>
<trkpt lat="38.74184" lon="-121.145724">
<ele>157</ele>
<time>2026-10-02T15:44:11Z</time></trkpt>
<trkpt lat="38.741765" lon="-121.145738">
<ele>157</ele>
<time>2026-10-02T15:44:14Z</time></trkpt>
<trkpt lat="38.741636" lon="-121.145808">
<ele>158</ele>
<time>2026-10-02T15:44:19Z</time></trkpt>
<trkpt lat="38.741404" lon="-121.145813">
<ele>158</ele>
<time>2026-10-02T15:44:29Z</time></trkpt>
<trkpt lat="38.741279" lon="-121.145883">
<ele>159</ele>
<time>2026-10-02T15:44:34Z</time></trkpt>
<trkpt lat="38.741157" lon="-121.145906">
<ele>159</ele>
<time>2026-10-02T15:44:39Z</time></trkpt>
<trkpt lat="38.741047" lon="-121.145897">
<ele>158</ele>
<time>2026-10-02T15:44:44Z</time></trkpt>
<trkpt lat="38.740719" lon="-121.145792">
<ele>155</ele>
<time>2026-10-02T15:44:57Z</time></trkpt>
<trkpt lat="38.740652" lon="-121.145799">
<ele>155</ele>
<time>2026-10-02T15:45:00Z</time></trkpt>
<trkpt lat="38.740478" lon="-121.145945">
<ele>155</ele>
<time>2026-10-02T15:45:08Z</time></trkpt>
<trkpt lat="38.740478" lon="-121.145945">
<ele>155</ele>
<time>2026-10-02T15:45:08Z</time></trkpt>
<trkpt lat="38.740312" lon="-121.146086">
<ele>154</ele>
<time>2026-10-02T15:45:16Z</time></trkpt>
<trkpt lat="38.740322" lon="-121.146194">
<ele>153</ele>
<time>2026-10-02T15:45:19Z</time></trkpt>
<trkpt lat="38.740404" lon="-121.146411">
<ele>152</ele>
<time>2026-10-02T15:45:27Z</time></trkpt>
<trkpt lat="38.740463" lon="-121.146696">
<ele>153</ele>
<time>2026-10-02T15:45:36Z</time></trkpt>
<trkpt lat="38.740332" lon="-121.14695">
<ele>150</ele>
<time>2026-10-02T15:45:46Z</time></trkpt>
<trkpt lat="38.740339" lon="-121.147158">
<ele>147</ele>
<time>2026-10-02T15:45:52Z</time></trkpt>
<trkpt lat="38.740393" lon="-121.147373">
<ele>148</ele>
<time>2026-10-02T15:45:59Z</time></trkpt>
<trkpt lat="38.740381" lon="-121.147445">
<ele>149</ele>
<time>2026-10-02T15:46:02Z</time></trkpt>
<trkpt lat="38.740232" lon="-121.147628">
<ele>148</ele>
<time>2026-10-02T15:46:10Z</time></trkpt>
<trkpt lat="38.740177" lon="-121.14773">
<ele>149</ele>
<time>2026-10-02T15:46:14Z</time></trkpt>
<trkpt lat="38.740075" lon="-121.147821">
<ele>147</ele>
<time>2026-10-02T15:46:19Z</time></trkpt>
<trkpt lat="38.740058" lon="-121.147894">
<ele>146</ele>
<time>2026-10-02T15:46:21Z</time></trkpt>
<trkpt lat="38.740073" lon="-121.147964">
<ele>147</ele>
<time>2026-10-02T15:46:23Z</time></trkpt>
<trkpt lat="38.740179" lon="-121.148057">
<ele>149</ele>
<time>2026-10-02T15:46:29Z</time></trkpt>
<trkpt lat="38.74051" lon="-121.148136">
<ele>155</ele>
<time>2026-10-02T15:46:42Z</time></trkpt>
<trkpt lat="38.740534" lon="-121.148178">
<ele>156</ele>
<time>2026-10-02T15:46:44Z</time></trkpt>
<trkpt lat="38.740525" lon="-121.148253">
<ele>156</ele>
<time>2026-10-02T15:46:46Z</time></trkpt>
<trkpt lat="38.740485" lon="-121.148335">
<ele>154</ele>
<time>2026-10-02T15:46:49Z</time></trkpt>
<trkpt lat="38.740474" lon="-121.148419">
<ele>154</ele>
<time>2026-10-02T15:46:52Z</time></trkpt>
<trkpt lat="38.740497" lon="-121.148575">
<ele>155</ele>
<time>2026-10-02T15:46:57Z</time></trkpt>
<trkpt lat="38.740443" lon="-121.148762">
<ele>155</ele>
<time>2026-10-02T15:47:03Z</time></trkpt>
<trkpt lat="38.740443" lon="-121.148762">
<ele>155</ele>
<time>2026-10-02T15:47:03Z</time></trkpt>
<trkpt lat="38.740446" lon="-121.148856">
<ele>156</ele>
<time>2026-10-02T15:47:06Z</time></trkpt>
<trkpt lat="38.740495" lon="-121.149026">
<ele>156</ele>
<time>2026-10-02T15:47:12Z</time></trkpt>
<trkpt lat="38.740498" lon="-121.149088">
<ele>156</ele>
<time>2026-10-02T15:47:13Z</time></trkpt>
<trkpt lat="38.740494" lon="-121.149206">
<ele>155</ele>
<time>2026-10-02T15:47:17Z</time></trkpt>
<trkpt lat="38.740516" lon="-121.149271">
<ele>156</ele>
<time>2026-10-02T15:47:19Z</time></trkpt>
<trkpt lat="38.740674" lon="-121.149453">
<ele>160</ele>
<time>2026-10-02T15:47:28Z</time></trkpt>
<trkpt lat="38.740689" lon="-121.149605">
<ele>162</ele>
<time>2026-10-02T15:47:33Z</time></trkpt>
<trkpt lat="38.740663" lon="-121.149677">
<ele>162</ele>
<time>2026-10-02T15:47:35Z</time></trkpt>
<trkpt lat="38.740592" lon="-121.14975">
<ele>160</ele>
<time>2026-10-02T15:47:39Z</time></trkpt>
<trkpt lat="38.74041" lon="-121.149883">
<ele>157</ele>
<time>2026-10-02T15:47:47Z</time></trkpt>
<trkpt lat="38.740372" lon="-121.149934">
<ele>157</ele>
<time>2026-10-02T15:47:49Z</time></trkpt>
<trkpt lat="38.740372" lon="-121.150017">
<ele>157</ele>
<time>2026-10-02T15:47:52Z</time></trkpt>
<trkpt lat="38.740428" lon="-121.150252">
<ele>156</ele>
<time>2026-10-02T15:48:00Z</time></trkpt>
<trkpt lat="38.740435" lon="-121.150348">
<ele>154</ele>
<time>2026-10-02T15:48:03Z</time></trkpt>
<trkpt lat="38.740414" lon="-121.150432">
<ele>152</ele>
<time>2026-10-02T15:48:05Z</time></trkpt>
<trkpt lat="38.740332" lon="-121.150558">
<ele>150</ele>
<time>2026-10-02T15:48:11Z</time></trkpt>
<trkpt lat="38.740315" lon="-121.150642">
<ele>148</ele>
<time>2026-10-02T15:48:13Z</time></trkpt>
<trkpt lat="38.74034" lon="-121.150904">
<ele>146</ele>
<time>2026-10-02T15:48:22Z</time></trkpt>
<trkpt lat="38.74041" lon="-121.15104">
<ele>148</ele>
<time>2026-10-02T15:48:27Z</time></trkpt>
<trkpt lat="38.740422" lon="-121.151063">
<ele>148</ele>
<time>2026-10-02T15:48:28Z</time></trkpt>
<trkpt lat="38.740559" lon="-121.151273">
<ele>149</ele>
<time>2026-10-02T15:48:36Z</time></trkpt>
<trkpt lat="38.740625" lon="-121.151363">
<ele>148</ele>
<time>2026-10-02T15:48:40Z</time></trkpt>
<trkpt lat="38.740776" lon="-121.151472">
<ele>149</ele>
<time>2026-10-02T15:48:47Z</time></trkpt>
<trkpt lat="38.740787" lon="-121.151525">
<ele>149</ele>
<time>2026-10-02T15:48:49Z</time></trkpt>
<trkpt lat="38.74074" lon="-121.15161">
<ele>148</ele>
<time>2026-10-02T15:48:52Z</time></trkpt>
<trkpt lat="38.740475" lon="-121.151774">
<ele>144</ele>
<time>2026-10-02T15:49:04Z</time></trkpt>
<trkpt lat="38.740475" lon="-121.151774">
<ele>144</ele>
<time>2026-10-02T15:49:04Z</time></trkpt>
<trkpt lat="38.74046" lon="-121.151838">
<ele>144</ele>
<time>2026-10-02T15:49:06Z</time></trkpt>
<trkpt lat="38.740527" lon="-121.15205">
<ele>144</ele>
<time>2026-10-02T15:49:13Z</time></trkpt>
<trkpt lat="38.740529" lon="-121.152183">
<ele>145</ele>
<time>2026-10-02T15:49:17Z</time></trkpt>
<trkpt lat="38.740514" lon="-121.15228">
<ele>146</ele>
<time>2026-10-02T15:49:20Z</time></trkpt>
<trkpt lat="38.740429" lon="-121.152371">
<ele>147</ele>
<time>2026-10-02T15:49:25Z</time></trkpt>
<trkpt lat="38.74018" lon="-121.152312">
<ele>146</ele>
<time>2026-10-02T15:49:35Z</time></trkpt>
<trkpt lat="38.740014" lon="-121.152165">
<ele>144</ele>
<time>2026-10-02T15:49:43Z</time></trkpt>
<trkpt lat="38.739948" lon="-121.152174">
<ele>144</ele>
<time>2026-10-02T15:49:45Z</time></trkpt>
<trkpt lat="38.739701" lon="-121.152428">
<ele>151</ele>
<time>2026-10-02T15:49:58Z</time></trkpt>
<trkpt lat="38.739598" lon="-121.152513">
<ele>151</ele>
<time>2026-10-02T15:50:03Z</time></trkpt>
<trkpt lat="38.739516" lon="-121.152615">
<ele>152</ele>
<time>2026-10-02T15:50:08Z</time></trkpt>
<trkpt lat="38.739414" lon="-121.152648">
<ele>150</ele>
<time>2026-10-02T15:50:12Z</time></trkpt>
<trkpt lat="38.739163" lon="-121.15263">
<ele>145</ele>
<time>2026-10-02T15:50:22Z</time></trkpt>
<trkpt lat="38.739119" lon="-121.152652">
<ele>145</ele>
<time>2026-10-02T15:50:24Z</time></trkpt>
<trkpt lat="38.739098" lon="-121.152693">
<ele>145</ele>
<time>2026-10-02T15:50:25Z</time></trkpt>
<trkpt lat="38.739092" lon="-121.152769">
<ele>145</ele>
<time>2026-10-02T15:50:28Z</time></trkpt>
<trkpt lat="38.739097" lon="-121.152969">
<ele>146</ele>
<time>2026-10-02T15:50:34Z</time></trkpt>
<trkpt lat="38.739044" lon="-121.153134">
<ele>148</ele>
<time>2026-10-02T15:50:40Z</time></trkpt>
<trkpt lat="38.738931" lon="-121.153231">
<ele>148</ele>
<time>2026-10-02T15:50:45Z</time></trkpt>
<trkpt lat="38.738795" lon="-121.153255">
<ele>146</ele>
<time>2026-10-02T15:50:51Z</time></trkpt>
<trkpt lat="38.738749" lon="-121.153299">
<ele>146</ele>
<time>2026-10-02T15:50:53Z</time></trkpt>
<trkpt lat="38.738608" lon="-121.153704">
<ele>147</ele>
<time>2026-10-02T15:51:07Z</time></trkpt>
<trkpt lat="38.738522" lon="-121.153861">
<ele>147</ele>
<time>2026-10-02T15:51:13Z</time></trkpt>
<trkpt lat="38.73845" lon="-121.154258">
<ele>147</ele>
<time>2026-10-02T15:51:25Z</time></trkpt>
<trkpt lat="38.738342" lon="-121.15456">
<ele>147</ele>
<time>2026-10-02T15:51:36Z</time></trkpt>
<trkpt lat="38.738293" lon="-121.154801">
<ele>147</ele>
<time>2026-10-02T15:51:44Z</time></trkpt>
<trkpt lat="38.738146" lon="-121.155223">
<ele>147</ele>
<time>2026-10-02T15:51:58Z</time></trkpt>
<trkpt lat="38.738102" lon="-121.155457">
<ele>148</ele>
<time>2026-10-02T15:52:06Z</time></trkpt>
<trkpt lat="38.738072" lon="-121.155529">
<ele>147</ele>
<time>2026-10-02T15:52:08Z</time></trkpt>
<trkpt lat="38.737821" lon="-121.155879">
<ele>146</ele>
<time>2026-10-02T15:52:23Z</time></trkpt>
<trkpt lat="38.737679" lon="-121.156184">
<ele>147</ele>
<time>2026-10-02T15:52:34Z</time></trkpt>
<trkpt lat="38.737299" lon="-121.156726">
<ele>145</ele>
<time>2026-10-02T15:52:57Z</time></trkpt>
<trkpt lat="38.737299" lon="-121.156726">
<ele>145</ele>
<time>2026-10-02T15:52:57Z</time></trkpt>
<trkpt lat="38.737156" lon="-121.156931">
<ele>146</ele>
<time>2026-10-02T15:53:05Z</time></trkpt>
<trkpt lat="38.737006" lon="-121.157256">
<ele>146</ele>
<time>2026-10-02T15:53:17Z</time></trkpt>
<trkpt lat="38.736844" lon="-121.157803">
<ele>146</ele>
<time>2026-10-02T15:53:36Z</time></trkpt>
<trkpt lat="38.736711" lon="-121.158036">
<ele>146</ele>
<time>2026-10-02T15:53:45Z</time></trkpt>
<trkpt lat="38.73669" lon="-121.15814">
<ele>146</ele>
<time>2026-10-02T15:53:48Z</time></trkpt>
<trkpt lat="38.736692" lon="-121.158254">
<ele>146</ele>
<time>2026-10-02T15:53:52Z</time></trkpt>
<trkpt lat="38.736678" lon="-121.158344">
<ele>146</ele>
<time>2026-10-02T15:53:54Z</time></trkpt>
<trkpt lat="38.7366" lon="-121.158578">
<ele>147</ele>
<time>2026-10-02T15:54:02Z</time></trkpt>
<trkpt lat="38.736508" lon="-121.158697">
<ele>147</ele>
<time>2026-10-02T15:54:08Z</time></trkpt>
<trkpt lat="38.73631" lon="-121.158821">
<ele>146</ele>
<time>2026-10-02T15:54:16Z</time></trkpt>
<trkpt lat="38.736252" lon="-121.158883">
<ele>145</ele>
<time>2026-10-02T15:54:19Z</time></trkpt>
<trkpt lat="38.73621" lon="-121.15898">
<ele>145</ele>
<time>2026-10-02T15:54:23Z</time></trkpt>
<trkpt lat="38.736193" lon="-121.159163">
<ele>146</ele>
<time>2026-10-02T15:54:29Z</time></trkpt>
<trkpt lat="38.736112" lon="-121.159408">
<ele>146</ele>
<time>2026-10-02T15:54:37Z</time></trkpt>
<trkpt lat="38.735889" lon="-121.16043">
<ele>147</ele>
<time>2026-10-02T15:55:10Z</time></trkpt>
<trkpt lat="38.735809" lon="-121.160724">
<ele>148</ele>
<time>2026-10-02T15:55:20Z</time></trkpt>
<trkpt lat="38.735775" lon="-121.161023">
<ele>148</ele>
<time>2026-10-02T15:55:29Z</time></trkpt>
<trkpt lat="38.73578" lon="-121.161469">
<ele>145</ele>
<time>2026-10-02T15:55:43Z</time></trkpt>
<trkpt lat="38.735756" lon="-121.161767">
<ele>146</ele>
<time>2026-10-02T15:55:53Z</time></trkpt>
<trkpt lat="38.735702" lon="-121.162076">
<ele>148</ele>
<time>2026-10-02T15:56:03Z</time></trkpt>
<trkpt lat="38.735693" lon="-121.162203">
<ele>148</ele>
<time>2026-10-02T15:56:07Z</time></trkpt>
<trkpt lat="38.735693" lon="-121.162508">
<ele>149</ele>
<time>2026-10-02T15:56:16Z</time></trkpt>
<trkpt lat="38.735637" lon="-121.162716">
<ele>149</ele>
<time>2026-10-02T15:56:23Z</time></trkpt>
<trkpt lat="38.7356407" lon="-121.1627554">
<ele>149</ele>
<time>2026-10-02T15:56:24Z</time></trkpt>
<trkpt lat="38.73564" lon="-121.162748">
<ele>149</ele>
<time>2026-10-02T15:56:24Z</time></trkpt>
<trkpt lat="38.735637" lon="-121.162716">
<ele>149</ele>
<time>2026-10-02T15:56:25Z</time></trkpt>
<trkpt lat="38.735434" lon="-121.162894">
<ele>147</ele>
<time>2026-10-02T15:56:35Z</time></trkpt>
<trkpt lat="38.734684" lon="-121.1629">
<ele>146</ele>
<time>2026-10-02T15:57:05Z</time></trkpt>
<trkpt lat="38.734684" lon="-121.1629">
<ele>146</ele>
<time>2026-10-02T15:57:05Z</time></trkpt>
<trkpt lat="38.734168" lon="-121.162904">
<ele>147</ele>
<time>2026-10-02T15:57:26Z</time></trkpt>
<trkpt lat="38.733689" lon="-121.164013">
<ele>146</ele>
<time>2026-10-02T15:58:06Z</time></trkpt>
<trkpt lat="38.733689" lon="-121.164013">
<ele>146</ele>
<time>2026-10-02T15:58:06Z</time></trkpt>
<trkpt lat="38.733023" lon="-121.165555">
<ele>148</ele>
<time>2026-10-02T15:59:01Z</time></trkpt>
<trkpt lat="38.733023" lon="-121.165555">
<ele>148</ele>
<time>2026-10-02T15:59:01Z</time></trkpt>
<trkpt lat="38.73291" lon="-121.165817">
<ele>147</ele>
<time>2026-10-02T15:59:10Z</time></trkpt>
<trkpt lat="38.732705" lon="-121.165987">
<ele>148</ele>
<time>2026-10-02T15:59:20Z</time></trkpt>
<trkpt lat="38.732437" lon="-121.166142">
<ele>148</ele>
<time>2026-10-02T15:59:32Z</time></trkpt>
<trkpt lat="38.732165" lon="-121.166363">
<ele>149</ele>
<time>2026-10-02T15:59:45Z</time></trkpt>
<trkpt lat="38.732165" lon="-121.166363">
<ele>149</ele>
<time>2026-10-02T15:59:45Z</time></trkpt>
<trkpt lat="38.731878" lon="-121.166672">
<ele>148</ele>
<time>2026-10-02T16:00:00Z</time></trkpt>
<trkpt lat="38.731689" lon="-121.16696">
<ele>148</ele>
<time>2026-10-02T16:00:11Z</time></trkpt>
<trkpt lat="38.73154" lon="-121.167277">
<ele>147</ele>
<time>2026-10-02T16:00:23Z</time></trkpt>
<trkpt lat="38.731406" lon="-121.167668">
<ele>145</ele>
<time>2026-10-02T16:00:36Z</time></trkpt>
<trkpt lat="38.731406" lon="-121.167668">
<ele>145</ele>
<time>2026-10-02T16:00:36Z</time></trkpt>
<trkpt lat="38.73114" lon="-121.168449">
<ele>145</ele>
<time>2026-10-02T16:01:03Z</time></trkpt>
<trkpt lat="38.731052" lon="-121.168761">
<ele>145</ele>
<time>2026-10-02T16:01:13Z</time></trkpt>
<trkpt lat="38.731061" lon="-121.169132">
<ele>146</ele>
<time>2026-10-02T16:01:25Z</time></trkpt>
<trkpt lat="38.731139" lon="-121.169289">
<ele>148</ele>
<time>2026-10-02T16:01:31Z</time></trkpt>
<trkpt lat="38.731139" lon="-121.169289">
<ele>148</ele>
<time>2026-10-02T16:01:31Z</time></trkpt>
<trkpt lat="38.731248" lon="-121.169508">
<ele>150</ele>
<time>2026-10-02T16:01:39Z</time></trkpt>
<trkpt lat="38.731251" lon="-121.169616">
<ele>149</ele>
<time>2026-10-02T16:01:42Z</time></trkpt>
<trkpt lat="38.731251" lon="-121.169616">
<ele>149</ele>
<time>2026-10-02T16:01:42Z</time></trkpt>
<trkpt lat="38.731252" lon="-121.169656">
<ele>149</ele>
<time>2026-10-02T16:01:43Z</time></trkpt>
<trkpt lat="38.731248" lon="-121.169709">
<ele>149</ele>
<time>2026-10-02T16:01:45Z</time></trkpt>
<trkpt lat="38.731248" lon="-121.169709">
<ele>149</ele>
<time>2026-10-02T16:01:45Z</time></trkpt>
<trkpt lat="38.731247" lon="-121.169714">
<ele>149</ele>
<time>2026-10-02T16:01:45Z</time></trkpt>
<trkpt lat="38.7312461" lon="-121.1697357">
<ele>149</ele>
<time>2026-10-02T16:01:46Z</time></trkpt>
<trkpt lat="38.731252" lon="-121.169656">
<ele>149</ele>
<time>2026-10-02T16:01:48Z</time></trkpt>
<trkpt lat="38.730974" lon="-121.169912">
<ele>146</ele>
<time>2026-10-02T16:02:02Z</time></trkpt>
<trkpt lat="38.730386" lon="-121.170257">
<ele>146</ele>
<time>2026-10-02T16:02:28Z</time></trkpt>
<trkpt lat="38.730386" lon="-121.170257">
<ele>146</ele>
<time>2026-10-02T16:02:28Z</time></trkpt>
<trkpt lat="38.728843" lon="-121.17116">
<ele>146</ele>
<time>2026-10-02T16:03:36Z</time></trkpt>
<trkpt lat="38.728843" lon="-121.17116">
<ele>146</ele>
<time>2026-10-02T16:03:36Z</time></trkpt>
<trkpt lat="38.727303" lon="-121.172062">
<ele>146</ele>
<time>2026-10-02T16:04:44Z</time></trkpt>
<trkpt lat="38.727303" lon="-121.172062">
<ele>146</ele>
<time>2026-10-02T16:04:44Z</time></trkpt>
<trkpt lat="38.726422" lon="-121.172579">
<ele>147</ele>
<time>2026-10-02T16:05:23Z</time></trkpt>
<trkpt lat="38.726282" lon="-121.172633">
<ele>148</ele>
<time>2026-10-02T16:05:29Z</time></trkpt>
<trkpt lat="38.726139" lon="-121.172571">
<ele>149</ele>
<time>2026-10-02T16:05:35Z</time></trkpt>
<trkpt lat="38.726006" lon="-121.17244">
<ele>149</ele>
<time>2026-10-02T16:05:41Z</time></trkpt>
<trkpt lat="38.726006" lon="-121.17244">
<ele>149</ele>
<time>2026-10-02T16:05:41Z</time></trkpt>
<trkpt lat="38.725456" lon="-121.171899">
<ele>151</ele>
<time>2026-10-02T16:06:09Z</time></trkpt>
<trkpt lat="38.725218" lon="-121.171768">
<ele>150</ele>
<time>2026-10-02T16:06:20Z</time></trkpt>
<trkpt lat="38.724871" lon="-121.171895">
<ele>150</ele>
<time>2026-10-02T16:06:34Z</time></trkpt>
<trkpt lat="38.724736" lon="-121.17188">
<ele>149</ele>
<time>2026-10-02T16:06:39Z</time></trkpt>
<trkpt lat="38.724437" lon="-121.171769">
<ele>147</ele>
<time>2026-10-02T16:06:52Z</time></trkpt>
<trkpt lat="38.724437" lon="-121.171769">
<ele>147</ele>
<time>2026-10-02T16:06:52Z</time></trkpt>
<trkpt lat="38.722883" lon="-121.171192">
<ele>147</ele>
<time>2026-10-02T16:07:57Z</time></trkpt>
<trkpt lat="38.722883" lon="-121.171192">
<ele>147</ele>
<time>2026-10-02T16:07:57Z</time></trkpt>
<trkpt lat="38.721298" lon="-121.170604">
<ele>147</ele>
<time>2026-10-02T16:09:03Z</time></trkpt>
<trkpt lat="38.721298" lon="-121.170604">
<ele>147</ele>
<time>2026-10-02T16:09:03Z</time></trkpt>
<trkpt lat="38.721029" lon="-121.17053">
<ele>148</ele>
<time>2026-10-02T16:09:14Z</time></trkpt>
<trkpt lat="38.7211315" lon="-121.1698061">
<ele>142</ele>
<time>2026-10-02T16:09:37Z</time></trkpt>
<trkpt lat="38.721129" lon="-121.169806">
<ele>142</ele>
<time>2026-10-02T16:09:37Z</time></trkpt>
<trkpt lat="38.7211123" lon="-121.1696288">
<ele>142</ele>
<time>2026-10-02T16:09:43Z</time></trkpt>
<trkpt lat="38.721099" lon="-121.169469">
<ele>142</ele>
<time>2026-10-02T16:09:48Z</time></trkpt>
<trkpt lat="38.721116" lon="-121.169357">
<ele>142</ele>
<time>2026-10-02T16:09:51Z</time></trkpt>
</trkseg>
</trk>
</gpx>